-0.000012,0.000078,0.787315,0.006979,0.001273,-0.021807,0.999737,0.044334,-0.038022,0.008044,0.142819,-0.236346,0.014205,0.006733,0.040720,-0.045543,0.242540,-0.279903,-0.056575,0.001165,-0.008997,-0.029126,0.128938,1.693714,-0.057676,1.499819,0.039484,0.153191,-0.414603,0.029997,-1.765502,0.053005,1.402852,-0.081505,0.187307,-0.047263
0.000459,-0.000107,0.787229,0.009588,0.000699,-0.022599,0.999698,0.058393,-0.043891,0.009347,0.123434,-0.234058,0.015577,0.014597,0.037125,-0.043927,0.236302,-0.285187,-0.059929,0.002718,-0.014328,-0.029239,0.156175,1.743174,-0.053383,1.483492,0.024493,0.165474,-0.456395,0.016173,-1.773899,0.043745,1.308962,-0.109448,0.284554,-0.028536
0.000567,-0.000235,0.787233,0.011039,-0.001065,-0.022554,0.999684,0.064163,-0.046861,0.009347,0.120242,-0.233630,0.015233,0.019953,0.034768,-0.043550,0.235013,-0.285966,-0.062109,0.004260,-0.018922,-0.028295,0.171512,1.773967,-0.047282,1.477598,0.015801,0.223721,-0.243749,0.000832,-1.771247,0.026017,1.248910,-0.145260,0.348335,-0.074745
0.000669,-0.000300,0.787249,0.012135,-0.002857,-0.021351,0.999694,0.067399,-0.049432,0.007303,0.121142,-0.234492,0.015015,0.024453,0.032415,-0.045199,0.234896,-0.286415,-0.064771,0.006069,-0.022895,-0.027015,0.173785,1.782900,-0.038099,1.454856,0.013672,0.281547,-0.006178,-0.001688,-1.757827,0.015361,1.220799,-0.175678,0.373466,-0.028293
0.000745,-0.000308,0.787254,0.013158,-0.004628,-0.019688,0.999709,0.069689,-0.052143,0.004305,0.123300,-0.235501,0.015018,0.028401,0.029793,-0.047837,0.235585,-0.287383,-0.066837,0.007825,-0.026333,-0.025757,0.178409,1.776739,-0.029997,1.424659,0.010956,0.299358,0.084851,-0.003465,-1.753143,0.000791,1.213017,-0.198216,0.382310,0.063785
0.000765,-0.000288,0.787251,0.014311,-0.006202,-0.017975,0.999717,0.071315,-0.055155,0.001169,0.125611,-0.236242,0.015080,0.031759,0.026694,-0.050762,0.236452,-0.289012,-0.066962,0.009320,-0.028968,-0.024614,0.180313,1.771254,-0.015348,1.405908,-0.003061,0.283790,0.033585,-0.014204,-1.759408,-0.024865,1.209853,-0.225247,0.403245,0.081272
0.000706,-0.000231,0.787263,0.015555,-0.007411,-0.016275,0.999719,0.072078,-0.058375,-0.001919,0.127746,-0.236634,0.015183,0.034615,0.023266,-0.053755,0.236627,-0.290585,-0.065789,0.010331,-0.030584,-0.023439,0.178018,1.769492,0.011322,1.401790,-0.026048,0.277328,-0.014937,-0.033268,-1.766398,-0.061045,1.199061,-0.262032,0.442287,-0.012046
0.000560,-0.000098,0.787294,0.016585,-0.008201,-0.014658,0.999721,0.072053,-0.061268,-0.004861,0.129373,-0.236592,0.015376,0.037141,0.020110,-0.056710,0.235491,-0.291623,-0.063611,0.010536,-0.031459,-0.022021,0.174715,1.778186,0.036051,1.403147,-0.039379,0.289691,0.033149,-0.052563,-1.763989,-0.102168,1.182951,-0.297423,0.476795,-0.130579
0.000322,0.000121,0.787334,0.017179,-0.008694,-0.013239,0.999727,0.071989,-0.063367,-0.007519,0.129787,-0.236017,0.015667,0.039276,0.017839,-0.059222,0.233382,-0.292199,-0.061701,0.009939,-0.032148,-0.020288,0.179768,1.782314,0.050095,1.398955,-0.035495,0.305090,0.135039,-0.059549,-1.752496,-0.137133,1.176411,-0.324857,0.483220,-0.179338
-0.000029,0.000395,0.787389,0.017526,-0.009097,-0.012059,0.999732,0.072723,-0.064929,-0.009792,0.128357,-0.234770,0.016003,0.040831,0.016157,-0.061259,0.231129,-0.292292,-0.060377,0.009188,-0.032812,-0.018452,0.185427,1.785589,0.057718,1.391093,-0.025959,0.309121,0.186172,-0.051354,-1.742143,-0.160686,1.175562,-0.348963,0.482226,-0.153908
-0.000492,0.000699,0.787464,0.017842,-0.009456,-0.011054,0.999735,0.073699,-0.066375,-0.011678,0.126231,-0.233303,0.016387,0.041712,0.014668,-0.062875,0.229392,-0.291970,-0.060233,0.008982,-0.033310,-0.016796,0.188974,1.785876,0.067814,1.383353,-0.022459,0.302280,0.174512,-0.039457,-1.738913,-0.180500,1.180512,-0.374353,0.483145,-0.113073
-0.001061,0.001013,0.787551,0.018181,-0.009600,-0.010178,0.999737,0.073655,-0.067850,-0.013204,0.124916,-0.232140,0.016843,0.041590,0.013326,-0.063888,0.228378,-0.291293,-0.060909,0.009375,-0.033540,-0.015354,0.192174,1.786665,0.078000,1.378958,-0.018288,0.295941,0.141968,-0.033009,-1.739392,-0.205106,1.188100,-0.399260,0.485472,-0.093181
-0.001686,0.001307,0.787626,0.018467,-0.009420,-0.009368,0.999741,0.072195,-0.069198,-0.014527,0.124682,-0.231325,0.017293,0.040660,0.012314,-0.064263,0.227727,-0.290822,-0.060997,0.009852,-0.033627,-0.013971,0.197216,1.787592,0.085359,1.375813,-0.007205,0.294561,0.122365,-0.030244,-1.738328,-0.233858,1.192295,-0.422347,0.486502,-0.089129
-0.002298,0.001568,0.787674,0.018625,-0.009010,-0.008611,0.999749,0.070166,-0.070168,-0.015808,0.124480,-0.230452,0.017683,0.039530,0.011330,-0.065228,0.227038,-0.291362,-0.058371,0.009984,-0.033738,-0.012559,0.201347,1.787888,0.092941,1.372114,0.006544,0.295198,0.115653,-0.024637,-1.734714,-0.261116,1.190709,-0.446114,0.486449,-0.086903
-0.002869,0.001775,0.787786,0.018756,-0.008523,-0.007933,0.999756,0.068460,-0.070927,-0.017084,0.123488,-0.229279,0.018009,0.038375,0.010271,-0.067448,0.225958,-0.289532,-0.061429,0.009684,-0.033956,-0.011214,0.203006,1.787616,0.102762,1.368476,0.017866,0.295549,0.109998,-0.015088,-1.730339,-0.285872,1.186129,-0.471366,0.486088,-0.082573
-0.003373,0.001906,0.787869,0.018817,-0.008042,-0.007316,0.999764,0.067405,-0.071452,-0.018365,0.121654,-0.227859,0.018242,0.037081,0.010058,-0.067880,0.225146,-0.288401,-0.062393,0.009004,-0.034222,-0.010143,0.204091,1.787064,0.112994,1.365599,0.027330,0.295808,0.101424,-0.005430,-1.725835,-0.311655,1.181169,-0.495696,0.485987,-0.077603
-0.003765,0.002005,0.787898,0.018752,-0.007615,-0.006972,0.999771,0.067038,-0.071600,-0.019296,0.119327,-0.226459,0.018396,0.035933,0.010108,-0.067959,0.224573,-0.288560,-0.059759,0.008376,-0.034447,-0.009503,0.205690,1.786540,0.122508,1.363048,0.036841,0.296259,0.094066,0.002455,-1.721042,-0.339893,1.176164,-0.518132,0.486103,-0.072860
-0.004032,0.002082,0.787915,0.018624,-0.007251,-0.006904,0.999776,0.066988,-0.071481,-0.019741,0.117277,-0.225457,0.018495,0.035030,0.010246,-0.067920,0.223991,-0.288605,-0.057116,0.008017,-0.034609,-0.009212,0.207000,1.786223,0.132227,1.360066,0.046640,0.296467,0.091560,0.010139,-1.715925,-0.368681,1.170644,-0.540249,0.486167,-0.068388
-0.004170,0.002155,0.787949,0.018435,-0.006930,-0.007123,0.999781,0.066897,-0.071130,-0.019600,0.116110,-0.225140,0.018592,0.034340,0.010374,-0.068204,0.223325,-0.287736,-0.056234,0.008006,-0.034718,-0.009071,0.207863,1.786054,0.142553,1.356925,0.056645,0.296251,0.092276,0.018743,-1.710439,-0.396730,1.164549,-0.562822,0.486111,-0.063446
-0.004185,0.002217,0.787976,0.018184,-0.006666,-0.007585,0.999784,0.066692,-0.070570,-0.018863,0.115893,-0.225476,0.018817,0.033874,0.010995,-0.067314,0.222758,-0.286648,-0.055926,0.008163,-0.034790,-0.008928,0.208916,1.785921,0.153091,1.354703,0.066928,0.296185,0.093169,0.027429,-1.704558,-0.424617,1.158078,-0.585036,0.486051,-0.057261
-0.004083,0.002297,0.787983,0.017923,-0.006532,-0.008396,0.999783,0.066746,-0.069881,-0.017341,0.116097,-0.226096,0.019043,0.033786,0.011484,-0.066470,0.222396,-0.286165,-0.054417,0.008447,-0.034744,-0.008788,0.210074,1.785786,0.164185,1.354142,0.076837,0.296796,0.093570,0.035463,-1.698279,-0.452490,1.150977,-0.606626,0.486055,-0.050335
-0.003895,0.002410,0.788001,0.017727,-0.006550,-0.009460,0.999777,0.067177,-0.069259,-0.015209,0.116403,-0.226609,0.019095,0.033979,0.011516,-0.066304,0.222311,-0.285538,-0.054121,0.008768,-0.034593,-0.008687,0.211043,1.785560,0.176317,1.354945,0.085556,0.297652,0.093422,0.043150,-1.691686,-0.479402,1.142756,-0.628111,0.486001,-0.043336
-0.003657,0.002512,0.788056,0.017678,-0.006655,-0.010461,0.999767,0.067818,-0.068945,-0.013008,0.116729,-0.226886,0.018773,0.034184,0.012033,-0.064457,0.222378,-0.283416,-0.059003,0.008950,-0.034420,-0.008608,0.212579,1.785255,0.188679,1.356379,0.093372,0.297777,0.091397,0.050942,-1.684771,-0.504759,1.133613,-0.649435,0.485901,-0.035688
-0.003409,0.002618,0.788046,0.017649,-0.006761,-0.011269,0.999758,0.068543,-0.068753,-0.011121,0.116852,-0.226891,0.018338,0.034065,0.013089,-0.060446,0.222989,-0.283178,-0.059125,0.009037,-0.034160,-0.008515,0.216100,1.786143,0.199224,1.358087,0.100238,0.296661,0.085285,0.059626,-1.677161,-0.527709,1.122076,-0.669608,0.487705,-0.025958
-0.003089,0.002810,0.787943,0.017537,-0.006778,-0.011939,0.999752,0.069102,-0.068563,-0.009641,0.116908,-0.226933,0.018519,0.034639,0.012671,-0.060155,0.223334,-0.286245,-0.051560,0.009412,-0.033696,-0.008486,0.220685,1.785991,0.208914,1.358606,0.107542,0.295083,0.078917,0.069062,-1.670223,-0.549792,1.113809,-0.690040,0.487971,-0.016244
-0.002764,0.003026,0.787923,0.017490,-0.006730,-0.012310,0.999749,0.069323,-0.068679,-0.008801,0.117225,-0.227212,0.019129,0.035376,0.011960,-0.061032,0.223145,-0.286451,-0.051782,0.009798,-0.033166,-0.008455,0.225158,1.785407,0.218921,1.357461,0.114614,0.293595,0.073076,0.079267,-1.663911,-0.570718,1.107147,-0.710767,0.487856,-0.007646
-0.002490,0.003242,0.787959,0.017454,-0.006692,-0.012395,0.999748,0.069470,-0.069004,-0.008607,0.117574,-0.227598,0.020063,0.035729,0.011703,-0.061230,0.222884,-0.285227,-0.054739,0.010077,-0.032633,-0.008410,0.229226,1.784402,0.229604,1.355250,0.121297,0.292444,0.068453,0.089338,-1.657545,-0.591137,1.101057,-0.730617,0.487644,-0.000378
-0.002277,0.003455,0.788001,0.017389,-0.006643,-0.012305,0.999751,0.069711,-0.069394,-0.008818,0.117571,-0.227807,0.021204,0.035374,0.012239,-0.059194,0.223078,-0.284089,-0.056028,0.010169,-0.032130,-0.008340,0.233669,1.783105,0.240172,1.353285,0.128362,0.291962,0.064687,0.098404,-1.650700,-0.611691,1.095101,-0.748455,0.487444,0.006408
-0.002023,0.003702,0.788049,0.017345,-0.006454,-0.012318,0.999753,0.069817,-0.069842,-0.008916,0.117252,-0.227816,0.022433,0.035438,0.012098,-0.059038,0.222883,-0.282949,-0.057821,0.010324,-0.031638,-0.008322,0.238573,1.781850,0.250485,1.352200,0.135975,0.292245,0.061671,0.106530,-1.643802,-0.631975,1.088860,-0.764464,0.487234,0.012903
-0.001775,0.003973,0.788098,0.017339,-0.006166,-0.012393,0.999754,0.069752,-0.070352,-0.008885,0.116833,-0.227750,0.023649,0.035481,0.011389,-0.059954,0.222448,-0.281805,-0.058193,0.010468,-0.031120,-0.008300,0.243250,1.780843,0.261267,1.351448,0.143583,0.292831,0.059804,0.114266,-1.637454,-0.651154,1.082204,-0.779613,0.486987,0.018081
-0.001559,0.004261,0.788110,0.017329,-0.005872,-0.012476,0.999755,0.069665,-0.070850,-0.008812,0.116421,-0.227679,0.024758,0.035133,0.010524,-0.060602,0.222315,-0.281849,-0.054594,0.010530,-0.030518,-0.008259,0.247510,1.780076,0.272823,1.350160,0.151116,0.293188,0.059200,0.121662,-1.631868,-0.669282,1.075657,-0.794150,0.486779,0.021438
-0.001332,0.004541,0.788101,0.017321,-0.005646,-0.012502,0.999756,0.069673,-0.071347,-0.008768,0.116101,-0.227633,0.025684,0.034981,0.010020,-0.060253,0.222313,-0.282330,-0.051507,0.010489,-0.029847,-0.008260,0.251576,1.779578,0.284969,1.347861,0.159012,0.293273,0.059277,0.128599,-1.627058,-0.686751,1.069909,-0.807610,0.486588,0.024565
-0.001087,0.004804,0.788103,0.017294,-0.005534,-0.012445,0.999758,0.069801,-0.071778,-0.008767,0.116013,-0.227659,0.026333,0.035253,0.009911,-0.059558,0.222171,-0.282140,-0.051468,0.010418,-0.029144,-0.008306,0.254989,1.779352,0.298110,1.344443,0.167131,0.293253,0.059381,0.135255,-1.622889,-0.703479,1.064956,-0.819639,0.486220,0.029011
-0.000869,0.005069,0.788109,0.017185,-0.005565,-0.012333,0.999761,0.069996,-0.072004,-0.008762,0.116358,-0.227839,0.026485,0.035417,0.009846,-0.059262,0.222321,-0.281725,-0.051888,0.010363,-0.028433,-0.008323,0.257199,1.779212,0.312775,1.340262,0.175080,0.293305,0.059145,0.141748,-1.619124,-0.719189,1.060297,-0.830380,0.485648,0.034257
-0.000645,0.005327,0.788103,0.017039,-0.005694,-0.012290,0.999763,0.070155,-0.072088,-0.008572,0.117242,-0.228331,0.026460,0.035610,0.009756,-0.059207,0.222966,-0.281527,-0.053101,0.010276,-0.027785,-0.008260,0.259169,1.778851,0.328073,1.336264,0.183521,0.293643,0.057816,0.147838,-1.615555,-0.733819,1.055580,-0.840149,0.485132,0.038965
-0.000407,0.005560,0.788079,0.016905,-0.005864,-0.012418,0.999763,0.070341,-0.072125,-0.008123,0.118340,-0.229052,0.026427,0.035908,0.009677,-0.059125,0.223965,-0.281713,-0.054935,0.010113,-0.027250,-0.008032,0.262321,1.778190,0.342682,1.333579,0.193354,0.294441,0.054961,0.153329,-1.611997,-0.747206,1.050713,-0.849173,0.484833,0.042705
-0.000201,0.005758,0.788044,0.016783,-0.006070,-0.012697,0.999760,0.070748,-0.072096,-0.007498,0.119134,-0.229713,0.026450,0.036137,0.009675,-0.058764,0.225005,-0.282170,-0.055771,0.009829,-0.026812,-0.007623,0.266726,1.777346,0.356528,1.332504,0.204363,0.295696,0.051451,0.158477,-1.608449,-0.758983,1.045869,-0.857661,0.484512,0.045925
-0.000021,0.005919,0.788011,0.016681,-0.006223,-0.013043,0.999756,0.071204,-0.072060,-0.006914,0.119489,-0.230132,0.026502,0.036606,0.009666,-0.058520,0.225488,-0.282683,-0.056294,0.009445,-0.026433,-0.007189,0.271586,1.776396,0.370254,1.332137,0.215757,0.297367,0.048074,0.163441,-1.605076,-0.769224,1.041348,-0.865523,0.483900,0.049251
0.000096,0.006052,0.788000,0.016582,-0.006285,-0.013386,0.999753,0.071540,-0.071968,-0.006311,0.119538,-0.230354,0.026579,0.036842,0.009763,-0.058125,0.225600,-0.282622,-0.057297,0.008998,-0.026098,-0.006827,0.276424,1.775410,0.384208,1.330978,0.227354,0.299227,0.045115,0.167823,-1.601858,-0.778651,1.037396,-0.872277,0.483101,0.052985
0.000153,0.006170,0.788004,0.016463,-0.006247,-0.013692,0.999751,0.071686,-0.071821,-0.005718,0.119423,-0.230430,0.026707,0.036819,0.009931,-0.057746,0.225466,-0.282222,-0.058393,0.008616,-0.025805,-0.006562,0.280647,1.774218,0.399128,1.327672,0.239099,0.300720,0.043187,0.171294,-1.598753,-0.787918,1.034134,-0.877765,0.482550,0.056763
0.000160,0.006273,0.788005,0.016331,-0.006163,-0.013901,0.999751,0.071706,-0.071615,-0.005254,0.119210,-0.230433,0.026853,0.036603,0.010079,-0.057527,0.225367,-0.281986,-0.058738,0.008380,-0.025564,-0.006349,0.283073,1.772276,0.416634,1.321612,0.250378,0.301238,0.043503,0.174594,-1.595938,-0.796681,1.031514,-0.882835,0.482251,0.060046
0.000123,0.006357,0.787993,0.016206,-0.006061,-0.014016,0.999752,0.071671,-0.071426,-0.004934,0.118851,-0.230398,0.026982,0.036261,0.010145,-0.057499,0.225430,-0.282160,-0.057956,0.008273,-0.025344,-0.006149,0.283785,1.768899,0.437068,1.313284,0.261332,0.300919,0.045954,0.178753,-1.593901,-0.804105,1.029242,-0.888628,0.481874,0.062879
0.000060,0.006415,0.787970,0.016078,-0.005931,-0.014107,0.999754,0.071617,-0.071189,-0.004685,0.118289,-0.230358,0.027096,0.035843,0.010201,-0.057593,0.225662,-0.282626,-0.056733,0.008204,-0.025141,-0.005971,0.285886,1.762378,0.458521,1.303788,0.273501,0.301169,0.049484,0.181976,-1.596441,-0.807524,1.025791,-0.895427,0.482259,0.070144
-0.000014,0.006442,0.787947,0.015948,-0.005756,-0.014262,0.999755,0.071545,-0.070888,-0.004357,0.117557,-0.230318,0.027161,0.035354,0.010352,-0.057533,0.225887,-0.283105,-0.055661,0.008058,-0.024976,-0.005817,0.290559,1.757089,0.477969,1.295920,0.288568,0.303091,0.048068,0.185209,-1.595415,-0.811822,1.023413,-0.901789,0.482202,0.072935
-0.000114,0.006432,0.787938,0.015796,-0.005576,-0.014559,0.999754,0.071452,-0.070449,-0.003819,0.116862,-0.230293,0.027124,0.034585,0.010748,-0.056909,0.226115,-0.283253,-0.054594,0.007724,-0.024895,-0.005657,0.296874,1.752923,0.495991,1.290524,0.305477,0.306560,0.042757,0.187443,-1.592928,-0.817279,1.021285,-0.906708,0.481806,0.074001
-0.000206,0.006372,0.787951,0.015686,-0.005398,-0.015036,0.999749,0.071177,-0.069968,-0.002988,0.116602,-0.230351,0.026962,0.033921,0.011302,-0.055940,0.226137,-0.282838,-0.055104,0.007226,-0.024867,-0.005501,0.302191,1.751373,0.514413,1.287843,0.322698,0.310262,0.034756,0.190087,-1.586817,-0.826329,1.021348,-0.911154,0.478799,0.070400
-0.000290,0.006264,0.787992,0.015597,-0.005211,-0.015683,0.999742,0.070750,-0.069417,-0.001883,0.116710,-0.230495,0.026749,0.033278,0.012079,-0.054658,0.225994,-0.281663,-0.057746,0.006709,-0.024872,-0.005359,0.307002,1.748955,0.534263,1.286205,0.339300,0.313538,0.028761,0.192553,-1.583988,-0.833249,1.019507,-0.915247,0.476631,0.071003
-0.000378,0.006120,0.788046,0.015518,-0.004977,-0.016459,0.999732,0.070181,-0.068791,-0.000563,0.117027,-0.230747,0.026489,0.032349,0.012952,-0.053267,0.225872,-0.279966,-0.061373,0.006366,-0.024871,-0.005220,0.312167,1.746297,0.555013,1.284836,0.355894,0.316287,0.024374,0.194994,-1.582466,-0.838564,1.017455,-0.919431,0.475259,0.072822
-0.000449,0.005961,0.788061,0.015389,-0.004711,-0.017310,0.999721,0.069620,-0.068150,0.000424,0.117300,-0.230935,0.026168,0.031378,0.013682,-0.052271,0.225788,-0.279353,-0.061877,0.006357,-0.024854,-0.005117,0.317755,1.743592,0.576609,1.283261,0.372576,0.318342,0.021020,0.197065,-1.581336,-0.843280,1.016330,-0.923521,0.474664,0.074551
-0.000488,0.005789,0.788044,0.015225,-0.004469,-0.018091,0.999710,0.069192,-0.067558,0.000878,0.117419,-0.230969,0.025831,0.030655,0.014408,-0.051361,0.225644,-0.279443,-0.060702,0.006623,-0.024869,-0.005053,0.323109,1.740827,0.599595,1.281089,0.388886,0.319490,0.018027,0.198484,-1.580102,-0.848211,1.016408,-0.927224,0.474661,0.075694
-0.000487,0.005594,0.788003,0.015071,-0.004274,-0.018683,0.999703,0.068947,-0.066803,0.001647,0.117368,-0.230882,0.025371,0.030270,0.015293,-0.050104,0.225510,-0.279968,-0.059014,0.006975,-0.024953,-0.004996,0.327978,1.737825,0.624059,1.278116,0.404682,0.319662,0.014421,0.199124,-1.578312,-0.853946,1.017193,-0.930390,0.475009,0.075998
-0.000457,0.005368,0.787944,0.014963,-0.004149,-0.019056,0.999698,0.068805,-0.065996,0.002584,0.117292,-0.230744,0.024822,0.030004,0.016544,-0.047689,0.225717,-0.281008,-0.056877,0.007281,-0.025105,-0.004909,0.332973,1.734418,0.649132,1.274500,0.420536,0.319201,0.009191,0.199054,-1.575689,-0.860705,1.017883,-0.932848,0.475356,0.075761
-0.000408,0.005151,0.787894,0.014918,-0.004086,-0.019328,0.999694,0.068730,-0.065169,0.003844,0.117352,-0.230647,0.024226,0.029837,0.017127,-0.046882,0.226005,-0.281950,-0.055349,0.007608,-0.025280,-0.004796,0.339014,1.730625,0.673601,1.270589,0.437357,0.318985,0.002423,0.199284,-1.572593,-0.867530,1.018178,-0.935023,0.475221,0.076198
-0.000336,0.004953,0.787862,0.014952,-0.004032,-0.019495,0.999690,0.068681,-0.064354,0.005476,0.117481,-0.230597,0.023538,0.029773,0.016931,-0.047835,0.226227,-0.282717,-0.054139,0.007858,-0.025456,-0.004664,0.346244,1.726514,0.697135,1.266325,0.455491,0.319705,-0.004116,0.200976,-1.569862,-0.873249,1.018179,-0.937843,0.474633,0.077411
-0.000247,0.004757,0.787855,0.015058,-0.003993,-0.019547,0.999688,0.068676,-0.064089,0.005965,0.117510,-0.230492,0.022994,0.029757,0.016883,-0.048082,0.226510,-0.282982,-0.054248,0.007970,-0.025631,-0.004524,0.353799,1.721991,0.720527,1.261214,0.474321,0.321215,-0.008752,0.204320,-1.567889,-0.877696,1.017871,-0.941637,0.473738,0.078446
-0.000144,0.004562,0.787886,0.015222,-0.003948,-0.019499,0.999686,0.068914,-0.064173,0.005770,0.117128,-0.230235,0.022601,0.029772,0.017042,-0.047812,0.226677,-0.282251,-0.057171,0.008002,-0.025830,-0.004393,0.360891,1.716938,0.744468,1.254927,0.493052,0.322585,-0.012024,0.208311,-1.566393,-0.881976,1.017157,-0.945571,0.472813,0.078947
-0.000028,0.004377,0.787922,0.015392,-0.003898,-0.019369,0.999686,0.069491,-0.064369,0.005305,0.116217,-0.229788,0.022300,0.029940,0.017177,-0.047745,0.226556,-0.281522,-0.060043,0.008043,-0.026048,-0.004297,0.367567,1.711523,0.768823,1.247744,0.511552,0.322881,-0.015831,0.212010,-1.564929,-0.887007,1.016040,-0.948854,0.472245,0.079303
0.000077,0.004195,0.787955,0.015554,-0.003844,-0.019164,0.999688,0.070121,-0.064533,0.004832,0.115088,-0.229259,0.022056,0.030249,0.017256,-0.047929,0.226144,-0.280888,-0.062405,0.008074,-0.026283,-0.004219,0.374095,1.705977,0.793436,1.240221,0.529967,0.321961,-0.021151,0.215319,-1.563293,-0.892576,1.014534,-0.951517,0.471996,0.079399
0.000159,0.004010,0.787977,0.015690,-0.003707,-0.018915,0.999691,0.070392,-0.064632,0.004272,0.114207,-0.228836,0.021889,0.030431,0.017307,-0.048287,0.225616,-0.280446,-0.064045,0.008060,-0.026531,-0.004084,0.380653,1.700314,0.818290,1.232772,0.548514,0.320547,-0.027207,0.218480,-1.561379,-0.897920,1.012884,-0.953738,0.471752,0.078983
0.000210,0.003819,0.787980,0.015795,-0.003487,-0.018688,0.999695,0.070196,-0.064638,0.003750,0.113801,-0.228639,0.021824,0.030303,0.017345,-0.048730,0.225268,-0.280397,-0.064577,0.007985,-0.026776,-0.003838,0.387402,1.694416,0.843083,1.225611,0.567366,0.319535,-0.033036,0.221566,-1.559268,-0.902509,1.011710,-0.955332,0.471334,0.079042
0.000238,0.003625,0.787958,0.015865,-0.003245,-0.018545,0.999697,0.069756,-0.064565,0.003280,0.113739,-0.228654,0.021954,0.029979,0.017307,-0.049411,0.225157,-0.281053,-0.063251,0.007904,-0.026987,-0.003535,0.394486,1.688329,0.867168,1.218722,0.586606,0.319332,-0.038341,0.224527,-1.557307,-0.906300,1.011488,-0.956309,0.470867,0.080872
0.000248,0.003417,0.787943,0.015956,-0.003013,-0.018425,0.999698,0.069240,-0.064495,0.002897,0.113843,-0.228731,0.021913,0.029503,0.017496,-0.049401,0.225216,-0.281433,-0.062763,0.007815,-0.027168,-0.003264,0.401507,1.682113,0.890432,1.211711,0.605737,0.319329,-0.043355,0.227374,-1.555910,-0.909617,1.011861,-0.957234,0.470521,0.084065
0.000252,0.003194,0.787948,0.016073,-0.002756,-0.018290,0.999700,0.068628,-0.064437,0.002535,0.114017,-0.228715,0.021550,0.028945,0.017875,-0.048924,0.225216,-0.281181,-0.063892,0.007766,-0.027330,-0.003053,0.407911,1.675793,0.913137,1.204196,0.624169,0.318727,-0.048290,0.230120,-1.555131,-0.912819,1.011844,-0.958565,0.470283,0.086777
0.000263,0.002967,0.787954,0.016192,-0.002485,-0.018137,0.999701,0.067997,-0.064348,0.002157,0.114151,-0.228568,0.021018,0.028443,0.018241,-0.048516,0.225086,-0.280871,-0.065008,0.007772,-0.027482,-0.002872,0.413645,1.669464,0.935194,1.196303,0.641879,0.317447,-0.053261,0.232774,-1.554814,-0.916076,1.010883,-0.960191,0.470068,0.087847
0.000289,0.002753,0.787930,0.016295,-0.002236,-0.017979,0.999703,0.067489,-0.064259,0.001799,0.114120,-0.228286,0.020353,0.028079,0.018393,-0.048491,0.224959,-0.281321,-0.064027,0.007805,-0.027610,-0.002670,0.418980,1.663354,0.956119,1.188610,0.659190,0.315990,-0.058296,0.235404,-1.554888,-0.919341,1.009352,-0.961730,0.469822,0.087920
0.000336,0.002563,0.787850,0.016352,-0.002021,-0.017849,0.999705,0.067122,-0.064091,0.001497,0.114075,-0.227928,0.019638,0.027793,0.018155,-0.049024,0.225149,-0.283735,-0.057918,0.007855,-0.027695,-0.002432,0.423810,1.657649,0.975804,1.181543,0.676032,0.314660,-0.063294,0.237990,-1.555354,-0.922667,1.007913,-0.962951,0.469638,0.088277
0.000388,0.002371,0.787815,0.016447,-0.001819,-0.017742,0.999706,0.066686,-0.063960,0.001313,0.114201,-0.227673,0.018953,0.027361,0.017892,-0.049537,0.225545,-0.285110,-0.054699,0.007873,-0.027779,-0.002165,0.427843,1.652421,0.994526,1.175121,0.692099,0.313481,-0.067899,0.240519,-1.556297,-0.926148,1.006743,-0.964021,0.469572,0.089189
0.000442,0.002137,0.787912,0.016672,-0.001617,-0.017686,0.999703,0.066145,-0.064029,0.001292,0.114566,-0.227591,0.018370,0.026925,0.018119,-0.049463,0.225464,-0.282029,-0.063431,0.007841,-0.027933,-0.001909,0.431256,1.647681,1.012275,1.169160,0.707498,0.312531,-0.071887,0.242920,-1.557666,-0.929825,1.005542,-0.965079,0.469581,0.089991
0.000542,0.001904,0.787940,0.016830,-0.001415,-0.017756,0.999700,0.065786,-0.063944,0.001464,0.114689,-0.227458,0.017910,0.026923,0.018143,-0.050041,0.225174,-0.281501,-0.065601,0.007890,-0.028057,-0.001725,0.434452,1.643398,1.028859,1.163487,0.722523,0.311665,-0.075325,0.245089,-1.558910,-0.933359,1.003965,-0.965981,0.469575,0.090215
0.000663,0.001676,0.787913,0.016944,-0.001236,-0.017857,0.999696,0.065653,-0.063745,0.001704,0.114580,-0.227286,0.017582,0.026865,0.018086,-0.050378,0.225069,-0.282502,-0.063181,0.007944,-0.028142,-0.001567,0.437353,1.639281,1.044377,1.158107,0.736923,0.310405,-0.078915,0.247042,-1.559886,-0.936348,1.002147,-0.966701,0.469488,0.090044
0.000772,0.001431,0.787902,0.017052,-0.001119,-0.017883,0.999694,0.065699,-0.063537,0.001797,0.114417,-0.227158,0.017343,0.026487,0.018451,-0.049398,0.225092,-0.282695,-0.061784,0.007938,-0.028238,-0.001428,0.439657,1.635290,1.058963,1.153168,0.750357,0.308588,-0.083234,0.248817,-1.560616,-0.938710,1.000585,-0.967240,0.469376,0.090114
0.000942,0.001157,0.787902,0.017174,-0.000971,-0.017865,0.999692,0.065690,-0.063350,0.001795,0.114343,-0.227112,0.017156,0.026547,0.018983,-0.048540,0.224747,-0.282360,-0.063063,0.007970,-0.028387,-0.001352,0.441283,1.631641,1.072403,1.148688,0.762890,0.306515,-0.087811,0.250307,-1.561094,-0.940760,0.999505,-0.967529,0.469371,0.090818
0.001144,0.000874,0.787890,0.017281,-0.000811,-0.017833,0.999691,0.065635,-0.063135,0.001733,0.114388,-0.227170,0.016977,0.026631,0.019372,-0.048312,0.224519,-0.282307,-0.064196,0.008064,-0.028580,-0.001297,0.442162,1.628374,1.084473,1.144478,0.774575,0.304356,-0.091705,0.251548,-1.561220,-0.942681,0.998728,-0.967612,0.469356,0.092161
0.001378,0.000580,0.787849,0.017403,-0.000691,-0.017770,0.999690,0.065611,-0.062949,0.001591,0.114614,-0.227362,0.016763,0.026707,0.019549,-0.048521,0.224734,-0.283059,-0.064131,0.008183,-0.028795,-0.001270,0.442336,1.625243,1.094997,1.140458,0.785304,0.301995,-0.095066,0.252765,-1.561080,-0.944431,0.998097,-0.967676,0.469045,0.093457
0.001644,0.000262,0.787801,0.017566,-0.000679,-0.017648,0.999690,0.065800,-0.062832,0.001312,0.114923,-0.227649,0.016462,0.027041,0.019610,-0.049043,0.225073,-0.283908,-0.064338,0.008280,-0.029027,-0.001302,0.442497,1.622069,1.103552,1.136473,0.794674,0.300049,-0.098715,0.253870,-1.560674,-0.945547,0.998830,-0.967605,0.468075,0.093133
0.001938,-0.000073,0.787759,0.017743,-0.000740,-0.017466,0.999690,0.066218,-0.062745,0.000875,0.115156,-0.227949,0.016044,0.027724,0.019600,-0.049781,0.225154,-0.284554,-0.065024,0.008325,-0.029264,-0.001380,0.442342,1.619115,1.110673,1.133249,0.803557,0.298604,-0.102504,0.255181,-1.560390,-0.946820,0.999513,-0.967750,0.467695,0.092645
0.002250,-0.000411,0.787720,0.017909,-0.000763,-0.017317,0.999689,0.066607,-0.062650,0.000392,0.115367,-0.228276,0.015556,0.028432,0.019520,-0.050566,0.225086,-0.285087,-0.065792,0.008308,-0.029494,-0.001443,0.441700,1.616373,1.117130,1.130568,0.811819,0.297494,-0.105854,0.256325,-1.559906,-0.948251,0.999800,-0.967740,0.467757,0.092377
0.002567,-0.000757,0.787677,0.018058,-0.000702,-0.017272,0.999688,0.066834,-0.062493,0.000070,0.115633,-0.228678,0.015007,0.028894,0.019447,-0.051280,0.225133,-0.285680,-0.066146,0.008268,-0.029718,-0.001474,0.440625,1.613887,1.123584,1.128368,0.819398,0.296100,-0.108743,0.257325,-1.559242,-0.949588,0.999500,-0.967512,0.467697,0.092916
0.002882,-0.001138,0.787629,0.018189,-0.000618,-0.017326,0.999684,0.067098,-0.062192,-0.000001,0.115804,-0.229145,0.014356,0.029153,0.019721,-0.051203,0.225272,-0.286316,-0.065584,0.008183,-0.029943,-0.001515,0.439160,1.611734,1.130341,1.127046,0.827276,0.293923,-0.111125,0.258760,-1.559073,-0.951074,0.997721,-0.967840,0.467915,0.095473
0.003202,-0.001558,0.787578,0.018308,-0.000527,-0.017426,0.999680,0.067508,-0.061707,0.000164,0.115757,-0.229623,0.013559,0.029428,0.020238,-0.050655,0.225253,-0.286884,-0.064360,0.008081,-0.030158,-0.001581,0.438080,1.609940,1.136967,1.126089,0.835311,0.292244,-0.112611,0.260233,-1.558454,-0.952548,0.996424,-0.968501,0.468111,0.096932
0.003519,-0.002009,0.787522,0.018432,-0.000419,-0.017486,0.999677,0.067925,-0.061128,0.000361,0.115630,-0.230083,0.012646,0.029626,0.020840,-0.049998,0.225270,-0.287598,-0.062745,0.007992,-0.030342,-0.001648,0.437366,1.608113,1.143351,1.125195,0.843560,0.291711,-0.112475,0.261739,-1.557805,-0.954290,0.995451,-0.969458,0.468591,0.097317
0.003823,-0.002483,0.787470,0.018575,-0.000247,-0.017424,0.999676,0.068090,-0.060563,0.000379,0.115629,-0.230520,0.011676,0.029568,0.021423,-0.049561,0.225548,-0.288358,-0.061945,0.007932,-0.030495,-0.001689,0.436736,1.605918,1.148756,1.124143,0.851386,0.291585,-0.114007,0.263518,-1.557100,-0.956577,0.994484,-0.970528,0.469023,0.097004
0.004115,-0.002979,0.787444,0.018750,0.000003,-0.017175,0.999677,0.067958,-0.060091,0.000059,0.115781,-0.230903,0.010683,0.029375,0.022021,-0.049512,0.225842,-0.288395,-0.063957,0.007901,-0.030650,-0.001705,0.435753,1.603452,1.152225,1.122819,0.857706,0.289531,-0.121963,0.265495,-1.556122,-0.959488,0.993850,-0.971301,0.469053,0.096703
0.004397,-0.003503,0.787444,0.018950,0.000306,-0.016765,0.999680,0.067745,-0.059706,-0.000611,0.115856,-0.231143,0.009669,0.029258,0.022683,-0.049748,0.225851,-0.287637,-0.068386,0.007879,-0.030855,-0.001713,0.435195,1.601515,1.153325,1.119727,0.863893,0.284584,-0.125930,0.267199,-1.554433,-0.961561,0.995347,-0.971361,0.468119,0.095608
0.004682,-0.004048,0.787428,0.019193,0.000692,-0.016352,0.999682,0.067553,-0.059415,-0.001399,0.115634,-0.231094,0.008604,0.029365,0.023183,-0.050385,0.225522,-0.287218,-0.072595,0.007866,-0.031110,-0.001697,0.432633,1.598431,1.155983,1.110397,0.873161,0.281321,-0.092589,0.270929,-1.553464,-0.961264,0.995307,-0.973875,0.467189,0.094677
0.004916,-0.004605,0.787353,0.019465,0.001196,-0.016056,0.999681,0.067165,-0.059172,-0.002101,0.115241,-0.230627,0.007577,0.029089,0.023306,-0.051223,0.225433,-0.288687,-0.071827,0.007875,-0.031379,-0.001510,0.417246,1.587200,1.169331,1.086234,0.877491,0.287105,0.002084,0.278154,-1.548682,-0.960407,0.982552,-0.981035,0.466128,0.087306
0.005039,-0.005192,0.787248,0.019763,0.002056,-0.015833,0.999677,0.065730,-0.058926,-0.002695,0.115245,-0.230289,0.006594,0.027317,0.023266,-0.051855,0.226196,-0.291060,-0.068657,0.007900,-0.031653,-0.000761,0.376874,1.555882,1.199130,1.034717,0.856913,0.291678,0.139830,0.284971,-1.528996,-0.969766,0.935918,-0.988376,0.462450,0.065337
0.005032,-0.005850,0.787154,0.020144,0.003289,-0.015681,0.999669,0.062883,-0.058728,-0.003098,0.116089,-0.230666,0.005632,0.024041,0.023285,-0.052271,0.227943,-0.293042,-0.068052,0.007930,-0.031931,0.000635,0.323958,1.491050,1.235593,0.938202,0.797822,0.270188,0.272957,0.285767,-1.480748,-0.999169,0.834533,-0.986898,0.449295,0.026262
0.004898,-0.006619,0.787076,0.020633,0.004847,-0.015571,0.999654,0.058813,-0.058563,-0.003306,0.117562,-0.231759,0.004635,0.019599,0.023452,-0.052485,0.230178,-0.294658,-0.069783,0.008032,-0.032178,0.002452,0.285494,1.398673,1.251583,0.809141,0.706046,0.215029,0.372360,0.286085,-1.390002,-1.046408,0.672301,-0.977223,0.417548,-0.026286
0.004703,-0.007548,0.787033,0.021221,0.006715,-0.015468,0.999633,0.054391,-0.058337,-0.003454,0.118268,-0.232812,0.003504,0.014641,0.023952,-0.052439,0.231775,-0.295110,-0.074745,0.008354,-0.032387,0.004352,0.279709,1.288038,1.237722,0.653237,0.606445,0.154069,0.435373,0.301204,-1.258095,-1.097571,0.466568,-0.967028,0.369504,-0.081771
0.004546,-0.008677,0.786993,0.021756,0.008769,-0.015242,0.999609,0.050365,-0.057680,-0.003835,0.117627,-0.233580,0.002089,0.009953,0.024970,-0.052585,0.232100,-0.294897,-0.080325,0.009049,-0.032584,0.006192,0.301522,1.159419,1.205222,0.481698,0.523289,0.101644,0.477498,0.316150,-1.086005,-1.128458,0.238769,-0.968398,0.320562,-0.129369
0.004516,-0.010025,0.786882,0.022093,0.010737,-0.014706,0.999590,0.047106,-0.056263,-0.004790,0.116158,-0.234278,0.000247,0.006271,0.026427,-0.053664,0.231473,-0.295780,-0.081977,0.010144,-0.032763,0.007903,0.327839,1.012046,1.158418,0.303450,0.471270,0.061845,0.501580,0.314256,-0.888896,-1.131299,0.004912,-0.974927,0.283707,-0.141036
0.004666,-0.011591,0.786671,0.022246,0.012365,-0.013899,0.999579,0.044317,-0.054090,-0.006196,0.115478,-0.235621,-0.002094,0.003593,0.028145,-0.055707,0.231244,-0.298687,-0.078541,0.011322,-0.032847,0.009378,0.337844,0.857627,1.093538,0.149164,0.455234,0.025458,0.508971,0.301960,-0.661058,-1.097940,-0.192798,-0.970047,0.247851,-0.145379
0.005050,-0.013373,0.786435,0.022418,0.013548,-0.013290,0.999569,0.042185,-0.051487,-0.007182,0.115859,-0.237791,-0.004894,0.001649,0.030314,-0.057263,0.232097,-0.301092,-0.077492,0.011773,-0.032727,0.010469,0.344531,0.696877,1.010640,0.019157,0.461134,-0.001725,0.502560,0.295971,-0.441727,-1.028553,-0.331679,-0.959545,0.223899,-0.137941
0.005747,-0.015317,0.786172,0.022620,0.014275,-0.013416,0.999552,0.041192,-0.048465,-0.006824,0.116936,-0.240757,-0.008071,0.000897,0.033068,-0.057357,0.233303,-0.303246,-0.078191,0.010701,-0.032270,0.011151,0.353186,0.542932,0.909839,-0.071423,0.475093,-0.014726,0.484129,0.301969,-0.252628,-0.932308,-0.395665,-0.961673,0.212002,-0.120973
0.006805,-0.017338,0.785878,0.022685,0.014599,-0.014182,0.999535,0.041177,-0.044866,-0.005249,0.119218,-0.244832,-0.011532,0.001629,0.036546,-0.056181,0.234165,-0.304985,-0.080299,0.008002,-0.031492,0.011656,0.370962,0.413412,0.794282,-0.118157,0.482124,-0.006604,0.460658,0.316058,-0.107750,-0.822010,-0.373819,-0.988583,0.200580,-0.107548
0.008216,-0.019371,0.785541,0.022477,0.014676,-0.014888,0.999529,0.041687,-0.040798,-0.003848,0.123034,-0.250077,-0.015146,0.003242,0.040630,-0.054968,0.235196,-0.306398,-0.083769,0.004602,-0.030546,0.012266,0.382819,0.307452,0.676016,-0.115228,0.504162,0.008893,0.437626,0.337487,-0.031831,-0.705485,-0.292594,-1.037173,0.198152,-0.088552
0.009926,-0.021405,0.785151,0.022090,0.014536,-0.015155,0.999535,0.041496,-0.036594,-0.003216,0.130590,-0.257436,-0.018880,0.004751,0.045069,-0.054229,0.237971,-0.307353,-0.090620,0.001749,-0.029619,0.013201,0.386694,0.232291,0.555450,-0.072927,0.551938,0.031210,0.422387,0.356389,-0.014894,-0.581486,-0.183394,-1.108265,0.207326,-0.057559
0.011866,-0.023494,0.784652,0.021665,0.014015,-0.015453,0.999548,0.039653,-0.032285,-0.002498,0.144285,-0.267835,-0.022992,0.005595,0.049809,-0.052971,0.244096,-0.309193,-0.098914,-0.000008,-0.028872,0.014569,0.384787,0.189386,0.439006,-0.001441,0.620502,0.051409,0.413847,0.363149,-0.022282,-0.463527,-0.055008,-1.177947,0.214645,-0.028185
0.013954,-0.025703,0.783982,0.021037,0.012856,-0.016623,0.999558,0.034826,-0.027036,-0.000114,0.167668,-0.282161,-0.029101,0.005626,0.055193,-0.050366,0.254912,-0.314097,-0.104363,-0.000979,-0.028372,0.016523,0.371806,0.166833,0.332672,0.092954,0.710002,0.060513,0.410051,0.356695,-0.028629,-0.377370,0.073524,-1.205202,0.213568,-0.003570
0.016087,-0.028154,0.783318,0.020633,0.010910,-0.019231,0.999543,0.023801,-0.021034,0.005519,0.207581,-0.296311,-0.035702,0.006139,0.060540,-0.045833,0.268064,-0.321037,-0.104289,-0.001635,-0.028148,0.019313,0.354385,0.158319,0.235685,0.199022,0.811093,0.062282,0.399940,0.332492,-0.021227,-0.314576,0.206926,-1.183428,0.220465,0.006060
0.018264,-0.030873,0.783556,0.020088,0.008282,-0.023100,0.999497,0.004822,-0.013386,0.014764,0.267989,-0.314226,-0.038150,0.005380,0.066916,-0.039212,0.285758,-0.327167,-0.107655,-0.002049,-0.027944,0.023343,0.330797,0.152818,0.154944,0.315372,0.913850,0.066020,0.358936,0.299470,-0.010821,-0.270938,0.348412,-1.140527,0.230991,0.012545
0.020294,-0.033847,0.782851,0.019098,0.005174,-0.027849,0.999416,-0.025990,-0.002992,0.025938,0.352085,-0.330512,-0.044678,0.001845,0.075250,-0.030836,0.310052,-0.335266,-0.111442,-0.001693,-0.027239,0.029062,0.294329,0.137276,0.100621,0.443186,0.990953,0.080949,0.272241,0.258489,-0.006054,-0.233870,0.497425,-1.118877,0.248142,0.034207
0.022245,-0.037041,0.782149,0.018043,0.001793,-0.033134,0.999286,-0.071462,0.010053,0.036698,0.463935,-0.331526,-0.056724,-0.002378,0.084818,-0.020742,0.336565,-0.343807,-0.114850,0.000058,-0.025764,0.036701,0.252954,0.106635,0.085373,0.575170,1.013368,0.104617,0.150179,0.220308,-0.010839,-0.195170,0.638896,-1.128218,0.268029,0.077015
0.024539,-0.040453,0.782931,0.016941,-0.001659,-0.038868,0.999099,-0.128908,0.025295,0.045142,0.594207,-0.307776,-0.068599,-0.003002,0.095275,-0.011699,0.359161,-0.350022,-0.120509,0.003467,-0.023434,0.045962,0.207993,0.068483,0.107110,0.700836,0.987786,0.144601,0.020277,0.185704,-0.017050,-0.153886,0.757725,-1.158158,0.285447,0.134336
0.027179,-0.043792,0.782343,0.014994,-0.005248,-0.045425,0.998841,-0.191150,0.042892,0.048615,0.729148,-0.274354,-0.092931,-0.000082,0.107144,-0.001823,0.375123,-0.354404,-0.127016,0.007946,-0.020052,0.056333,0.165200,0.038646,0.141684,0.806593,0.955103,0.199327,-0.078862,0.156755,-0.019711,-0.113574,0.842674,-1.191525,0.290147,0.193258
0.030542,-0.046990,0.781384,0.012831,-0.009021,-0.054174,0.998408,-0.250390,0.053046,0.042445,0.848468,-0.247929,-0.113721,0.008673,0.119534,0.011652,0.382541,-0.354945,-0.134095,0.012826,-0.015844,0.066849,0.133896,0.022112,0.157990,0.881556,0.949645,0.247873,-0.121791,0.134549,-0.020419,-0.079705,0.889054,-1.216286,0.277705,0.240026
0.034802,-0.050053,0.780589,0.011012,-0.012690,-0.065446,0.997715,-0.301343,0.048041,0.030107,0.932726,-0.244506,-0.093701,0.021874,0.131536,0.030283,0.384321,-0.352133,-0.141702,0.017118,-0.011767,0.076604,0.120778,0.013707,0.145680,0.921296,0.974334,0.271639,-0.106268,0.119019,-0.021725,-0.057623,0.900508,-1.226316,0.254680,0.260539
0.039962,-0.053043,0.780103,0.009559,-0.015715,-0.078316,0.996759,-0.339996,0.024873,0.010262,0.971404,-0.256882,-0.072273,0.035723,0.142984,0.052550,0.386752,-0.347766,-0.152024,0.020103,-0.008885,0.084831,0.129082,0.008770,0.115149,0.926168,1.010466,0.269896,-0.046987,0.109972,-0.026282,-0.051074,0.889524,-1.221466,0.228846,0.244578
0.045776,-0.056084,0.779852,0.008128,-0.018208,-0.091657,0.995591,-0.369225,0.006071,0.001791,0.968134,-0.259455,-0.071216,0.045873,0.154021,0.076075,0.394005,-0.342862,-0.152713,0.021550,-0.007045,0.091607,0.148615,0.005532,0.081129,0.911464,1.037927,0.251389,0.028507,0.107443,-0.026387,-0.052967,0.868712,-1.206510,0.213152,0.193106
0.052290,-0.059321,0.779658,0.006898,-0.019886,-0.105432,0.994204,-0.387543,-0.007948,0.002976,0.924402,-0.264962,-0.070856,0.055586,0.163732,0.097602,0.403781,-0.338739,-0.157048,0.022928,-0.005555,0.096680,0.168305,0.002719,0.046639,0.888587,1.047266,0.226817,0.086998,0.106085,-0.022115,-0.059346,0.849501,-1.185259,0.208265,0.129243
0.059285,-0.062879,0.779356,0.005460,-0.020819,-0.119268,0.992629,-0.396827,-0.022869,0.006152,0.848360,-0.262872,-0.051602,0.064104,0.173129,0.117377,0.413882,-0.336220,-0.157734,0.025256,-0.003890,0.100526,0.194603,0.014212,0.014564,0.866199,1.035447,0.184726,0.113113,0.109491,-0.019165,-0.066282,0.831630,-1.159403,0.204447,0.079004
0.066725,-0.066874,0.778919,0.004042,-0.020911,-0.132104,0.991007,-0.403086,-0.033224,0.018765,0.752320,-0.239755,-0.029121,0.073412,0.182172,0.135269,0.420423,-0.332864,-0.160159,0.027971,-0.001903,0.103284,0.215162,0.030554,-0.016761,0.849502,1.012449,0.141869,0.105867,0.110314,-0.020393,-0.066316,0.818256,-1.131513,0.200187,0.054603
0.074584,-0.071423,0.778152,0.002504,-0.019893,-0.143262,0.989482,-0.404419,-0.043416,0.034829,0.639879,-0.209815,-0.027938,0.083787,0.192237,0.152040,0.423060,-0.328544,-0.167597,0.030537,0.000343,0.104549,0.225101,0.046425,-0.049344,0.839871,0.991397,0.109559,0.077284,0.104518,-0.028975,-0.056148,0.812524,-1.105043,0.193724,0.050982
0.082884,-0.076601,0.776752,0.000137,-0.018070,-0.152591,0.988124,-0.404082,-0.057136,0.047120,0.522067,-0.167601,-0.033291,0.095769,0.204231,0.166043,0.422924,-0.326829,-0.176237,0.032667,0.003104,0.104592,0.226113,0.071746,-0.084230,0.836101,0.977115,0.084350,0.039302,0.097976,-0.041389,-0.038813,0.807431,-1.085153,0.185958,0.058130
0.091643,-0.082409,0.774720,-0.002555,-0.015773,-0.159929,0.986999,-0.404061,-0.068594,0.065950,0.408089,-0.118803,-0.048530,0.110991,0.216490,0.177063,0.417090,-0.327864,-0.183911,0.033186,0.006416,0.103943,0.219941,0.106390,-0.120746,0.836792,0.970598,0.065793,0.003231,0.093591,-0.053618,-0.020584,0.796526,-1.072503,0.180412,0.068503
0.100971,-0.088766,0.772200,-0.006286,-0.012914,-0.165840,0.986048,-0.399002,-0.071612,0.109799,0.300083,-0.085727,-0.064426,0.127953,0.230542,0.185749,0.408309,-0.328301,-0.192592,0.031620,0.010501,0.102701,0.208577,0.136462,-0.154460,0.840097,0.974005,0.062168,-0.020651,0.085011,-0.064118,-0.004304,0.786474,-1.061153,0.178713,0.075070
0.110962,-0.095581,0.769384,-0.010195,-0.009857,-0.171986,0.984997,-0.391906,-0.066489,0.171623,0.210310,-0.064832,-0.054336,0.146812,0.244904,0.195846,0.397966,-0.329186,-0.201900,0.029191,0.014651,0.101058,0.196344,0.159803,-0.177663,0.843771,0.979317,0.070218,-0.029920,0.072587,-0.072455,0.008934,0.778392,-1.049518,0.180991,0.074937
0.121709,-0.102821,0.766532,-0.014671,-0.006677,-0.178700,0.983772,-0.382309,-0.048315,0.258970,0.149550,-0.068268,-0.049269,0.164728,0.260094,0.205601,0.391779,-0.327472,-0.210734,0.026538,0.018361,0.098728,0.187178,0.175786,-0.184323,0.846024,0.978331,0.085984,-0.024455,0.057425,-0.077393,0.019659,0.773663,-1.037607,0.187065,0.068810
0.133272,-0.110567,0.763926,-0.019462,-0.003710,-0.187583,0.982049,-0.371549,-0.028286,0.330510,0.127574,-0.079587,-0.029777,0.180756,0.275734,0.215762,0.393446,-0.319790,-0.218409,0.026747,0.020368,0.095505,0.183476,0.184096,-0.172578,0.844988,0.965998,0.105770,-0.007357,0.041064,-0.078191,0.029542,0.773136,-1.026378,0.196346,0.058953
0.145572,-0.118776,0.761719,-0.020676,-0.001114,-0.199026,0.979775,-0.358583,-0.015791,0.350449,0.129203,-0.066188,0.000141,0.197336,0.283389,0.229886,0.394789,-0.305756,-0.222551,0.031009,0.018491,0.091252,0.183246,0.177901,-0.147044,0.839449,0.944256,0.128314,0.016545,0.020158,-0.080204,0.042445,0.780362,-1.014018,0.207850,0.047287
0.158455,-0.127074,0.762432,-0.018525,0.000254,-0.210119,0.977500,-0.348274,-0.010406,0.352484,0.136318,-0.020450,0.055741,0.213689,0.283203,0.244947,0.400205,-0.284071,-0.221737,0.036563,0.011824,0.086102,0.187469,0.168005,-0.114336,0.829902,0.914711,0.143638,0.041684,0.005196,-0.084106,0.057141,0.787223,-1.003924,0.217401,0.036777
0.172343,-0.136029,0.764142,-0.014280,0.000529,-0.218198,0.975800,-0.335540,-0.013181,0.349325,0.145101,0.013097,0.119126,0.225318,0.278835,0.251905,0.418262,-0.254365,-0.215005,0.042621,-0.000024,0.080021,0.192468,0.158184,-0.082995,0.819365,0.885141,0.151704,0.064487,-0.002303,-0.089026,0.073591,0.794022,-0.995090,0.224699,0.029102
0.186833,-0.145596,0.766576,-0.008442,0.000263,-0.221153,0.975203,-0.319787,-0.021074,0.343119,0.156408,0.012929,0.143509,0.225515,0.271047,0.243874,0.453467,-0.211275,-0.190734,0.048972,-0.016296,0.073513,0.193293,0.151230,-0.058265,0.811043,0.861635,0.154659,0.081904,-0.001880,-0.094522,0.091566,0.801880,-0.987614,0.230310,0.026132
0.201392,-0.155432,0.769603,-0.002815,0.000150,-0.219729,0.975557,-0.302485,-0.029084,0.335803,0.169848,-0.002700,0.149024,0.210064,0.263872,0.228178,0.510121,-0.159773,-0.108972,0.055857,-0.034019,0.067378,0.188559,0.148843,-0.039774,0.804600,0.846376,0.155608,0.092287,0.003831,-0.099915,0.113649,0.812413,-0.984313,0.234158,0.031687
0.215723,-0.165325,0.774636,0.002409,0.000356,-0.217162,0.976133,-0.284810,-0.035854,0.328715,0.183894,-0.025847,0.144632,0.181070,0.260651,0.215443,0.590398,-0.108363,0.043481,0.064181,-0.049370,0.062474,0.180634,0.147519,-0.023775,0.795747,0.836767,0.155381,0.096771,0.008796,-0.108427,0.144312,0.825625,-0.989149,0.234627,0.049840
0.229368,-0.174950,0.776316,0.007216,0.000648,-0.216252,0.976311,-0.269644,-0.040054,0.324672,0.199726,-0.052642,0.134664,0.136152,0.251125,0.185120,0.688331,-0.059676,0.239528,0.076298,-0.059806,0.059185,0.172040,0.142548,-0.007042,0.780883,0.828859,0.152509,0.100000,0.008226,-0.124698,0.185778,0.838819,-1.003171,0.228253,0.079962
0.242288,-0.184358,0.774983,0.009956,0.001405,-0.221225,0.975171,-0.256374,-0.035476,0.328454,0.219124,-0.078630,0.123454,0.077224,0.250983,0.069371,0.807290,-0.019678,0.250906,0.099699,-0.062772,0.056972,0.154498,0.131821,0.012696,0.772329,0.820864,0.142031,0.109178,0.004083,-0.153976,0.233376,0.845966,-1.021564,0.210910,0.114864
0.254338,-0.193798,0.775597,0.011015,0.001829,-0.223639,0.974608,-0.244273,-0.029886,0.327606,0.235643,-0.102773,0.114650,0.006005,0.215742,-0.037205,0.927841,-0.001719,0.251375,0.123617,-0.062718,0.055799,0.145933,0.115588,0.026874,0.761952,0.813023,0.120338,0.132639,0.002235,-0.183876,0.277008,0.838734,-1.040391,0.194849,0.144476
0.266037,-0.203896,0.776555,0.012124,0.001776,-0.217942,0.975885,-0.231462,-0.030215,0.313824,0.249586,-0.123332,0.107035,-0.056857,0.155834,-0.087344,1.026217,-0.053842,0.251390,0.138645,-0.064942,0.055085,0.135154,0.102573,0.033132,0.746650,0.807850,0.098882,0.150777,-0.002304,-0.205963,0.304273,0.831099,-1.049362,0.188509,0.157362
0.277396,-0.214800,0.777299,0.014293,0.001095,-0.205272,0.978600,-0.218122,-0.036585,0.288383,0.262595,-0.142786,0.095674,-0.109326,0.055112,-0.134002,1.096373,-0.121788,0.251379,0.145001,-0.070712,0.055157,0.127197,0.096387,0.031801,0.734444,0.808597,0.073851,0.161897,-0.005915,-0.211934,0.313721,0.833096,-1.043153,0.200709,0.141321
0.288457,-0.226563,0.777703,0.017666,-0.000153,-0.185031,0.982574,-0.203840,-0.049155,0.249997,0.273702,-0.160319,0.082303,-0.147530,-0.049697,-0.161230,1.132909,-0.168628,0.251222,0.141692,-0.080100,0.056093,0.116319,0.091989,0.021352,0.723491,0.815774,0.057877,0.163827,-0.005890,-0.209454,0.302874,0.832930,-1.025140,0.224777,0.110433
0.299226,-0.239029,0.777851,0.021277,-0.002021,-0.157930,0.987219,-0.187752,-0.065287,0.199269,0.282171,-0.175462,0.068359,-0.178187,-0.129972,-0.154527,1.137205,-0.197633,0.247867,0.130388,-0.091446,0.058099,0.106683,0.089873,0.005478,0.712577,0.824711,0.047367,0.159726,-0.001720,-0.199308,0.282199,0.830446,-1.000778,0.251501,0.072231
0.309409,-0.251976,0.777635,0.025225,-0.003734,-0.129227,0.991287,-0.175598,-0.080341,0.144572,0.295808,-0.191455,0.052988,-0.205031,-0.183605,-0.148298,1.117347,-0.233767,0.214009,0.118873,-0.101759,0.060873,0.105995,0.089002,-0.017581,0.693057,0.829495,0.041714,0.152109,0.002540,-0.184515,0.262536,0.827075,-0.977587,0.274240,0.037051
0.319106,-0.265334,0.777199,0.028517,-0.004905,-0.099167,0.994650,-0.167190,-0.092705,0.086626,0.313206,-0.208674,0.036477,-0.224798,-0.227340,-0.136144,1.077931,-0.267108,0.176965,0.108200,-0.109738,0.063671,0.102705,0.091221,-0.041339,0.680619,0.831567,0.036967,0.142553,0.010121,-0.175247,0.248888,0.819460,-0.956431,0.282893,0.013209
0.328415,-0.279136,0.776720,0.030792,-0.005383,-0.067910,0.997202,-0.160942,-0.101923,0.025567,0.330472,-0.225758,0.018538,-0.237528,-0.260152,-0.112450,1.023924,-0.285997,0.143413,0.098326,-0.115452,0.066105,0.099297,0.096412,-0.064603,0.674862,0.833154,0.033903,0.133914,0.018313,-0.170350,0.243322,0.809503,-0.939468,0.280164,0.002818
0.337409,-0.293404,0.776283,0.031969,-0.005133,-0.035921,0.998830,-0.155857,-0.107610,-0.037924,0.344989,-0.241696,-0.001486,-0.244013,-0.289815,-0.086434,0.959470,-0.294886,0.120441,0.089662,-0.119120,0.067986,0.096538,0.104134,-0.086314,0.674880,0.834916,0.034201,0.128463,0.026040,-0.168800,0.244537,0.798587,-0.928341,0.271029,0.002725
0.346163,-0.308103,0.775884,0.032104,-0.004301,-0.003012,0.999471,-0.150457,-0.110001,-0.104042,0.353634,-0.255716,-0.023218,-0.244633,-0.310948,-0.053203,0.887935,-0.299636,0.088914,0.081862,-0.121016,0.069298,0.094050,0.114014,-0.106277,0.680493,0.836616,0.038347,0.126499,0.033151,-0.169165,0.249244,0.787262,-0.923463,0.260559,0.007343
0.354665,-0.323259,0.775319,0.032013,-0.002892,0.030618,0.999014,-0.145988,-0.110269,-0.171710,0.357777,-0.268395,-0.046359,-0.240233,-0.314271,0.000518,0.814925,-0.311417,0.057697,0.074637,-0.121380,0.070113,0.091297,0.125170,-0.124201,0.692092,0.837812,0.045916,0.125520,0.039461,-0.170611,0.253633,0.776000,-0.923197,0.252323,0.012338
0.362908,-0.338823,0.774544,0.031568,-0.000793,0.064183,0.997438,-0.143020,-0.107799,-0.239275,0.357313,-0.278912,-0.070635,-0.232381,-0.303562,0.077836,0.744824,-0.328334,0.053918,0.068369,-0.120212,0.070153,0.088171,0.137409,-0.138766,0.709034,0.838552,0.056993,0.122068,0.044554,-0.171559,0.255775,0.765683,-0.924966,0.247408,0.016141
0.370860,-0.354871,0.773372,0.031287,0.002235,0.097184,0.994772,-0.144322,-0.103705,-0.304832,0.356143,-0.288384,-0.096706,-0.219214,-0.273962,0.189273,0.680681,-0.343221,0.069302,0.062917,-0.117767,0.069285,0.085130,0.150035,-0.148619,0.728731,0.839280,0.071180,0.115662,0.047546,-0.171800,0.256198,0.757340,-0.927692,0.245274,0.018897
0.378528,-0.371573,0.771652,0.031258,0.006161,0.128651,0.991178,-0.151450,-0.098421,-0.367056,0.357553,-0.298498,-0.123542,-0.199626,-0.244703,0.311706,0.619636,-0.354178,0.102063,0.059449,-0.114404,0.067757,0.085711,0.162809,-0.152656,0.744344,0.842200,0.086641,0.109223,0.045869,-0.166188,0.258120,0.756686,-0.930844,0.247184,0.015698
0.385916,-0.388983,0.769528,0.031436,0.010308,0.158573,0.986793,-0.163127,-0.093147,-0.427281,0.361637,-0.305985,-0.148923,-0.179909,-0.225696,0.410387,0.566113,-0.348359,0.117993,0.058755,-0.110835,0.066715,0.081261,0.176452,-0.152106,0.763366,0.843980,0.101074,0.107892,0.046206,-0.171250,0.255090,0.747695,-0.930798,0.243980,0.018776
0.393019,-0.407340,0.767038,0.031952,0.014066,0.187714,0.981603,-0.179274,-0.088800,-0.485855,0.370472,-0.311080,-0.173766,-0.161318,-0.215790,0.473680,0.519475,-0.325325,0.150360,0.060479,-0.107191,0.067386,0.079583,0.189546,-0.146040,0.778561,0.844526,0.113763,0.112464,0.044555,-0.173044,0.254071,0.742189,-0.930820,0.243700,0.016896
0.399720,-0.426882,0.763960,0.032694,0.017302,0.216512,0.975579,-0.200486,-0.085021,-0.541922,0.384319,-0.313842,-0.198868,-0.140118,-0.208795,0.496601,0.488538,-0.331456,0.239001,0.064519,-0.103113,0.070593,0.082669,0.203081,-0.134864,0.785989,0.840969,0.124727,0.118497,0.038743,-0.177399,0.253884,0.741720,-0.932234,0.242038,0.014355
0.405701,-0.447327,0.761275,0.032053,0.020020,0.244212,0.968985,-0.224335,-0.078436,-0.597091,0.395033,-0.306513,-0.222746,-0.121087,-0.197943,0.459847,0.478471,-0.390674,0.250032,0.071923,-0.097728,0.076622,0.082237,0.216384,-0.118217,0.790203,0.832668,0.135012,0.123915,0.029846,-0.176003,0.260227,0.748781,-0.934818,0.242529,0.007091
0.410898,-0.468383,0.760330,0.029221,0.022798,0.272105,0.961554,-0.250796,-0.065310,-0.644242,0.392979,-0.272753,-0.240733,-0.109121,-0.191529,0.380722,0.461059,-0.436798,0.240590,0.079467,-0.090915,0.084856,0.079974,0.227775,-0.094096,0.789412,0.819646,0.145166,0.133111,0.014410,-0.170181,0.271360,0.764613,-0.935467,0.243462,-0.000401
0.415546,-0.490366,0.766002,0.023039,0.026307,0.301229,0.952910,-0.283578,-0.040648,-0.667099,0.373584,-0.214324,-0.246917,-0.100698,-0.169663,0.305565,0.436969,-0.445933,0.203991,0.083746,-0.082135,0.093112,0.078600,0.232871,-0.060226,0.783388,0.801666,0.157584,0.150888,-0.006865,-0.162006,0.286226,0.788413,-0.933925,0.244258,-0.004045
0.419550,-0.511944,0.770030,0.016348,0.030722,0.331403,0.942847,-0.328210,-0.011833,-0.623282,0.360041,-0.137813,-0.230532,-0.101213,-0.146085,0.236034,0.417736,-0.442617,0.171148,0.083680,-0.070898,0.100681,0.080317,0.223871,-0.020390,0.775602,0.778353,0.170736,0.177021,-0.030303,-0.160161,0.304311,0.815789,-0.933409,0.245207,0.001685
0.423066,-0.532549,0.773397,0.010213,0.035139,0.364280,0.930570,-0.384498,0.034388,-0.431605,0.358987,-0.081696,-0.163006,-0.100799,-0.129029,0.164923,0.391088,-0.431429,0.151612,0.076984,-0.056203,0.106129,0.085240,0.199861,0.014720,0.771594,0.752690,0.179542,0.203592,-0.051043,-0.169158,0.324577,0.840611,-0.935752,0.244860,0.019162
0.426678,-0.551367,0.776244,0.004648,0.038438,0.396394,0.917264,-0.427884,0.096003,-0.169337,0.383616,-0.091253,-0.103697,-0.098085,-0.117036,0.092618,0.363051,-0.413688,0.138850,0.069403,-0.041241,0.108202,0.088205,0.171168,0.032346,0.774621,0.732637,0.186883,0.215601,-0.061879,-0.183207,0.341410,0.854733,-0.945710,0.242233,0.043440
0.430842,-0.568371,0.778531,-0.000400,0.040925,0.425465,0.904049,-0.436531,0.138482,0.039632,0.423103,-0.162369,-0.092701,-0.094284,-0.105978,0.025431,0.337083,-0.397956,0.128701,0.066142,-0.029456,0.106475,0.100338,0.150356,0.028691,0.785430,0.727440,0.183507,0.207856,-0.068330,-0.201206,0.354271,0.862009,-0.952952,0.237465,0.063331
0.435691,-0.584051,0.780606,-0.003562,0.043776,0.453053,0.890401,-0.425807,0.152699,0.167041,0.472403,-0.219080,-0.068025,-0.088574,-0.097273,-0.037181,0.308884,-0.383033,0.117706,0.066827,-0.021650,0.102657,0.113974,0.138524,0.004544,0.802108,0.741801,0.175556,0.176015,-0.066823,-0.218851,0.355915,0.860911,-0.953093,0.235907,0.068427
0.440920,-0.598195,0.782037,-0.005815,0.046062,0.480064,0.876004,-0.407020,0.140969,0.214657,0.521834,-0.263272,-0.060632,-0.086377,-0.091068,-0.098706,0.292814,-0.375069,0.107037,0.070314,-0.016433,0.097975,0.126112,0.135047,-0.029626,0.820830,0.771739,0.167202,0.129003,-0.056377,-0.230753,0.341070,0.853813,-0.941711,0.240867,0.057213
0.446362,-0.610618,0.782825,-0.007384,0.047657,0.506087,0.861133,-0.378455,0.114018,0.211233,0.559325,-0.299650,-0.053264,-0.088192,-0.087895,-0.158693,0.290163,-0.374254,0.095904,0.075008,-0.012063,0.092526,0.136774,0.134122,-0.059775,0.839671,0.807086,0.161536,0.083990,-0.039784,-0.235553,0.311908,0.846093,-0.919398,0.251071,0.034252
0.451969,-0.621224,0.783238,-0.008599,0.048405,0.530839,0.846046,-0.335098,0.087168,0.200579,0.574448,-0.334904,-0.039014,-0.089709,-0.085728,-0.214964,0.291755,-0.375184,0.080983,0.078765,-0.007883,0.085921,0.147812,0.129715,-0.073922,0.858948,0.837349,0.163058,0.055806,-0.021469,-0.234778,0.277832,0.843826,-0.894010,0.263763,0.006741
0.457683,-0.630124,0.783490,-0.009725,0.048504,0.554157,0.830941,-0.278853,0.061815,0.184912,0.562212,-0.361217,-0.024894,-0.087989,-0.082748,-0.266337,0.289784,-0.375637,0.066991,0.081549,-0.004711,0.078072,0.160139,0.119391,-0.066559,0.878766,0.854806,0.173786,0.047136,-0.004687,-0.230662,0.248062,0.850395,-0.875449,0.278932,-0.017022
0.463363,-0.637666,0.783771,-0.011146,0.048729,0.577165,0.815096,-0.216634,0.036535,0.161044,0.519894,-0.377087,-0.025270,-0.084352,-0.078754,-0.314325,0.282835,-0.372451,0.048529,0.083109,-0.003269,0.069181,0.171556,0.105389,-0.041024,0.897433,0.857432,0.189323,0.049561,0.009317,-0.224329,0.224990,0.863542,-0.868068,0.297735,-0.030463
0.468837,-0.643966,0.784058,-0.012753,0.050381,0.600275,0.798103,-0.155568,0.011100,0.130238,0.451398,-0.373597,-0.039829,-0.077936,-0.079506,-0.372396,0.270593,-0.370090,0.039262,0.083835,-0.003787,0.059412,0.178073,0.092399,-0.008537,0.913430,0.851109,0.202329,0.051955,0.021262,-0.216422,0.205059,0.876445,-0.868893,0.317662,-0.032474
0.473937,-0.649505,0.784192,-0.014343,0.053168,0.624003,0.779479,-0.097731,-0.007468,0.108695,0.361632,-0.359024,-0.058574,-0.074687,-0.082921,-0.428749,0.261434,-0.369793,0.030329,0.082158,-0.005759,0.049837,0.177863,0.085286,0.018510,0.926395,0.846672,0.209402,0.048810,0.032954,-0.207253,0.185015,0.882513,-0.872441,0.332026,-0.027670
0.478611,-0.654375,0.783853,-0.015661,0.056137,0.646934,0.760316,-0.047788,-0.014125,0.102892,0.259151,-0.338950,-0.067041,-0.076125,-0.090718,-0.484322,0.264008,-0.371154,0.015858,0.078701,-0.008473,0.041967,0.172485,0.084670,0.034035,0.935246,0.851575,0.211245,0.043631,0.044808,-0.198169,0.165787,0.879141,-0.875981,0.334901,-0.021609
0.482941,-0.658995,0.782184,-0.016182,0.058503,0.667606,0.742036,-0.018629,-0.018022,0.088918,0.169303,-0.310243,-0.067422,-0.086958,-0.103567,-0.529852,0.288268,-0.374447,-0.001649,0.074696,-0.011556,0.038178,0.164570,0.086414,0.039832,0.938002,0.864719,0.209067,0.044003,0.054339,-0.191891,0.151243,0.868105,-0.880615,0.325544,-0.016819
0.486888,-0.663368,0.781403,-0.015720,0.060090,0.685815,0.725121,-0.016571,-0.020754,0.063022,0.135134,-0.292382,-0.067430,-0.112454,-0.126385,-0.564622,0.348833,-0.387346,-0.008960,0.069850,-0.015406,0.040434,0.155713,0.085622,0.040252,0.933689,0.880046,0.204474,0.052549,0.055613,-0.190165,0.147097,0.855345,-0.886999,0.309656,-0.013781
0.491014,-0.667523,0.780534,-0.013802,0.059810,0.701420,0.710100,-0.037811,-0.023436,0.026332,0.160227,-0.303590,-0.073280,-0.166020,-0.165672,-0.573345,0.476066,-0.391399,-0.004917,0.063261,-0.019774,0.050363,0.149292,0.082298,0.037268,0.922911,0.891999,0.194581,0.064898,0.054998,-0.195572,0.149413,0.834981,-0.900549,0.289092,-0.007827
0.495098,-0.671000,0.777707,-0.008076,0.058859,0.713245,0.698392,-0.066758,-0.030447,-0.003519,0.221050,-0.337621,-0.080206,-0.244249,-0.222524,-0.548747,0.662427,-0.372890,0.025403,0.055254,-0.024804,0.067260,0.148270,0.075554,0.028208,0.906984,0.898439,0.176679,0.075927,0.052928,-0.208478,0.154826,0.804491,-0.920741,0.267987,0.002630
0.499012,-0.672950,0.771643,0.000610,0.056004,0.721007,0.690660,-0.080775,-0.038036,-0.022967,0.277595,-0.371467,-0.086700,-0.344873,-0.284080,-0.479969,0.886794,-0.296311,0.104610,0.047488,-0.029816,0.088043,0.151309,0.071130,0.009250,0.889249,0.901376,0.150955,0.083087,0.050747,-0.222632,0.159035,0.763216,-0.941010,0.246459,0.010447
0.503899,-0.673010,0.767592,0.010141,0.050981,0.726340,0.685367,-0.073830,-0.040529,-0.036468,0.305873,-0.394475,-0.093804,-0.454260,-0.305794,-0.349947,1.081921,-0.211814,0.172452,0.041703,-0.033851,0.107619,0.152613,0.075264,-0.023460,0.876865,0.907380,0.122082,0.085236,0.050782,-0.230954,0.157404,0.716124,-0.954469,0.225647,0.002218
0.509996,-0.671589,0.764460,0.019468,0.046957,0.729364,0.682235,-0.058185,-0.039374,-0.043843,0.316703,-0.408396,-0.103343,-0.538523,-0.289640,-0.215687,1.203532,-0.186995,0.224855,0.043200,-0.037611,0.120976,0.147121,0.088662,-0.070603,0.876558,0.924499,0.097635,0.081158,0.056695,-0.231738,0.146137,0.671828,-0.959651,0.209724,-0.028707
0.517382,-0.668793,0.762560,0.025456,0.043831,0.731902,0.679522,-0.042350,-0.031502,-0.050349,0.316094,-0.414601,-0.114333,-0.579534,-0.294862,-0.133755,1.232265,-0.219398,0.249672,0.050823,-0.040766,0.126429,0.134733,0.109725,-0.124369,0.886469,0.954068,0.084455,0.069536,0.069975,-0.221298,0.125250,0.637700,-0.959440,0.201642,-0.075858
0.525913,-0.664669,0.761653,0.028280,0.040903,0.736689,0.674401,-0.029914,-0.018339,-0.062771,0.312498,-0.417871,-0.127371,-0.589974,-0.332855,-0.077007,1.181752,-0.237924,0.245421,0.055677,-0.041692,0.126900,0.120855,0.130444,-0.170345,0.898293,0.984157,0.083063,0.051698,0.087556,-0.203600,0.097815,0.615427,-0.957983,0.199789,-0.124650
0.535276,-0.659363,0.761844,0.028669,0.038256,0.743090,0.667481,-0.018941,-0.001758,-0.080343,0.303974,-0.418160,-0.141384,-0.576413,-0.391352,-0.052093,1.067549,-0.239281,0.178220,0.055274,-0.041255,0.125054,0.110347,0.145112,-0.196402,0.903720,0.999075,0.087628,0.034432,0.103349,-0.184678,0.068763,0.602888,-0.956162,0.198050,-0.164589
0.545549,-0.652994,0.764245,0.028849,0.036867,0.750007,0.659772,-0.009470,0.015025,-0.100525,0.294327,-0.421241,-0.155422,-0.546869,-0.446376,-0.041832,0.910219,-0.234952,0.099653,0.050572,-0.040521,0.122586,0.104575,0.152638,-0.202599,0.901580,0.992799,0.089825,0.026460,0.113973,-0.173501,0.042448,0.597685,-0.955623,0.193224,-0.193350
0.556599,-0.645544,0.763175,0.029702,0.036895,0.756310,0.652496,0.001429,0.030053,-0.120657,0.286002,-0.425005,-0.168513,-0.506022,-0.476526,-0.017589,0.736935,-0.241759,0.056996,0.044377,-0.040074,0.119723,0.106219,0.162455,-0.197544,0.897461,0.973230,0.079417,0.033201,0.121659,-0.174909,0.022139,0.598047,-0.957611,0.186867,-0.212362
0.568523,-0.637219,0.759650,0.030315,0.036917,0.761236,0.646713,0.015795,0.048021,-0.137377,0.274592,-0.427931,-0.181749,-0.458959,-0.470116,0.050250,0.576102,-0.249911,0.075309,0.038513,-0.039182,0.116218,0.104777,0.171796,-0.194978,0.893803,0.956040,0.073091,0.045338,0.123470,-0.179351,0.008607,0.609699,-0.963852,0.185373,-0.222302
0.581656,-0.628214,0.753021,0.030390,0.036407,0.763313,0.644286,0.032609,0.071363,-0.144734,0.263270,-0.428134,-0.200495,-0.417999,-0.457317,0.116195,0.458695,-0.242813,0.116696,0.035878,-0.038232,0.112314,0.104771,0.185455,-0.195895,0.890825,0.947126,0.073473,0.059155,0.119309,-0.181750,-0.000494,0.634092,-0.968238,0.189361,-0.216546
0.596777,-0.618785,0.748431,0.030702,0.036258,0.762541,0.645192,0.042743,0.100107,-0.142507,0.265403,-0.430522,-0.225369,-0.392084,-0.453793,0.129919,0.404164,-0.249246,0.138774,0.036870,-0.038624,0.108472,0.108886,0.200922,-0.193321,0.886932,0.940793,0.080053,0.071251,0.109846,-0.180902,-0.006831,0.668759,-0.966678,0.198076,-0.189210
0.613476,-0.609145,0.744961,0.029524,0.035222,0.760550,0.647651,0.046093,0.133006,-0.137779,0.278784,-0.429421,-0.244959,-0.383752,-0.449847,0.081299,0.411993,-0.246748,0.124746,0.039209,-0.039589,0.104909,0.117235,0.217781,-0.179250,0.879044,0.928066,0.089517,0.079489,0.095773,-0.174397,-0.008255,0.709533,-0.961706,0.210654,-0.145315
0.630912,-0.599246,0.744240,0.025814,0.031875,0.759718,0.648958,0.043065,0.170879,-0.136698,0.301237,-0.421824,-0.250657,-0.381795,-0.429945,0.044639,0.437945,-0.225550,0.160851,0.037741,-0.037035,0.101973,0.130123,0.234214,-0.150671,0.864833,0.905859,0.099805,0.086221,0.078720,-0.163558,-0.000494,0.752966,-0.962182,0.225799,-0.100224
0.650156,-0.588663,0.746997,0.020719,0.026291,0.759335,0.649838,0.033013,0.217917,-0.126928,0.339175,-0.396046,-0.251274,-0.382974,-0.397375,0.016299,0.474514,-0.205329,0.200912,0.033108,-0.029624,0.100781,0.149866,0.246471,-0.107406,0.842797,0.876570,0.110892,0.097173,0.063181,-0.148037,0.019038,0.796236,-0.978326,0.240997,-0.067737
0.670241,-0.577759,0.751136,0.015007,0.019522,0.758643,0.651041,0.010221,0.270383,-0.118078,0.395559,-0.340765,-0.251060,-0.377676,-0.357567,-0.015655,0.505259,-0.215683,0.217119,0.028661,-0.018495,0.100702,0.165846,0.237709,-0.058221,0.817423,0.846959,0.135676,0.115984,0.038105,-0.135139,0.051628,0.848992,-1.004091,0.255498,-0.044342
0.690041,-0.566708,0.759711,0.008596,0.012357,0.758872,0.651066,-0.025921,0.329206,-0.115445,0.464608,-0.261214,-0.245005,-0.360010,-0.310936,-0.047908,0.516049,-0.230682,0.207364,0.025874,-0.005480,0.100585,0.181864,0.222125,-0.009284,0.792826,0.816713,0.153593,0.134957,0.020085,-0.127358,0.087978,0.897254,-1.033646,0.263681,-0.023567
0.708580,-0.555887,0.765803,0.002902,0.006110,0.760940,0.648787,-0.079017,0.372191,-0.099528,0.547576,-0.154777,-0.188441,-0.330972,-0.267495,-0.082244,0.503674,-0.242466,0.178826,0.024721,0.007435,0.100463,0.191205,0.202860,0.022307,0.773786,0.793250,0.159851,0.139471,0.010280,-0.123067,0.120233,0.934324,-1.059873,0.268385,-0.003709
0.725358,-0.545343,0.770535,-0.000456,0.002189,0.763759,0.645497,-0.137725,0.409684,-0.052960,0.636546,-0.076232,-0.111586,-0.295501,-0.232699,-0.116002,0.474800,-0.247025,0.149653,0.025413,0.019062,0.100540,0.196339,0.191368,0.027606,0.762245,0.784712,0.148502,0.119657,0.011980,-0.127434,0.142601,0.955322,-1.076215,0.265234,0.011055
0.739844,-0.535175,0.773354,-0.002043,-0.000759,0.765060,0.643955,-0.192560,0.413825,-0.033134,0.724939,-0.073544,-0.052705,-0.264154,-0.203932,-0.139874,0.449007,-0.250286,0.129538,0.030396,0.029249,0.101396,0.196537,0.185004,0.007023,0.753524,0.801982,0.132767,0.086343,0.016379,-0.129125,0.155084,0.963266,-1.082330,0.261935,0.020148
0.752387,-0.525099,0.773452,-0.002177,-0.002584,0.764830,0.644224,-0.240258,0.345854,-0.084872,0.805486,-0.115927,-0.090167,-0.236406,-0.179367,-0.154289,0.429864,-0.253546,0.113787,0.038311,0.036621,0.102431,0.195969,0.186280,-0.024047,0.742654,0.838698,0.113112,0.055575,0.025000,-0.129934,0.156202,0.958314,-1.080239,0.254417,0.025149
0.763551,-0.515186,0.775588,-0.001262,-0.002292,0.766252,0.642534,-0.281253,0.263687,-0.120444,0.856716,-0.149287,-0.126128,-0.210766,-0.162740,-0.168431,0.409923,-0.258785,0.099659,0.041756,0.040506,0.102514,0.196465,0.182007,-0.050203,0.726856,0.880523,0.096228,0.040399,0.031074,-0.131203,0.153892,0.948982,-1.071794,0.245449,0.025040
0.773618,-0.505297,0.777871,-0.000866,-0.001339,0.769868,0.638202,-0.317143,0.217232,-0.083623,0.866244,-0.185570,-0.132830,-0.186762,-0.150263,-0.186440,0.392498,-0.265769,0.086434,0.039871,0.043114,0.101389,0.197632,0.169096,-0.060690,0.710788,0.908901,0.084212,0.037682,0.034308,-0.135036,0.153775,0.939402,-1.063612,0.237378,0.019272
0.782761,-0.495264,0.779864,-0.001282,-0.000288,0.774042,0.633133,-0.344644,0.193462,-0.005835,0.839008,-0.219340,-0.125186,-0.163656,-0.138252,-0.205740,0.375243,-0.273466,0.073476,0.036707,0.045800,0.099004,0.198616,0.149428,-0.057353,0.699561,0.917186,0.076477,0.038773,0.035192,-0.141236,0.157094,0.931668,-1.059174,0.233645,0.010853
0.791136,-0.484949,0.781524,-0.002297,0.001180,0.777987,0.628275,-0.359161,0.168780,0.081769,0.774268,-0.241153,-0.094345,-0.140229,-0.125658,-0.224184,0.354669,-0.280482,0.060431,0.034900,0.048713,0.095281,0.197583,0.129696,-0.051916,0.695414,0.914905,0.071246,0.037293,0.034338,-0.148147,0.160455,0.925797,-1.056235,0.235160,0.004171
0.798692,-0.474346,0.782512,-0.004320,0.002399,0.781832,0.623469,-0.360730,0.134353,0.162075,0.677106,-0.260617,-0.069815,-0.118825,-0.111968,-0.241600,0.336313,-0.289222,0.047885,0.035055,0.051702,0.090399,0.193230,0.118116,-0.055726,0.697578,0.917152,0.066561,0.031153,0.032299,-0.153328,0.160806,0.921335,-1.051265,0.239445,0.000335
0.805562,-0.463359,0.782837,-0.006496,0.003657,0.785082,0.619347,-0.356949,0.079259,0.203800,0.560080,-0.260164,-0.049921,-0.099202,-0.098026,-0.256414,0.320912,-0.300028,0.035872,0.037659,0.053880,0.084871,0.185832,0.115648,-0.070862,0.704371,0.929743,0.061707,0.021651,0.029041,-0.156874,0.159064,0.918006,-1.044628,0.243472,-0.001328
0.811762,-0.451920,0.782377,-0.008891,0.003754,0.787479,0.616266,-0.350947,0.016071,0.209055,0.439195,-0.242416,-0.042983,-0.082076,-0.082322,-0.268108,0.312751,-0.314736,0.024293,0.041387,0.055044,0.079231,0.178068,0.119613,-0.089197,0.713320,0.946701,0.058535,0.011535,0.024229,-0.158381,0.158590,0.916108,-1.038850,0.245899,-0.001362
0.817385,-0.439947,0.781577,-0.010447,0.003901,0.788374,0.615095,-0.340843,-0.043690,0.187177,0.324696,-0.205085,-0.040441,-0.063907,-0.066473,-0.274846,0.303709,-0.328872,0.013097,0.045594,0.054800,0.073847,0.172620,0.122819,-0.102273,0.722786,0.958550,0.058693,0.003990,0.017048,-0.159442,0.161219,0.915377,-1.035920,0.247116,-0.000142
0.822330,-0.427313,0.780390,-0.011108,0.003143,0.787271,0.616499,-0.328507,-0.087344,0.154012,0.235115,-0.162723,-0.031136,-0.043619,-0.049288,-0.274969,0.295061,-0.343012,0.002600,0.049916,0.052961,0.069486,0.172414,0.123840,-0.105865,0.731453,0.961501,0.062072,0.002108,0.007485,-0.158761,0.167209,0.915724,-1.035748,0.247561,0.001358
0.826538,-0.413890,0.778679,-0.010797,0.000960,0.784053,0.620599,-0.313754,-0.111912,0.124763,0.176825,-0.128377,-0.022947,-0.020600,-0.030446,-0.267488,0.288696,-0.358187,-0.008078,0.053876,0.049556,0.066295,0.178890,0.123428,-0.100203,0.738988,0.956625,0.066601,0.009923,-0.003757,-0.154548,0.175265,0.916420,-1.037366,0.248223,0.002573
0.830036,-0.399723,0.776337,-0.008442,-0.001135,0.778477,0.627615,-0.295467,-0.124499,0.087890,0.154865,-0.091837,-0.016443,0.005284,-0.014109,-0.251654,0.284267,-0.374310,-0.018652,0.058294,0.043676,0.063885,0.191875,0.119980,-0.087676,0.744856,0.947508,0.070871,0.035297,-0.017204,-0.144275,0.183873,0.915992,-1.039063,0.252499,0.003239
0.832588,-0.385602,0.775722,-0.003678,-0.002119,0.771765,0.635894,-0.270046,-0.128044,0.067624,0.152168,-0.046008,0.017498,0.031598,-0.004779,-0.231446,0.285088,-0.392224,-0.027132,0.061511,0.034669,0.061484,0.205180,0.113731,-0.072989,0.754998,0.939147,0.075269,0.089944,-0.027047,-0.134484,0.188672,0.910291,-1.036709,0.254053,0.002021
0.834545,-0.371259,0.775603,0.003117,-0.002215,0.764789,0.644270,-0.244346,-0.127882,0.070831,0.160213,-0.032633,0.064582,0.051022,-0.004569,-0.211573,0.305490,-0.406833,-0.030191,0.063089,0.022178,0.059713,0.206430,0.101555,-0.063344,0.773730,0.940553,0.093164,0.172869,-0.037989,-0.125296,0.190811,0.904615,-1.026258,0.251665,-0.003249
0.836062,-0.357246,0.775669,0.011283,-0.000871,0.757729,0.652472,-0.219083,-0.127875,0.087785,0.173827,-0.049314,0.074628,0.055582,-0.014331,-0.193447,0.355967,-0.420344,-0.026862,0.063895,0.006633,0.059025,0.210073,0.092602,-0.055912,0.800101,0.949510,0.115786,0.268840,-0.040997,-0.117170,0.192958,0.892569,-1.013218,0.245794,-0.012164
0.837324,-0.343615,0.777327,0.019722,0.001048,0.750351,0.660745,-0.193911,-0.128932,0.106456,0.187545,-0.074145,0.078161,0.037712,-0.030659,-0.178373,0.448107,-0.420535,-0.019791,0.065123,-0.009891,0.059703,0.212054,0.081064,-0.044568,0.832478,0.953761,0.145722,0.343833,-0.037109,-0.111400,0.200191,0.876287,-1.001698,0.236516,-0.019475
0.838605,-0.330731,0.777919,0.027403,0.002424,0.742878,0.668862,-0.168622,-0.129448,0.124363,0.198510,-0.099429,0.080862,-0.000976,-0.050020,-0.165028,0.573166,-0.393537,-0.008480,0.066638,-0.024894,0.061371,0.210946,0.065835,-0.025716,0.864319,0.941195,0.175042,0.371315,-0.029299,-0.110074,0.215772,0.857322,-0.993044,0.222958,-0.019854
0.840067,-0.318516,0.776152,0.034284,0.003323,0.735999,0.676106,-0.144658,-0.129095,0.140345,0.211580,-0.122604,0.082183,-0.053390,-0.073133,-0.155514,0.717960,-0.347544,0.025206,0.067925,-0.037286,0.063803,0.205085,0.051780,-0.009487,0.890271,0.918042,0.196327,0.345009,-0.021139,-0.115938,0.238914,0.835989,-0.986475,0.205212,-0.011774
0.842007,-0.307171,0.775528,0.040589,0.004587,0.731169,0.680973,-0.126369,-0.130907,0.151634,0.225589,-0.146756,0.080299,-0.111766,-0.099735,-0.148461,0.864769,-0.311498,0.080815,0.068221,-0.047843,0.066530,0.192434,0.046270,-0.013917,0.909457,0.905129,0.204822,0.278935,-0.014112,-0.129047,0.264111,0.812381,-0.980815,0.186634,0.000494
0.844451,-0.296494,0.774273,0.046142,0.006447,0.729519,0.682372,-0.111172,-0.135330,0.155026,0.237508,-0.168473,0.076487,-0.168151,-0.127600,-0.145097,0.994536,-0.290051,0.116486,0.067212,-0.057605,0.068744,0.172410,0.053241,-0.046397,0.922224,0.916247,0.194494,0.199634,-0.007084,-0.144394,0.282797,0.788890,-0.974356,0.173889,0.008317
0.847506,-0.286226,0.773012,0.051058,0.008972,0.730861,0.680555,-0.098395,-0.141703,0.150415,0.248583,-0.188150,0.070834,-0.219030,-0.162945,-0.148031,1.092569,-0.296222,0.135217,0.065104,-0.066672,0.069930,0.146969,0.069102,-0.095145,0.927480,0.945440,0.166560,0.131956,0.001677,-0.155622,0.288407,0.771313,-0.965390,0.173837,0.006030
0.851101,-0.276134,0.772150,0.054490,0.010790,0.735199,0.675572,-0.085079,-0.147026,0.136797,0.255946,-0.205243,0.062472,-0.264900,-0.194656,-0.146432,1.157343,-0.302501,0.122411,0.061484,-0.074567,0.069973,0.120578,0.089514,-0.140248,0.923396,0.975370,0.133575,0.084545,0.016965,-0.156365,0.278950,0.762111,-0.956684,0.187629,-0.002474
0.855310,-0.266211,0.771534,0.056947,0.012394,0.741757,0.668132,-0.074156,-0.151323,0.116427,0.265424,-0.222040,0.052916,-0.306181,-0.214675,-0.130039,1.184213,-0.304917,0.119094,0.056881,-0.080587,0.069418,0.092346,0.101329,-0.169021,0.911070,0.994316,0.114023,0.054533,0.024238,-0.150348,0.265202,0.774323,-0.940306,0.211085,-0.010164
0.860155,-0.256384,0.771073,0.058682,0.014031,0.750020,0.658658,-0.066182,-0.154880,0.090764,0.278017,-0.238846,0.043947,-0.340694,-0.231117,-0.107250,1.175651,-0.310981,0.111644,0.052255,-0.084798,0.068608,0.067312,0.106538,-0.179103,0.889761,0.995992,0.103818,0.042392,0.032201,-0.141532,0.246025,0.794572,-0.917854,0.232287,-0.019044
0.865639,-0.246552,0.770917,0.059360,0.015222,0.759995,0.647034,-0.058463,-0.156816,0.059191,0.288330,-0.253297,0.035204,-0.366409,-0.241370,-0.078242,1.137585,-0.316186,0.098468,0.047503,-0.087463,0.067662,0.050951,0.108627,-0.174663,0.863723,0.983719,0.089831,0.053725,0.041384,-0.126061,0.227083,0.819279,-0.889103,0.249550,-0.045644
0.871852,-0.236725,0.771035,0.059099,0.016175,0.771528,0.633238,-0.051316,-0.157095,0.021962,0.295870,-0.264959,0.025821,-0.383245,-0.242039,-0.035591,1.073821,-0.320815,0.096973,0.042079,-0.088798,0.066670,0.029010,0.105201,-0.168235,0.841186,0.961537,0.076356,0.076900,0.051170,-0.127276,0.205166,0.829887,-0.864545,0.259017,-0.067666
0.878824,-0.226926,0.771287,0.057951,0.017450,0.784480,0.617194,-0.046630,-0.156351,-0.020398,0.302261,-0.274492,0.015181,-0.388727,-0.230904,0.027295,0.986403,-0.335067,0.094955,0.035689,-0.089400,0.065241,0.009918,0.099648,-0.168449,0.819498,0.938785,0.063333,0.103509,0.059140,-0.132314,0.195244,0.839085,-0.858160,0.274640,-0.081723
0.886462,-0.217083,0.771667,0.055589,0.019016,0.798899,0.598589,-0.044044,-0.154417,-0.068432,0.305788,-0.281493,0.002789,-0.379604,-0.198119,0.128649,0.880889,-0.349353,0.115133,0.028117,-0.089507,0.062701,-0.007723,0.096220,-0.179308,0.802418,0.920956,0.051509,0.125071,0.066802,-0.139584,0.197573,0.847499,-0.867335,0.293167,-0.075281
0.894721,-0.207060,0.772057,0.052241,0.021195,0.814639,0.577222,-0.043930,-0.151933,-0.121948,0.307766,-0.287463,-0.012208,-0.350645,-0.144763,0.282047,0.766488,-0.369903,0.175925,0.019686,-0.089165,0.058798,-0.025312,0.095813,-0.200522,0.792212,0.909696,0.041655,0.136720,0.076863,-0.146242,0.202030,0.852803,-0.878161,0.304431,-0.053067
0.903409,-0.196866,0.772510,0.048130,0.023709,0.831227,0.553337,-0.044613,-0.148785,-0.180151,0.306034,-0.292075,-0.029598,-0.301701,-0.086565,0.465477,0.658898,-0.382683,0.234448,0.011781,-0.088660,0.054159,-0.043596,0.097845,-0.228720,0.789592,0.903490,0.034874,0.137089,0.091172,-0.149906,0.200819,0.853716,-0.881404,0.304831,-0.030070
0.912384,-0.186788,0.773141,0.043557,0.026147,0.847639,0.528136,-0.045537,-0.144406,-0.240465,0.299424,-0.293504,-0.047818,-0.240347,-0.038342,0.620894,0.570907,-0.377379,0.250609,0.007396,-0.088232,0.050132,-0.062069,0.100935,-0.259716,0.793687,0.899837,0.031669,0.127918,0.108638,-0.150161,0.196586,0.852127,-0.880099,0.299298,-0.015671
0.921722,-0.177229,0.773778,0.039765,0.028604,0.862845,0.503089,-0.048169,-0.140508,-0.299707,0.292507,-0.291446,-0.065468,-0.195652,-0.025496,0.672580,0.505296,-0.357531,0.250658,0.009282,-0.088696,0.049008,-0.079233,0.103939,-0.289200,0.802032,0.896494,0.031544,0.114045,0.125732,-0.148236,0.196925,0.850754,-0.881938,0.293533,-0.009886
0.931562,-0.168310,0.774213,0.036665,0.030521,0.877310,0.477547,-0.053359,-0.136476,-0.357251,0.287048,-0.285460,-0.082520,-0.178385,-0.050340,0.625364,0.461715,-0.347245,0.235065,0.014829,-0.090632,0.051335,-0.093687,0.107555,-0.311711,0.812103,0.890541,0.035264,0.101574,0.137933,-0.143491,0.207472,0.852313,-0.891051,0.289516,-0.008642
0.941984,-0.159699,0.775907,0.033160,0.031774,0.891218,0.451243,-0.065648,-0.131571,-0.412087,0.291259,-0.280355,-0.100389,-0.162262,-0.063011,0.557366,0.432396,-0.349025,0.202474,0.020467,-0.091770,0.055241,-0.103910,0.110638,-0.322031,0.823698,0.879464,0.046367,0.095571,0.142769,-0.138191,0.229346,0.858849,-0.907740,0.286652,-0.008382
0.953036,-0.151740,0.779729,0.028083,0.030055,0.904130,0.425274,-0.084429,-0.122466,-0.466494,0.301207,-0.276561,-0.118870,-0.150081,-0.062350,0.492762,0.408481,-0.335705,0.175620,0.025712,-0.089269,0.060492,-0.108203,0.113065,-0.318148,0.836135,0.865129,0.068507,0.097924,0.139924,-0.132486,0.260068,0.869605,-0.928425,0.283054,-0.005683
0.964178,-0.144169,0.781476,0.022575,0.027142,0.916155,0.399267,-0.111466,-0.113218,-0.508077,0.324721,-0.269709,-0.135829,-0.141794,-0.056664,0.430349,0.388464,-0.323954,0.155047,0.029599,-0.082627,0.066969,-0.103921,0.110784,-0.301514,0.846193,0.849318,0.098083,0.108834,0.132839,-0.132124,0.293049,0.878560,-0.947405,0.277316,0.003339
0.974885,-0.136989,0.782764,0.017181,0.023360,0.927913,0.371667,-0.146010,-0.099085,-0.516659,0.351815,-0.259766,-0.148050,-0.135407,-0.050300,0.365517,0.372104,-0.317658,0.139867,0.030409,-0.072956,0.074090,-0.090517,0.103015,-0.275612,0.850111,0.830087,0.125283,0.125426,0.124830,-0.139835,0.322141,0.878330,-0.958580,0.267062,0.017808
0.985830,-0.129851,0.785792,0.012024,0.018330,0.939550,0.341709,-0.182743,-0.071705,-0.469361,0.372400,-0.250840,-0.156329,-0.130058,-0.042749,0.296931,0.359558,-0.315248,0.127810,0.026846,-0.061422,0.080862,-0.071273,0.093797,-0.247980,0.848536,0.806725,0.141841,0.143285,0.116707,-0.155012,0.344252,0.866971,-0.959732,0.252717,0.028229
0.996057,-0.122852,0.784325,0.006874,0.013105,0.950301,0.310980,-0.216495,-0.031875,-0.381583,0.378659,-0.241475,-0.144481,-0.122878,-0.035653,0.228297,0.344022,-0.309387,0.115802,0.020479,-0.049280,0.085767,-0.050987,0.088609,-0.230540,0.847485,0.788265,0.148567,0.159598,0.108138,-0.174550,0.357435,0.849577,-0.952640,0.240660,0.023844
1.005542,-0.116209,0.784128,0.001970,0.009126,0.959823,0.280451,-0.248371,0.012167,-0.275331,0.381801,-0.230646,-0.089730,-0.115300,-0.030766,0.162297,0.322248,-0.300624,0.102326,0.013208,-0.037800,0.088476,-0.032489,0.090071,-0.230464,0.853017,0.786900,0.152961,0.174357,0.100746,-0.193823,0.358239,0.833930,-0.939633,0.240127,0.003253
1.013769,-0.110027,0.784076,-0.002300,0.006608,0.967789,0.251667,-0.270301,0.049064,-0.209914,0.376153,-0.231979,-0.025739,-0.110010,-0.028822,0.101554,0.304979,-0.294695,0.090838,0.008515,-0.028659,0.089422,-0.015626,0.097444,-0.241928,0.867087,0.802523,0.160903,0.186744,0.097651,-0.207333,0.343424,0.825390,-0.920877,0.255541,-0.024498
1.020591,-0.104552,0.783650,-0.005052,0.003987,0.974783,0.223061,-0.288441,0.087908,-0.146230,0.373406,-0.249134,-0.025104,-0.108050,-0.028505,0.043258,0.301369,-0.295452,0.078730,0.004146,-0.021460,0.090532,0.000743,0.107546,-0.250355,0.887950,0.820476,0.172405,0.193329,0.099478,-0.211962,0.314012,0.824185,-0.895907,0.282488,-0.049330
1.026085,-0.099834,0.782898,-0.006096,0.000866,0.980858,0.194627,-0.304441,0.131762,-0.051365,0.384188,-0.257619,-0.089314,-0.108499,-0.029742,-0.013137,0.310703,-0.302821,0.067189,-0.001023,-0.015306,0.092360,0.016732,0.117504,-0.245945,0.911825,0.827913,0.184989,0.190409,0.103268,-0.209091,0.277135,0.827939,-0.867120,0.311543,-0.067702
1.030487,-0.095679,0.782527,-0.005995,-0.000204,0.985705,0.168374,-0.315257,0.168978,0.047495,0.410012,-0.257165,-0.120178,-0.106376,-0.035372,-0.063837,0.317034,-0.308425,0.056020,-0.004699,-0.010877,0.093894,0.033765,0.124607,-0.229588,0.930864,0.826025,0.197967,0.178398,0.101743,-0.202246,0.245252,0.837841,-0.842305,0.336481,-0.081387
1.033772,-0.092217,0.782583,-0.005331,0.000197,0.989479,0.144578,-0.316537,0.198020,0.137427,0.436579,-0.254941,-0.102669,-0.101511,-0.044041,-0.108532,0.319315,-0.311714,0.046014,-0.006157,-0.008232,0.094241,0.043935,0.131831,-0.209210,0.953375,0.819137,0.208172,0.165023,0.104589,-0.205443,0.227943,0.845183,-0.828726,0.346295,-0.087684
1.035891,-0.089485,0.782913,-0.004411,0.001213,0.992348,0.123385,-0.304987,0.214512,0.208312,0.446863,-0.243597,-0.067904,-0.094256,-0.053825,-0.147555,0.318800,-0.313744,0.037587,-0.005098,-0.006806,0.093016,0.056172,0.139327,-0.189535,0.969533,0.815183,0.215457,0.155723,0.104092,-0.211176,0.231464,0.855034,-0.831037,0.348585,-0.085808
1.036865,-0.087444,0.783349,-0.003306,0.002506,0.994445,0.105179,-0.282692,0.212494,0.243898,0.435268,-0.231379,-0.058902,-0.084736,-0.063528,-0.180843,0.315827,-0.314942,0.030871,-0.001705,-0.006374,0.090374,0.072075,0.146839,-0.170994,0.977413,0.814308,0.218298,0.152592,0.102158,-0.218600,0.249532,0.864073,-0.843279,0.343899,-0.076422
1.036786,-0.086136,0.783564,-0.002141,0.003103,0.995959,0.089732,-0.250908,0.197789,0.250056,0.404469,-0.228980,-0.072405,-0.074015,-0.071504,-0.209348,0.312574,-0.316522,0.025979,0.002406,-0.006223,0.086381,0.094800,0.154469,-0.151497,0.974626,0.812853,0.216165,0.155365,0.099055,-0.228544,0.270252,0.872665,-0.856869,0.328040,-0.062459
1.035860,-0.085510,0.783341,-0.000992,0.003871,0.997050,0.076646,-0.213206,0.179062,0.248582,0.357114,-0.227194,-0.086398,-0.060085,-0.078755,-0.233782,0.303395,-0.315820,0.022901,0.005774,-0.006139,0.081034,0.118439,0.156572,-0.128452,0.967680,0.807246,0.211335,0.161810,0.092781,-0.234289,0.290330,0.878233,-0.868648,0.312789,-0.047915
1.033963,-0.085657,0.784474,0.000114,0.005912,0.997822,0.065692,-0.181535,0.157871,0.241888,0.297554,-0.205738,-0.079873,-0.042990,-0.087511,-0.254244,0.287656,-0.311854,0.022112,0.008802,-0.006974,0.074942,0.138002,0.149296,-0.104392,0.958997,0.798031,0.209802,0.168739,0.083763,-0.235593,0.301003,0.883674,-0.880893,0.301384,-0.037191
1.031918,-0.086637,0.785599,0.000625,0.008394,0.998412,0.055710,-0.155563,0.135726,0.229941,0.240827,-0.172683,-0.072309,-0.029251,-0.098299,-0.272309,0.276080,-0.309354,0.023642,0.011841,-0.009298,0.068691,0.155070,0.141216,-0.082766,0.952446,0.791056,0.207317,0.177276,0.073264,-0.231632,0.301037,0.887308,-0.888297,0.299527,-0.033026
1.029779,-0.088429,0.786351,0.000421,0.011121,0.998879,0.046007,-0.140123,0.116471,0.219154,0.203421,-0.148045,-0.074945,-0.020821,-0.111519,-0.289047,0.272094,-0.309734,0.027108,0.014921,-0.012946,0.062964,0.166473,0.133580,-0.067483,0.948283,0.792337,0.206513,0.189774,0.063979,-0.219412,0.288123,0.887009,-0.888803,0.306919,-0.036279
1.027561,-0.090896,0.786797,-0.000285,0.013903,0.999205,0.037362,-0.133031,0.099531,0.209401,0.183552,-0.134547,-0.079937,-0.016035,-0.125924,-0.303540,0.272502,-0.311473,0.031911,0.018496,-0.017104,0.057958,0.172963,0.125761,-0.055293,0.943978,0.799437,0.206946,0.209798,0.056330,-0.200211,0.266685,0.880943,-0.882791,0.315632,-0.043494
1.025192,-0.093920,0.787095,-0.001053,0.016415,0.999390,0.030816,-0.130248,0.084448,0.201060,0.175056,-0.128556,-0.080181,-0.011804,-0.139573,-0.314496,0.272295,-0.312338,0.037513,0.022825,-0.020958,0.053675,0.176691,0.115998,-0.040610,0.937050,0.805186,0.206301,0.237561,0.048314,-0.179112,0.248253,0.870710,-0.875312,0.316398,-0.049843
1.022544,-0.097407,0.787330,-0.001503,0.018442,0.999476,0.026569,-0.128090,0.071348,0.195717,0.172646,-0.127944,-0.075742,-0.005828,-0.151448,-0.321761,0.268912,-0.311534,0.043816,0.027615,-0.024182,0.050015,0.178958,0.103336,-0.022627,0.927588,0.806308,0.203909,0.269090,0.037305,-0.161885,0.245164,0.860925,-0.874514,0.306544,-0.051690
1.019565,-0.101280,0.787515,-0.001468,0.020013,0.999510,0.024002,-0.124385,0.059623,0.193095,0.171870,-0.130237,-0.068491,0.002704,-0.161827,-0.326513,0.262460,-0.309722,0.051029,0.032306,-0.026955,0.046846,0.178343,0.087271,-0.006332,0.917803,0.806129,0.202291,0.298680,0.018991,-0.151481,0.264594,0.857396,-0.882533,0.292017,-0.048836
1.016332,-0.105459,0.787616,-0.001104,0.021367,0.999521,0.022382,-0.118833,0.048333,0.192153,0.170187,-0.133405,-0.060023,0.012693,-0.171765,-0.330064,0.254979,-0.308241,0.059449,0.036306,-0.029603,0.044110,0.176338,0.071825,0.003340,0.909413,0.807491,0.198094,0.320048,0.001483,-0.147471,0.295194,0.854004,-0.900285,0.275649,-0.042677
1.012978,-0.109891,0.787597,-0.000595,0.022560,0.999520,0.021224,-0.112447,0.037303,0.192109,0.168062,-0.137211,-0.051896,0.021715,-0.182120,-0.332940,0.250321,-0.307591,0.068639,0.039360,-0.032337,0.041899,0.171421,0.059182,0.003160,0.903686,0.812219,0.190485,0.327471,-0.013420,-0.145212,0.324117,0.847257,-0.918054,0.260511,-0.035097
1.009602,-0.114525,0.787420,0.000098,0.023642,0.999513,0.020358,-0.105918,0.026571,0.192613,0.166811,-0.142244,-0.044830,0.027918,-0.193498,-0.334729,0.251945,-0.308022,0.078041,0.041520,-0.035196,0.040438,0.162579,0.051168,-0.007132,0.900653,0.819898,0.180102,0.315632,-0.023801,-0.141722,0.342545,0.835182,-0.926632,0.246426,-0.028679
1.006249,-0.119325,0.787012,0.001115,0.024745,0.999499,0.019677,-0.099442,0.015878,0.193460,0.167346,-0.148846,-0.038348,0.030452,-0.206559,-0.335185,0.262080,-0.310352,0.087408,0.042954,-0.038232,0.040043,0.149954,0.048007,-0.025952,0.899008,0.829127,0.168186,0.281760,-0.029128,-0.137112,0.350017,0.818562,-0.924208,0.233028,-0.026084
1.002976,-0.124218,0.786167,0.002557,0.026429,0.999464,0.019137,-0.094178,0.004413,0.194777,0.172203,-0.157830,-0.032178,0.028374,-0.222766,-0.333872,0.283169,-0.318286,0.096905,0.043628,-0.041703,0.041031,0.134866,0.048600,-0.050630,0.896519,0.839081,0.154761,0.228059,-0.030610,-0.133840,0.351928,0.800401,-0.915938,0.221094,-0.028512
0.999842,-0.129169,0.784613,0.004532,0.028888,0.999398,0.018656,-0.089834,-0.008303,0.196584,0.181256,-0.168844,-0.026151,0.020340,-0.243020,-0.329815,0.318010,-0.330622,0.108157,0.043316,-0.045931,0.043540,0.119686,0.052325,-0.077617,0.890410,0.850650,0.138747,0.163620,-0.029881,-0.133559,0.353900,0.784073,-0.908357,0.211582,-0.033557
0.996854,-0.134129,0.781478,0.007246,0.032141,0.999289,0.018320,-0.084991,-0.022291,0.199080,0.194942,-0.180435,-0.020222,0.004954,-0.267440,-0.321009,0.369286,-0.345309,0.120054,0.041782,-0.051275,0.047825,0.108510,0.059068,-0.100844,0.877124,0.862372,0.118943,0.105140,-0.025038,-0.136367,0.355927,0.768901,-0.908953,0.203735,-0.035102
0.994348,-0.138819,0.779208,0.010693,0.036216,0.999118,0.018390,-0.082170,-0.036907,0.202729,0.211841,-0.195571,-0.014565,-0.019801,-0.294103,-0.304061,0.438564,-0.360096,0.125313,0.038991,-0.058057,0.054212,0.100036,0.063029,-0.114305,0.856827,0.870648,0.102109,0.067951,-0.023441,-0.141687,0.361614,0.759909,-0.914458,0.199348,-0.029787
0.991930,-0.143166,0.777768,0.014431,0.040666,0.998884,0.019197,-0.080067,-0.050967,0.207820,0.231309,-0.211719,-0.009453,-0.055991,-0.321104,-0.277663,0.525443,-0.363354,0.127132,0.035302,-0.066186,0.062470,0.093687,0.063946,-0.116816,0.832262,0.871058,0.091298,0.057018,-0.023730,-0.148690,0.368412,0.755300,-0.923041,0.197837,-0.020145
0.989751,-0.147007,0.776326,0.017993,0.045031,0.998609,0.020704,-0.077498,-0.063692,0.213932,0.249025,-0.227024,-0.005153,-0.101815,-0.343096,-0.241056,0.620244,-0.350133,0.118168,0.031045,-0.075219,0.071466,0.088091,0.064152,-0.114159,0.808864,0.865964,0.087036,0.068410,-0.023685,-0.154631,0.372359,0.753588,-0.931763,0.199955,-0.011498
0.987577,-0.150325,0.775157,0.021138,0.048456,0.998336,0.023040,-0.071416,-0.074255,0.220480,0.258326,-0.238465,-0.001534,-0.149763,-0.360531,-0.212978,0.711710,-0.323919,0.082167,0.027353,-0.084350,0.079572,0.082273,0.067687,-0.113493,0.792472,0.862100,0.087674,0.092530,-0.021197,-0.157189,0.370848,0.755299,-0.937396,0.205965,-0.007058
0.985066,-0.153238,0.774482,0.023780,0.051029,0.998091,0.025406,-0.062388,-0.083238,0.226049,0.259693,-0.245607,0.001559,-0.193111,-0.372724,-0.197086,0.790333,-0.311976,0.032480,0.023857,-0.092963,0.085941,0.074161,0.074415,-0.117569,0.787695,0.862474,0.092708,0.116423,-0.019618,-0.157280,0.366863,0.764342,-0.935285,0.216415,-0.007053
0.982525,-0.155563,0.773441,0.025922,0.052966,0.997914,0.026256,-0.054031,-0.091071,0.228408,0.259019,-0.250831,0.004450,-0.232431,-0.357222,-0.166397,0.848072,-0.328738,0.007054,0.019110,-0.100506,0.090767,0.065645,0.084521,-0.125445,0.794583,0.864041,0.098188,0.130162,-0.011410,-0.157778,0.358050,0.774207,-0.930952,0.227292,-0.009850
0.979918,-0.157314,0.772583,0.027020,0.053978,0.997840,0.025913,-0.049594,-0.096311,0.228280,0.261285,-0.256332,0.007071,-0.264044,-0.315032,-0.122605,0.876798,-0.359140,0.018590,0.014330,-0.106374,0.093710,0.059695,0.100057,-0.134165,0.815264,0.865749,0.094778,0.134466,0.003762,-0.160571,0.347510,0.781586,-0.925907,0.237305,-0.012940
0.977113,-0.158586,0.772042,0.027042,0.054058,0.997853,0.025196,-0.048558,-0.098680,0.227032,0.266734,-0.263146,0.009684,-0.285335,-0.260748,-0.083777,0.873306,-0.392692,0.039928,0.010740,-0.110579,0.094646,0.042768,0.114156,-0.145412,0.845591,0.871654,0.097036,0.125364,0.020459,-0.159357,0.340515,0.791409,-0.922420,0.250699,-0.016461
0.974009,-0.159512,0.771912,0.026296,0.052988,0.997945,0.024642,-0.047552,-0.098239,0.225376,0.270808,-0.269926,0.012148,-0.294596,-0.200972,-0.049883,0.839005,-0.425147,0.054893,0.008274,-0.113075,0.093845,0.028312,0.128683,-0.155088,0.874908,0.881740,0.102718,0.110917,0.036178,-0.161051,0.335539,0.802922,-0.920961,0.261132,-0.014665
0.970634,-0.160218,0.772213,0.025141,0.051026,0.998069,0.024968,-0.043892,-0.095836,0.224450,0.269542,-0.274650,0.013926,-0.296113,-0.146312,-0.024272,0.781335,-0.446629,0.075360,0.007058,-0.113952,0.092004,0.018752,0.139862,-0.154544,0.898340,0.889534,0.113106,0.098404,0.051064,-0.163684,0.335204,0.815737,-0.923470,0.269127,-0.009487
0.967091,-0.160762,0.772788,0.023695,0.049534,0.998152,0.026025,-0.037717,-0.094406,0.224700,0.262789,-0.276687,0.015474,-0.290325,-0.099735,-0.008259,0.705590,-0.452370,0.068555,0.006831,-0.114088,0.089509,0.012329,0.141799,-0.138671,0.915492,0.888105,0.128396,0.095797,0.068486,-0.167578,0.338615,0.824263,-0.931792,0.275417,-0.001397
0.963472,-0.161207,0.773733,0.022241,0.047480,0.998261,0.026954,-0.027591,-0.092837,0.224383,0.247913,-0.274319,0.016973,-0.282954,-0.058089,0.009080,0.636785,-0.417361,0.015666,0.006932,-0.113369,0.086860,0.013588,0.141082,-0.110378,0.922375,0.875902,0.140870,0.105382,0.082090,-0.170274,0.343928,0.834607,-0.940289,0.279145,0.008756
0.959925,-0.161435,0.774633,0.020870,0.045194,0.998361,0.028247,-0.016398,-0.090710,0.224515,0.230577,-0.269744,0.018173,-0.275421,-0.037469,0.010260,0.603073,-0.358111,-0.061436,0.007942,-0.111552,0.084397,0.019158,0.138795,-0.080004,0.923671,0.859440,0.149103,0.123252,0.093304,-0.171247,0.347411,0.845746,-0.945589,0.281375,0.019778
0.956452,-0.161048,0.775398,0.019932,0.045138,0.998357,0.029117,-0.010062,-0.090888,0.225152,0.224750,-0.270763,0.019035,-0.265395,-0.035043,0.010404,0.588628,-0.347996,-0.068793,0.008792,-0.108774,0.082372,0.026585,0.133924,-0.057574,0.924840,0.847243,0.154629,0.142014,0.102826,-0.174161,0.346928,0.856724,-0.947641,0.283895,0.030345
0.952905,-0.160517,0.776371,0.018830,0.043547,0.998457,0.028869,-0.004048,-0.088172,0.223492,0.218874,-0.272356,0.019555,-0.252293,-0.032475,0.010698,0.570334,-0.343691,-0.054041,0.009470,-0.104364,0.080051,0.033654,0.130036,-0.046412,0.928611,0.844827,0.161068,0.156313,0.110507,-0.174935,0.344521,0.866737,-0.948614,0.286761,0.038549
0.949422,-0.159580,0.777854,0.017240,0.039628,0.998675,0.027927,0.001199,-0.080188,0.219913,0.212374,-0.272700,0.019125,-0.233698,-0.027956,0.002011,0.539209,-0.329085,-0.047528,0.010240,-0.097570,0.076979,0.039930,0.126760,-0.043336,0.934887,0.850022,0.166988,0.168128,0.116449,-0.172879,0.341432,0.874406,-0.950709,0.289961,0.043251
0.946132,-0.158162,0.779649,0.015341,0.034062,0.998939,0.026922,0.003437,-0.067170,0.215888,0.210501,-0.273103,0.017347,-0.210700,-0.019307,-0.011853,0.496942,-0.309743,-0.046101,0.010532,-0.088725,0.073494,0.046476,0.123073,-0.043712,0.941421,0.858496,0.167220,0.185336,0.120724,-0.168385,0.336571,0.878023,-0.952604,0.292674,0.044301
0.943114,-0.156473,0.781448,0.013518,0.028108,0.999175,0.026003,0.001088,-0.051516,0.212339,0.217625,-0.274519,0.014606,-0.185389,-0.006426,-0.021608,0.448849,-0.289166,-0.049218,0.009602,-0.078846,0.070316,0.054333,0.119020,-0.046432,0.945247,0.869365,0.158974,0.214251,0.122723,-0.162312,0.329146,0.877225,-0.952317,0.294120,0.042195
0.940416,-0.154823,0.783052,0.011988,0.022544,0.999364,0.024904,-0.006430,-0.035638,0.209127,0.235034,-0.276699,0.012040,-0.159871,0.006902,-0.028347,0.400584,-0.270519,-0.052296,0.007750,-0.068781,0.068052,0.062904,0.115094,-0.052734,0.944663,0.883298,0.145397,0.252094,0.121610,-0.155631,0.320185,0.873091,-0.950110,0.294154,0.037852
0.938107,-0.153482,0.784457,0.010848,0.017567,0.999519,0.023154,-0.018675,-0.020990,0.205589,0.261730,-0.281822,0.011230,-0.137464,0.018046,-0.034699,0.359490,-0.256203,-0.054223,0.005699,-0.058788,0.067060,0.070513,0.111457,-0.061757,0.939900,0.897509,0.130916,0.287943,0.117300,-0.149071,0.310901,0.867242,-0.947496,0.293486,0.032160
0.936305,-0.152456,0.786580,0.010278,0.013655,0.999640,0.020705,-0.037753,-0.008402,0.202174,0.300605,-0.291567,0.011070,-0.121366,0.025717,-0.041121,0.332282,-0.248771,-0.055084,0.004126,-0.048969,0.067714,0.078488,0.110983,-0.070217,0.927976,0.906390,0.114761,0.309047,0.106416,-0.142418,0.300948,0.865766,-0.943037,0.291781,0.023610
0.934969,-0.151734,0.786108,0.010331,0.010739,0.999731,0.017771,-0.065018,0.003506,0.198313,0.359047,-0.300648,0.009415,-0.112045,0.030509,-0.047748,0.319810,-0.248932,-0.054689,0.003558,-0.039430,0.070340,0.080911,0.107516,-0.078059,0.916689,0.909809,0.100900,0.319062,0.098684,-0.135927,0.290031,0.858652,-0.937335,0.289005,0.012176
0.933897,-0.151198,0.783911,0.010825,0.008262,0.999807,0.014151,-0.103202,0.015983,0.192768,0.440227,-0.304146,0.003227,-0.107524,0.033346,-0.055071,0.318977,-0.254064,-0.052625,0.003930,-0.030220,0.074939,0.079142,0.104670,-0.085768,0.904619,0.910144,0.089566,0.323555,0.092127,-0.129531,0.280130,0.847725,-0.930034,0.283617,-0.000372
0.933304,-0.150857,0.782953,0.011627,0.006252,0.999869,0.009333,-0.153498,0.029388,0.184458,0.538339,-0.292653,-0.009156,-0.105079,0.034415,-0.064448,0.321779,-0.262766,-0.047793,0.004484,-0.021512,0.080814,0.074309,0.102661,-0.093645,0.891023,0.909466,0.081887,0.328435,0.085101,-0.124698,0.274625,0.835993,-0.923257,0.275660,-0.012248
0.932683,-0.150702,0.782261,0.012785,0.004343,0.999904,0.003071,-0.207753,0.041991,0.171033,0.641385,-0.272585,-0.044502,-0.101341,0.033828,-0.076814,0.324395,-0.272998,-0.039272,0.004245,-0.013525,0.086679,0.068156,0.100848,-0.100305,0.876815,0.908092,0.077361,0.336522,0.076719,-0.122449,0.276039,0.826587,-0.920130,0.267506,-0.021292
0.931545,-0.150974,0.782965,0.014341,0.002414,0.999886,-0.004043,-0.258640,0.054891,0.152200,0.733907,-0.262814,-0.112738,-0.095366,0.032262,-0.090434,0.326222,-0.282115,-0.032706,0.002483,-0.006494,0.091342,0.063266,0.098917,-0.104399,0.862822,0.906248,0.074530,0.348212,0.066346,-0.122673,0.283673,0.821866,-0.921621,0.261929,-0.025613
0.929920,-0.151657,0.782716,0.016010,0.000978,0.999814,-0.010674,-0.298686,0.067244,0.133151,0.803159,-0.260808,-0.176702,-0.088205,0.030139,-0.102360,0.326633,-0.288325,-0.031944,-0.000493,-0.000522,0.094145,0.064759,0.094864,-0.105934,0.844385,0.906359,0.074273,0.361440,0.050748,-0.120944,0.294766,0.824576,-0.926342,0.263790,-0.025454
0.927783,-0.152852,0.782423,0.017338,0.000140,0.999722,-0.015986,-0.324472,0.083411,0.121178,0.836846,-0.266019,-0.212165,-0.082370,0.027253,-0.111040,0.328452,-0.292796,-0.034203,-0.003778,0.004201,0.095078,0.070835,0.089740,-0.107308,0.825712,0.905065,0.076941,0.373371,0.039769,-0.126684,0.298375,0.834057,-0.930151,0.258371,-0.026269
0.925136,-0.154573,0.782429,0.018186,0.000608,0.999641,-0.019650,-0.336472,0.108533,0.122108,0.830028,-0.263806,-0.201671,-0.077372,0.022122,-0.115687,0.330379,-0.296015,-0.035763,-0.006218,0.007456,0.094662,0.074345,0.086485,-0.109028,0.816290,0.899544,0.079966,0.379586,0.033895,-0.132880,0.293370,0.841611,-0.934268,0.253945,-0.027163
0.921938,-0.156855,0.782620,0.018697,0.001876,0.999588,-0.021698,-0.337459,0.133476,0.123495,0.788772,-0.251461,-0.173433,-0.072227,0.015213,-0.117322,0.332667,-0.300133,-0.034447,-0.006831,0.009217,0.093591,0.078920,0.082131,-0.111570,0.810088,0.893091,0.085362,0.375905,0.027151,-0.133928,0.285761,0.848141,-0.936652,0.255681,-0.028086
0.918221,-0.159743,0.782730,0.019079,0.002556,0.999553,-0.022858,-0.327508,0.159489,0.124975,0.718410,-0.239928,-0.150643,-0.067221,0.008633,-0.117558,0.337137,-0.306344,-0.031166,-0.006087,0.010237,0.092129,0.083294,0.080903,-0.115012,0.807068,0.887650,0.091525,0.362797,0.022186,-0.132767,0.279307,0.852840,-0.938210,0.257271,-0.029249
0.914024,-0.163072,0.782908,0.019308,0.003285,0.999538,-0.023230,-0.308265,0.178936,0.119109,0.624382,-0.220685,-0.129593,-0.059315,0.001972,-0.116439,0.337018,-0.311533,-0.026850,-0.004332,0.010978,0.090045,0.089073,0.080477,-0.117701,0.804340,0.885836,0.099220,0.346583,0.016405,-0.129367,0.277793,0.857867,-0.941582,0.258787,-0.030051
0.909450,-0.166820,0.783037,0.019442,0.003467,0.999536,-0.023205,-0.284692,0.191431,0.104122,0.517878,-0.189365,-0.112919,-0.048962,-0.003771,-0.114873,0.332897,-0.316045,-0.021796,-0.002290,0.011653,0.087316,0.092585,0.081494,-0.117754,0.807091,0.885693,0.108031,0.335815,0.014631,-0.130385,0.279454,0.860218,-0.945884,0.255440,-0.029232
0.904619,-0.170961,0.783034,0.019228,0.003169,0.999546,-0.022980,-0.259222,0.199792,0.082879,0.409092,-0.153399,-0.107191,-0.037371,-0.008775,-0.113184,0.325460,-0.319849,-0.016076,-0.000793,0.012385,0.083741,0.095278,0.081790,-0.113693,0.814747,0.885430,0.118082,0.333500,0.015340,-0.133773,0.282833,0.861369,-0.950309,0.250525,-0.027131
0.899611,-0.175581,0.782760,0.018695,0.002117,0.999572,-0.022393,-0.235243,0.204843,0.051826,0.308901,-0.117530,-0.115570,-0.026285,-0.012848,-0.111241,0.318009,-0.324105,-0.009525,0.000239,0.013313,0.079436,0.095400,0.081949,-0.105595,0.829759,0.880812,0.127319,0.335999,0.021008,-0.140908,0.285569,0.860854,-0.953283,0.243780,-0.024736
0.894500,-0.180770,0.782141,0.017890,0.000172,0.999605,-0.021676,-0.213769,0.207236,0.018975,0.227356,-0.082203,-0.136259,-0.016622,-0.016073,-0.109468,0.312419,-0.329300,-0.002133,0.000549,0.014831,0.074660,0.097404,0.081311,-0.094928,0.844886,0.873755,0.135305,0.336460,0.024624,-0.145059,0.287223,0.863623,-0.955678,0.242322,-0.022311
0.889394,-0.186691,0.781076,0.017296,-0.002661,0.999624,-0.021107,-0.204266,0.210972,0.001250,0.191094,-0.046704,-0.178805,-0.008692,-0.019107,-0.108146,0.310780,-0.335816,0.006455,-0.000153,0.017348,0.070432,0.099648,0.081942,-0.084750,0.859466,0.866830,0.142287,0.330800,0.027774,-0.147087,0.285701,0.869487,-0.956938,0.245352,-0.021177
0.884296,-0.193429,0.779347,0.016611,-0.005532,0.999641,-0.020286,-0.196227,0.210832,-0.001879,0.179752,-0.033027,-0.202191,-0.001452,-0.023542,-0.106272,0.309373,-0.341399,0.016451,-0.001218,0.020975,0.066435,0.101420,0.083403,-0.077902,0.873719,0.862000,0.148859,0.315187,0.031045,-0.148155,0.279878,0.877533,-0.956783,0.251612,-0.021489
0.879176,-0.200884,0.779434,0.015860,-0.006779,0.999675,-0.018756,-0.186178,0.205326,0.007376,0.177125,-0.042675,-0.188945,0.008269,-0.031997,-0.102659,0.301431,-0.341738,0.027966,-0.002073,0.024801,0.062493,0.102421,0.083199,-0.074864,0.888024,0.857971,0.155167,0.283880,0.034259,-0.150290,0.270412,0.886902,-0.955518,0.259357,-0.022377
0.873914,-0.209209,0.780081,0.015400,-0.006327,0.999734,-0.015971,-0.173477,0.193174,0.016641,0.174420,-0.054606,-0.166930,0.019642,-0.045037,-0.096309,0.290624,-0.338862,0.041291,-0.002069,0.027291,0.058726,0.102987,0.082234,-0.075384,0.901700,0.854593,0.160004,0.235094,0.036926,-0.153541,0.259739,0.897717,-0.954414,0.267355,-0.022575
0.868598,-0.218122,0.780835,0.015197,-0.004305,0.999798,-0.012424,-0.160096,0.178201,0.031039,0.172046,-0.060415,-0.153508,0.030051,-0.062353,-0.087993,0.282107,-0.335183,0.055770,-0.001786,0.027326,0.055278,0.103345,0.082690,-0.080369,0.913373,0.855210,0.161110,0.175657,0.038651,-0.156727,0.249373,0.909531,-0.954832,0.275929,-0.020733
0.863305,-0.227397,0.781342,0.015251,-0.001366,0.999846,-0.008589,-0.149027,0.161870,0.047161,0.175513,-0.073186,-0.146374,0.036751,-0.082601,-0.078601,0.281491,-0.334100,0.070734,-0.001326,0.024503,0.052422,0.103742,0.086709,-0.089368,0.921170,0.862423,0.156697,0.116826,0.040247,-0.157435,0.238331,0.920080,-0.955908,0.285277,-0.016664
0.858119,-0.236828,0.781602,0.015411,0.002371,0.999867,-0.004867,-0.139161,0.143523,0.062612,0.180892,-0.087952,-0.135773,0.040681,-0.105045,-0.068919,0.286182,-0.335050,0.085699,-0.000580,0.019453,0.050098,0.105713,0.092676,-0.098771,0.920914,0.875198,0.147927,0.068004,0.041509,-0.152475,0.225087,0.928022,-0.955421,0.294706,-0.013564
0.853089,-0.246303,0.781738,0.015590,0.006616,0.999856,-0.001473,-0.128173,0.123206,0.076882,0.182435,-0.101171,-0.124096,0.043866,-0.128973,-0.060283,0.291689,-0.335463,0.100489,0.000587,0.013036,0.048173,0.105591,0.099508,-0.105163,0.916843,0.887962,0.137398,0.036542,0.045790,-0.147020,0.209929,0.927110,-0.951693,0.298294,-0.012044
0.848269,-0.255727,0.781844,0.015813,0.010951,0.999814,0.001558,-0.115724,0.101768,0.089763,0.179331,-0.112270,-0.112746,0.046936,-0.153514,-0.053449,0.296824,-0.334187,0.114930,0.002149,0.005832,0.046620,0.104214,0.104158,-0.107762,0.909236,0.898964,0.131050,0.026310,0.050236,-0.141465,0.199941,0.920582,-0.944730,0.296468,-0.014265
0.843763,-0.264932,0.782098,0.016033,0.015360,0.999745,0.004060,-0.102624,0.079613,0.101048,0.172605,-0.121115,-0.101868,0.048980,-0.178197,-0.047570,0.303137,-0.331358,0.128976,0.003780,-0.002033,0.045431,0.098085,0.107517,-0.105377,0.905319,0.906092,0.128076,0.035182,0.058692,-0.139677,0.195676,0.907556,-0.940424,0.288734,-0.016941
0.839612,-0.273880,0.783379,0.016200,0.019662,0.999659,0.005721,-0.092452,0.057572,0.109944,0.168714,-0.129962,-0.091330,0.049046,-0.202548,-0.042407,0.313848,-0.327027,0.143367,0.005236,-0.010413,0.044737,0.089453,0.107010,-0.097744,0.903880,0.909574,0.128950,0.056450,0.065008,-0.133131,0.199551,0.893821,-0.940375,0.286660,-0.018099
0.836014,-0.282384,0.783505,0.016262,0.023601,0.999569,0.006422,-0.087724,0.036773,0.116201,0.172146,-0.140811,-0.080812,0.045125,-0.225391,-0.038163,0.328976,-0.321853,0.157292,0.006533,-0.018874,0.044659,0.081740,0.104600,-0.086092,0.901686,0.907598,0.130847,0.081156,0.070606,-0.128531,0.203984,0.881738,-0.941318,0.283209,-0.015102
0.832850,-0.290494,0.782801,0.016311,0.027052,0.999479,0.006676,-0.086660,0.017566,0.120986,0.181438,-0.153412,-0.069873,0.037240,-0.246494,-0.033305,0.349870,-0.315833,0.168702,0.007886,-0.026937,0.045314,0.073761,0.100856,-0.073028,0.899379,0.901205,0.132763,0.102524,0.075460,-0.124480,0.206409,0.869884,-0.941707,0.278411,-0.008686
0.829937,-0.298303,0.780571,0.016472,0.029874,0.999390,0.007421,-0.084822,0.000063,0.126057,0.192408,-0.164585,-0.058561,0.024557,-0.265719,-0.026031,0.377909,-0.308000,0.176447,0.009577,-0.034232,0.046905,0.066448,0.097166,-0.061748,0.895870,0.893218,0.133214,0.117945,0.078847,-0.121431,0.207827,0.857482,-0.942159,0.271564,-0.000724
0.827459,-0.305678,0.779752,0.016788,0.031987,0.999306,0.009125,-0.083602,-0.014782,0.132331,0.201069,-0.176058,-0.047401,0.005291,-0.281505,-0.014116,0.415828,-0.297406,0.179443,0.011468,-0.040685,0.049721,0.061358,0.094444,-0.054744,0.889506,0.886143,0.130630,0.128589,0.079713,-0.120741,0.211175,0.844538,-0.944712,0.262689,0.006734
0.825388,-0.312545,0.779207,0.017334,0.033486,0.999222,0.011584,-0.083436,-0.026950,0.139544,0.211275,-0.187432,-0.036969,-0.022158,-0.293457,0.002756,0.466344,-0.284051,0.177564,0.013062,-0.046507,0.053947,0.059128,0.092911,-0.053142,0.880273,0.880619,0.124166,0.136418,0.077642,-0.123287,0.217628,0.831455,-0.950431,0.253392,0.011862
0.823672,-0.318800,0.778675,0.018261,0.034423,0.999139,0.014233,-0.084932,-0.036528,0.146803,0.224922,-0.199544,-0.027719,-0.057932,-0.300784,0.023010,0.530595,-0.265138,0.170781,0.013768,-0.052064,0.059413,0.059223,0.093159,-0.057332,0.870465,0.876751,0.114673,0.141835,0.073366,-0.128047,0.224885,0.818967,-0.957682,0.245996,0.013596
0.822177,-0.324413,0.778090,0.019590,0.034715,0.999067,0.016628,-0.086709,-0.043773,0.153312,0.239747,-0.211659,-0.019926,-0.099515,-0.302577,0.044932,0.605185,-0.239127,0.157128,0.013331,-0.057525,0.065566,0.060406,0.096130,-0.067146,0.863200,0.875290,0.104288,0.144106,0.068327,-0.132621,0.229110,0.807780,-0.963142,0.242121,0.012248
0.820808,-0.329383,0.777338,0.021117,0.034670,0.998996,0.018965,-0.087804,-0.049327,0.159425,0.253410,-0.222856,-0.013893,-0.142151,-0.304736,0.056103,0.682005,-0.215717,0.141010,0.012568,-0.062940,0.071736,0.061278,0.101790,-0.081737,0.860914,0.877210,0.095476,0.142436,0.064049,-0.135562,0.228049,0.797712,-0.964480,0.241699,0.008732
0.819313,-0.334064,0.777483,0.022592,0.034554,0.998913,0.021637,-0.086869,-0.054304,0.165654,0.263073,-0.231805,-0.008431,-0.182548,-0.321048,0.028122,0.753486,-0.205216,0.108583,0.012687,-0.068655,0.077322,0.060522,0.109351,-0.099162,0.864369,0.882121,0.089847,0.136522,0.061639,-0.136526,0.222505,0.788035,-0.961826,0.243154,0.003472
0.817749,-0.338282,0.777130,0.023801,0.034261,0.998865,0.022967,-0.083964,-0.059549,0.169334,0.267086,-0.238008,-0.003394,-0.216073,-0.337703,-0.012859,0.810937,-0.205759,0.070158,0.011584,-0.074722,0.081925,0.057648,0.118033,-0.117292,0.872767,0.889067,0.087895,0.127934,0.061395,-0.136296,0.215182,0.778699,-0.957108,0.244611,-0.003038
0.816108,-0.341974,0.776772,0.024540,0.034251,0.998852,0.022809,-0.081533,-0.065389,0.170299,0.269873,-0.243213,0.001058,-0.243535,-0.336143,-0.037963,0.847714,-0.218850,0.054753,0.008739,-0.080650,0.085496,0.053461,0.125424,-0.133462,0.884616,0.896651,0.090247,0.120555,0.062951,-0.136719,0.208663,0.770461,-0.952826,0.245792,-0.009335
0.814366,-0.345275,0.776667,0.024496,0.033599,0.998893,0.021999,-0.079377,-0.070027,0.169546,0.270322,-0.247161,0.005208,-0.266524,-0.312905,-0.045254,0.860037,-0.238895,0.059454,0.005630,-0.085679,0.087822,0.049329,0.130726,-0.144449,0.898066,0.902394,0.097179,0.115762,0.065875,-0.138102,0.204337,0.764479,-0.949889,0.246263,-0.012913
0.812554,-0.348149,0.776741,0.023643,0.032724,0.998952,0.021549,-0.079182,-0.073123,0.169132,0.271973,-0.251505,0.008908,-0.285276,-0.273942,-0.037012,0.848301,-0.261260,0.078322,0.003391,-0.089529,0.089012,0.049481,0.133011,-0.148857,0.907979,0.903566,0.107789,0.113184,0.069442,-0.144885,0.199918,0.762071,-0.949049,0.241984,-0.010614
0.810634,-0.350677,0.777054,0.022112,0.031358,0.999020,0.022059,-0.079511,-0.074165,0.170069,0.272715,-0.255242,0.012344,-0.299509,-0.231405,-0.027488,0.811538,-0.278449,0.089682,0.002524,-0.092454,0.089207,0.045503,0.129133,-0.149737,0.914377,0.901012,0.126538,0.109902,0.069810,-0.147793,0.198309,0.765623,-0.951787,0.240438,-0.006059
0.808597,-0.352926,0.777659,0.019999,0.029007,0.999102,0.023526,-0.078442,-0.072679,0.172024,0.268910,-0.256891,0.015690,-0.307763,-0.194458,-0.027389,0.753095,-0.289670,0.091071,0.002670,-0.094526,0.088576,0.045972,0.128582,-0.148510,0.919173,0.896864,0.138470,0.110811,0.069791,-0.149863,0.197388,0.771602,-0.955028,0.240085,-0.001069
0.806480,-0.354857,0.778386,0.017576,0.026396,0.999175,0.025359,-0.076461,-0.070160,0.174378,0.262235,-0.257026,0.019005,-0.311304,-0.162212,-0.033182,0.681988,-0.293498,0.087019,0.003041,-0.095822,0.087543,0.048580,0.129930,-0.148753,0.922507,0.893732,0.144336,0.112768,0.069458,-0.150499,0.195433,0.779733,-0.958135,0.242687,0.001849
0.804299,-0.356455,0.779076,0.015095,0.024249,0.999223,0.027150,-0.074390,-0.068039,0.176775,0.255208,-0.256811,0.022320,-0.311824,-0.133732,-0.042041,0.608546,-0.291447,0.078593,0.003448,-0.096570,0.086416,0.052124,0.131892,-0.151054,0.924841,0.891837,0.146321,0.113384,0.069409,-0.150729,0.192149,0.789262,-0.960799,0.247477,0.003332
0.802043,-0.357823,0.779857,0.012778,0.021549,0.999281,0.028455,-0.070590,-0.065136,0.177958,0.245324,-0.255121,0.025616,-0.314119,-0.101637,-0.042880,0.545118,-0.277043,0.067962,0.003406,-0.096480,0.085540,0.055827,0.134240,-0.154013,0.926153,0.890429,0.146817,0.112550,0.069778,-0.149553,0.188511,0.799228,-0.962887,0.252186,0.004757
0.799719,-0.358906,0.780571,0.010846,0.018924,0.999330,0.029377,-0.066734,-0.062035,0.178420,0.236925,-0.254013,0.028613,-0.318942,-0.065258,-0.028446,0.496870,-0.259251,0.065792,0.002814,-0.095374,0.085178,0.059325,0.135753,-0.156577,0.926820,0.888466,0.146775,0.110905,0.070503,-0.148671,0.184771,0.808584,-0.964742,0.255331,0.006672
0.797312,-0.359715,0.781145,0.009232,0.016650,0.999362,0.030225,-0.063677,-0.059011,0.178788,0.231485,-0.254270,0.031180,-0.323619,-0.032825,-0.011541,0.462378,-0.244752,0.063763,0.002338,-0.093672,0.085170,0.062290,0.136500,-0.159065,0.927604,0.886440,0.146173,0.109277,0.072051,-0.148355,0.180669,0.816029,-0.966460,0.256942,0.008242
0.794761,-0.360305,0.781602,0.007976,0.014679,0.999391,0.030646,-0.060749,-0.056391,0.178450,0.227782,-0.255365,0.033299,-0.328392,-0.007849,-0.001661,0.440866,-0.231074,0.055384,0.002000,-0.091798,0.085416,0.067603,0.140608,-0.160684,0.931615,0.885511,0.138206,0.110755,0.077486,-0.148898,0.176236,0.818216,-0.967099,0.257459,0.008822
0.791973,-0.360721,0.781931,0.007117,0.013071,0.999437,0.030074,-0.057314,-0.054773,0.176389,0.224901,-0.257006,0.034943,-0.332802,0.009390,0.000501,0.428310,-0.216800,0.041277,0.001386,-0.089864,0.085787,0.064413,0.139918,-0.163794,0.938916,0.886981,0.135030,0.110837,0.083262,-0.143972,0.172858,0.817729,-0.966873,0.262816,0.006872
0.788870,-0.361006,0.782067,0.006588,0.011889,0.999513,0.028078,-0.053230,-0.054602,0.171841,0.222536,-0.259210,0.036078,-0.334104,0.022231,0.003350,0.419905,-0.205962,0.030800,-0.000010,-0.087750,0.086028,0.060489,0.138345,-0.167945,0.944915,0.888882,0.132635,0.109319,0.090206,-0.141352,0.166937,0.815429,-0.964507,0.265709,0.005475
0.785401,-0.361182,0.781820,0.006284,0.011330,0.999608,0.024810,-0.048692,-0.056180,0.165089,0.221078,-0.262387,0.036723,-0.330380,0.031715,0.012175,0.411943,-0.197417,0.027320,-0.001945,-0.085342,0.085829,0.055621,0.135798,-0.172914,0.949328,0.890879,0.130516,0.106602,0.098062,-0.140020,0.160029,0.812379,-0.961833,0.267292,0.004505
0.781537,-0.361260,0.780702,0.006153,0.011548,0.999697,0.020857,-0.043360,-0.059612,0.157149,0.219993,-0.266580,0.037057,-0.322625,0.038256,0.024719,0.404622,-0.184283,0.022352,-0.003721,-0.082807,0.084942,0.050304,0.132648,-0.178349,0.951559,0.893007,0.128135,0.104672,0.105833,-0.139471,0.153223,0.809786,-0.960283,0.268742,0.004237
0.777358,-0.361059,0.780783,0.005975,0.012000,0.999768,0.016834,-0.035939,-0.063417,0.148707,0.216150,-0.269742,0.037134,-0.311604,0.042614,0.034938,0.394854,-0.166151,0.007215,-0.004663,-0.080210,0.083006,0.045545,0.129571,-0.182834,0.951004,0.894390,0.125429,0.105114,0.112498,-0.138511,0.147000,0.808932,-0.960073,0.270494,0.004735
0.772787,-0.360674,0.781291,0.005658,0.011939,0.999822,0.013488,-0.025886,-0.065702,0.141236,0.207910,-0.271114,0.036850,-0.297369,0.041629,0.030218,0.379668,-0.157552,-0.005184,-0.004179,-0.077294,0.079913,0.042341,0.127140,-0.184851,0.947686,0.893553,0.122528,0.107538,0.117126,-0.135966,0.141319,0.810927,-0.960523,0.272712,0.006016
0.767910,-0.360031,0.781941,0.005311,0.011216,0.999865,0.010727,-0.014951,-0.065710,0.134517,0.198922,-0.272341,0.036247,-0.281329,0.039507,0.019711,0.362085,-0.155627,-0.013708,-0.003228,-0.073621,0.076039,0.041417,0.125312,-0.184227,0.941967,0.890214,0.119705,0.110909,0.118753,-0.131800,0.136639,0.816427,-0.961967,0.275649,0.007545
0.762811,-0.359063,0.782578,0.004948,0.009909,0.999901,0.008655,-0.005194,-0.063248,0.128892,0.193163,-0.275239,0.035416,-0.264982,0.040279,0.011357,0.344646,-0.154866,-0.018487,-0.002660,-0.069022,0.071870,0.045594,0.123918,-0.182121,0.930496,0.887367,0.117966,0.113506,0.113787,-0.121948,0.134954,0.829380,-0.965263,0.281691,0.005858
0.757544,-0.357812,0.783161,0.004563,0.008016,0.999932,0.007173,0.003146,-0.058505,0.124256,0.190822,-0.279852,0.034476,-0.248794,0.043694,0.004775,0.327737,-0.154197,-0.021441,-0.002728,-0.063633,0.067737,0.048684,0.123943,-0.181058,0.921349,0.885440,0.115921,0.114946,0.108062,-0.115938,0.133451,0.839237,-0.968977,0.284357,0.006995
0.752124,-0.356355,0.783688,0.004290,0.005686,0.999958,0.005815,0.011220,-0.052321,0.119802,0.189912,-0.285201,0.033471,-0.232655,0.048735,-0.001149,0.311840,-0.153718,-0.023971,-0.003270,-0.057696,0.063831,0.050535,0.125061,-0.182951,0.915217,0.885511,0.113630,0.113827,0.102442,-0.111327,0.132032,0.844098,-0.972529,0.284446,0.008355
0.746570,-0.354772,0.784154,0.004289,0.003146,0.999977,0.004222,0.020107,-0.045400,0.115488,0.188827,-0.290499,0.032359,-0.216415,0.054637,-0.006775,0.297326,-0.153393,-0.027599,-0.004103,-0.051535,0.060275,0.050804,0.127325,-0.187960,0.911714,0.887256,0.111412,0.109212,0.097975,-0.107212,0.130099,0.842793,-0.974779,0.282267,0.007316
0.740937,-0.353138,0.784539,0.004637,0.000675,0.999985,0.002714,0.029871,-0.038366,0.111788,0.187786,-0.295319,0.031011,-0.200440,0.060984,-0.011615,0.284901,-0.153393,-0.033097,-0.005137,-0.045413,0.057165,0.049716,0.130474,-0.194605,0.909909,0.889603,0.109332,0.103289,0.094672,-0.103523,0.127873,0.836130,-0.975411,0.278241,0.003667
0.735317,-0.351511,0.784808,0.005297,-0.001519,0.999983,0.001841,0.039823,-0.031514,0.109643,0.187980,-0.299781,0.029240,-0.185428,0.067486,-0.015074,0.275502,-0.154909,-0.038588,-0.006354,-0.039505,0.054521,0.047995,0.133709,-0.200203,0.909328,0.891133,0.108825,0.098839,0.092021,-0.100671,0.125801,0.826254,-0.974729,0.272960,-0.001083
0.729848,-0.349962,0.784910,0.006127,-0.003417,0.999974,0.001749,0.049180,-0.024965,0.109383,0.189984,-0.305190,0.027079,-0.172307,0.073904,-0.017044,0.270036,-0.158752,-0.043123,-0.007697,-0.033908,0.052240,0.043162,0.136309,-0.203203,0.914179,0.888537,0.109501,0.097509,0.093319,-0.103013,0.122579,0.812456,-0.972729,0.263647,-0.004024
0.724705,-0.348542,0.784862,0.006987,-0.004868,0.999962,0.002077,0.055144,-0.019102,0.110490,0.197896,-0.311204,0.025690,-0.161632,0.079731,-0.017421,0.268664,-0.164631,-0.048169,-0.009100,-0.028769,0.050296,0.040759,0.136902,-0.203099,0.917245,0.883984,0.111850,0.096606,0.090872,-0.102480,0.120831,0.801102,-0.971442,0.258920,-0.006556
0.720077,-0.347272,0.784672,0.007789,-0.005702,0.999951,0.002342,0.053504,-0.013955,0.112463,0.218853,-0.318884,0.025021,-0.153751,0.084192,-0.017020,0.271296,-0.172471,-0.053240,-0.010581,-0.024303,0.048881,0.039328,0.136761,-0.201852,0.918207,0.878765,0.113677,0.093775,0.086703,-0.101875,0.119588,0.792198,-0.970543,0.256388,-0.009121
0.716090,-0.346156,0.784414,0.008500,-0.005949,0.999944,0.002064,0.040485,-0.008922,0.115113,0.260126,-0.329325,0.023907,-0.148866,0.086832,-0.016999,0.277822,-0.182433,-0.057880,-0.012173,-0.020669,0.048402,0.040793,0.137421,-0.201698,0.914040,0.874578,0.114120,0.089918,0.083099,-0.104039,0.115547,0.788889,-0.969589,0.250035,-0.013949
0.712602,-0.345118,0.785061,0.009308,-0.005132,0.999943,0.000834,0.010399,-0.003483,0.120696,0.333199,-0.333742,0.020328,-0.145260,0.086491,-0.018108,0.285663,-0.192876,-0.061738,-0.013778,-0.017944,0.049533,0.039704,0.138121,-0.202669,0.908799,0.872656,0.114329,0.087084,0.077890,-0.104249,0.111986,0.787214,-0.969294,0.248291,-0.018394
0.709777,-0.344145,0.784742,0.010363,-0.004247,0.999936,-0.001739,-0.038146,0.004066,0.122358,0.438276,-0.330305,0.009986,-0.144381,0.084803,-0.021907,0.298165,-0.205020,-0.064700,-0.014870,-0.015970,0.053016,0.036700,0.140351,-0.203857,0.901347,0.872940,0.114608,0.086738,0.073331,-0.103206,0.109586,0.786842,-0.968923,0.248243,-0.022018
0.707314,-0.343208,0.782760,0.011825,-0.003782,0.999906,-0.005879,-0.100540,0.013490,0.116209,0.566974,-0.315805,-0.016571,-0.143363,0.082316,-0.029142,0.313232,-0.216722,-0.066530,-0.015450,-0.014368,0.058750,0.032894,0.143505,-0.202719,0.890485,0.871777,0.113958,0.087262,0.070337,-0.101897,0.110170,0.787305,-0.968646,0.246512,-0.023810
0.704879,-0.342423,0.782712,0.013636,-0.003499,0.999843,-0.010786,-0.167647,0.025152,0.104314,0.699650,-0.289630,-0.074933,-0.139530,0.079696,-0.038082,0.321616,-0.226872,-0.066381,-0.015809,-0.012726,0.065400,0.029983,0.145467,-0.196932,0.875845,0.865326,0.111790,0.087661,0.067479,-0.101958,0.116495,0.789295,-0.969619,0.242153,-0.022783
0.702344,-0.341887,0.782011,0.015515,-0.004330,0.999755,-0.015188,-0.226573,0.037802,0.084386,0.810129,-0.270193,-0.152268,-0.133745,0.079283,-0.046950,0.325616,-0.234944,-0.064927,-0.016197,-0.010729,0.071281,0.029855,0.145895,-0.185713,0.856843,0.856363,0.110925,0.090219,0.057249,-0.097520,0.134564,0.794866,-0.973421,0.246509,-0.017987
0.699482,-0.341779,0.781266,0.017082,-0.006187,0.999672,-0.018036,-0.269585,0.047819,0.061350,0.877132,-0.275684,-0.187349,-0.127184,0.081337,-0.053556,0.327190,-0.241333,-0.063256,-0.016885,-0.008028,0.074956,0.033357,0.145226,-0.172010,0.839119,0.846873,0.112129,0.099626,0.048276,-0.100267,0.156287,0.807408,-0.979747,0.247863,-0.012233
0.696156,-0.342155,0.781007,0.018012,-0.007028,0.999624,-0.019423,-0.293566,0.072344,0.060181,0.888568,-0.294580,-0.190026,-0.118597,0.082195,-0.055698,0.323503,-0.244897,-0.061881,-0.018345,-0.005309,0.075845,0.040817,0.138822,-0.157578,0.827205,0.837759,0.116344,0.113168,0.038882,-0.106556,0.176838,0.826570,-0.989335,0.252713,-0.004985
0.692391,-0.343122,0.781097,0.018164,-0.007277,0.999630,-0.018872,-0.296560,0.103468,0.074586,0.843344,-0.310151,-0.152090,-0.111348,0.082384,-0.053054,0.320780,-0.248616,-0.060516,-0.018678,-0.002855,0.074523,0.047355,0.128739,-0.144521,0.827597,0.827298,0.121123,0.123372,0.034836,-0.114880,0.188513,0.844976,-0.997317,0.259443,0.003511
0.688209,-0.344645,0.781408,0.017820,-0.006688,0.999688,-0.016172,-0.281344,0.126044,0.088009,0.750356,-0.320900,-0.105426,-0.105506,0.081374,-0.045631,0.320385,-0.253418,-0.059069,-0.016689,-0.001040,0.071886,0.056144,0.117496,-0.135938,0.832601,0.821451,0.125737,0.126208,0.031383,-0.116717,0.189874,0.860022,-0.999577,0.271278,0.010616
0.683653,-0.346670,0.781718,0.017567,-0.006407,0.999754,-0.011958,-0.251260,0.135784,0.092006,0.622892,-0.314804,-0.075220,-0.100709,0.080728,-0.035782,0.324217,-0.260554,-0.057513,-0.012987,0.000210,0.068675,0.070590,0.109899,-0.135204,0.833628,0.826524,0.131145,0.123070,0.029367,-0.114685,0.181779,0.873297,-0.995316,0.276305,0.011033
0.678863,-0.348880,0.782211,0.017872,-0.005477,0.999804,-0.006582,-0.214410,0.123427,0.069002,0.491278,-0.276067,-0.070449,-0.091776,0.079216,-0.023761,0.323111,-0.265584,-0.056430,-0.008417,0.000689,0.065299,0.080145,0.104713,-0.139614,0.840942,0.837774,0.136637,0.115653,0.032079,-0.112838,0.174476,0.876761,-0.989110,0.273970,0.008293
0.674247,-0.351106,0.782492,0.018541,-0.003914,0.999818,-0.002240,-0.174172,0.107782,0.045270,0.397706,-0.240951,-0.075737,-0.079563,0.075988,-0.012980,0.316092,-0.267036,-0.056203,-0.005903,0.000176,0.061901,0.085782,0.099240,-0.143880,0.853401,0.848446,0.142211,0.104087,0.038145,-0.114315,0.171372,0.872966,-0.984653,0.265283,0.004605
0.670039,-0.353407,0.783534,0.019566,-0.002972,0.999804,-0.000504,-0.142132,0.103172,0.053198,0.352217,-0.238122,-0.076724,-0.068037,0.072046,-0.006979,0.310866,-0.268362,-0.056194,-0.006986,-0.000814,0.058811,0.083979,0.094759,-0.146211,0.874354,0.855804,0.147229,0.092466,0.049492,-0.119554,0.168820,0.862334,-0.980771,0.255045,-0.000391
0.666219,-0.355686,0.784756,0.020031,-0.000665,0.999799,0.000207,-0.115432,0.095168,0.059920,0.313919,-0.224537,-0.078769,-0.056173,0.064685,-0.002551,0.301242,-0.267144,-0.055698,-0.008873,-0.002809,0.054898,0.080740,0.089759,-0.149969,0.896509,0.865614,0.151901,0.084673,0.059386,-0.123244,0.161137,0.851963,-0.975649,0.252723,-0.007332
0.662858,-0.358053,0.785880,0.019785,0.001833,0.999803,-0.000151,-0.091862,0.085589,0.064632,0.276064,-0.210215,-0.080896,-0.047722,0.055919,-0.000254,0.294140,-0.266752,-0.054119,-0.011024,-0.005815,0.050193,0.076181,0.087327,-0.156361,0.917649,0.878907,0.154835,0.076852,0.069723,-0.122835,0.146680,0.843505,-0.967366,0.257291,-0.014956
0.659928,-0.360435,0.786815,0.018963,0.004320,0.999810,-0.000986,-0.071845,0.075469,0.067750,0.240992,-0.197540,-0.080512,-0.042232,0.046709,0.000746,0.289198,-0.267187,-0.051787,-0.012994,-0.009145,0.045311,0.071559,0.087931,-0.163768,0.933275,0.891668,0.153088,0.064729,0.079887,-0.119132,0.129447,0.837252,-0.957536,0.263912,-0.019898
0.657378,-0.362772,0.787561,0.017823,0.006539,0.999818,-0.001790,-0.055532,0.065892,0.069922,0.210955,-0.186995,-0.078905,-0.038321,0.038001,0.001302,0.284742,-0.267710,-0.049095,-0.014424,-0.012171,0.040924,0.067598,0.091818,-0.170515,0.939837,0.901236,0.145521,0.051329,0.087893,-0.115033,0.116149,0.833588,-0.949889,0.267830,-0.020512
0.655170,-0.364997,0.788139,0.016549,0.008292,0.999826,-0.002311,-0.042518,0.057689,0.071699,0.186469,-0.178950,-0.076868,-0.035074,0.030526,0.001901,0.279761,-0.267959,-0.046383,-0.015057,-0.014613,0.037297,0.064152,0.098687,-0.175814,0.937789,0.908566,0.135175,0.045315,0.092196,-0.112906,0.112008,0.833385,-0.948376,0.268250,-0.017401
0.653291,-0.367057,0.788563,0.015290,0.009544,0.999834,-0.002483,-0.032728,0.051159,0.073328,0.167957,-0.173490,-0.074710,-0.032233,0.024562,0.002769,0.274427,-0.268146,-0.043924,-0.014826,-0.016476,0.034427,0.058565,0.105977,-0.177075,0.933329,0.913465,0.126702,0.050066,0.091840,-0.110622,0.119260,0.834666,-0.954187,0.271919,-0.010821
0.651742,-0.368954,0.788856,0.014163,0.010359,0.999843,-0.002302,-0.025785,0.046125,0.074982,0.154881,-0.170164,-0.072492,-0.030357,0.019975,0.004008,0.270361,-0.268230,-0.041714,-0.013889,-0.017906,0.032277,0.055689,0.112288,-0.172333,0.925574,0.913498,0.122022,0.061886,0.090294,-0.111026,0.129517,0.840334,-0.963436,0.273976,-0.004040
0.650506,-0.370697,0.789027,0.013164,0.010943,0.999852,-0.001912,-0.021758,0.042043,0.076588,0.147064,-0.168712,-0.070142,-0.029928,0.016228,0.005501,0.268750,-0.269006,-0.039587,-0.012600,-0.019143,0.030837,0.057062,0.115576,-0.161729,0.912645,0.909514,0.122051,0.074329,0.084292,-0.106657,0.138400,0.851792,-0.971924,0.280191,-0.000277
0.649533,-0.372291,0.789099,0.012219,0.011361,0.999859,-0.001651,-0.021280,0.038632,0.077618,0.145276,-0.169471,-0.067655,-0.030558,0.012974,0.006663,0.268949,-0.270423,-0.037452,-0.011414,-0.020358,0.030049,0.056101,0.117773,-0.149953,0.902639,0.902464,0.122973,0.084944,0.079853,-0.103649,0.142027,0.860334,-0.975987,0.284685,0.002905
0.648724,-0.373734,0.789135,0.011264,0.011612,0.999867,-0.001857,-0.023735,0.035768,0.077564,0.148249,-0.172023,-0.065103,-0.030824,0.010069,0.006842,0.268276,-0.271413,-0.035297,-0.010652,-0.021563,0.029657,0.053115,0.120495,-0.142720,0.895950,0.896759,0.122512,0.092054,0.076576,-0.100733,0.142839,0.864422,-0.976855,0.286490,0.004687
0.647986,-0.375061,0.789190,0.010322,0.011661,0.999876,-0.002444,-0.027075,0.033341,0.076685,0.152674,-0.175140,-0.062532,-0.029780,0.007492,0.006115,0.265027,-0.271158,-0.033099,-0.010319,-0.022694,0.029315,0.048669,0.124692,-0.142093,0.892323,0.894633,0.120263,0.094346,0.074660,-0.098262,0.143298,0.863842,-0.976448,0.284892,0.004645
0.647270,-0.376287,0.789272,0.009456,0.011605,0.999884,-0.002880,-0.029337,0.031296,0.076043,0.155619,-0.177727,-0.060023,-0.028024,0.005303,0.005469,0.260373,-0.270016,-0.030905,-0.010174,-0.023719,0.028780,0.043779,0.129663,-0.145527,0.891356,0.895238,0.118007,0.092929,0.073824,-0.096527,0.144431,0.860001,-0.975667,0.280959,0.002957
0.646577,-0.377414,0.789351,0.008704,0.011553,0.999892,-0.002599,-0.029734,0.029684,0.076738,0.155986,-0.179362,-0.057698,-0.026847,0.003622,0.006053,0.256738,-0.268997,-0.028843,-0.009979,-0.024656,0.027969,0.039716,0.133706,-0.148533,0.892351,0.896089,0.117788,0.090877,0.072989,-0.095641,0.146807,0.855377,-0.974970,0.276473,0.000778
0.645910,-0.378442,0.789402,0.008034,0.011552,0.999900,-0.001441,-0.028703,0.028512,0.079105,0.154376,-0.180173,-0.055590,-0.026966,0.002462,0.008275,0.255442,-0.268790,-0.026985,-0.009635,-0.025552,0.026893,0.037273,0.135546,-0.149053,0.894530,0.895840,0.119407,0.091429,0.071131,-0.096041,0.150781,0.851798,-0.974927,0.272645,-0.000501
0.645256,-0.379379,0.789414,0.007371,0.011590,0.999906,0.000278,-0.027300,0.027681,0.082590,0.152237,-0.180600,-0.053693,-0.028221,0.001691,0.011618,0.256196,-0.269462,-0.025325,-0.009176,-0.026487,0.025619,0.033617,0.135419,-0.148660,0.901649,0.892926,0.119926,0.095250,0.071570,-0.102062,0.154787,0.846737,-0.975436,0.266430,0.000886
0.644590,-0.380228,0.789392,0.006713,0.011609,0.999908,0.002079,-0.026330,0.027133,0.086315,0.150904,-0.181226,-0.052048,-0.029847,0.001190,0.015176,0.257870,-0.270687,-0.023860,-0.008709,-0.027552,0.024258,0.033423,0.133242,-0.149631,0.907245,0.890889,0.119079,0.098945,0.067710,-0.104943,0.160854,0.844757,-0.977533,0.265164,0.002743
0.643887,-0.380991,0.789348,0.006168,0.011565,0.999907,0.003674,-0.026074,0.026877,0.089688,0.151361,-0.182592,-0.050727,-0.030934,0.000887,0.018338,0.259325,-0.272036,-0.022574,-0.008365,-0.028770,0.022936,0.034714,0.130639,-0.153555,0.911971,0.890782,0.117552,0.099694,0.062547,-0.106718,0.168372,0.844397,-0.980084,0.265170,0.004199
0.643143,-0.381689,0.789300,0.005828,0.011471,0.999905,0.005028,-0.026106,0.026796,0.092607,0.153219,-0.184618,-0.049734,-0.031004,0.000670,0.021012,0.259906,-0.273151,-0.021442,-0.008227,-0.030081,0.021693,0.037092,0.127996,-0.160219,0.915646,0.891922,0.115819,0.097522,0.057258,-0.108199,0.177603,0.845051,-0.982630,0.264165,0.005177
0.642362,-0.382351,0.789266,0.005659,0.011399,0.999900,0.006208,-0.025883,0.026615,0.095183,0.155354,-0.186885,-0.048743,-0.030207,0.000332,0.023346,0.259631,-0.273910,-0.020317,-0.008243,-0.031379,0.020472,0.040817,0.125397,-0.168746,0.917607,0.893033,0.113289,0.094032,0.052137,-0.109972,0.188515,0.847094,-0.985009,0.261314,0.006545
0.641562,-0.382988,0.789252,0.005559,0.011376,0.999894,0.007232,-0.025172,0.026235,0.097488,0.156895,-0.188910,-0.047983,-0.029037,-0.000191,0.025399,0.258924,-0.274276,-0.019234,-0.008193,-0.032575,0.019216,0.048157,0.123407,-0.178724,0.915641,0.893568,0.109933,0.090336,0.048429,-0.114993,0.197426,0.852157,-0.986858,0.252500,0.008620
0.640773,-0.383578,0.789253,0.005457,0.011384,0.999887,0.008114,-0.024162,0.025787,0.099525,0.157811,-0.190582,-0.047679,-0.027919,-0.000772,0.027188,0.258191,-0.274354,-0.018363,-0.007838,-0.033622,0.017937,0.053073,0.121004,-0.188134,0.915472,0.893691,0.108049,0.086031,0.044733,-0.116793,0.205572,0.856348,-0.988117,0.247078,0.011419
0.640029,-0.384103,0.789257,0.005342,0.011370,0.999882,0.008826,-0.023077,0.025429,0.101183,0.158265,-0.191890,-0.047713,-0.027064,-0.001243,0.028654,0.257761,-0.274353,-0.017762,-0.007051,-0.034544,0.016681,0.055827,0.118066,-0.195094,0.917415,0.893180,0.108850,0.081334,0.042458,-0.116670,0.210138,0.858070,-0.987172,0.244786,0.012538
0.639341,-0.384564,0.789250,0.005236,0.011328,0.999878,0.009350,-0.022086,0.025163,0.102351,0.158510,-0.192901,-0.047729,-0.026510,-0.001592,0.029812,0.257902,-0.274569,-0.017390,-0.005957,-0.035402,0.015499,0.057123,0.114208,-0.198570,0.920277,0.891582,0.112086,0.077543,0.042009,-0.115250,0.210743,0.857169,-0.983890,0.244842,0.010610
0.638701,-0.384982,0.789227,0.005133,0.011299,0.999876,0.009647,-0.021272,0.024748,0.103035,0.158688,-0.193815,-0.047777,-0.026095,-0.001978,0.030640,0.258476,-0.275177,-0.017138,-0.004847,-0.036225,0.014458,0.057775,0.109767,-0.199674,0.922741,0.889350,0.115801,0.076237,0.042876,-0.113576,0.209605,0.854832,-0.979689,0.245609,0.007167
0.638107,-0.385369,0.789190,0.005020,0.011321,0.999877,0.009653,-0.020631,0.024066,0.103175,0.158786,-0.194802,-0.047906,-0.025661,-0.002544,0.031067,0.259157,-0.276151,-0.016925,-0.003955,-0.037025,0.013626,0.058068,0.105618,-0.200795,0.924470,0.887650,0.118231,0.076775,0.044210,-0.112823,0.209439,0.852612,-0.976456,0.245851,0.004965
0.637582,-0.385723,0.789144,0.004909,0.011394,0.999879,0.009344,-0.020033,0.023183,0.102693,0.158588,-0.195901,-0.048125,-0.025147,-0.003299,0.031045,0.259698,-0.277359,-0.016715,-0.003336,-0.037840,0.013016,0.057902,0.102586,-0.203519,0.925645,0.887092,0.118711,0.077082,0.045441,-0.113337,0.211059,0.851469,-0.974912,0.245625,0.005109
0.637146,-0.386045,0.789089,0.004802,0.011506,0.999884,0.008797,-0.019376,0.022124,0.101702,0.157905,-0.197079,-0.048318,-0.024570,-0.004185,0.030645,0.259965,-0.278730,-0.016447,-0.002931,-0.038718,0.012576,0.057140,0.100921,-0.207578,0.926310,0.887473,0.117676,0.076534,0.046313,-0.114522,0.213478,0.851778,-0.974625,0.246088,0.006688
0.636795,-0.386338,0.789022,0.004576,0.011673,0.999888,0.008146,-0.019035,0.020909,0.100416,0.157116,-0.198521,-0.048079,-0.024250,-0.005190,0.030064,0.260080,-0.280400,-0.016030,-0.002625,-0.039651,0.012313,0.055962,0.100321,-0.211704,0.926373,0.888165,0.116283,0.076394,0.046820,-0.115514,0.215287,0.853471,-0.974555,0.247637,0.008115
0.636523,-0.386613,0.788933,0.004160,0.011909,0.999892,0.007531,-0.019827,0.019611,0.099072,0.157716,-0.201039,-0.047249,-0.024603,-0.006297,0.029544,0.260569,-0.282740,-0.015359,-0.002319,-0.040571,0.012261,0.054599,0.100268,-0.215083,0.925877,0.888549,0.115348,0.077515,0.047017,-0.116132,0.216273,0.856408,-0.974460,0.249726,0.008873
0.636319,-0.386886,0.788860,0.003586,0.012191,0.999894,0.007040,-0.022558,0.018356,0.097787,0.161574,-0.205672,-0.045707,-0.025978,-0.007448,0.029243,0.262182,-0.286024,-0.014144,-0.001915,-0.041383,0.012424,0.053065,0.100626,-0.218149,0.925103,0.888689,0.114797,0.079164,0.046916,-0.116674,0.217143,0.860275,-0.974663,0.251687,0.009359
0.636165,-0.387177,0.789021,0.002977,0.012484,0.999895,0.006740,-0.027516,0.017272,0.096705,0.169884,-0.213126,-0.043425,-0.028605,-0.008550,0.029323,0.265749,-0.290605,-0.012423,-0.001392,-0.042069,0.012773,0.051300,0.101465,-0.221544,0.924289,0.888905,0.114051,0.080423,0.046442,-0.117285,0.218682,0.864479,-0.975380,0.253379,0.009862
0.636049,-0.387514,0.790479,0.002329,0.012797,0.999893,0.006694,-0.034752,0.016373,0.096035,0.182875,-0.223630,-0.040594,-0.033577,-0.009499,0.029952,0.271847,-0.298380,-0.010356,-0.000846,-0.042725,0.013467,0.049522,0.102413,-0.224762,0.923770,0.888682,0.113284,0.081243,0.045700,-0.117611,0.221553,0.868282,-0.976536,0.254931,0.010242
0.635792,-0.387944,0.790479,0.001713,0.013175,0.999888,0.006952,-0.043726,0.015583,0.095951,0.200384,-0.237400,-0.037275,-0.040000,-0.010502,0.031295,0.282943,-0.307630,-0.007945,-0.000381,-0.043452,0.014679,0.045403,0.101884,-0.225933,0.926557,0.886430,0.113271,0.082040,0.044501,-0.114528,0.228219,0.869911,-0.977850,0.260232,0.010372
0.635357,-0.388518,0.789871,0.001158,0.013683,0.999877,0.007568,-0.053600,0.014658,0.096698,0.221158,-0.254189,-0.033538,-0.048235,-0.011748,0.033431,0.298875,-0.319881,-0.004835,0.000017,-0.044233,0.016480,0.043947,0.100835,-0.225634,0.928327,0.881550,0.113234,0.083221,0.043996,-0.114289,0.234623,0.871047,-0.978079,0.262199,0.010696
0.634681,-0.389277,0.788962,0.000582,0.014397,0.999859,0.008666,-0.063283,0.013386,0.098652,0.242980,-0.272896,-0.029720,-0.057649,-0.013443,0.036528,0.318211,-0.334562,-0.001184,0.000410,-0.044988,0.018722,0.043761,0.098959,-0.226386,0.929339,0.876430,0.113135,0.084163,0.044009,-0.114950,0.240412,0.871864,-0.977169,0.262715,0.010778
0.633735,-0.390245,0.787910,-0.000193,0.015328,0.999829,0.010312,-0.071650,0.011685,0.102111,0.262945,-0.292154,-0.026085,-0.067548,-0.015596,0.040732,0.338785,-0.350436,0.002400,0.000815,-0.045710,0.021109,0.044303,0.096992,-0.231337,0.929836,0.873900,0.111121,0.080426,0.044240,-0.115526,0.245726,0.872786,-0.975252,0.262970,0.010329
0.632546,-0.391424,0.786798,-0.001419,0.016481,0.999786,0.012439,-0.078423,0.009465,0.107076,0.279340,-0.311051,-0.022852,-0.078129,-0.018008,0.046351,0.359511,-0.366823,0.004144,0.001237,-0.046507,0.023485,0.048120,0.095177,-0.241556,0.926106,0.875488,0.104735,0.061723,0.042153,-0.111521,0.252278,0.878814,-0.973191,0.265106,0.005595
0.631196,-0.392800,0.785633,-0.003342,0.017942,0.999722,0.014945,-0.084803,0.006485,0.113229,0.293169,-0.329754,-0.019663,-0.090453,-0.020863,0.053250,0.381090,-0.383513,0.005187,0.001736,-0.047523,0.025937,0.048916,0.095140,-0.257094,0.924467,0.878406,0.090417,0.025727,0.041994,-0.111729,0.257670,0.881484,-0.970558,0.263926,0.001568
0.629791,-0.394329,0.784400,-0.006314,0.019782,0.999627,0.017761,-0.092975,0.002581,0.120131,0.306732,-0.349030,-0.014918,-0.105232,-0.024471,0.061083,0.403644,-0.399914,0.009205,0.002230,-0.048849,0.028524,0.046609,0.097593,-0.276908,0.921826,0.885574,0.072241,-0.013292,0.042724,-0.113473,0.262090,0.880727,-0.967488,0.260511,-0.003001
0.628437,-0.395946,0.783142,-0.010877,0.021799,0.999487,0.020779,-0.104116,-0.002014,0.127219,0.319642,-0.368392,-0.006807,-0.122330,-0.028536,0.069271,0.424462,-0.415519,0.013325,0.002493,-0.050420,0.030929,0.040842,0.102775,-0.297820,0.915695,0.899752,0.057996,-0.038320,0.043902,-0.115570,0.265025,0.876081,-0.963108,0.253992,-0.009272
0.627248,-0.397547,0.781885,-0.017451,0.023644,0.999281,0.023975,-0.117991,-0.005757,0.135703,0.329330,-0.383939,-0.001614,-0.141563,-0.032919,0.076368,0.441192,-0.432548,0.018196,0.002396,-0.052023,0.032767,0.031865,0.108827,-0.315234,0.908458,0.917344,0.051816,-0.050670,0.046425,-0.118155,0.265687,0.866794,-0.956319,0.242380,-0.017925
0.626399,-0.398891,0.780408,-0.025987,0.025732,0.998947,0.027717,-0.136704,-0.009195,0.144709,0.339275,-0.397313,0.009121,-0.165571,-0.039062,0.078586,0.458667,-0.455192,0.018295,0.002221,-0.053772,0.034848,0.020149,0.113334,-0.326911,0.904837,0.931636,0.050699,-0.066818,0.051994,-0.122951,0.263488,0.851474,-0.946790,0.224348,-0.028061
0.626006,-0.399827,0.778218,-0.036089,0.027874,0.998474,0.031137,-0.164209,-0.011443,0.153162,0.357155,-0.411723,0.020254,-0.203618,-0.055534,0.055213,0.497570,-0.480433,0.011890,0.002334,-0.056244,0.039798,0.005049,0.117618,-0.336378,0.904432,0.942157,0.049006,-0.095037,0.063090,-0.131226,0.257709,0.825733,-0.934770,0.200922,-0.037367
0.626361,-0.400446,0.775421,-0.047332,0.032673,0.997844,0.031619,-0.207738,-0.017678,0.158813,0.396254,-0.430333,0.029025,-0.250186,-0.107981,-0.038593,0.581644,-0.515447,-0.003521,0.003822,-0.060537,0.049822,-0.016839,0.122707,-0.351301,0.903698,0.950065,0.041059,-0.121094,0.088816,-0.150343,0.243622,0.775259,-0.918474,0.175402,-0.044752
0.626617,-0.400906,0.770364,-0.059195,0.039621,0.997230,0.021399,-0.264051,-0.034088,0.150531,0.450779,-0.446878,0.034698,-0.284090,-0.183210,-0.153512,0.732011,-0.531764,-0.020528,0.003411,-0.065515,0.063673,-0.037774,0.130280,-0.370624,0.887044,0.954729,0.024416,-0.122331,0.131868,-0.165828,0.218395,0.706416,-0.890511,0.154543,-0.065804
0.626124,-0.401023,0.763157,-0.070230,0.048612,0.996337,-0.004070,-0.329957,-0.063735,0.124177,0.523078,-0.461546,0.022751,-0.292205,-0.241974,-0.201658,0.923819,-0.492574,-0.022125,-0.000077,-0.067985,0.078399,-0.050965,0.139961,-0.383509,0.850292,0.942389,-0.003097,-0.086143,0.197888,-0.176029,0.188181,0.629430,-0.839970,0.128946,-0.093624
0.624304,-0.400684,0.754350,-0.081512,0.056344,0.994307,-0.039182,-0.407234,-0.093472,0.100638,0.620723,-0.471310,-0.007755,-0.245052,-0.284891,-0.236829,1.053593,-0.399488,0.001408,0.000632,-0.066871,0.089742,-0.044161,0.144894,-0.370983,0.796253,0.896793,-0.032731,-0.020163,0.277449,-0.186881,0.176345,0.565174,-0.780779,0.091944,-0.087559
0.621252,-0.399600,0.746622,-0.094170,0.060994,0.990668,-0.077384,-0.511559,-0.106751,0.109472,0.773327,-0.462297,-0.032972,-0.152176,-0.284853,-0.264593,1.066741,-0.272249,0.009761,0.007517,-0.061517,0.099512,-0.006220,0.148448,-0.304714,0.724384,0.800021,-0.058773,0.028174,0.317780,-0.215452,0.194036,0.554081,-0.752058,0.062906,-0.034187
0.617276,-0.397776,0.733625,-0.109518,0.063972,0.986008,-0.108177,-0.663458,-0.089539,0.150996,0.989627,-0.455085,-0.074207,-0.041580,-0.253576,-0.288059,0.965762,-0.187047,0.026147,0.021578,-0.051887,0.113831,0.053900,0.135330,-0.213523,0.666466,0.678066,-0.044735,0.039782,0.296302,-0.261977,0.213373,0.577620,-0.779626,0.061407,-0.003963
0.611946,-0.395683,0.715471,-0.126771,0.067711,0.982218,-0.120795,-0.861197,-0.052907,0.186001,1.230269,-0.455076,-0.058442,0.049976,-0.207597,-0.282004,0.800595,-0.290675,0.051611,0.039083,-0.038761,0.140472,0.126728,0.141262,-0.158378,0.651944,0.608841,0.007612,0.023120,0.198021,-0.304910,0.198030,0.593731,-0.824437,0.083821,-0.063456
0.602568,-0.394619,0.695744,-0.141595,0.060488,0.981748,-0.111636,-1.060870,0.018015,0.183863,1.432465,-0.463957,-0.031961,0.099307,-0.160416,-0.236968,0.709768,-0.462204,0.079775,0.050986,-0.021141,0.181646,0.236912,0.200815,-0.184393,0.685580,0.626416,0.040637,-0.023495,0.039395,-0.311318,0.143197,0.550120,-0.846526,0.091607,-0.195240
0.588141,-0.395047,0.676052,-0.154960,0.044014,0.983427,-0.083190,-1.241779,0.106160,0.133917,1.575789,-0.466485,-0.030914,0.110278,-0.120664,-0.174879,0.682111,-0.584845,0.074050,0.054080,-0.004325,0.231987,0.388341,0.272673,-0.280705,0.738075,0.669832,0.006600,-0.087306,-0.160933,-0.281645,0.086852,0.421467,-0.836746,0.042683,-0.320590
0.566407,-0.396895,0.659819,-0.169005,0.023913,0.983982,-0.051434,-1.371826,0.200241,0.070583,1.663093,-0.463171,-0.016825,0.131769,-0.086401,-0.127875,0.632425,-0.644637,0.086961,0.059642,0.002519,0.274571,0.611600,0.336403,-0.346199,0.732090,0.666598,-0.096681,-0.106508,-0.324787,-0.232195,0.071002,0.197475,-0.793660,-0.061512,-0.401781
0.535835,-0.399458,0.650383,-0.186935,0.010929,0.981716,-0.034205,-1.418013,0.266083,0.026034,1.702001,-0.437955,-0.042387,0.176546,-0.061092,-0.099191,0.529543,-0.586890,0.090528,0.079215,-0.005910,0.296531,0.805025,0.353033,-0.318383,0.696876,0.593563,-0.183251,-0.079113,-0.392946,-0.197294,0.097138,-0.061009,-0.719988,-0.168914,-0.431142
0.496244,-0.401667,0.648119,-0.211466,0.009294,0.976850,-0.030985,-1.353942,0.277844,0.011625,1.672206,-0.385979,-0.104336,0.189264,-0.055000,-0.095566,0.469182,-0.368872,0.108748,0.107315,-0.030674,0.299767,0.902295,0.320748,-0.216115,0.637974,0.447848,-0.214359,-0.032467,-0.336725,-0.234506,0.161735,-0.225422,-0.668060,-0.195230,-0.415691
0.448781,-0.404266,0.648209,-0.232877,0.002790,0.972017,-0.030702,-1.175271,0.259922,-0.004917,1.558756,-0.421844,-0.208386,0.131976,-0.057400,-0.128130,0.595797,-0.053686,0.221518,0.124836,-0.065312,0.295096,0.838958,0.271847,-0.138439,0.568442,0.317669,-0.172541,0.046221,-0.160415,-0.313935,0.250443,-0.202583,-0.674488,-0.118385,-0.365351
0.392699,-0.406490,0.653335,-0.243306,-0.002765,0.969237,-0.037058,-0.973119,0.265562,0.010821,1.401036,-0.612827,-0.228869,-0.010276,-0.026266,-0.119815,0.960341,0.018365,0.249846,0.116743,-0.100346,0.298687,0.608921,0.243062,-0.138949,0.532898,0.300720,-0.122481,0.139274,0.076117,-0.373737,0.336832,-0.011003,-0.687162,0.042544,-0.248708
0.332527,-0.408087,0.656575,-0.246505,0.009257,0.967586,-0.054100,-0.828636,0.273363,0.075723,1.312495,-0.622881,-0.236457,-0.218762,0.000636,-0.109440,1.452815,-0.048259,0.247474,0.092880,-0.128982,0.320206,0.280829,0.219995,-0.187794,0.498219,0.379986,-0.119050,0.204548,0.356805,-0.390330,0.362059,0.195310,-0.634939,0.182847,-0.193188
0.267520,-0.410630,0.656984,-0.245675,0.028719,0.964948,-0.087716,-0.697047,0.215260,0.072062,1.225509,-0.598584,-0.248424,-0.469708,-0.045443,-0.069838,1.914009,-0.192682,0.168500,0.053086,-0.147434,0.351096,-0.078818,0.178006,-0.211125,0.415372,0.470070,-0.139350,0.243929,0.676473,-0.365277,0.330275,0.315941,-0.551591,0.218685,-0.227035
0.197532,-0.415609,0.656583,-0.239612,0.035074,0.963277,-0.115986,-0.518843,0.183879,0.063469,1.075389,-0.630629,-0.251249,-0.792608,-0.079914,0.011342,2.224707,-0.346015,0.015371,-0.006073,-0.146980,0.381590,-0.360075,0.153444,-0.181221,0.230771,0.523787,-0.197353,0.266341,1.007583,-0.367667,0.283941,0.343379,-0.477298,0.150029,-0.260899
0.121234,-0.423208,0.657322,-0.232987,0.025902,0.965886,-0.110050,-0.285287,0.192238,0.082668,0.856259,-0.622232,-0.251289,-1.165336,-0.045049,0.098481,2.287287,-0.444197,-0.062138,-0.069845,-0.131677,0.402368,-0.544665,0.192141,-0.150953,-0.020926,0.543395,-0.276683,0.247225,1.260959,-0.406438,0.230276,0.291677,-0.443259,0.075792,-0.263616
0.036245,-0.432628,0.659086,-0.233569,0.009205,0.968999,-0.080013,-0.031276,0.203639,0.113226,0.594863,-0.448774,-0.250367,-1.432356,-0.017659,0.101485,2.094883,-0.525943,-0.049559,-0.112115,-0.102530,0.404846,-0.565118,0.307811,-0.174715,-0.193048,0.568132,-0.304093,0.180157,1.319712,-0.448212,0.190157,0.212097,-0.438652,0.052239,-0.251095
-0.056084,-0.442660,0.666855,-0.237540,0.006173,0.970021,-0.050955,0.160188,0.171062,0.178774,0.438963,-0.026201,-0.231198,-1.486407,-0.050780,0.056003,1.777068,-0.549155,0.048920,-0.126358,-0.061202,0.396724,-0.399706,0.402769,-0.256036,-0.160205,0.624758,-0.239788,0.102256,1.139366,-0.459506,0.208198,0.151678,-0.442417,0.074865,-0.252211
-0.151632,-0.451792,0.670737,-0.232953,0.016726,0.972004,-0.025724,0.193086,0.013980,0.131083,0.572162,0.214652,-0.250179,-1.348665,-0.093290,0.035453,1.481522,-0.539202,0.126177,-0.120557,-0.023654,0.393215,-0.167992,0.386931,-0.358791,0.096178,0.655895,-0.085389,0.012559,0.792672,-0.418895,0.262185,0.107150,-0.449668,0.108457,-0.281044
-0.246644,-0.459283,0.672732,-0.223193,0.026039,0.974426,0.000557,0.079908,-0.059135,0.212163,1.011222,0.187804,-0.246844,-1.131246,-0.121647,0.022435,1.314687,-0.568988,0.088023,-0.120120,-0.005082,0.403915,0.054356,0.323422,-0.372206,0.383747,0.623531,0.066676,-0.035711,0.374699,-0.319706,0.292784,0.072308,-0.456548,0.117038,-0.332092
-0.340025,-0.465001,0.678913,-0.215117,0.019072,0.975532,0.041218,-0.129281,0.027529,0.314724,1.599152,0.047292,-0.159935,-0.940136,-0.103514,0.003263,1.260256,-0.656374,0.058019,-0.102420,0.002210,0.427541,0.319468,0.306588,-0.340425,0.559775,0.584933,0.089189,-0.016013,-0.024942,-0.156390,0.283264,0.028225,-0.471196,0.064700,-0.409125
-0.432596,-0.469088,0.684121,-0.212863,0.009742,0.973935,0.077744,-0.464436,0.053166,0.312793,2.094657,-0.120164,-0.051730,-0.765741,-0.089312,0.008101,1.186887,-0.705795,0.079230,-0.056003,0.003685,0.457323,0.634370,0.349352,-0.300531,0.582676,0.543227,-0.021037,0.015758,-0.360723,-0.013713,0.266860,-0.093953,-0.498362,-0.040154,-0.476726
-0.527148,-0.470722,0.690913,-0.213879,0.017994,0.973013,0.084725,-0.928693,0.066517,0.239905,2.360354,-0.235220,0.039322,-0.558859,-0.131400,0.013484,1.030090,-0.719567,0.122996,0.005810,-0.004559,0.482242,0.879309,0.416936,-0.262835,0.550382,0.456158,-0.156369,0.034943,-0.615630,-0.017494,0.264156,-0.249898,-0.555234,-0.133680,-0.468476
-0.629949,-0.469795,0.695821,-0.215972,0.026983,0.973929,0.063959,-1.351692,0.049166,0.128832,2.302360,-0.282679,0.037761,-0.297832,-0.174855,-0.013487,0.807801,-0.614899,0.151200,0.059512,-0.022364,0.487686,0.982245,0.465794,-0.217298,0.505481,0.325259,-0.212765,0.034931,-0.683995,-0.156531,0.255401,-0.315529,-0.613883,-0.132910,-0.406402
-0.743067,-0.466339,0.696039,-0.216859,0.026759,0.975085,0.038292,-1.523287,0.055011,0.087277,2.006186,-0.364522,0.006816,-0.047791,-0.152200,-0.016527,0.618301,-0.292574,0.162094,0.087115,-0.050154,0.471018,0.870612,0.469507,-0.217756,0.493358,0.235052,-0.185293,0.058542,-0.527050,-0.298405,0.257770,-0.212035,-0.672565,-0.033298,-0.344352
-0.862346,-0.462693,0.697714,-0.214586,0.008733,0.976562,0.014221,-1.454584,0.056472,0.072605,1.609250,-0.413790,-0.143559,0.106680,-0.051734,-0.067252,0.661719,0.043473,0.247193,0.102327,-0.075927,0.446680,0.582027,0.438678,-0.266854,0.484076,0.232536,-0.132874,0.122218,-0.269220,-0.341988,0.305578,0.064886,-0.676922,0.126499,-0.283098
-0.983850,-0.459453,0.696737,-0.205829,-0.005390,0.978381,-0.019411,-1.256790,0.035476,0.073667,1.255540,-0.387327,-0.230553,0.119874,0.054754,-0.153153,1.026379,0.024220,0.251065,0.111951,-0.089669,0.429035,0.231114,0.383086,-0.329843,0.452692,0.294691,-0.122630,0.180591,0.015638,-0.291630,0.331806,0.327016,-0.610556,0.220170,-0.258435
-1.104081,-0.457799,0.694444,-0.201386,0.003941,0.977472,-0.063060,-1.029980,0.013298,0.124351,1.099241,-0.473642,-0.008913,0.004608,-0.011711,-0.252465,1.561997,-0.074670,0.248096,0.100602,-0.101971,0.425135,-0.141173,0.263450,-0.388691,0.406262,0.370753,-0.161377,0.219468,0.374677,-0.236444,0.323138,0.449931,-0.514017,0.212740,-0.301926
-1.224132,-0.458254,0.696170,-0.199841,0.022775,0.973861,-0.105543,-0.836389,-0.026374,0.134751,1.094017,-0.597114,0.012412,-0.234700,-0.037436,-0.238909,2.037810,-0.196275,0.186229,0.053073,-0.118867,0.433709,-0.447209,0.147482,-0.405086,0.279851,0.450883,-0.240205,0.248904,0.791817,-0.200953,0.292382,0.450017,-0.403980,0.118697,-0.353891
-1.346080,-0.463205,0.699278,-0.199794,0.023915,0.972081,-0.120704,-0.616362,-0.023666,0.090909,1.031456,-0.644061,-0.040500,-0.616352,-0.042340,-0.137872,2.310604,-0.340020,0.071311,-0.010756,-0.125416,0.445106,-0.690911,0.114992,-0.359533,0.087441,0.531363,-0.312755,0.249849,1.152020,-0.213820,0.290821,0.375403,-0.334144,0.012385,-0.361518
-1.472389,-0.474007,0.702199,-0.196200,0.008479,0.975278,-0.101327,-0.333276,0.020904,0.073453,0.864450,-0.588121,-0.081450,-1.054633,-0.035835,-0.002002,2.272352,-0.409886,-0.015788,-0.062145,-0.112406,0.448526,-0.781552,0.171623,-0.298980,-0.079671,0.573456,-0.337110,0.206198,1.323781,-0.304515,0.314202,0.271400,-0.342650,-0.028820,-0.322247
-1.605889,-0.488988,0.701611,-0.189006,-0.005256,0.980176,-0.059196,-0.034385,0.015600,0.038165,0.664427,-0.311089,-0.093501,-1.330471,-0.009967,0.019502,1.967340,-0.457067,-0.007556,-0.077736,-0.088599,0.434964,-0.651226,0.251511,-0.276845,-0.117218,0.591895,-0.294485,0.139042,1.259487,-0.406276,0.339307,0.172307,-0.408323,-0.002355,-0.271626
-1.745015,-0.504467,0.704376,-0.176286,-0.006546,0.984243,-0.012125,0.184440,-0.101014,-0.044125,0.632218,0.095788,-0.179521,-1.358314,0.036280,-0.023282,1.535782,-0.511131,0.106848,-0.072436,-0.065434,0.415600,-0.390229,0.281604,-0.287065,0.035628,0.604505,-0.184784,0.080599,0.981039,-0.430825,0.344100,0.098780,-0.475960,0.055905,-0.246300
-1.884194,-0.518604,0.705511,-0.158218,0.001371,0.987064,0.025890,0.255670,-0.228542,0.029536,0.897788,0.095788,-0.245515,-1.224410,0.104124,-0.043841,1.171702,-0.488526,0.243431,-0.077964,-0.057700,0.406333,-0.154955,0.246411,-0.295251,0.327705,0.619732,-0.035587,0.026970,0.612063,-0.347794,0.321604,0.049518,-0.526223,0.111267,-0.271022
-2.019496,-0.530482,0.706522,-0.142214,0.003936,0.987954,0.060879,0.153746,-0.109151,0.283361,1.427566,0.014454,-0.203171,-1.026922,0.096418,-0.071809,0.999737,-0.405413,0.237768,-0.086505,-0.055641,0.412007,0.048011,0.214568,-0.304703,0.615460,0.629404,0.078741,-0.019660,0.229235,-0.207224,0.283954,0.017638,-0.564998,0.113088,-0.327852
-2.151539,-0.540356,0.706256,-0.132194,-0.004282,0.987126,0.089937,-0.079016,-0.049803,0.364074,1.950967,-0.142990,-0.094651,-0.828000,0.115144,-0.046993,1.009825,-0.503047,0.012024,-0.073905,-0.043023,0.425600,0.272011,0.211883,-0.320177,0.780890,0.630603,0.075821,-0.034285,-0.099961,-0.061981,0.268358,-0.056746,-0.615065,0.045925,-0.389454
-2.282387,-0.547614,0.710079,-0.124045,-0.000718,0.986455,0.107324,-0.453040,0.034513,0.351570,2.294583,-0.276522,-0.002975,-0.624296,0.086426,-0.014383,1.042952,-0.633564,-0.024990,-0.032383,-0.034448,0.439021,0.535562,0.250279,-0.322486,0.770292,0.615087,-0.036068,-0.007696,-0.375486,0.002335,0.274658,-0.183902,-0.675873,-0.056195,-0.416695
-2.416512,-0.551302,0.714284,-0.117787,0.013852,0.988554,0.093244,-0.931922,0.094345,0.234170,2.329426,-0.307527,0.053561,-0.366697,0.013193,0.015295,0.963881,-0.671138,0.013626,0.019195,-0.034840,0.442593,0.756038,0.319386,-0.291500,0.664418,0.568578,-0.162974,0.015640,-0.537418,-0.061074,0.281435,-0.312382,-0.730804,-0.109909,-0.395463
-2.560117,-0.552612,0.715082,-0.112951,0.024185,0.991779,0.055066,-1.256912,0.089482,0.126543,2.062839,-0.329532,0.047384,-0.059463,-0.042051,0.005064,0.804688,-0.514465,0.060435,0.062653,-0.040550,0.419128,0.851312,0.401471,-0.245928,0.573439,0.504239,-0.233871,0.014826,-0.491307,-0.194142,0.261020,-0.346246,-0.762753,-0.079758,-0.339681
-2.711330,-0.553636,0.716623,-0.110117,0.029390,0.993412,0.011923,-1.338996,0.049784,0.079611,1.615752,-0.366077,-0.056257,0.206051,-0.030978,0.009374,0.705329,-0.139713,0.170908,0.085998,-0.052875,0.378947,0.797560,0.463549,-0.225840,0.498850,0.464608,-0.227511,0.014510,-0.281457,-0.319114,0.240290,-0.217462,-0.764058,0.029387,-0.273796
-2.865441,-0.555828,0.715707,-0.103185,0.023943,0.994154,-0.020893,-1.226249,0.002937,0.018555,1.133907,-0.398375,-0.190345,0.329200,0.052639,0.024487,0.892833,-0.078454,0.224819,0.096216,-0.067695,0.344116,0.606867,0.468516,-0.237134,0.455916,0.457992,-0.183762,0.040362,-0.050953,-0.357486,0.262449,0.055640,-0.745690,0.159305,-0.200532
-3.016421,-0.559376,0.714374,-0.094467,0.020295,0.994623,-0.037263,-1.039218,0.018386,0.006184,0.838022,-0.391388,-0.222331,0.260162,-0.015013,-0.108723,1.353906,-0.131003,0.178121,0.099366,-0.079259,0.330818,0.353016,0.421674,-0.270756,0.426683,0.474519,-0.152880,0.073107,0.123062,-0.354787,0.335121,0.358408,-0.721592,0.246647,-0.142736
-3.164349,-0.563480,0.712386,-0.085252,0.031760,0.994238,-0.056698,-0.861245,0.028927,0.050413,0.829338,-0.292525,-0.180318,0.049321,-0.059005,-0.139165,1.824921,-0.277851,0.060004,0.076638,-0.098551,0.338194,0.066691,0.341386,-0.321095,0.410832,0.511639,-0.161777,0.100131,0.313217,-0.346115,0.414426,0.560202,-0.666454,0.255894,-0.140956
-3.313007,-0.568264,0.707772,-0.072046,0.049810,0.993583,-0.071561,-0.669512,0.004709,0.057058,0.952435,-0.454098,-0.098851,-0.292816,-0.070678,-0.112081,2.119245,-0.371448,0.014653,0.037326,-0.120701,0.353194,-0.175024,0.267641,-0.348011,0.343883,0.565431,-0.208193,0.127263,0.531582,-0.338882,0.443650,0.599554,-0.583605,0.207703,-0.181421
-3.464513,-0.574405,0.704157,-0.053355,0.058715,0.994701,-0.065383,-0.400094,0.010519,0.059114,1.007611,-0.622227,-0.113818,-0.692122,-0.081038,-0.054493,2.135063,-0.422844,-0.043511,-0.005168,-0.136540,0.358115,-0.322502,0.239571,-0.313370,0.203088,0.610799,-0.266925,0.148481,0.754341,-0.352193,0.429694,0.525773,-0.504289,0.126631,-0.215992
-3.622324,-0.581697,0.699586,-0.032112,0.065605,0.996653,-0.036712,-0.064755,-0.000675,0.047443,0.959019,-0.584348,-0.146292,-0.971135,-0.079006,-0.027253,1.866973,-0.415327,-0.064343,-0.040154,-0.144983,0.339821,-0.337084,0.241342,-0.253855,0.051293,0.621873,-0.313556,0.145851,0.934329,-0.389856,0.414852,0.404119,-0.470661,0.080417,-0.217159
-3.783908,-0.588850,0.701506,-0.017584,0.068650,0.997476,-0.004324,0.234611,-0.048924,0.015264,0.866958,-0.268995,-0.161843,-1.041639,-0.048036,-0.054770,1.384458,-0.429763,0.002797,-0.063842,-0.143515,0.303764,-0.232294,0.260591,-0.237609,-0.022950,0.621043,-0.325745,0.112682,1.029206,-0.436583,0.407404,0.270971,-0.487858,0.088539,-0.204397
-3.944419,-0.594422,0.700844,-0.006897,0.083297,0.996453,0.009753,0.393465,-0.123617,-0.020327,0.906771,-0.102868,-0.217325,-0.975094,0.009451,-0.003203,0.872213,-0.432133,0.151229,-0.080183,-0.137656,0.268972,-0.069116,0.262000,-0.277849,0.030637,0.638629,-0.299784,0.059569,1.021192,-0.445594,0.379990,0.168602,-0.526384,0.133223,-0.207234
-4.097064,-0.597673,0.698370,-0.003024,0.092616,0.995685,0.004871,0.319867,-0.080994,0.070446,1.177831,-0.119332,-0.204212,-0.890066,0.011991,0.037289,0.673647,-0.227088,0.112437,-0.087389,-0.134876,0.259955,0.067920,0.255674,-0.329962,0.186961,0.672552,-0.227048,0.007200,0.892337,-0.393081,0.359575,0.117199,-0.569137,0.189468,-0.218589
-4.243985,-0.598532,0.693799,0.005739,0.089434,0.995976,0.000241,0.081397,0.001599,0.123305,1.543637,-0.226697,-0.100609,-0.824829,0.001500,-0.012502,0.903796,-0.127089,-0.159908,-0.072979,-0.125928,0.277583,0.172959,0.255126,-0.345416,0.381449,0.707618,-0.122981,-0.030996,0.691816,-0.331747,0.371328,0.132333,-0.611924,0.238768,-0.225487
-4.385207,-0.595670,0.694210,0.020744,0.087701,0.995919,-0.004772,-0.248839,0.031632,0.121775,1.784353,-0.345581,0.008490,-0.696517,-0.005385,-0.049652,1.160677,-0.370307,-0.216604,-0.048163,-0.112700,0.306249,0.280024,0.276607,-0.338106,0.536297,0.732769,-0.053917,-0.055663,0.479172,-0.335807,0.399272,0.171239,-0.644307,0.241791,-0.222763
-4.529127,-0.593208,0.691873,0.033549,0.088929,0.995408,-0.011318,-0.599474,0.061727,0.141160,1.758293,-0.397442,0.043115,-0.491991,-0.024377,-0.093787,1.315770,-0.565240,-0.227641,-0.018296,-0.103947,0.325604,0.376364,0.318130,-0.335217,0.608570,0.743517,-0.051137,-0.081200,0.328244,-0.402612,0.425362,0.152905,-0.671601,0.192170,-0.231423
-4.676977,-0.591324,0.685535,0.041655,0.082297,0.995428,-0.024813,-0.815492,0.074194,0.182311,1.446694,-0.387468,0.013770,-0.284260,-0.017594,-0.110781,1.430306,-0.498957,-0.112999,0.011594,-0.097030,0.324237,0.483845,0.393829,-0.332196,0.576832,0.726102,-0.104997,-0.099488,0.297836,-0.487430,0.418084,0.070076,-0.685192,0.128779,-0.257398
-4.829128,-0.588586,0.680161,0.050828,0.069030,0.995792,-0.032391,-0.861605,0.012243,0.166644,0.967897,-0.375236,-0.128196,-0.133134,0.018643,-0.089488,1.564977,-0.312839,0.100801,0.036033,-0.087497,0.308701,0.624511,0.477288,-0.300457,0.455094,0.680577,-0.166102,-0.103997,0.375540,-0.555441,0.404744,-0.009177,-0.697101,0.103978,-0.280535
-4.979594,-0.585414,0.672269,0.062944,0.059531,0.995962,-0.023542,-0.807529,-0.044135,0.123062,0.565361,-0.276911,-0.245123,-0.070218,-0.011751,-0.071388,1.727566,-0.386260,0.065117,0.043745,-0.077943,0.294971,0.770057,0.525559,-0.252376,0.294466,0.639258,-0.203077,-0.100428,0.478834,-0.602533,0.412732,-0.016885,-0.718799,0.132776,-0.269354
-5.124205,-0.581147,0.661998,0.080106,0.053313,0.995306,-0.010332,-0.731364,-0.023999,0.141517,0.477361,-0.193957,-0.247118,-0.161409,-0.067117,-0.056580,1.913830,-0.486731,-0.059662,0.029995,-0.073171,0.299565,0.846356,0.542601,-0.224121,0.146779,0.645724,-0.226949,-0.097390,0.541676,-0.592987,0.452546,0.079248,-0.746055,0.214810,-0.233530
-5.262528,-0.575340,0.648980,0.099151,0.069856,0.992601,-0.005781,-0.706114,-0.024905,0.104697,0.731623,0.093704,-0.166211,-0.420226,-0.123555,-0.027131,1.987705,-0.515173,-0.086540,0.007093,-0.083664,0.328744,0.730358,0.523177,-0.266585,0.072167,0.708634,-0.220804,-0.113787,0.572105,-0.530585,0.493701,0.244902,-0.764187,0.315914,-0.181809
-5.396659,-0.567564,0.647647,0.118749,0.086841,0.989019,-0.014104,-0.660284,-0.033026,0.131690,1.093016,-0.163687,-0.093661,-0.683775,-0.171489,-0.031816,1.848178,-0.525694,-0.127696,-0.021593,-0.101993,0.359097,0.526973,0.505932,-0.323807,0.070814,0.787337,-0.207999,-0.118864,0.615288,-0.465856,0.555495,0.423277,-0.759940,0.337339,-0.110440
-5.532129,-0.558617,0.646603,0.134030,0.104667,0.985114,-0.025132,-0.570776,-0.033185,0.152062,1.408756,-0.278921,-0.104858,-0.838354,-0.223625,-0.081277,1.485876,-0.495080,-0.091718,-0.047538,-0.126363,0.376026,0.349521,0.497261,-0.359668,0.075629,0.827763,-0.211102,-0.096181,0.687573,-0.458466,0.658835,0.515645,-0.747087,0.234134,-0.019136
-5.666595,-0.548362,0.650349,0.150077,0.123442,0.980437,-0.031338,-0.476822,-0.035965,0.156528,1.655088,-0.150605,-0.133744,-0.830291,-0.201493,-0.115377,1.028001,-0.380060,-0.026880,-0.070863,-0.154759,0.374558,0.290346,0.504532,-0.356697,0.019306,0.812103,-0.243196,-0.049264,0.820942,-0.543017,0.729113,0.458118,-0.721058,0.040770,0.062530
-5.797064,-0.536574,0.649724,0.169533,0.139634,0.975051,-0.032183,-0.411268,0.016988,0.121618,1.821392,-0.103537,-0.204459,-0.726429,-0.181530,-0.155683,0.712128,-0.278654,0.040733,-0.076919,-0.183474,0.363038,0.362687,0.552127,-0.320229,-0.106376,0.757556,-0.295106,-0.013577,1.011527,-0.659473,0.714727,0.320599,-0.661611,-0.128169,0.187587
-5.921544,-0.523186,0.644747,0.189341,0.149313,0.970043,-0.029529,-0.448807,0.098874,0.055897,1.857047,-0.186457,-0.098072,-0.637328,-0.172824,-0.203578,0.681269,-0.087760,-0.073245,-0.061089,-0.203497,0.357786,0.530707,0.623830,-0.247774,-0.232344,0.704213,-0.330718,-0.002453,1.161434,-0.745998,0.658662,0.197858,-0.636667,-0.196488,0.391662
-6.040208,-0.508783,0.635286,0.205276,0.134180,0.968912,-0.032673,-0.564641,0.136560,-0.001740,1.688284,-0.252048,-0.053785,-0.620726,-0.160229,-0.155012,0.918700,0.094808,-0.242190,-0.056041,-0.206199,0.366544,0.747128,0.668999,-0.121186,-0.285181,0.685741,-0.317886,-0.002196,1.151584,-0.783912,0.623495,0.113053,-0.748131,-0.193351,0.572882
-6.153644,-0.492979,0.628274,0.207268,0.117741,0.970830,-0.025818,-0.641812,0.157960,-0.030971,1.312900,-0.256560,-0.143245,-0.614684,-0.119914,-0.202783,1.239137,-0.118028,-0.250601,-0.045001,-0.203509,0.371279,0.939188,0.650809,0.015415,-0.254791,0.700382,-0.268940,-0.008721,1.023141,-0.782574,0.610769,0.040679,-0.993023,-0.172953,0.616048
-6.265641,-0.475962,0.616953,0.198877,0.108815,0.973949,-0.005480,-0.629305,0.122655,-0.109778,0.875521,-0.207708,-0.242415,-0.607807,-0.073659,-0.284175,1.550269,-0.228967,-0.243042,-0.014420,-0.197203,0.365495,1.024974,0.604125,0.095198,-0.199915,0.731759,-0.221743,-0.025898,0.879088,-0.757218,0.591956,-0.039587,-1.272588,-0.122578,0.564004
-6.372366,-0.459621,0.613093,0.193621,0.107755,0.974934,0.020063,-0.563519,0.131312,-0.121782,0.626648,-0.116569,-0.248894,-0.648295,-0.038831,-0.282411,1.831582,-0.219995,-0.085726,0.022637,-0.184566,0.359774,0.989973,0.570954,0.094244,-0.157823,0.771949,-0.214984,-0.051295,0.790525,-0.706757,0.538629,-0.102380,-1.443978,-0.039984,0.505858
-6.473184,-0.440518,0.604113,0.197493,0.111576,0.972578,0.051372,-0.507828,0.095384,-0.159307,0.665234,0.062851,-0.251280,-0.718902,-0.119718,-0.248938,2.013317,-0.283013,-0.079813,0.052195,-0.174754,0.366804,0.868015,0.540139,0.032341,-0.154875,0.812868,-0.246589,-0.069144,0.735967,-0.631886,0.478118,-0.125835,-1.467255,0.063419,0.411813
-6.567912,-0.416172,0.589019,0.210047,0.124039,0.967580,0.065454,-0.482323,0.091444,-0.089554,0.912683,-0.025596,-0.251426,-0.835126,-0.298640,-0.213682,2.028924,-0.369002,-0.172767,0.047735,-0.178034,0.393853,0.664019,0.471796,-0.078329,-0.191281,0.851516,-0.287776,-0.079430,0.689012,-0.555647,0.440449,-0.098120,-1.412439,0.168912,0.247878
-6.656142,-0.387649,0.581610,0.219435,0.135213,0.964361,0.059783,-0.430998,0.110021,-0.064727,1.121188,-0.230385,-0.251410,-0.957400,-0.456175,-0.236572,1.864200,-0.423385,-0.232861,0.025783,-0.198703,0.422775,0.401901,0.385387,-0.212554,-0.233765,0.878232,-0.330977,-0.074428,0.675678,-0.494223,0.446848,-0.025389,-1.330401,0.218734,0.092191
-6.741974,-0.352691,0.579971,0.223971,0.153989,0.961290,0.045242,-0.314149,0.100044,-0.067843,1.200472,-0.394988,-0.251401,-1.034613,-0.567303,-0.274639,1.590635,-0.388097,-0.231760,-0.007054,-0.228487,0.436463,0.134084,0.299668,-0.361265,-0.276968,0.860173,-0.388489,-0.037733,0.724359,-0.490076,0.481530,0.040805,-1.219968,0.184582,0.057648
-6.825914,-0.310237,0.586830,0.228107,0.182724,0.955162,0.047384,-0.137943,0.081659,-0.076348,1.188016,-0.425910,-0.251396,-1.022865,-0.607498,-0.321459,1.309607,-0.297506,-0.237478,-0.037984,-0.264887,0.425604,-0.057094,0.256007,-0.472150,-0.326793,0.808605,-0.430730,0.016159,0.814073,-0.565633,0.512133,0.058549,-1.119531,0.095541,0.157180
-6.906903,-0.261331,0.595555,0.230133,0.214723,0.945728,0.080811,0.029470,0.038895,-0.137306,1.164870,-0.210501,-0.251590,-0.923237,-0.581732,-0.386355,1.126366,-0.215352,-0.248207,-0.046935,-0.297364,0.395017,-0.110787,0.287068,-0.492647,-0.336705,0.787339,-0.419831,0.048365,0.875880,-0.694166,0.502657,0.041235,-1.087907,0.007294,0.325854
-6.982034,-0.208426,0.617158,0.232662,0.239287,0.934902,0.120698,0.095582,-0.009304,-0.202377,1.219573,0.153235,-0.251369,-0.765529,-0.505683,-0.371749,1.059005,-0.168827,-0.251236,-0.049885,-0.314432,0.364923,-0.033781,0.362961,-0.431468,-0.242604,0.807723,-0.340370,0.038952,0.843154,-0.809568,0.455120,0.036028,-1.129401,-0.046659,0.465525
-7.050877,-0.152623,0.631461,0.233926,0.257452,0.926120,0.145939,0.024704,-0.069961,-0.238052,1.374974,0.197583,-0.251072,-0.591785,-0.512073,-0.329080,1.075590,-0.374083,-0.251422,-0.061765,-0.322823,0.353611,0.088646,0.438193,-0.331854,-0.050353,0.856281,-0.224938,0.002458,0.699046,-0.853444,0.406570,0.058626,-1.207763,-0.047505,0.476697
-7.114306,-0.096025,0.642687,0.224176,0.271590,0.919993,0.172040,-0.196920,-0.079401,-0.229731,1.600622,0.074032,-0.244042,-0.456463,-0.494537,-0.377373,1.099385,-0.598508,-0.251362,-0.064973,-0.328565,0.366242,0.194845,0.502777,-0.242424,0.172984,0.916346,-0.120972,-0.044832,0.474693,-0.807403,0.369398,0.071653,-1.239892,-0.007589,0.348285
-7.173495,-0.038700,0.648775,0.205500,0.281998,0.915134,0.201932,-0.521007,-0.085780,-0.170678,1.789479,-0.087508,-0.111896,-0.346536,-0.438683,-0.403467,1.089096,-0.733304,-0.251366,-0.056478,-0.328026,0.394253,0.312349,0.553995,-0.185323,0.373922,0.960198,-0.071913,-0.079273,0.243162,-0.730816,0.340736,0.031621,-1.122455,0.009163,0.180189
-7.233285,0.021687,0.651376,0.177629,0.290437,0.910626,0.234208,-0.857833,-0.092184,-0.069537,1.824191,-0.205684,-0.044774,-0.214885,-0.370738,-0.458747,1.011581,-0.830866,-0.251342,-0.024804,-0.327517,0.414196,0.427460,0.578148,-0.134848,0.482793,0.950039,-0.074957,-0.121628,0.076154,-0.680267,0.340674,-0.093180,-0.888176,-0.028703,0.054959
-7.296409,0.087909,0.649584,0.148643,0.296447,0.907202,0.258860,-1.093422,-0.129138,0.036682,1.665188,-0.237289,-0.043577,-0.056946,-0.279837,-0.498932,0.875842,-0.849714,-0.251181,0.021519,-0.328931,0.414288,0.541179,0.573956,-0.067273,0.499609,0.869063,-0.117133,-0.138198,0.028574,-0.701039,0.368136,-0.268835,-0.653727,-0.059893,-0.029672
-7.359111,0.159942,0.642461,0.126009,0.298327,0.905176,0.275280,-1.172876,-0.164134,0.109257,1.383713,-0.219316,-0.171017,0.066814,-0.130952,-0.434643,0.767944,-0.733886,-0.249252,0.065456,-0.332363,0.401215,0.598417,0.542584,0.006495,0.468569,0.745319,-0.144401,-0.133202,0.119616,-0.758366,0.396960,-0.384082,-0.540987,-0.020019,-0.089942
-7.421332,0.234768,0.634322,0.107046,0.279324,0.907259,0.295635,-1.086058,-0.149880,0.143556,1.107960,-0.151119,-0.247659,0.097381,0.107037,-0.308549,0.849165,-0.459202,-0.200781,0.097203,-0.326335,0.383201,0.540037,0.497696,0.051587,0.447189,0.642747,-0.143614,-0.089671,0.293071,-0.746239,0.447417,-0.330533,-0.554164,0.093517,-0.127070
-7.478439,0.311677,0.621375,0.096225,0.255438,0.906265,0.322761,-0.908549,-0.088205,0.151307,0.961626,-0.115767,-0.251230,0.062182,0.145890,-0.261467,1.225768,-0.422489,-0.097992,0.102998,-0.312339,0.370960,0.403262,0.417601,0.039408,0.421894,0.608247,-0.156643,-0.014889,0.464983,-0.667030,0.506630,-0.123404,-0.601166,0.261363,-0.128786
-7.530237,0.391412,0.603466,0.097914,0.233602,0.905885,0.339433,-0.709664,-0.027531,0.172712,0.936349,-0.229198,-0.251433,-0.052876,0.042948,-0.266808,1.751456,-0.509274,-0.172287,0.071708,-0.300851,0.375585,0.168215,0.323261,-0.042038,0.368285,0.617002,-0.179301,0.015563,0.638056,-0.588580,0.508010,0.115096,-0.590535,0.387436,-0.150156
-7.575071,0.473138,0.605685,0.107969,0.225222,0.906877,0.339400,-0.551456,-0.002116,0.140966,0.948017,-0.336207,-0.251447,-0.313112,0.002399,-0.174485,2.196325,-0.588186,-0.218992,0.012712,-0.300256,0.399765,-0.116534,0.222046,-0.167614,0.276201,0.653772,-0.230031,0.018671,0.840323,-0.562941,0.435115,0.252254,-0.511820,0.397281,-0.211325
-7.619159,0.558686,0.614701,0.116276,0.214362,0.907739,0.341378,-0.346722,0.015949,0.104491,0.876675,-0.413895,-0.251389,-0.699842,-0.059521,-0.018247,2.404348,-0.589928,-0.226810,-0.053572,-0.301121,0.422370,-0.387626,0.170324,-0.258862,0.120987,0.693204,-0.298204,0.024071,1.064543,-0.571509,0.342817,0.286184,-0.396179,0.297131,-0.285119
-7.663038,0.651579,0.624557,0.117297,0.214352,0.895274,0.372531,-0.081739,0.018604,0.052625,0.714233,-0.392194,-0.251280,-1.110652,-0.087272,0.138198,2.309528,-0.561492,-0.228862,-0.101045,-0.305655,0.423165,-0.559320,0.169957,-0.278369,-0.073173,0.701521,-0.347837,0.030727,1.281806,-0.590968,0.244241,0.211522,-0.291213,0.181924,-0.336254
-7.705743,0.753332,0.627587,0.106902,0.225934,0.869654,0.425709,0.157821,0.046533,0.021532,0.559642,-0.120284,-0.251531,-1.318097,-0.135713,0.124257,1.954574,-0.552091,-0.247565,-0.115684,-0.305235,0.398176,-0.548226,0.208319,-0.259729,-0.182843,0.696164,-0.329787,0.015273,1.378221,-0.586756,0.185178,0.078489,-0.244212,0.118404,-0.358393
-7.746331,0.858925,0.638837,0.102573,0.244055,0.838999,0.475390,0.249940,0.039211,0.055106,0.651211,0.215474,-0.251360,-1.250301,-0.114047,0.013235,1.508536,-0.546478,-0.204456,-0.110334,-0.301248,0.370029,-0.364232,0.234187,-0.218549,-0.108067,0.721688,-0.244363,-0.016584,1.272381,-0.560568,0.207362,-0.052163,-0.267367,0.111625,-0.354878
-7.782130,0.964755,0.646121,0.101642,0.248328,0.813552,0.515883,0.176681,-0.102457,-0.024808,1.043573,0.211083,-0.250861,-1.044886,-0.162036,-0.059883,1.216295,-0.439888,-0.249440,-0.103628,-0.285360,0.359962,-0.139933,0.241499,-0.167954,0.126363,0.755368,-0.109002,-0.049941,0.976984,-0.508963,0.295314,-0.151882,-0.329715,0.124148,-0.340587
-7.812272,1.069106,0.662937,0.106533,0.242613,0.789577,0.553497,-0.020961,0.011370,0.096275,1.573078,0.062267,-0.239209,-0.833177,-0.185095,-0.124218,1.230721,-0.551117,-0.251254,-0.106849,-0.268912,0.369469,0.075761,0.236868,-0.118453,0.359496,0.760586,-0.007867,-0.072741,0.580112,-0.403089,0.377456,-0.217093,-0.405551,0.114151,-0.351249
-7.838806,1.173873,0.670552,0.102939,0.236273,0.756412,0.601182,-0.325108,0.075763,0.151949,2.019182,-0.121684,-0.087964,-0.640889,-0.142312,-0.128902,1.262187,-0.648771,-0.251328,-0.088732,-0.252338,0.386800,0.331368,0.226413,-0.117697,0.469939,0.722339,-0.001723,-0.081226,0.178379,-0.264769,0.411609,-0.278815,-0.479029,0.063990,-0.408221
-7.862308,1.280915,0.670844,0.101872,0.242506,0.721554,0.640447,-0.752510,0.106980,0.186210,2.234380,-0.227863,0.014334,-0.432514,-0.166349,-0.156506,1.229254,-0.712936,-0.251306,-0.041429,-0.248794,0.403416,0.627342,0.218110,-0.164409,0.457893,0.663804,-0.084907,-0.082091,-0.128116,-0.175376,0.411107,-0.381301,-0.579913,-0.011921,-0.489279
-7.881892,1.395710,0.663590,0.099855,0.244287,0.706011,0.657192,-1.148406,0.115066,0.180662,2.161808,-0.258686,0.137567,-0.186726,-0.177282,-0.209828,1.120564,-0.676261,-0.250790,0.026108,-0.250133,0.407836,0.906705,0.245661,-0.201393,0.373463,0.599601,-0.182257,-0.074865,-0.305678,-0.193599,0.365135,-0.493454,-0.676572,-0.047447,-0.513501
-7.896833,1.519766,0.651154,0.097302,0.235556,0.708182,0.658425,-1.374373,0.027880,0.214538,1.843937,-0.279254,0.130589,0.090897,-0.115176,-0.251226,0.928867,-0.473393,-0.237898,0.089697,-0.237918,0.396394,1.088459,0.278567,-0.192480,0.290212,0.520657,-0.247315,-0.060492,-0.324739,-0.299835,0.278366,-0.521007,-0.728133,0.007390,-0.468418
-7.909107,1.648088,0.644484,0.096049,0.222635,0.720810,0.649339,-1.384106,-0.029947,0.254758,1.350636,-0.299672,-0.022564,0.310496,0.013218,-0.147470,0.809465,-0.135950,-0.003731,0.124722,-0.225798,0.381147,1.092783,0.279581,-0.160381,0.236388,0.437608,-0.236520,-0.045391,-0.210525,-0.380587,0.195911,-0.394178,-0.733896,0.133710,-0.388475
-7.918039,1.776002,0.634877,0.093269,0.199497,0.727082,0.650272,-1.246308,-0.109107,0.237640,0.868988,-0.237208,-0.237603,0.379771,0.161613,0.015017,0.992844,-0.109993,0.138732,0.142772,-0.211283,0.373525,0.943224,0.251834,-0.142126,0.218018,0.390511,-0.163675,-0.017533,-0.085102,-0.359956,0.164179,-0.115345,-0.717432,0.287432,-0.290276
-7.925205,1.897966,0.624580,0.090802,0.178798,0.727583,0.656056,-1.088510,-0.080732,0.263385,0.722923,0.000191,-0.247625,0.252776,0.004098,-0.130716,1.469590,-0.191565,0.088781,0.149586,-0.189368,0.386952,0.683688,0.212297,-0.171286,0.230502,0.410399,-0.102784,0.013880,-0.021744,-0.281345,0.164514,0.244928,-0.709237,0.441545,-0.184767
-7.929119,2.015740,0.612191,0.108236,0.171869,0.733784,0.648311,-0.996004,-0.107186,0.239853,0.898842,-0.011686,-0.185385,-0.021428,-0.112394,-0.117333,1.958083,-0.317036,-0.050156,0.123350,-0.185990,0.426926,0.377841,0.172083,-0.231731,0.248433,0.477050,-0.104413,0.044758,0.034747,-0.219398,0.148397,0.581116,-0.714836,0.486526,-0.102432
-7.927685,2.132133,0.614938,0.122532,0.150893,0.740248,0.643622,-0.872831,-0.098137,0.212636,1.126419,-0.258189,-0.201558,-0.394558,-0.129669,-0.034181,2.230434,-0.418507,-0.111983,0.085026,-0.178435,0.468084,0.119334,0.162725,-0.249965,0.173573,0.533595,-0.174689,0.078620,0.121898,-0.159645,0.195289,0.756329,-0.719422,0.474866,-0.094677
-7.924301,2.252475,0.619977,0.132473,0.118644,0.738667,0.650189,-0.700175,-0.054740,0.165941,1.326436,-0.444526,-0.214691,-0.805204,-0.184779,0.109562,2.194073,-0.449672,-0.168542,0.042563,-0.157432,0.496588,-0.001685,0.168818,-0.215878,0.012147,0.533682,-0.269991,0.103494,0.217713,-0.143331,0.270877,0.796642,-0.728438,0.398637,-0.086230
-7.919100,2.376360,0.624390,0.146422,0.092514,0.725415,0.666164,-0.549640,-0.010333,0.129325,1.534933,-0.324541,-0.166704,-1.066932,-0.250976,0.183063,1.865796,-0.472594,-0.174731,0.002643,-0.136206,0.505552,0.068301,0.189313,-0.187248,-0.125435,0.508086,-0.323836,0.099118,0.280611,-0.176504,0.335240,0.791245,-0.732829,0.342570,-0.032146
-7.911629,2.502415,0.633971,0.161524,0.073138,0.710676,0.680809,-0.448264,0.048371,0.109017,1.700585,-0.109344,-0.140805,-1.098708,-0.267873,0.185602,1.366207,-0.439333,-0.102058,-0.024422,-0.122283,0.504263,0.262589,0.229089,-0.183317,-0.139049,0.522496,-0.312301,0.059640,0.294913,-0.223859,0.371587,0.787262,-0.741714,0.342336,0.016385
-7.902840,2.624959,0.639772,0.176013,0.049580,0.704419,0.685825,-0.426410,0.077920,0.085714,1.808397,-0.170208,-0.063318,-0.977986,-0.213410,0.276825,0.919107,-0.336022,0.055476,-0.034322,-0.104251,0.501394,0.457984,0.282817,-0.202814,-0.014301,0.572246,-0.237037,0.000714,0.286447,-0.259559,0.382917,0.772241,-0.760173,0.365243,0.008857
-7.894199,2.740195,0.642110,0.183119,0.019169,0.703000,0.686943,-0.541115,0.102147,0.106800,1.821883,-0.199482,-0.020917,-0.862691,-0.184425,0.297872,0.813803,-0.011996,0.090422,-0.028508,-0.083925,0.505659,0.586257,0.332323,-0.207872,0.144486,0.604197,-0.133854,-0.044550,0.255187,-0.273315,0.385413,0.725551,-0.773105,0.363595,-0.029743
-7.885597,2.849964,0.640338,0.173152,-0.016863,0.701910,0.690693,-0.703942,0.163611,0.164203,1.646216,-0.239506,-0.031522,-0.820741,-0.131839,0.239425,1.045673,0.042874,0.021524,-0.014826,-0.060996,0.508921,0.683228,0.374433,-0.172206,0.233284,0.599672,-0.063956,-0.064955,0.203715,-0.280038,0.388610,0.648567,-0.772950,0.317265,-0.067841
-7.877262,2.957303,0.635704,0.163764,-0.045063,0.697324,0.696340,-0.802856,0.173297,0.228416,1.282301,-0.258610,-0.068345,-0.788406,-0.103576,0.158158,1.367808,-0.171264,-0.002042,-0.000680,-0.039130,0.509104,0.739147,0.390092,-0.140632,0.233511,0.579136,-0.049712,-0.079649,0.167061,-0.311840,0.378400,0.536960,-0.773528,0.259101,-0.123294
-7.870897,3.064146,0.627823,0.158267,-0.072674,0.682693,0.709648,-0.792547,0.117660,0.187960,0.885360,-0.203982,-0.240156,-0.729944,-0.098389,0.077396,1.655773,-0.261667,-0.020490,0.013386,-0.026797,0.506736,0.760491,0.404676,-0.125369,0.171235,0.559351,-0.090929,-0.085646,0.177834,-0.357585,0.353424,0.399142,-0.779651,0.205423,-0.177497
-7.865453,3.167944,0.624076,0.159788,-0.099592,0.656907,0.730084,-0.686311,0.112227,0.120783,0.667396,-0.155312,-0.250360,-0.706141,-0.139153,0.023129,1.894997,-0.185019,0.033994,0.019890,-0.024337,0.498607,0.705344,0.411142,-0.134816,0.106970,0.577079,-0.120275,-0.084731,0.241333,-0.391685,0.327702,0.265625,-0.785430,0.162070,-0.202319
-7.860123,3.267465,0.616208,0.173402,-0.121530,0.620043,0.755452,-0.599765,0.148271,0.082321,0.729906,0.057617,-0.239934,-0.737517,-0.228265,-0.003466,1.995516,-0.260434,-0.070813,0.012662,-0.036152,0.491686,0.588012,0.397563,-0.150333,0.081437,0.643097,-0.116826,-0.068739,0.334776,-0.423352,0.301415,0.152685,-0.782220,0.130137,-0.197695
-7.853504,3.363091,0.604065,0.200138,-0.126153,0.583521,0.776874,-0.546750,0.174314,0.118682,0.972984,0.057390,-0.176298,-0.810980,-0.357373,-0.086875,1.859307,-0.356602,-0.160271,-0.007395,-0.071034,0.487885,0.419740,0.347874,-0.152071,0.089764,0.730375,-0.101389,-0.035894,0.445459,-0.457292,0.247203,0.032027,-0.771891,0.117993,-0.180759
-7.845253,3.453694,0.600893,0.225281,-0.123845,0.549168,0.795189,-0.453955,0.234620,0.223532,1.228762,-0.189906,-0.170401,-0.819648,-0.437052,-0.272799,1.559736,-0.424473,-0.207090,-0.026252,-0.124367,0.472961,0.287516,0.300664,-0.107928,0.066493,0.786460,-0.102802,0.007827,0.548702,-0.471543,0.212654,-0.071072,-0.771759,0.109098,-0.164353
-7.835307,3.541409,0.604469,0.251277,-0.117655,0.511635,0.813171,-0.327946,0.265365,0.324140,1.432881,-0.315887,-0.185742,-0.727952,-0.441987,-0.481837,1.222703,-0.349696,-0.175914,-0.035874,-0.176851,0.441300,0.224101,0.255459,-0.049595,-0.008608,0.774967,-0.144756,0.043894,0.651241,-0.504418,0.217884,-0.169016,-0.776642,0.071849,-0.126526
-7.824365,3.622941,0.612081,0.280239,-0.113817,0.469333,0.829601,-0.244647,0.216617,0.350660,1.602240,-0.186442,-0.238880,-0.573155,-0.414883,-0.615901,1.002356,-0.208556,-0.144552,-0.034529,-0.215137,0.399564,0.235780,0.223558,-0.023839,-0.120261,0.717392,-0.222960,0.052435,0.742703,-0.579246,0.246433,-0.259330,-0.781412,0.022994,-0.052474
-7.811917,3.697257,0.633806,0.308914,-0.117683,0.442565,0.833582,-0.235360,0.142609,0.318875,1.738352,-0.049711,-0.249257,-0.423580,-0.419032,-0.527841,0.946782,-0.202705,-0.246273,-0.042449,-0.237543,0.361783,0.294000,0.215322,-0.041929,-0.230832,0.656689,-0.308940,0.035482,0.790888,-0.668814,0.261878,-0.312453,-0.812739,0.005940,0.033949
-7.799536,3.765617,0.647592,0.332834,-0.116951,0.419225,0.836537,-0.256400,0.160468,0.252542,1.740522,-0.105874,-0.218325,-0.335578,-0.500584,-0.409055,1.022574,-0.430489,-0.251129,-0.045746,-0.254943,0.333752,0.367901,0.207268,-0.067753,-0.294378,0.610675,-0.355756,0.013982,0.728041,-0.718091,0.274048,-0.292626,-0.908684,0.023099,0.096259
-7.788533,3.829504,0.653611,0.333680,-0.120646,0.394778,0.847498,-0.308402,0.150350,0.174923,1.514668,-0.191295,-0.164839,-0.363447,-0.520462,-0.298291,1.201598,-0.495129,-0.251363,-0.054910,-0.257810,0.323589,0.431715,0.189533,-0.070263,-0.288700,0.606159,-0.330046,-0.004729,0.554599,-0.663550,0.310064,-0.208420,-1.047341,0.062798,0.112020
-7.778532,3.890966,0.655125,0.325528,-0.120490,0.365596,0.863628,-0.299454,0.053783,0.055466,1.107728,-0.202696,-0.247280,-0.442910,-0.530842,-0.209649,1.424617,-0.481176,-0.251446,-0.069182,-0.244051,0.319478,0.460154,0.169312,-0.054912,-0.202011,0.667154,-0.263151,-0.022808,0.398414,-0.524256,0.315292,-0.113489,-1.127166,0.120709,0.058371
-7.770157,3.950656,0.661836,0.311863,-0.114586,0.326853,0.884748,-0.213372,0.001629,-0.060656,0.688054,-0.075243,-0.251139,-0.579245,-0.542639,-0.149663,1.655775,-0.392153,-0.251175,-0.076563,-0.216079,0.317424,0.436316,0.163026,-0.060047,-0.103681,0.740605,-0.194604,-0.049894,0.324224,-0.364623,0.277887,-0.122232,-1.089308,0.132739,-0.038570
-7.762841,4.006332,0.663357,0.301251,-0.104692,0.270152,0.908463,-0.138590,0.050693,-0.023987,0.471786,0.002314,-0.250274,-0.780629,-0.501069,-0.062346,1.835162,-0.341397,-0.246501,-0.074071,-0.181611,0.326573,0.391458,0.149085,-0.101572,-0.066451,0.735718,-0.172542,-0.070430,0.297200,-0.303237,0.274891,-0.218605,-1.010627,0.073597,-0.127656
-7.755273,4.056780,0.659591,0.295764,-0.097863,0.216144,0.925326,-0.113637,-0.025860,0.077476,0.527948,-0.077917,-0.251341,-1.000060,-0.484813,0.056301,1.882141,-0.345293,-0.207700,-0.088128,-0.165401,0.349562,0.372596,0.136923,-0.158393,-0.106363,0.659466,-0.220688,-0.061382,0.270001,-0.344113,0.299764,-0.318859,-0.981680,0.013712,-0.190439
-7.745642,4.101543,0.650121,0.296232,-0.091286,0.179328,0.933678,-0.116401,-0.102121,0.129575,0.648778,-0.200401,-0.251382,-1.164829,-0.561510,0.112745,1.771985,-0.440981,-0.249377,-0.117114,-0.174590,0.373311,0.363755,0.156321,-0.212557,-0.193723,0.597685,-0.283830,-0.041410,0.250703,-0.372700,0.316243,-0.338654,-1.005957,0.012604,-0.251726
-7.734323,4.140806,0.634118,0.292229,-0.077414,0.155825,0.940387,-0.054147,-0.265019,0.010515,0.682935,-0.431373,-0.251335,-1.238358,-0.609150,0.161416,1.624794,-0.456525,-0.251451,-0.144178,-0.192358,0.380987,0.335503,0.222179,-0.216541,-0.242828,0.583837,-0.324637,-0.016124,0.266213,-0.349676,0.303494,-0.281195,-1.011609,0.064329,-0.297732
-7.720537,4.173023,0.626894,0.289454,-0.053420,0.130832,0.946702,0.086853,-0.442357,-0.184770,0.669214,-0.702080,-0.251455,-1.264490,-0.608974,0.203911,1.580945,-0.504030,-0.251330,-0.153857,-0.209180,0.371519,0.317638,0.277188,-0.192860,-0.259678,0.595573,-0.317352,0.009485,0.271467,-0.288178,0.283821,-0.157744,-1.009047,0.131664,-0.338784
-7.705708,4.190794,0.636193,0.289782,-0.048193,0.143582,0.945033,0.007437,-0.394184,-0.059772,0.737580,-0.581085,-0.251454,-1.227786,-0.634814,0.199842,1.541852,-0.511928,-0.251365,-0.200564,-0.227563,0.374850,0.309537,0.297796,-0.167235,-0.233496,0.600109,-0.286486,0.038501,0.267384,-0.230348,0.260837,-0.016548,-1.010663,0.192778,-0.364454
-7.689167,4.199419,0.640212,0.292231,-0.046386,0.169749,0.940018,-0.166371,-0.121000,0.185361,0.859407,-0.260758,-0.251379,-1.123328,-0.692543,0.123905,1.445976,-0.522209,-0.251439,-0.237697,-0.231628,0.380330,0.289882,0.283794,-0.161129,-0.168516,0.605298,-0.252890,0.072382,0.263360,-0.196288,0.234820,0.114778,-0.980953,0.244727,-0.333789
-7.671987,4.205383,0.656229,0.284482,-0.034537,0.168734,0.943083,-0.277664,0.033057,0.181258,1.044389,-0.275297,-0.251379,-1.020485,-0.700442,0.020495,1.347767,-0.517134,-0.251424,-0.215428,-0.215486,0.378942,0.278615,0.259978,-0.154673,-0.092502,0.621593,-0.226094,0.101344,0.255344,-0.192235,0.226238,0.225438,-0.924626,0.270170,-0.260082
-7.656354,4.209983,0.675847,0.261501,-0.025824,0.149613,0.953187,-0.387691,0.044021,0.180041,1.175074,-0.372187,-0.251380,-0.910478,-0.665436,-0.105462,1.253624,-0.493019,-0.251395,-0.174963,-0.193175,0.377563,0.304843,0.231248,-0.127022,-0.037874,0.624181,-0.204081,0.116487,0.226505,-0.214883,0.253791,0.314321,-0.903200,0.272635,-0.199777
-7.640397,4.211803,0.697061,0.234520,-0.017751,0.115873,0.965018,-0.451881,0.027348,0.208393,1.143056,-0.424844,-0.251370,-0.795404,-0.593626,-0.230163,1.142775,-0.443758,-0.251187,-0.132339,-0.172990,0.373037,0.361400,0.185050,-0.086966,-0.007436,0.591570,-0.192960,0.126007,0.189204,-0.240048,0.287639,0.375280,-0.919131,0.269174,-0.196935
-7.624305,4.210951,0.715817,0.204753,-0.012335,0.077415,0.975670,-0.475088,-0.012787,0.203382,0.993360,-0.441647,-0.251293,-0.693090,-0.489049,-0.326863,1.033343,-0.375482,-0.246788,-0.091846,-0.152833,0.368173,0.420904,0.144628,-0.054064,0.014307,0.545835,-0.194420,0.136620,0.175238,-0.238656,0.294169,0.416546,-0.919289,0.272442,-0.224980
-7.608297,4.208864,0.730699,0.171276,-0.012613,0.039716,0.984341,-0.467437,-0.058263,0.182619,0.823066,-0.403881,-0.250503,-0.636207,-0.371373,-0.359439,0.986790,-0.272928,-0.154150,-0.059747,-0.126327,0.366315,0.460475,0.137156,-0.040919,0.040665,0.526640,-0.201107,0.140588,0.192926,-0.220222,0.285962,0.448474,-0.899193,0.274823,-0.247157
-7.592192,4.205486,0.738954,0.138865,-0.020321,0.006567,0.990081,-0.452035,-0.113386,0.174682,0.713716,-0.274651,-0.241831,-0.622467,-0.253672,-0.257077,1.010931,-0.198503,0.167100,-0.044223,-0.092967,0.367627,0.473042,0.159710,-0.051102,0.076757,0.541448,-0.203422,0.130819,0.229622,-0.214190,0.291703,0.480353,-0.890987,0.270724,-0.254130
-7.575908,4.200080,0.739475,0.119603,-0.031802,-0.030109,0.991855,-0.419484,-0.108361,0.235198,0.683902,-0.146925,-0.069158,-0.614704,-0.125050,-0.140261,1.028574,-0.169266,0.247546,-0.028770,-0.065153,0.365218,0.459949,0.185485,-0.082757,0.124849,0.559076,-0.198758,0.114194,0.272572,-0.229061,0.309488,0.520142,-0.892141,0.263604,-0.243056
-7.560939,4.193587,0.743722,0.096296,-0.043483,-0.057626,0.992731,-0.354217,-0.015301,0.324447,0.682810,-0.174182,-0.016667,-0.550612,-0.043593,-0.010487,0.966937,-0.226960,0.251071,-0.019791,-0.042228,0.353187,0.428716,0.215933,-0.118139,0.178044,0.561486,-0.183925,0.098006,0.308496,-0.233950,0.329936,0.578198,-0.882398,0.258502,-0.214214
-7.547111,4.185767,0.746695,0.072903,-0.051664,-0.074262,0.993228,-0.292655,0.025656,0.272272,0.655787,-0.237701,-0.054322,-0.442451,0.057968,0.132982,0.871536,-0.281183,0.246524,-0.013861,-0.025160,0.334281,0.377298,0.250225,-0.154604,0.239068,0.579963,-0.164357,0.083340,0.336216,-0.223259,0.342202,0.649681,-0.869434,0.266793,-0.181104
-7.535380,4.178096,0.752610,0.055860,-0.053888,-0.076187,0.994068,-0.243144,0.066043,0.263298,0.617481,-0.269274,-0.082830,-0.364081,0.073747,0.120451,0.779203,-0.284064,0.147431,-0.013840,-0.016353,0.313091,0.302196,0.291764,-0.198877,0.305099,0.643171,-0.139874,0.075339,0.352232,-0.194073,0.346935,0.722016,-0.868287,0.292875,-0.144783
-7.525709,4.170685,0.757718,0.048523,-0.050291,-0.068125,0.995226,-0.216356,0.092589,0.282641,0.583270,-0.287793,-0.099329,-0.308690,0.075401,0.047501,0.693624,-0.293945,-0.004808,-0.016801,-0.013072,0.292100,0.217939,0.320752,-0.241394,0.369599,0.734646,-0.115757,0.075974,0.365522,-0.164799,0.352560,0.775989,-0.877012,0.312405,-0.093221
-7.517324,4.163180,0.764825,0.045299,-0.045394,-0.057148,0.996304,-0.208513,0.087543,0.268788,0.542207,-0.311543,-0.113753,-0.269804,0.083744,0.024805,0.629926,-0.299987,-0.070605,-0.019953,-0.010213,0.274148,0.145066,0.317999,-0.260662,0.424746,0.797633,-0.092444,0.085509,0.369099,-0.153997,0.377466,0.804110,-0.894837,0.303699,-0.024732
-7.509645,4.156467,0.768894,0.041223,-0.042183,-0.050910,0.996960,-0.197126,0.063074,0.214636,0.487698,-0.310689,-0.132122,-0.246465,0.094565,0.018300,0.594557,-0.279595,-0.047029,-0.018636,-0.006593,0.259185,0.104654,0.281322,-0.239495,0.467498,0.799127,-0.077804,0.107215,0.367193,-0.166684,0.423428,0.802114,-0.926416,0.269765,0.026609
-7.502586,4.149063,0.771091,0.036535,-0.040786,-0.049797,0.997257,-0.179773,0.035735,0.140997,0.439134,-0.267937,-0.147256,-0.234836,0.109402,0.026926,0.583862,-0.254938,0.031082,-0.015305,-0.003989,0.245383,0.087822,0.225570,-0.195631,0.505071,0.745560,-0.072945,0.138839,0.362385,-0.192516,0.458478,0.775247,-0.956868,0.238474,0.042365
-7.496555,4.141567,0.771643,0.030924,-0.040190,-0.051553,0.997382,-0.157211,0.039053,0.113816,0.403282,-0.215428,-0.118141,-0.242457,0.124054,0.024094,0.607741,-0.228240,0.122130,-0.014150,-0.004106,0.231450,0.081008,0.177474,-0.161165,0.541845,0.679573,-0.075489,0.169845,0.360596,-0.211609,0.453308,0.736912,-0.964341,0.228677,0.039801
-7.491351,4.133196,0.772332,0.027292,-0.040434,-0.056776,0.997194,-0.137591,0.063900,0.138845,0.384649,-0.212458,-0.101349,-0.277753,0.126944,-0.009163,0.685104,-0.223392,0.239714,-0.013471,-0.006500,0.217567,0.076479,0.151890,-0.161327,0.576931,0.643233,-0.080117,0.184589,0.362496,-0.221909,0.411680,0.693460,-0.950625,0.235359,0.039368
-7.486804,4.123782,0.769295,0.030554,-0.042290,-0.070734,0.996130,-0.128196,0.084835,0.167076,0.401722,-0.247007,-0.122525,-0.333557,0.159741,-0.075060,0.818319,-0.245388,0.250910,-0.000512,-0.010041,0.205123,0.067462,0.144695,-0.203073,0.609570,0.650430,-0.085970,0.174842,0.365496,-0.234434,0.356841,0.641816,-0.938824,0.246840,0.033656
-7.482340,4.113364,0.766014,0.032599,-0.044163,-0.078636,0.995391,-0.126716,0.107069,0.178896,0.432223,-0.279334,-0.149968,-0.376639,0.135358,-0.073245,0.949558,-0.288928,0.251072,0.012200,-0.009954,0.194064,0.043455,0.154232,-0.275627,0.642497,0.694211,-0.092118,0.143899,0.366117,-0.239104,0.306010,0.588052,-0.940228,0.257231,-0.001025
-7.477510,4.102346,0.764705,0.028569,-0.044482,-0.067260,0.996334,-0.128541,0.126738,0.155828,0.445994,-0.291905,-0.174869,-0.368489,-0.024885,-0.037114,0.982049,-0.352601,0.243812,0.010203,-0.006939,0.182828,0.000366,0.177089,-0.363263,0.683978,0.765711,-0.091099,0.097673,0.363384,-0.218091,0.260513,0.553277,-0.940995,0.270178,-0.067667
-7.472471,4.090375,0.764349,0.026694,-0.043793,-0.044657,0.997685,-0.129849,0.132980,0.112875,0.441509,-0.290148,-0.196313,-0.310391,-0.210842,-0.079467,0.885762,-0.375322,0.099782,0.001700,-0.008036,0.170130,-0.050475,0.198564,-0.450817,0.740370,0.860702,-0.072492,0.041358,0.358703,-0.178593,0.217569,0.551992,-0.924173,0.289420,-0.131805
-7.467542,4.077298,0.764283,0.026287,-0.042234,-0.020368,0.998554,-0.128117,0.135403,0.065305,0.424212,-0.283083,-0.215425,-0.220081,-0.334194,-0.149965,0.711228,-0.333639,0.022528,-0.007359,-0.011810,0.155755,-0.090793,0.207875,-0.514140,0.803575,0.960626,-0.030586,-0.015600,0.347740,-0.139371,0.185658,0.577006,-0.893652,0.309893,-0.159490
-7.463300,4.062978,0.763548,0.025547,-0.040204,0.002256,0.998862,-0.130916,0.142728,0.018326,0.411811,-0.278107,-0.227677,-0.137472,-0.326849,-0.094285,0.570433,-0.305602,0.187901,-0.019576,-0.014590,0.142788,-0.107336,0.200916,-0.521911,0.854422,1.025756,0.030274,-0.050885,0.323038,-0.119222,0.180173,0.612379,-0.876099,0.323460,-0.155896
-7.459717,4.049804,0.765757,0.019325,-0.036611,0.011994,0.999071,-0.129872,0.167126,-0.008883,0.392769,-0.269156,-0.225945,-0.083833,-0.295195,-0.118577,0.485190,-0.309849,0.209404,-0.021934,-0.014049,0.131772,-0.096802,0.184214,-0.455885,0.876715,1.025134,0.098057,-0.039975,0.277954,-0.116610,0.211100,0.653761,-0.893576,0.324029,-0.147582
-7.456690,4.036701,0.767922,0.011576,-0.031668,0.012953,0.999347,-0.125844,0.202087,-0.005219,0.370189,-0.262151,-0.214661,-0.051710,-0.258252,-0.155987,0.420458,-0.314183,0.190853,-0.022283,-0.010458,0.121766,-0.060586,0.154175,-0.324376,0.869318,0.951888,0.148988,0.024311,0.218149,-0.126552,0.262930,0.701507,-0.937529,0.317273,-0.142200
-7.453718,4.026101,0.770390,0.004791,-0.026476,0.009847,0.999589,-0.114948,0.225738,0.005199,0.342170,-0.254270,-0.239129,-0.031934,-0.220274,-0.167240,0.367251,-0.304809,0.172898,-0.023999,-0.006027,0.111679,-0.009910,0.114235,-0.170738,0.848448,0.837900,0.164228,0.117090,0.158738,-0.134805,0.306008,0.747571,-0.972492,0.311514,-0.122629
-7.450488,4.018047,0.773175,0.002196,-0.021348,0.006115,0.999751,-0.099858,0.230721,0.029889,0.313890,-0.243256,-0.248636,-0.014744,-0.194199,-0.169792,0.317434,-0.290901,0.160004,-0.026243,-0.001749,0.101105,0.034273,0.074567,-0.054790,0.840049,0.746459,0.160763,0.213167,0.118444,-0.140174,0.321271,0.767331,-0.978887,0.308912,-0.079416
-7.447236,4.010637,0.775399,0.002040,-0.016381,0.003214,0.999859,-0.084871,0.239551,0.071724,0.285038,-0.223238,-0.233344,-0.002949,-0.177177,-0.170177,0.279580,-0.279316,0.151906,-0.027706,0.002280,0.090501,0.074000,0.057401,-0.000594,0.836172,0.718266,0.166707,0.299040,0.083056,-0.150513,0.314568,0.773738,-0.956582,0.292848,-0.035056
-7.444172,4.003567,0.776589,0.001374,-0.011830,0.000155,0.999929,-0.071842,0.253233,0.100867,0.256977,-0.205540,-0.232509,-0.000753,-0.161844,-0.167693,0.262192,-0.274553,0.141558,-0.027328,0.006388,0.080413,0.093894,0.051880,0.008469,0.845894,0.742736,0.196694,0.379442,0.059125,-0.159030,0.304180,0.756921,-0.934118,0.264456,-0.012070
-7.441095,3.997028,0.777029,-0.000664,-0.007901,-0.003137,0.999964,-0.061386,0.268445,0.112836,0.232790,-0.190665,-0.243091,-0.003302,-0.145000,-0.164382,0.257844,-0.275960,0.129220,-0.025499,0.011172,0.071090,0.102497,0.050675,0.005175,0.864820,0.779564,0.227949,0.446492,0.045704,-0.172546,0.299543,0.724778,-0.913090,0.226258,-0.021214
-7.437763,3.991422,0.777061,-0.003557,-0.004712,-0.004597,0.999972,-0.054805,0.282803,0.116642,0.216181,-0.179980,-0.249168,-0.004561,-0.128871,-0.164610,0.257825,-0.280690,0.118317,-0.024058,0.016402,0.062816,0.103315,0.048734,0.002726,0.892728,0.805630,0.247315,0.491163,0.039657,-0.185383,0.293484,0.696176,-0.890672,0.193888,-0.059862
-7.434094,3.986844,0.777040,-0.006173,-0.002294,-0.003346,0.999973,-0.050646,0.295716,0.124826,0.205029,-0.170613,-0.249395,-0.001071,-0.116121,-0.170055,0.255262,-0.284143,0.109593,-0.024140,0.021782,0.055634,0.097967,0.046527,0.001041,0.927853,0.818899,0.256354,0.503803,0.038840,-0.192415,0.280179,0.684143,-0.867227,0.181840,-0.107307
-7.430116,3.983249,0.777022,-0.008165,-0.000805,-0.000732,0.999966,-0.046046,0.305818,0.134019,0.196568,-0.164038,-0.247344,0.005520,-0.107144,-0.178711,0.251988,-0.286138,0.102680,-0.024990,0.026866,0.049586,0.089175,0.044462,0.001553,0.961384,0.818844,0.256526,0.475117,0.040522,-0.192331,0.260320,0.690398,-0.846340,0.193153,-0.138210
-7.425948,3.980555,0.777040,-0.009809,-0.000236,0.002186,0.999949,-0.040781,0.312991,0.139454,0.190710,-0.157750,-0.247528,0.012573,-0.100711,-0.187135,0.251677,-0.287956,0.097276,-0.025708,0.031266,0.044610,0.079535,0.044412,0.004000,0.983389,0.807361,0.245878,0.400810,0.042086,-0.186381,0.237389,0.708282,-0.830015,0.219539,-0.144138
-7.421695,3.978580,0.777108,-0.011177,-0.000140,0.005473,0.999923,-0.035637,0.318159,0.141999,0.186644,-0.151953,-0.248699,0.019744,-0.095999,-0.194886,0.252776,-0.288963,0.093074,-0.025872,0.034838,0.040264,0.069460,0.049658,0.000656,0.989736,0.796073,0.226463,0.289937,0.042288,-0.176754,0.215147,0.731310,-0.818670,0.248412,-0.137096
-7.417441,3.977244,0.777287,-0.012270,-0.000040,0.009119,0.999883,-0.031381,0.321708,0.143462,0.183601,-0.146174,-0.249263,0.027398,-0.092951,-0.204032,0.252552,-0.287856,0.089873,-0.025285,0.037781,0.036107,0.058766,0.061735,-0.016152,0.981031,0.799107,0.201379,0.170082,0.040790,-0.165682,0.198251,0.758783,-0.813888,0.271577,-0.130876
-7.413206,3.976518,0.777623,-0.013031,0.000259,0.012457,0.999837,-0.026559,0.323606,0.145753,0.179152,-0.139510,-0.249573,0.035101,-0.091854,-0.215649,0.250809,-0.284370,0.087574,-0.024092,0.040212,0.031875,0.048764,0.077681,-0.041964,0.959726,0.817980,0.172283,0.075319,0.037787,-0.154980,0.191676,0.792590,-0.818475,0.288108,-0.125918
-7.409012,3.976334,0.778106,-0.013347,0.000660,0.014776,0.999802,-0.019485,0.323874,0.150623,0.171758,-0.131401,-0.249785,0.042021,-0.092818,-0.228535,0.249178,-0.279355,0.086097,-0.022581,0.041987,0.027528,0.042421,0.096124,-0.063209,0.930823,0.842728,0.141626,0.023717,0.036023,-0.146527,0.198429,0.829264,-0.834132,0.300245,-0.111868
-7.404954,3.976562,0.778696,-0.013177,0.000989,0.015987,0.999785,-0.010935,0.322848,0.157734,0.163305,-0.122045,-0.249830,0.047695,-0.095508,-0.240536,0.248924,-0.273758,0.085316,-0.020877,0.042978,0.023262,0.037632,0.101176,-0.076555,0.899313,0.867019,0.127524,0.014624,0.031719,-0.136647,0.219460,0.866668,-0.857309,0.312253,-0.083291
-7.401138,3.977073,0.779393,-0.012567,0.001175,0.016365,0.999786,-0.003101,0.320862,0.165390,0.157079,-0.111663,-0.249791,0.052372,-0.099366,-0.250295,0.249483,-0.267283,0.085257,-0.019020,0.043213,0.019393,0.027355,0.099961,-0.082134,0.880153,0.881617,0.121468,0.028031,0.034891,-0.129382,0.245759,0.886360,-0.882955,0.319184,-0.040784
-7.397575,3.977781,0.780226,-0.011669,0.001275,0.016117,0.999801,0.003588,0.318270,0.173023,0.153130,-0.099779,-0.249594,0.056449,-0.103605,-0.256462,0.249866,-0.258582,0.085727,-0.017362,0.042759,0.016166,0.018813,0.094823,-0.085097,0.864823,0.887307,0.117074,0.043841,0.042866,-0.124668,0.265213,0.892139,-0.903977,0.314010,-0.000653
-7.394234,3.978624,0.781049,-0.010632,0.001377,0.015221,0.999827,0.010143,0.315602,0.181831,0.149827,-0.089373,-0.248694,0.059962,-0.107675,-0.258286,0.249946,-0.249663,0.086895,-0.016461,0.041720,0.013633,0.011445,0.089219,-0.089043,0.852267,0.886433,0.109886,0.051209,0.054714,-0.120227,0.273127,0.884137,-0.916074,0.300510,0.024653
-7.391136,3.979527,0.781847,-0.009419,0.001488,0.013634,0.999862,0.016946,0.312661,0.192277,0.146323,-0.079470,-0.247048,0.063103,-0.111862,-0.258367,0.249650,-0.241335,0.088280,-0.016657,0.040123,0.011593,0.005851,0.085507,-0.096484,0.841753,0.882980,0.099542,0.050078,0.068612,-0.114714,0.270436,0.867597,-0.918433,0.283916,0.032295
-7.388299,3.980457,0.782608,-0.007964,0.001535,0.011551,0.999900,0.024208,0.309091,0.203913,0.142446,-0.070537,-0.244470,0.066462,-0.116488,-0.258857,0.248340,-0.234394,0.089575,-0.017931,0.038104,0.009753,0.002092,0.084678,-0.108983,0.833369,0.881569,0.088785,0.046213,0.082214,-0.108322,0.262025,0.849024,-0.914137,0.268691,0.028380
-7.385703,3.981431,0.783455,-0.006386,0.001353,0.009272,0.999936,0.032526,0.305095,0.216508,0.137838,-0.062819,-0.240950,0.070235,-0.120985,-0.257809,0.246118,-0.228435,0.091225,-0.020092,0.035944,0.008039,-0.000476,0.086441,-0.126281,0.828028,0.884875,0.080759,0.044230,0.093611,-0.102751,0.254524,0.832625,-0.909995,0.257757,0.020140
-7.383247,3.982376,0.785186,-0.004992,0.000859,0.006823,0.999964,0.042893,0.301781,0.227458,0.132138,-0.057335,-0.237397,0.073960,-0.124850,-0.255480,0.244282,-0.223186,0.093295,-0.022419,0.033969,0.006568,-0.002662,0.089246,-0.145252,0.826643,0.890778,0.076702,0.044212,0.102040,-0.099306,0.251800,0.819661,-0.910998,0.251836,0.011133
-7.381096,3.983442,0.785859,-0.003928,0.000063,0.004330,0.999983,0.053123,0.297977,0.236747,0.126256,-0.055001,-0.234382,0.077363,-0.128424,-0.252206,0.243789,-0.219120,0.095748,-0.024467,0.032328,0.005485,-0.004819,0.091736,-0.162445,0.829536,0.895650,0.075776,0.044366,0.107506,-0.097735,0.253354,0.810091,-0.916087,0.249257,0.002849
-7.379266,3.984520,0.786297,-0.003047,-0.000896,0.001915,0.999993,0.061736,0.294625,0.243970,0.122824,-0.053652,-0.232177,0.080428,-0.131721,-0.248558,0.243675,-0.214663,0.098441,-0.026087,0.030981,0.004750,-0.006699,0.093193,-0.175906,0.836107,0.897751,0.076889,0.044135,0.110096,-0.097329,0.256723,0.804000,-0.921105,0.248366,-0.003152
-7.377810,3.985587,0.786699,-0.002373,-0.001850,-0.000340,0.999995,0.068100,0.291962,0.249441,0.122116,-0.053056,-0.230765,0.082893,-0.134553,-0.244562,0.243512,-0.209635,0.101278,-0.027362,0.029905,0.004228,-0.007774,0.093841,-0.185308,0.845045,0.897900,0.079728,0.045069,0.109972,-0.097865,0.260991,0.801522,-0.924109,0.248185,-0.005823
-7.376737,3.986612,0.787118,-0.001947,-0.002651,-0.002445,0.999992,0.072825,0.289987,0.253814,0.122375,-0.052335,-0.229974,0.084395,-0.136691,-0.240041,0.243370,-0.204202,0.104184,-0.028399,0.029112,0.003807,-0.007708,0.094058,-0.191624,0.855121,0.897581,0.083765,0.048178,0.107571,-0.099644,0.266736,0.802201,-0.926495,0.248724,-0.006094
-7.376018,3.987575,0.787612,-0.001815,-0.003193,-0.004378,0.999984,0.076343,0.288715,0.257620,0.122553,-0.051078,-0.229528,0.084882,-0.138155,-0.236030,0.243353,-0.198717,0.107351,-0.029149,0.028574,0.003446,-0.006673,0.094030,-0.195802,0.865657,0.896788,0.088366,0.051820,0.103806,-0.102358,0.273630,0.804833,-0.929185,0.250005,-0.005769
-7.375598,3.988486,0.788458,-0.001954,-0.003479,-0.006053,0.999974,0.078424,0.288074,0.261207,0.123302,-0.049577,-0.229066,0.084504,-0.138920,-0.232457,0.243739,-0.192948,0.109511,-0.029602,0.028165,0.003189,-0.005099,0.094011,-0.198407,0.876193,0.894872,0.093119,0.053416,0.099814,-0.105215,0.280087,0.808077,-0.931241,0.251727,-0.006060
-7.375291,3.989404,0.791102,-0.002311,-0.003705,-0.007498,0.999962,0.079546,0.287607,0.265200,0.125168,-0.047815,-0.228302,0.084869,-0.139468,-0.228904,0.245844,-0.186996,0.111144,-0.029762,0.027689,0.003123,-0.002955,0.093926,-0.198705,0.886344,0.890353,0.096840,0.051666,0.096711,-0.107649,0.284742,0.810948,-0.931369,0.253296,-0.007111
-7.375326,3.990281,0.792141,-0.002843,-0.004112,-0.008788,0.999949,0.080539,0.288012,0.269788,0.126910,-0.046311,-0.227283,0.084224,-0.139446,-0.225885,0.246941,-0.181954,0.112430,-0.029682,0.026903,0.003356,-0.000108,0.093657,-0.196162,0.896523,0.882461,0.096458,0.047170,0.095356,-0.109479,0.287489,0.812568,-0.929397,0.254301,-0.008078
-7.375615,3.991144,0.792636,-0.003366,-0.004670,-0.010039,0.999933,0.081601,0.288462,0.273496,0.128142,-0.044825,-0.226430,0.084087,-0.139301,-0.223231,0.246819,-0.178276,0.113447,-0.029456,0.025638,0.003930,0.001151,0.090592,-0.193390,0.912802,0.874651,0.090651,0.044519,0.100056,-0.110773,0.288708,0.807223,-0.928498,0.255440,-0.007540
-7.376198,3.992014,0.792856,-0.003752,-0.005127,-0.011283,0.999916,0.081976,0.288633,0.276577,0.129312,-0.044092,-0.225606,0.083664,-0.139356,-0.220767,0.246252,-0.176251,0.114280,-0.029426,0.023896,0.004827,0.005874,0.097166,-0.191784,0.920427,0.870655,0.080103,0.031293,0.096469,-0.112056,0.290347,0.809686,-0.924495,0.255290,-0.006815
-7.377083,3.992939,0.792840,-0.003997,-0.005359,-0.012627,0.999898,0.081410,0.288470,0.279669,0.130878,-0.045345,-0.224616,0.081841,-0.139780,-0.217916,0.246760,-0.176065,0.114975,-0.029879,0.021806,0.005972,0.009349,0.103741,-0.195734,0.929149,0.876144,0.075590,0.011793,0.095181,-0.112510,0.291892,0.810063,-0.920625,0.254750,-0.007055
-7.378221,3.993934,0.792561,-0.003919,-0.005510,-0.014340,0.999874,0.080611,0.287671,0.283508,0.132608,-0.047220,-0.223203,0.079592,-0.140717,-0.214460,0.246764,-0.177568,0.115404,-0.030803,0.019449,0.007179,0.011816,0.110261,-0.204244,0.938121,0.890049,0.079896,-0.014585,0.095316,-0.112745,0.292198,0.808096,-0.915981,0.253892,-0.007110
-7.379597,3.995032,0.791726,-0.003507,-0.005802,-0.016652,0.999838,0.080324,0.286436,0.289159,0.134382,-0.049516,-0.221552,0.077739,-0.142153,-0.210590,0.244954,-0.180557,0.115314,-0.032043,0.016892,0.008291,0.013912,0.116103,-0.214512,0.944923,0.909900,0.090599,-0.032270,0.095791,-0.113002,0.291676,0.804663,-0.910627,0.253224,-0.006648
-7.381343,3.996257,0.789259,-0.002778,-0.006115,-0.019656,0.999784,0.080246,0.285093,0.297398,0.135993,-0.052257,-0.219390,0.074720,-0.143721,-0.206546,0.240776,-0.184545,0.113945,-0.033467,0.014189,0.009157,0.016748,0.120069,-0.221580,0.946994,0.932127,0.104198,-0.013465,0.095071,-0.113709,0.292324,0.801217,-0.906413,0.253595,-0.005672
-7.383220,3.997675,0.788631,-0.001711,-0.006066,-0.023410,0.999706,0.079691,0.282622,0.309279,0.138082,-0.054674,-0.216390,0.071397,-0.147211,-0.205277,0.238021,-0.188254,0.110899,-0.034752,0.011298,0.009576,0.021514,0.119379,-0.219396,0.945358,0.949175,0.120804,0.050206,0.092622,-0.115504,0.295400,0.799483,-0.904948,0.254335,-0.004489
-7.385371,3.999368,0.788154,-0.000261,-0.005432,-0.027746,0.999600,0.078195,0.279172,0.326012,0.140051,-0.057119,-0.212129,0.065835,-0.152483,-0.206527,0.236528,-0.192433,0.108271,-0.035813,0.008149,0.009383,0.028215,0.109309,-0.208252,0.942483,0.952686,0.143381,0.130245,0.088561,-0.120639,0.296270,0.806107,-0.905484,0.247868,-0.005628
-7.387808,4.001412,0.786729,0.001542,-0.004395,-0.032572,0.999459,0.075649,0.274051,0.345541,0.140951,-0.060300,-0.206964,0.058720,-0.159029,-0.206261,0.235399,-0.198032,0.107430,-0.036513,0.004745,0.008613,0.035163,0.097584,-0.191018,0.944380,0.941108,0.158869,0.186774,0.085320,-0.124131,0.296707,0.811246,-0.906161,0.243728,-0.006244
-7.390402,4.003664,0.786278,0.003602,-0.003366,-0.037662,0.999278,0.073447,0.268964,0.363158,0.142914,-0.064888,-0.202057,0.051477,-0.165198,-0.200760,0.233099,-0.203828,0.108491,-0.036942,0.001069,0.007584,0.039717,0.088013,-0.178006,0.949180,0.923531,0.163411,0.202634,0.083905,-0.126713,0.295440,0.814499,-0.905273,0.241032,-0.007222
-7.393190,4.006130,0.785876,0.005717,-0.002576,-0.042895,0.999060,0.070922,0.263214,0.375545,0.145673,-0.071473,-0.199206,0.044484,-0.171083,-0.191250,0.230363,-0.210128,0.111045,-0.037052,-0.002633,0.006692,0.041011,0.084087,-0.176626,0.953020,0.911787,0.158209,0.188510,0.083345,-0.129270,0.294384,0.816559,-0.904175,0.238491,-0.008800
-7.396196,4.008867,0.785289,0.007743,-0.001927,-0.047993,0.998816,0.066687,0.256897,0.380437,0.150808,-0.082443,-0.197261,0.037099,-0.177153,-0.179937,0.228582,-0.218069,0.114743,-0.037003,-0.006100,0.006294,0.039543,0.085493,-0.186794,0.953548,0.911771,0.148753,0.163279,0.082457,-0.132674,0.295716,0.818478,-0.904828,0.235779,-0.010038
-7.399408,4.012009,0.784513,0.009492,-0.001252,-0.052176,0.998592,0.060200,0.251885,0.390737,0.159981,-0.099653,-0.190612,0.028971,-0.183340,-0.168560,0.228182,-0.226837,0.119317,-0.037816,-0.009026,0.006564,0.036385,0.088620,-0.201037,0.950778,0.919028,0.140782,0.135913,0.080999,-0.136832,0.298796,0.820741,-0.906937,0.234096,-0.009721
-7.402718,4.015673,0.783529,0.010257,-0.000517,-0.055458,0.998408,0.053786,0.248328,0.404733,0.169020,-0.125803,-0.180141,0.020034,-0.188266,-0.157376,0.229258,-0.235259,0.124619,-0.039417,-0.011004,0.007525,0.033650,0.094243,-0.208796,0.945923,0.924035,0.131642,0.106893,0.081389,-0.141525,0.301376,0.820947,-0.907962,0.234439,-0.007505
-7.405983,4.019844,0.782614,0.010253,0.000095,-0.058174,0.998254,0.048598,0.245166,0.419109,0.175706,-0.152474,-0.167764,0.012667,-0.192072,-0.147207,0.227612,-0.240195,0.130289,-0.041439,-0.012076,0.009040,0.029094,0.092165,-0.210450,0.938042,0.923869,0.128884,0.082834,0.079103,-0.144074,0.301405,0.823187,-0.907191,0.238457,-0.004951
-7.409075,4.024647,0.781879,0.009647,0.000548,-0.060471,0.998123,0.045265,0.241361,0.431851,0.178330,-0.176038,-0.155438,0.006786,-0.195590,-0.138189,0.223706,-0.240909,0.136573,-0.043666,-0.012698,0.010886,0.021921,0.085212,-0.207858,0.928312,0.921014,0.129417,0.074096,0.071367,-0.141457,0.301761,0.825761,-0.906223,0.252657,-0.001858
-7.411896,4.030238,0.781288,0.008989,0.000741,-0.062782,0.997987,0.041508,0.236424,0.440623,0.182503,-0.197269,-0.147301,0.000702,-0.200743,-0.129818,0.220965,-0.238298,0.144459,-0.045621,-0.013608,0.013013,0.021174,0.076024,-0.202813,0.908590,0.918530,0.131577,0.083513,0.059510,-0.137069,0.301203,0.837691,-0.906849,0.269196,-0.003995
-7.414372,4.036666,0.780803,0.009116,0.000389,-0.065791,0.997792,0.035168,0.230323,0.446456,0.195453,-0.215745,-0.143301,-0.006692,-0.209249,-0.120125,0.221470,-0.233347,0.154004,-0.046587,-0.015444,0.015601,0.017535,0.065802,-0.195274,0.895203,0.907898,0.129660,0.105770,0.055070,-0.141166,0.298721,0.844541,-0.909512,0.281570,-0.004653
-7.416387,4.044009,0.780247,0.009786,-0.000576,-0.069767,0.997515,0.029389,0.222080,0.451555,0.212001,-0.236270,-0.140793,-0.016054,-0.220676,-0.108096,0.226811,-0.227304,0.165324,-0.045932,-0.018148,0.018730,0.018767,0.054649,-0.185047,0.881642,0.890522,0.122344,0.127928,0.051494,-0.142588,0.296590,0.850677,-0.913071,0.292872,-0.004389
-7.417882,4.052100,0.779680,0.010921,-0.002085,-0.074522,0.997157,0.026052,0.210612,0.455599,0.226667,-0.255698,-0.137965,-0.025291,-0.234477,-0.095580,0.233321,-0.219182,0.177235,-0.043445,-0.021513,0.022188,0.022049,0.045982,-0.176555,0.869814,0.871632,0.110147,0.141345,0.051235,-0.143348,0.294608,0.851457,-0.913502,0.296861,-0.003651
-7.418874,4.060706,0.779222,0.012450,-0.003986,-0.079259,0.996768,0.026100,0.195354,0.459773,0.234840,-0.270086,-0.130990,-0.032479,-0.249897,-0.083668,0.237903,-0.208606,0.187506,-0.039904,-0.025346,0.025451,0.024765,0.041676,-0.175489,0.861463,0.859030,0.097492,0.145603,0.054646,-0.145618,0.293818,0.845232,-0.909878,0.291308,-0.003176
-7.419451,4.069562,0.778946,0.014275,-0.006135,-0.083326,0.996401,0.029082,0.176873,0.464346,0.235760,-0.276912,-0.117209,-0.037453,-0.266320,-0.073126,0.240392,-0.195754,0.196695,-0.036095,-0.029560,0.028062,0.025595,0.041425,-0.183876,0.857838,0.855632,0.087458,0.143824,0.061373,-0.150481,0.294068,0.833554,-0.904652,0.280533,-0.003264
-7.419749,4.078389,0.778785,0.016322,-0.008396,-0.086335,0.996097,0.033199,0.157124,0.469328,0.232945,-0.277459,-0.100414,-0.042082,-0.283212,-0.063983,0.244026,-0.182382,0.204456,-0.032380,-0.034171,0.029962,0.024300,0.044181,-0.200226,0.860138,0.859226,0.079902,0.138117,0.071461,-0.156472,0.290936,0.818415,-0.899976,0.272518,-0.004638
-7.419887,4.086944,0.778659,0.018492,-0.010661,-0.088300,0.995865,0.037153,0.137915,0.474660,0.229691,-0.274254,-0.088376,-0.048300,-0.300296,-0.057228,0.252162,-0.169997,0.210329,-0.028661,-0.039100,0.031413,0.021053,0.049417,-0.221774,0.869059,0.866305,0.074640,0.127951,0.084961,-0.159631,0.277336,0.801323,-0.894538,0.272878,-0.009274
-7.419920,4.095028,0.778608,0.020565,-0.012901,-0.089846,0.995660,0.041569,0.119560,0.480386,0.225431,-0.270665,-0.077188,-0.056423,-0.317998,-0.059593,0.265280,-0.157012,0.212407,-0.024454,-0.044039,0.032665,0.016588,0.056898,-0.245847,0.883767,0.874215,0.072551,0.111689,0.100230,-0.156033,0.250424,0.784848,-0.885892,0.281686,-0.019909
-7.419943,4.102436,0.778862,0.022357,-0.014968,-0.091306,0.995459,0.046741,0.102004,0.486151,0.218463,-0.266066,-0.064642,-0.065051,-0.337383,-0.080430,0.280706,-0.142925,0.208495,-0.019679,-0.048663,0.033678,0.015043,0.065847,-0.270315,0.898103,0.885051,0.075297,0.089473,0.109290,-0.140654,0.217336,0.778814,-0.876015,0.297857,-0.040164
-7.419841,4.109530,0.780168,0.023857,-0.016394,-0.093014,0.995244,0.050800,0.085690,0.492697,0.210481,-0.260426,-0.051965,-0.071383,-0.362149,-0.148860,0.296445,-0.132744,0.193295,-0.013700,-0.053006,0.033954,0.009395,0.077348,-0.296373,0.919945,0.898888,0.081238,0.067723,0.117526,-0.127802,0.185780,0.775764,-0.869108,0.311519,-0.059826
-7.419875,4.115806,0.781031,0.024622,-0.016766,-0.093940,0.995132,0.052230,0.071629,0.497699,0.201910,-0.254443,-0.039580,-0.073029,-0.390199,-0.268340,0.309738,-0.125897,0.160415,-0.007781,-0.057308,0.033089,0.000130,0.090330,-0.324950,0.949281,0.919290,0.091348,0.050751,0.123212,-0.117818,0.163277,0.777348,-0.869487,0.321682,-0.071658
-7.420144,4.121389,0.782193,0.026139,-0.016675,-0.090535,0.995410,0.047248,0.058682,0.493596,0.202348,-0.252695,-0.029310,-0.068564,-0.396521,-0.327889,0.313305,-0.151813,0.122777,-0.008463,-0.061555,0.031855,-0.014512,0.101667,-0.354143,0.988629,0.941866,0.104859,0.036863,0.132641,-0.117171,0.149077,0.776749,-0.875431,0.324069,-0.070245
-7.420173,4.126193,0.781879,0.026236,-0.017049,-0.082015,0.996140,0.043159,0.048005,0.479800,0.202315,-0.253240,-0.023185,-0.071906,-0.364794,-0.263725,0.307969,-0.182688,0.093842,-0.017680,-0.064460,0.031679,-0.026427,0.110768,-0.377035,1.025901,0.962721,0.122704,0.018889,0.136067,-0.114015,0.143046,0.780683,-0.883710,0.323611,-0.060344
-7.420475,4.130096,0.781746,0.025597,-0.017982,-0.073162,0.996829,0.040698,0.040077,0.464213,0.203385,-0.255489,-0.018669,-0.077694,-0.319292,-0.141598,0.301463,-0.204772,0.096621,-0.028185,-0.065252,0.032615,-0.034815,0.117041,-0.388224,1.056015,0.974550,0.141210,-0.004464,0.136298,-0.112028,0.143053,0.786691,-0.892475,0.317965,-0.045235
-7.420731,4.133222,0.781745,0.024517,-0.019067,-0.067162,0.997259,0.039069,0.035505,0.452902,0.206206,-0.258250,-0.014817,-0.081942,-0.282529,-0.052874,0.303025,-0.219188,0.122850,-0.033755,-0.064337,0.034074,-0.039189,0.120869,-0.387908,1.075015,0.976612,0.157101,-0.024515,0.134450,-0.112241,0.146854,0.792759,-0.901709,0.308141,-0.026943
-7.420882,4.135296,0.781944,0.022748,-0.019819,-0.064523,0.997460,0.038953,0.034074,0.446957,0.205932,-0.258787,-0.011750,-0.084501,-0.267076,-0.049311,0.313717,-0.228437,0.147568,-0.032964,-0.062908,0.035346,-0.039598,0.124096,-0.380703,1.081317,0.973246,0.168510,-0.030591,0.131596,-0.112108,0.149910,0.796790,-0.910086,0.297421,-0.008759
-7.421038,4.136763,0.782038,0.020518,-0.020308,-0.060968,0.997722,0.040352,0.033441,0.439690,0.200408,-0.256168,-0.009388,-0.084329,-0.252367,-0.053872,0.320782,-0.238933,0.126623,-0.032510,-0.061914,0.036128,-0.036196,0.127232,-0.370751,1.076884,0.966987,0.174247,-0.021217,0.129561,-0.109188,0.148167,0.796816,-0.916027,0.289075,0.004106
-7.421107,4.137976,0.781133,0.019046,-0.020679,-0.055715,0.998051,0.041591,0.031486,0.429749,0.194282,-0.253284,-0.007478,-0.078806,-0.233015,-0.027440,0.316062,-0.243522,0.099995,-0.034167,-0.061415,0.036202,-0.030035,0.128903,-0.360450,1.066719,0.956829,0.172918,-0.008326,0.130139,-0.104403,0.141898,0.791914,-0.920102,0.283676,0.007953
-7.421164,4.138967,0.781080,0.018447,-0.020845,-0.051606,0.998280,0.042578,0.028475,0.421810,0.189444,-0.251331,-0.005406,-0.070248,-0.229596,-0.021100,0.302685,-0.241471,0.095763,-0.033599,-0.060917,0.035370,-0.023485,0.129641,-0.353055,1.055392,0.943668,0.163879,-0.007834,0.133127,-0.099348,0.135018,0.783602,-0.923370,0.278477,0.004542
-7.421045,4.139895,0.781224,0.018563,-0.020756,-0.049091,0.998406,0.042592,0.025428,0.417063,0.187773,-0.251401,-0.003557,-0.060192,-0.234733,-0.026569,0.284566,-0.232393,0.129904,-0.030845,-0.060005,0.033568,-0.017737,0.130890,-0.351169,1.043652,0.931938,0.150224,-0.023058,0.135527,-0.096138,0.131623,0.776190,-0.926265,0.270976,0.000236
-7.420897,4.140457,0.781514,0.018368,-0.020206,-0.048557,0.998447,0.043067,0.024203,0.415944,0.185043,-0.251293,-0.002523,-0.050073,-0.238577,-0.032683,0.262657,-0.220175,0.154238,-0.027018,-0.059040,0.030513,-0.011252,0.133690,-0.352268,1.028973,0.924636,0.137679,-0.039719,0.133083,-0.094959,0.135079,0.775309,-0.930096,0.261443,0.000509
-7.420846,4.140442,0.781942,0.017623,-0.019188,-0.050149,0.998402,0.044571,0.025390,0.418534,0.179361,-0.249555,-0.002716,-0.041766,-0.237889,-0.035971,0.239619,-0.207451,0.163624,-0.023125,-0.058460,0.026229,-0.000788,0.135642,-0.349084,1.009880,0.918866,0.130471,-0.039184,0.123371,-0.095839,0.146740,0.784022,-0.937932,0.253460,0.006716
-7.420902,4.139896,0.782417,0.016796,-0.017830,-0.052954,0.998296,0.046109,0.027926,0.423372,0.172243,-0.246466,-0.003806,-0.036582,-0.234660,-0.036909,0.220083,-0.196119,0.168020,-0.020037,-0.058577,0.021225,0.014917,0.132782,-0.335866,0.988335,0.908497,0.129430,-0.015200,0.107657,-0.098442,0.163978,0.800078,-0.951250,0.250503,0.017933
-7.421036,4.138984,0.782812,0.016267,-0.016354,-0.055447,0.998195,0.046241,0.030680,0.427911,0.166698,-0.243417,-0.005141,-0.035088,-0.230986,-0.035734,0.208081,-0.188671,0.168917,-0.018218,-0.059321,0.016324,0.032782,0.120911,-0.315748,0.964612,0.890085,0.137541,0.021090,0.088918,-0.103808,0.177197,0.819998,-0.966532,0.248076,0.031614
-7.421176,4.137821,0.783061,0.016073,-0.015017,-0.056804,0.998143,0.044539,0.033423,0.430482,0.164784,-0.241670,-0.006504,-0.036502,-0.228146,-0.034844,0.204314,-0.186250,0.168877,-0.017393,-0.060386,0.012185,0.048549,0.107732,-0.294009,0.949822,0.866536,0.142950,0.058358,0.074047,-0.106021,0.184289,0.831069,-0.978349,0.249218,0.041497
-7.421251,4.136450,0.783205,0.016111,-0.014068,-0.056999,0.998145,0.042104,0.036111,0.430789,0.165796,-0.241165,-0.008015,-0.038607,-0.226048,-0.035051,0.205436,-0.187300,0.168187,-0.017224,-0.061629,0.008965,0.057241,0.096201,-0.280348,0.946359,0.847295,0.146489,0.084494,0.065788,-0.105701,0.182881,0.830569,-0.981994,0.248847,0.041477
-7.421240,4.134918,0.783323,0.016237,-0.013512,-0.056300,0.998190,0.040263,0.038509,0.429229,0.167105,-0.240689,-0.009624,-0.039775,-0.224236,-0.036504,0.207778,-0.189659,0.166032,-0.017437,-0.062982,0.006383,0.057890,0.088632,-0.279605,0.952533,0.839902,0.150292,0.094488,0.063532,-0.103622,0.175694,0.821845,-0.977481,0.244831,0.030198
-7.421175,4.133298,0.783473,0.016370,-0.013115,-0.054767,0.998279,0.039203,0.040366,0.426053,0.166963,-0.239263,-0.011208,-0.039654,-0.222570,-0.039331,0.209226,-0.191589,0.162812,-0.017824,-0.064426,0.004032,0.052585,0.084622,-0.289320,0.963457,0.844215,0.154575,0.090554,0.064871,-0.101032,0.167429,0.810968,-0.968553,0.238987,0.013319
-7.421092,4.131660,0.783645,0.016480,-0.012704,-0.052524,0.998403,0.038157,0.041896,0.421608,0.166169,-0.237243,-0.012732,-0.039044,-0.221177,-0.043576,0.210278,-0.193069,0.159366,-0.018081,-0.065838,0.001733,0.044598,0.082204,-0.302601,0.973642,0.853710,0.157229,0.079851,0.067202,-0.099335,0.161772,0.802701,-0.959857,0.234307,-0.000503
-7.420981,4.130051,0.783801,0.016597,-0.012366,-0.050001,0.998535,0.036883,0.043379,0.416662,0.166113,-0.235565,-0.014292,-0.038586,-0.220140,-0.048493,0.212131,-0.194634,0.156478,-0.018059,-0.067071,-0.000421,0.036892,0.079935,-0.313033,0.979384,0.861289,0.156243,0.070250,0.068646,-0.099310,0.160621,0.798932,-0.954534,0.232080,-0.005947
-7.420814,4.128492,0.783926,0.016763,-0.012240,-0.047609,0.998650,0.035813,0.044843,0.411921,0.166997,-0.234641,-0.016032,-0.038135,-0.219353,-0.053078,0.214803,-0.196470,0.154196,-0.017827,-0.068056,-0.002295,0.031224,0.077572,-0.317909,0.979433,0.863689,0.151783,0.066268,0.068382,-0.100817,0.164023,0.799612,-0.953231,0.231789,-0.003379
-7.420582,4.126980,0.784046,0.016940,-0.012296,-0.045405,0.998749,0.035319,0.046237,0.407515,0.167914,-0.234090,-0.018090,-0.036923,-0.218584,-0.057395,0.216734,-0.197988,0.152141,-0.017514,-0.068769,-0.003921,0.027909,0.075403,-0.318081,0.974422,0.861468,0.145669,0.068153,0.066633,-0.103317,0.170503,0.803838,-0.955189,0.232623,0.003285
-7.420325,4.125514,0.784184,0.017038,-0.012369,-0.043171,0.998846,0.035246,0.047578,0.403122,0.168034,-0.233302,-0.020636,-0.034733,-0.217684,-0.062069,0.216972,-0.198701,0.150151,-0.017172,-0.069180,-0.005412,0.026159,0.073775,-0.316290,0.966094,0.856905,0.139273,0.073208,0.064432,-0.106027,0.177039,0.810020,-0.958466,0.234301,0.010503
-7.420103,4.124115,0.784325,0.017064,-0.012359,-0.040796,0.998945,0.035153,0.048729,0.398443,0.167405,-0.232203,-0.022324,-0.032496,-0.216765,-0.067060,0.216807,-0.199150,0.148204,-0.016806,-0.069277,-0.006772,0.024890,0.072891,-0.314868,0.956430,0.851714,0.132840,0.078422,0.062836,-0.108166,0.180541,0.816210,-0.960856,0.236976,0.015873
-7.419951,4.122799,0.784443,0.017102,-0.012312,-0.038430,0.999039,0.034918,0.049581,0.393729,0.166475,-0.230749,-0.022985,-0.031256,-0.216061,-0.071851,0.218153,-0.200242,0.146454,-0.016473,-0.069118,-0.007880,0.023694,0.073154,-0.314605,0.947118,0.846627,0.126400,0.082529,0.062550,-0.109234,0.179878,0.820927,-0.961034,0.240547,0.017970
-7.419862,4.121547,0.784524,0.017158,-0.012359,-0.036231,0.999120,0.034767,0.050301,0.389253,0.165605,-0.229398,-0.023331,-0.030776,-0.215525,-0.076253,0.221002,-0.202124,0.144943,-0.016289,-0.068796,-0.008619,0.024708,0.078543,-0.313875,0.941620,0.842327,0.114639,0.086797,0.066205,-0.109842,0.177059,0.821407,-0.959448,0.244426,0.017196
-7.419825,4.120318,0.784581,0.017144,-0.012573,-0.034131,0.999191,0.034836,0.051240,0.384897,0.164977,-0.228553,-0.024224,-0.029990,-0.214842,-0.080633,0.223701,-0.204042,0.143324,-0.016340,-0.068391,-0.008981,0.023294,0.081564,-0.315611,0.938276,0.840379,0.108564,0.088947,0.069167,-0.109303,0.174065,0.822330,-0.957846,0.248251,0.015555
-7.419847,4.119097,0.784624,0.017002,-0.012883,-0.031992,0.999260,0.034911,0.052597,0.380448,0.164712,-0.228537,-0.026427,-0.028532,-0.213848,-0.085305,0.225251,-0.205331,0.141447,-0.016617,-0.067919,-0.009119,0.018135,0.083254,-0.318588,0.940175,0.840264,0.106654,0.088984,0.070138,-0.105148,0.174579,0.822959,-0.957364,0.255530,0.014894
-7.419934,4.117889,0.784642,0.016741,-0.013121,-0.029916,0.999326,0.034542,0.054488,0.376081,0.165185,-0.229854,-0.030643,-0.027129,-0.212532,-0.089959,0.226087,-0.205918,0.139304,-0.017103,-0.067355,-0.009259,0.014334,0.086357,-0.322146,0.943343,0.840902,0.106248,0.087614,0.072214,-0.104226,0.175818,0.823540,-0.956926,0.258412,0.015742
-7.420056,4.116689,0.784605,0.016401,-0.013210,-0.028164,0.999381,0.033461,0.057063,0.372100,0.167083,-0.233365,-0.037686,-0.026583,-0.210862,-0.093908,0.227161,-0.206087,0.136837,-0.017782,-0.066657,-0.009552,0.011529,0.089808,-0.325103,0.947442,0.841640,0.107908,0.085967,0.074220,-0.104205,0.178160,0.824111,-0.957029,0.259222,0.017096
-7.420146,4.115490,0.784492,0.015988,-0.013231,-0.026855,0.999424,0.031853,0.060505,0.368864,0.170899,-0.239831,-0.048153,-0.026947,-0.208800,-0.096819,0.229041,-0.206101,0.133990,-0.018606,-0.065833,-0.009971,0.009919,0.093217,-0.326993,0.952540,0.842384,0.111373,0.085465,0.075977,-0.104078,0.180854,0.824743,-0.957374,0.259345,0.017884
-7.420125,4.114294,0.784292,0.015514,-0.013319,-0.025876,0.999456,0.030307,0.064850,0.366766,0.176333,-0.249592,-0.063770,-0.027654,-0.206446,-0.098884,0.231649,-0.206125,0.130667,-0.019547,-0.064954,-0.010399,0.009605,0.096180,-0.327897,0.959204,0.843204,0.116313,0.086510,0.077839,-0.103389,0.182674,0.825559,-0.957247,0.259428,0.017775
-7.419931,4.113121,0.784025,0.014942,-0.013483,-0.024970,0.999486,0.029654,0.069882,0.366057,0.181675,-0.262638,-0.086301,-0.028052,-0.203933,-0.100783,0.234381,-0.206220,0.127167,-0.020622,-0.064051,-0.010813,0.010193,0.098377,-0.328207,0.967933,0.843954,0.122196,0.087310,0.080018,-0.102022,0.183258,0.826601,-0.956406,0.259833,0.017312
-7.419587,4.112002,0.783885,0.014395,-0.013727,-0.024049,0.999513,0.028268,0.074376,0.364338,0.188197,-0.271141,-0.097610,-0.027580,-0.201485,-0.102789,0.236303,-0.206035,0.123445,-0.021567,-0.063010,-0.011176,0.011299,0.099345,-0.327887,0.978437,0.843407,0.128232,0.084290,0.082644,-0.100827,0.183001,0.827619,-0.955266,0.259998,0.017196
-7.419088,4.110974,0.783887,0.013856,-0.014031,-0.023086,0.999539,0.026387,0.077853,0.361407,0.194917,-0.275092,-0.097490,-0.026101,-0.199114,-0.104997,0.237099,-0.205572,0.119813,-0.022291,-0.061743,-0.011547,0.015479,0.099776,-0.326142,0.987442,0.838863,0.132819,0.073191,0.087693,-0.104104,0.180288,0.829218,-0.953860,0.253833,0.017511
-7.418409,4.110036,0.783982,0.013365,-0.014458,-0.022281,0.999558,0.025316,0.080360,0.358342,0.200242,-0.275649,-0.091466,-0.023818,-0.196900,-0.107052,0.237246,-0.205276,0.116830,-0.022746,-0.060263,-0.011951,0.018658,0.098102,-0.321715,0.997035,0.828607,0.135249,0.050128,0.091076,-0.105018,0.179036,0.830581,-0.953748,0.249889,0.018612
-7.417545,4.109182,0.784136,0.012966,-0.015022,-0.021812,0.999565,0.026137,0.081883,0.355868,0.202531,-0.272990,-0.082823,-0.021211,-0.194959,-0.108586,0.237620,-0.205670,0.115020,-0.022823,-0.058648,-0.012312,0.021815,0.095786,-0.316733,1.004985,0.814954,0.134513,0.015502,0.093147,-0.105661,0.178754,0.832252,-0.954395,0.247281,0.020135
-7.416526,4.108413,0.784307,0.012657,-0.015680,-0.021631,0.999563,0.028764,0.082625,0.354101,0.201855,-0.268010,-0.073738,-0.018455,-0.193395,-0.109721,0.238483,-0.207126,0.114910,-0.022483,-0.057003,-0.012494,0.023898,0.090451,-0.316861,1.007273,0.803778,0.136616,-0.024834,0.091660,-0.105471,0.178324,0.837431,-0.955875,0.246309,0.020808
-7.415416,4.107738,0.784446,0.012401,-0.016421,-0.021529,0.999556,0.032404,0.082926,0.352730,0.199615,-0.262378,-0.065507,-0.015371,-0.192285,-0.110910,0.239567,-0.209706,0.116933,-0.021841,-0.055403,-0.012413,0.027736,0.091131,-0.322254,1.005561,0.799982,0.131907,-0.059080,0.089756,-0.105766,0.177614,0.842843,-0.957314,0.246583,0.021513
-7.414285,4.107148,0.784531,0.012216,-0.017209,-0.021402,0.999548,0.036832,0.082857,0.351689,0.196011,-0.257227,-0.059385,-0.012027,-0.191679,-0.112335,0.240680,-0.213231,0.120919,-0.021177,-0.053889,-0.012162,0.032263,0.095594,-0.333052,1.001236,0.806568,0.122656,-0.078462,0.087116,-0.105621,0.176543,0.848687,-0.958807,0.248302,0.022440
-7.413196,4.106609,0.784595,0.012201,-0.017959,-0.021166,0.999540,0.041764,0.082414,0.351019,0.191345,-0.253501,-0.057108,-0.008931,-0.191319,-0.113334,0.241866,-0.215928,0.121684,-0.020647,-0.052508,-0.011908,0.036448,0.101476,-0.345905,0.996320,0.820819,0.113407,-0.084917,0.084273,-0.105292,0.175515,0.854262,-0.960736,0.250074,0.023243
-7.412194,4.106093,0.784648,0.012300,-0.018521,-0.020770,0.999537,0.046516,0.081815,0.350506,0.186217,-0.250796,-0.057556,-0.006428,-0.191028,-0.114168,0.243080,-0.218029,0.119786,-0.020079,-0.051255,-0.011747,0.039250,0.106501,-0.355638,0.991358,0.835809,0.108666,-0.086436,0.081931,-0.105109,0.174780,0.858322,-0.963050,0.250343,0.023084
-7.411310,4.105580,0.784701,0.012367,-0.018818,-0.020137,0.999544,0.050183,0.081391,0.349622,0.181701,-0.248401,-0.057998,-0.004521,-0.190514,-0.115158,0.244152,-0.219831,0.115759,-0.019341,-0.050138,-0.011628,0.040079,0.110015,-0.359480,0.985422,0.846739,0.109356,-0.085219,0.080166,-0.105001,0.174056,0.860195,-0.965096,0.248828,0.021500
-7.410563,4.105061,0.784752,0.012399,-0.018936,-0.019288,0.999558,0.052270,0.081346,0.348274,0.179031,-0.246749,-0.058199,-0.002863,-0.190027,-0.116800,0.244769,-0.221050,0.112545,-0.018548,-0.049169,-0.011448,0.039294,0.112918,-0.359710,0.978272,0.855196,0.112839,-0.074433,0.078562,-0.104803,0.173187,0.860276,-0.966469,0.246790,0.019087
-7.409914,4.104539,0.784786,0.012416,-0.018891,-0.018312,0.999577,0.052900,0.081643,0.346564,0.178363,-0.246021,-0.058218,-0.001258,-0.189705,-0.119045,0.244877,-0.222036,0.110955,-0.017961,-0.048326,-0.011112,0.039806,0.119817,-0.359905,0.972302,0.866878,0.111621,-0.043249,0.078780,-0.104909,0.173015,0.857326,-0.967310,0.245397,0.017443
-7.409366,4.104012,0.784798,0.012409,-0.018778,-0.017324,0.999597,0.052587,0.082217,0.344690,0.179056,-0.246008,-0.058197,0.000177,-0.189494,-0.121650,0.244836,-0.223006,0.110729,-0.017701,-0.047558,-0.010585,0.035734,0.119478,-0.365258,0.963856,0.884907,0.122344,0.007055,0.073788,-0.103153,0.172949,0.858432,-0.968550,0.245612,0.017538
-7.408904,4.103467,0.784797,0.012367,-0.018571,-0.016472,0.999615,0.051778,0.083050,0.342918,0.180390,-0.246447,-0.058325,0.000947,-0.189146,-0.123996,0.245197,-0.223874,0.110577,-0.017695,-0.046835,-0.009839,0.034613,0.119059,-0.367326,0.956072,0.900435,0.136017,0.070669,0.069253,-0.102028,0.173496,0.859011,-0.969739,0.244916,0.018502
-7.408514,4.102899,0.784786,0.012303,-0.018283,-0.015820,0.999632,0.050855,0.084066,0.341413,0.181768,-0.247089,-0.058747,0.000948,-0.188608,-0.125902,0.246160,-0.224848,0.110248,-0.017693,-0.046143,-0.008912,0.035980,0.115081,-0.359632,0.949906,0.901828,0.150682,0.127770,0.065987,-0.101237,0.174329,0.858350,-0.970656,0.243232,0.018500
-7.408177,4.102338,0.784768,0.012195,-0.017931,-0.015252,0.999649,0.049933,0.085131,0.340035,0.182937,-0.247815,-0.059478,0.000522,-0.187963,-0.127593,0.247390,-0.225864,0.109763,-0.017476,-0.045477,-0.007841,0.037940,0.108972,-0.345545,0.945321,0.888542,0.160476,0.163981,0.064042,-0.100747,0.175161,0.856666,-0.970968,0.240848,0.017006
-7.407883,4.101789,0.784746,0.012048,-0.017519,-0.014587,0.999668,0.048782,0.086222,0.338493,0.184198,-0.248712,-0.060507,0.000118,-0.187286,-0.129454,0.248367,-0.226758,0.109118,-0.016992,-0.044840,-0.006589,0.038242,0.105964,-0.336887,0.941828,0.874027,0.163274,0.179394,0.062927,-0.100264,0.176421,0.854596,-0.970835,0.238478,0.014971
-7.407647,4.101229,0.784727,0.011816,-0.017031,-0.013741,0.999691,0.046982,0.087567,0.336563,0.186159,-0.249872,-0.061589,-0.000154,-0.186444,-0.131733,0.248896,-0.227400,0.108202,-0.016354,-0.044239,-0.005069,0.038329,0.112817,-0.339140,0.940883,0.869629,0.155365,0.181305,0.064481,-0.100527,0.179476,0.850341,-0.970556,0.236229,0.013824
-7.407494,4.100625,0.784705,0.011429,-0.016410,-0.012653,0.999720,0.044027,0.089490,0.334056,0.189459,-0.251499,-0.062536,-0.000520,-0.185228,-0.134583,0.249145,-0.227737,0.106971,-0.015689,-0.043696,-0.003232,0.034472,0.119481,-0.351012,0.940687,0.873822,0.148772,0.169036,0.064407,-0.099979,0.184277,0.848001,-0.971006,0.234800,0.014179
-7.407440,4.099983,0.784660,0.010896,-0.015601,-0.011211,0.999756,0.039471,0.092057,0.330828,0.194661,-0.254102,-0.063879,-0.001357,-0.183750,-0.138154,0.249646,-0.227920,0.105512,-0.015078,-0.043219,-0.001051,0.029431,0.125130,-0.363436,0.941328,0.877035,0.142388,0.142030,0.063832,-0.099613,0.190143,0.846968,-0.971812,0.233221,0.015454
-7.407484,4.099342,0.784557,0.010255,-0.014576,-0.009291,0.999798,0.032883,0.095205,0.326720,0.202520,-0.258399,-0.066173,-0.003023,-0.182317,-0.142579,0.251119,-0.228229,0.104036,-0.014565,-0.042810,0.001567,0.023945,0.129137,-0.372007,0.942194,0.876146,0.137871,0.106735,0.063215,-0.099080,0.196016,0.846460,-0.972386,0.232239,0.016488
-7.407595,4.098745,0.784365,0.009491,-0.013375,-0.006873,0.999842,0.024103,0.099013,0.321740,0.213772,-0.265256,-0.070070,-0.005544,-0.181053,-0.147964,0.253830,-0.228708,0.102693,-0.014154,-0.042408,0.004720,0.016082,0.130670,-0.376398,0.943895,0.874527,0.138069,0.078689,0.061195,-0.094460,0.203720,0.845307,-0.972561,0.237551,0.016976
-7.407704,4.098243,0.784080,0.008462,-0.012041,-0.004044,0.999884,0.013886,0.103631,0.316172,0.227594,-0.275306,-0.076572,-0.008607,-0.179708,-0.154268,0.257313,-0.228587,0.101574,-0.013785,-0.041825,0.008369,0.011753,0.131717,-0.376266,0.940622,0.873300,0.142981,0.073506,0.059977,-0.092518,0.210137,0.844993,-0.971784,0.241133,0.017586
-7.407713,4.097892,0.783706,0.007202,-0.010681,-0.001083,0.999916,0.004067,0.108709,0.310859,0.241446,-0.288426,-0.087096,-0.011460,-0.178246,-0.160926,0.260400,-0.227717,0.100958,-0.013374,-0.040959,0.012346,0.011965,0.129999,-0.368641,0.932896,0.868513,0.152916,0.093331,0.059117,-0.091618,0.216893,0.845617,-0.971374,0.243941,0.018580
-7.407516,4.097722,0.783240,0.006040,-0.009380,0.001629,0.999936,-0.003641,0.113539,0.307057,0.252968,-0.303956,-0.103924,-0.013387,-0.177154,-0.167224,0.262120,-0.227673,0.101051,-0.012801,-0.040057,0.016462,0.017189,0.124356,-0.351365,0.922785,0.854044,0.164624,0.125398,0.058669,-0.092004,0.224759,0.846734,-0.971511,0.245919,0.019862
-7.407030,4.097777,0.782788,0.005200,-0.008123,0.003874,0.999946,-0.008880,0.117355,0.304876,0.261294,-0.319688,-0.123050,-0.014387,-0.176802,-0.172489,0.262665,-0.229269,0.102098,-0.011885,-0.039472,0.020564,0.026173,0.115865,-0.326567,0.912227,0.827916,0.172616,0.152957,0.058641,-0.094053,0.233431,0.848058,-0.971770,0.246734,0.020783
-7.406189,4.098116,0.782693,0.004724,-0.006809,0.005780,0.999949,-0.012374,0.119577,0.303537,0.266658,-0.333647,-0.139197,-0.014489,-0.177309,-0.176582,0.262262,-0.232053,0.104485,-0.010470,-0.039347,0.024503,0.036561,0.107631,-0.301511,0.902387,0.796869,0.174232,0.167852,0.058527,-0.097029,0.242139,0.850278,-0.971938,0.247087,0.020679
-7.405040,4.098754,0.784418,0.004478,-0.005476,0.007596,0.999946,-0.016221,0.121054,0.301528,0.270733,-0.349474,-0.154502,-0.013494,-0.178350,-0.180197,0.261035,-0.234849,0.108052,-0.008478,-0.039615,0.028214,0.049715,0.102817,-0.284495,0.889507,0.775539,0.173640,0.171663,0.055103,-0.095283,0.251691,0.859438,-0.972162,0.250064,0.016563
-7.403384,4.099868,0.784550,0.004321,-0.004342,0.009382,0.999937,-0.019065,0.120410,0.298197,0.276810,-0.361894,-0.164523,-0.011364,-0.180614,-0.183524,0.259730,-0.237947,0.112339,-0.005962,-0.040072,0.031659,0.058833,0.103064,-0.279378,0.882036,0.768964,0.173611,0.170623,0.053951,-0.097432,0.260000,0.866686,-0.971606,0.250369,0.014830
-7.401274,4.101422,0.784160,0.004172,-0.003635,0.011048,0.999924,-0.020954,0.118131,0.293681,0.283503,-0.370280,-0.164402,-0.008217,-0.183769,-0.186711,0.259259,-0.240347,0.116815,-0.003028,-0.040496,0.034736,0.065749,0.105304,-0.281222,0.879742,0.772756,0.175600,0.167590,0.054471,-0.101902,0.268132,0.871929,-0.970891,0.249123,0.015559
-7.398694,4.103461,0.783277,0.003915,-0.003388,0.012544,0.999908,-0.021206,0.114157,0.288342,0.289382,-0.372821,-0.151171,-0.004312,-0.187683,-0.189898,0.260222,-0.241465,0.121281,0.000187,-0.040653,0.037288,0.068638,0.106802,-0.282642,0.885908,0.774544,0.177092,0.163486,0.058841,-0.112560,0.274437,0.869280,-0.969434,0.245816,0.020679
-7.395597,4.106091,0.780848,0.003485,-0.003489,0.013859,0.999892,-0.019414,0.108400,0.282755,0.295228,-0.367633,-0.131129,0.000006,-0.192602,-0.193053,0.262891,-0.242131,0.126075,0.003359,-0.040410,0.039213,0.077274,0.106481,-0.279794,0.889551,0.771564,0.177834,0.157454,0.062305,-0.124578,0.276511,0.869189,-0.967706,0.240736,0.023740
-7.392201,4.109252,0.780354,0.002991,-0.003860,0.014879,0.999877,-0.018096,0.101988,0.276865,0.300682,-0.361911,-0.100153,0.004207,-0.197916,-0.195872,0.267620,-0.241834,0.131381,0.006269,-0.039744,0.040579,0.085512,0.103841,-0.274387,0.895761,0.764691,0.176515,0.143176,0.063833,-0.131673,0.277032,0.870745,-0.966558,0.241335,0.024162
-7.388480,4.113057,0.780277,0.002529,-0.004491,0.015513,0.999866,-0.016281,0.093807,0.270933,0.306257,-0.352519,-0.058320,0.007738,-0.204358,-0.197842,0.275168,-0.240869,0.137363,0.008818,-0.038814,0.041647,0.093080,0.101217,-0.271584,0.905130,0.758049,0.170618,0.112433,0.064072,-0.136898,0.275508,0.873413,-0.965447,0.244498,0.023628
-7.384449,4.117459,0.780183,0.002478,-0.005361,0.015991,0.999855,-0.012645,0.085241,0.268044,0.311579,-0.347404,-0.035385,0.011097,-0.212896,-0.199254,0.284232,-0.237951,0.145001,0.010872,-0.038134,0.042748,0.096181,0.096266,-0.276280,0.914417,0.757012,0.168382,0.065582,0.061780,-0.140299,0.271328,0.878153,-0.964040,0.248268,0.022166
-7.380198,4.122406,0.780072,0.002910,-0.006500,0.016428,0.999840,-0.007140,0.075887,0.267147,0.316153,-0.343493,-0.022190,0.014378,-0.223626,-0.200257,0.294522,-0.232556,0.153621,0.012650,-0.037975,0.044294,0.099957,0.096647,-0.283891,0.923786,0.761871,0.164173,0.019969,0.060591,-0.142968,0.264928,0.880487,-0.961667,0.251642,0.019555
-7.375868,4.127838,0.779960,0.003832,-0.007905,0.016930,0.999818,-0.000049,0.065367,0.267608,0.319494,-0.339695,-0.014791,0.017679,-0.236322,-0.201091,0.305557,-0.224966,0.161733,0.014223,-0.038413,0.046418,0.102762,0.097854,-0.288561,0.930703,0.767735,0.164351,-0.013232,0.060660,-0.143996,0.256834,0.879561,-0.958221,0.254301,0.015890
-7.371585,4.133660,0.779883,0.005265,-0.009510,0.017561,0.999787,0.008343,0.053465,0.269033,0.321140,-0.335507,-0.010831,0.020455,-0.250712,-0.201432,0.317905,-0.215736,0.167799,0.015594,-0.039323,0.048900,0.104443,0.097708,-0.287033,0.934022,0.768615,0.168005,-0.037930,0.061986,-0.144152,0.248318,0.875180,-0.954116,0.255120,0.012385
-7.367425,4.139790,0.779984,0.007157,-0.011249,0.018435,0.999741,0.017615,0.040089,0.270761,0.321085,-0.330829,-0.008090,0.021737,-0.266806,-0.200874,0.333618,-0.205146,0.173052,0.016857,-0.040448,0.051395,0.104270,0.097838,-0.283348,0.934118,0.766107,0.169545,-0.062124,0.064450,-0.144438,0.240536,0.867270,-0.949964,0.253163,0.009740
-7.363197,4.146252,0.781337,0.009365,-0.013013,0.019669,0.999678,0.027406,0.025286,0.271944,0.319383,-0.325536,-0.004121,0.021115,-0.285028,-0.198866,0.355189,-0.192947,0.178349,0.018047,-0.041545,0.053691,0.101576,0.100260,-0.283749,0.932127,0.766104,0.165108,-0.086191,0.067854,-0.145122,0.233370,0.856126,-0.946024,0.249628,0.007522
-7.359182,4.152838,0.781518,0.011710,-0.014741,0.021313,0.999596,0.036987,0.009496,0.272141,0.317333,-0.321471,0.002881,0.016058,-0.303647,-0.195368,0.382549,-0.180148,0.181521,0.018925,-0.042487,0.055875,0.096679,0.104665,-0.290558,0.928883,0.771541,0.155146,-0.104135,0.071832,-0.145765,0.225466,0.842429,-0.941770,0.246074,0.004740
-7.355314,4.159444,0.781154,0.014282,-0.016458,0.023268,0.999492,0.045770,-0.006879,0.271521,0.316593,-0.319604,0.011001,0.006091,-0.322971,-0.188820,0.418331,-0.168660,0.182049,0.019111,-0.043344,0.058199,0.090285,0.109772,-0.303761,0.924288,0.783980,0.143255,-0.108156,0.075675,-0.145955,0.215045,0.827475,-0.936634,0.244033,0.001114
-7.351575,4.165946,0.780442,0.017202,-0.018316,0.025596,0.999357,0.053651,-0.023632,0.269930,0.318051,-0.319185,0.019199,-0.010331,-0.343038,-0.177915,0.465261,-0.156755,0.179996,0.018240,-0.044341,0.060955,0.082930,0.115258,-0.323159,0.918605,0.805999,0.133463,-0.092003,0.078936,-0.145237,0.200409,0.812454,-0.930583,0.245284,-0.003341
-7.347907,4.172310,0.779555,0.020295,-0.020477,0.028670,0.999173,0.061390,-0.040597,0.266501,0.320792,-0.319622,0.027573,-0.034318,-0.363391,-0.161759,0.524985,-0.137761,0.176897,0.015982,-0.045663,0.064298,0.078736,0.123483,-0.343972,0.916718,0.835062,0.122512,-0.055194,0.084860,-0.143551,0.180719,0.795280,-0.923486,0.250724,-0.009790
-7.344223,4.178537,0.778512,0.023321,-0.022932,0.032978,0.998921,0.069308,-0.057596,0.260133,0.324221,-0.320640,0.036168,-0.065241,-0.382944,-0.140263,0.596003,-0.106584,0.172245,0.012006,-0.047383,0.068218,0.070182,0.124549,-0.361304,0.918028,0.860823,0.122412,-0.018601,0.090764,-0.138789,0.155721,0.779371,-0.916236,0.260195,-0.019606
-7.340469,4.184556,0.777060,0.026200,-0.025553,0.038911,0.998572,0.077101,-0.074433,0.250257,0.328862,-0.322579,0.045019,-0.101466,-0.399838,-0.114801,0.675198,-0.067204,0.158862,0.006048,-0.049525,0.072684,0.060126,0.120270,-0.370276,0.923268,0.872884,0.125777,0.003400,0.097996,-0.132290,0.127647,0.764385,-0.909506,0.270107,-0.032993
-7.336653,4.190366,0.775125,0.028400,-0.028312,0.046381,0.998119,0.085972,-0.090289,0.236992,0.332681,-0.324790,0.053964,-0.142120,-0.417992,-0.098316,0.758971,-0.019798,0.141464,-0.001575,-0.051949,0.077706,0.048790,0.114846,-0.373115,0.929846,0.872645,0.126024,0.010296,0.106683,-0.124844,0.100236,0.750664,-0.904390,0.277385,-0.049054
-7.332688,4.195832,0.772775,0.030336,-0.031060,0.055224,0.997530,0.095806,-0.105375,0.220757,0.336027,-0.327713,0.062476,-0.182065,-0.440563,-0.092834,0.840936,0.029674,0.122741,-0.011309,-0.054961,0.083154,0.036818,0.111563,-0.375675,0.934510,0.868481,0.120394,0.012821,0.115800,-0.117840,0.077286,0.739141,-0.902107,0.281114,-0.065728
-7.328083,4.201127,0.771007,0.032036,-0.033827,0.065279,0.996779,0.108226,-0.119797,0.201574,0.336596,-0.331216,0.070407,-0.220775,-0.469021,-0.100837,0.916280,0.071229,0.083822,-0.023525,-0.059048,0.088811,0.023669,0.110446,-0.379904,0.937753,0.864581,0.111089,0.017214,0.122490,-0.108450,0.063200,0.730243,-0.902918,0.286231,-0.079859
-7.323226,4.205926,0.768831,0.033625,-0.036438,0.076144,0.995863,0.120786,-0.132814,0.180200,0.338732,-0.338185,0.077107,-0.256568,-0.475920,-0.089233,0.986382,0.057079,0.056055,-0.038222,-0.063589,0.094587,0.020206,0.111609,-0.383098,0.929569,0.859614,0.102637,0.017218,0.125204,-0.098450,0.056276,0.732522,-0.904700,0.288490,-0.092235
-7.318117,4.210243,0.766675,0.034793,-0.039215,0.086441,0.994877,0.130263,-0.142416,0.160477,0.349579,-0.348368,0.081974,-0.303276,-0.381731,0.014091,1.060779,-0.029278,0.049076,-0.052948,-0.066256,0.100934,0.018765,0.111600,-0.383849,0.920696,0.846738,0.095473,0.003542,0.131037,-0.094960,0.053450,0.737827,-0.905775,0.285458,-0.096217
-7.312676,4.214342,0.764795,0.035134,-0.040610,0.091256,0.994379,0.135975,-0.148264,0.150931,0.363389,-0.359256,0.085816,-0.341548,-0.260051,0.116406,1.112648,-0.111573,0.085153,-0.058646,-0.066674,0.105724,0.018404,0.110537,-0.384247,0.913503,0.828345,0.088483,-0.027046,0.137745,-0.094245,0.053753,0.747573,-0.906692,0.281311,-0.091968
-7.306865,4.218717,0.763610,0.033722,-0.040639,0.093273,0.994239,0.142870,-0.151283,0.146877,0.368654,-0.365388,0.090228,-0.371258,-0.178110,0.152317,1.122832,-0.154024,0.107735,-0.057287,-0.065994,0.108753,0.016995,0.111624,-0.389297,0.909446,0.812381,0.078396,-0.071810,0.144616,-0.092252,0.055773,0.761511,-0.908639,0.278932,-0.081360
-7.300709,4.223258,0.762883,0.031721,-0.039615,0.095386,0.994146,0.149902,-0.153513,0.143209,0.369163,-0.368599,0.094959,-0.396626,-0.135772,0.138542,1.091190,-0.196891,0.097562,-0.054312,-0.065024,0.110838,0.013513,0.115530,-0.403466,0.908622,0.806225,0.061251,-0.123101,0.151642,-0.089166,0.057597,0.777143,-0.912352,0.279606,-0.066770
-7.294167,4.227925,0.762465,0.030053,-0.037547,0.098886,0.993936,0.157136,-0.156886,0.137250,0.365998,-0.370280,0.100256,-0.418878,-0.120751,0.087762,1.026722,-0.229566,0.064882,-0.052700,-0.064688,0.112362,0.004558,0.121879,-0.427392,0.914222,0.810437,0.035556,-0.170399,0.163464,-0.088775,0.057647,0.786905,-0.916035,0.279371,-0.047463
-7.287151,4.232778,0.762741,0.028318,-0.034378,0.104059,0.993573,0.165951,-0.160862,0.127993,0.357063,-0.370175,0.106110,-0.435008,-0.114786,0.019311,0.936796,-0.241225,0.030781,-0.053235,-0.064839,0.113249,-0.003628,0.129363,-0.454072,0.917424,0.824658,0.008545,-0.208486,0.170944,-0.084146,0.060398,0.797351,-0.922269,0.282151,-0.028556
-7.279429,4.237922,0.765457,0.026528,-0.030325,0.110387,0.993072,0.179872,-0.166369,0.116483,0.343006,-0.368397,0.112386,-0.445327,-0.108279,-0.056676,0.826737,-0.230004,0.006600,-0.055026,-0.065080,0.113484,-0.011765,0.136810,-0.477420,0.918092,0.844070,-0.013268,-0.237729,0.177309,-0.079782,0.068077,0.806542,-0.933880,0.284030,-0.013169
-7.271194,4.243293,0.765109,0.024587,-0.025668,0.117630,0.992421,0.195856,-0.171237,0.102346,0.320368,-0.367564,0.118818,-0.454743,-0.087657,-0.114954,0.710300,-0.201879,0.019477,-0.057316,-0.064599,0.113298,-0.019751,0.143277,-0.495724,0.916439,0.865123,-0.028690,-0.263531,0.184473,-0.076956,0.078684,0.812407,-0.948955,0.283357,-0.003755
-7.262304,4.249001,0.762343,0.022109,-0.020540,0.125437,0.991642,0.215270,-0.175310,0.086737,0.290998,-0.370436,0.125417,-0.468769,-0.054005,-0.142321,0.599517,-0.159681,0.054687,-0.059332,-0.062664,0.112839,-0.027443,0.148896,-0.510337,0.913313,0.884826,-0.041355,-0.294007,0.192951,-0.074608,0.087057,0.813902,-0.960496,0.279193,0.001262
-7.252790,4.254953,0.756337,0.020362,-0.015028,0.133340,0.990747,0.234743,-0.179808,0.071431,0.259189,-0.376656,0.132244,-0.485867,-0.017681,-0.144868,0.498860,-0.124093,0.072483,-0.060702,-0.059670,0.111974,-0.034530,0.152397,-0.523843,0.910451,0.901254,-0.055204,-0.333159,0.201984,-0.073894,0.090680,0.812028,-0.965141,0.272786,0.005851
-7.242307,4.261398,0.752447,0.018342,-0.008897,0.139832,0.989965,0.257205,-0.184443,0.057227,0.226002,-0.381305,0.138723,-0.500933,-0.000331,-0.170271,0.412678,-0.097692,0.079469,-0.059925,-0.056663,0.110486,-0.041568,0.155349,-0.538683,0.908461,0.915983,-0.071017,-0.375730,0.208954,-0.074141,0.092760,0.809702,-0.966756,0.266527,0.010702
-7.230961,4.268120,0.748855,0.016844,-0.002438,0.145883,0.989156,0.278287,-0.189261,0.044501,0.197500,-0.385528,0.144915,-0.512902,0.004948,-0.215443,0.343710,-0.089912,0.075948,-0.058975,-0.053939,0.108775,-0.048585,0.157229,-0.556293,0.907122,0.931345,-0.087473,-0.410815,0.212678,-0.076537,0.094789,0.808665,-0.969604,0.263347,0.014418
-7.218627,4.275216,0.745814,0.015595,0.004041,0.151978,0.988253,0.295792,-0.193417,0.033110,0.179242,-0.389091,0.150892,-0.525543,0.000743,-0.272418,0.306650,-0.103463,0.057573,-0.059272,-0.051230,0.107283,-0.055421,0.158119,-0.574839,0.907193,0.946541,-0.101546,-0.433430,0.213521,-0.079982,0.095402,0.808503,-0.973279,0.263482,0.016507
-7.204898,4.282971,0.745698,0.014064,0.010155,0.158649,0.987183,0.312474,-0.197014,0.023066,0.174696,-0.390697,0.157030,-0.541172,-0.007605,-0.320196,0.308992,-0.125258,0.017687,-0.062238,-0.047676,0.106102,-0.061993,0.158211,-0.591121,0.910855,0.958075,-0.111017,-0.448172,0.213572,-0.083479,0.093128,0.807293,-0.976084,0.265221,0.016224
-7.189805,4.291459,0.743992,0.012798,0.015564,0.165299,0.986038,0.323425,-0.199392,0.015866,0.182179,-0.382309,0.166835,-0.554020,-0.020656,-0.354671,0.341261,-0.153067,-0.027021,-0.067843,-0.042972,0.104726,-0.068037,0.157056,-0.603466,0.919394,0.963405,-0.116021,-0.461137,0.215632,-0.087281,0.087721,0.802415,-0.977128,0.266694,0.012230
-7.173075,4.300914,0.741542,0.011061,0.019974,0.171675,0.984889,0.332251,-0.199237,0.013331,0.200748,-0.364338,0.170965,-0.563718,-0.033598,-0.368919,0.399687,-0.172985,-0.070331,-0.076190,-0.036645,0.102943,-0.073515,0.156408,-0.611601,0.931460,0.962842,-0.117397,-0.474057,0.221302,-0.090176,0.080117,0.792280,-0.975619,0.265784,0.004829
-7.154908,4.310957,0.740940,0.007489,0.023462,0.176364,0.984017,0.339475,-0.193046,0.018026,0.226232,-0.334264,0.157714,-0.567159,-0.039553,-0.369961,0.450762,-0.163587,-0.110609,-0.086422,-0.027789,0.100125,-0.077547,0.159032,-0.614375,0.943554,0.957742,-0.115057,-0.483084,0.229863,-0.089953,0.071919,0.777576,-0.971536,0.261703,-0.004155
-7.135241,4.322345,0.739922,0.002335,0.025320,0.177166,0.983852,0.342947,-0.182826,0.030879,0.266299,-0.289342,0.127133,-0.559077,-0.034928,-0.360077,0.486341,-0.130201,-0.152637,-0.097590,-0.015347,0.096796,-0.077739,0.165149,-0.607872,0.952656,0.947938,-0.106738,-0.480707,0.239419,-0.086826,0.063900,0.760714,-0.965204,0.255557,-0.012950
-7.114881,4.334617,0.742458,-0.002904,0.024804,0.171905,0.984797,0.329435,-0.173255,0.041162,0.341285,-0.222653,0.066028,-0.545380,-0.020729,-0.337553,0.515867,-0.134112,-0.174998,-0.108348,-0.000070,0.094443,-0.071915,0.172111,-0.586868,0.957261,0.931757,-0.088573,-0.460096,0.246949,-0.082187,0.055574,0.744163,-0.955891,0.249395,-0.019541
-7.093832,4.347772,0.745579,-0.006421,0.022548,0.161874,0.986533,0.291431,-0.161877,0.059517,0.463086,-0.134436,-0.074319,-0.520679,-0.003986,-0.308362,0.538694,-0.162488,-0.178957,-0.119055,0.014414,0.093681,-0.059165,0.177865,-0.550792,0.952253,0.912073,-0.060319,-0.423408,0.243823,-0.075216,0.046344,0.728341,-0.943304,0.249263,-0.018610
-7.072353,4.362173,0.751304,-0.006696,0.019209,0.148318,0.988731,0.225914,-0.160854,0.068358,0.632977,-0.031679,-0.226752,-0.483312,0.008158,-0.274806,0.548788,-0.195324,-0.165916,-0.129043,0.025317,0.094125,-0.051482,0.180599,-0.513915,0.946585,0.891497,-0.032157,-0.377855,0.242454,-0.070937,0.036418,0.709455,-0.928608,0.246564,-0.016517
-7.051547,4.376877,0.756328,-0.004159,0.016299,0.137712,0.990329,0.135240,-0.169956,0.132682,0.815378,0.054711,-0.250335,-0.443645,0.009122,-0.243998,0.551262,-0.223237,-0.146502,-0.145693,0.028807,0.094928,-0.053951,0.188322,-0.493184,0.940341,0.881598,-0.012365,-0.332646,0.238799,-0.066564,0.029743,0.686364,-0.915287,0.242249,-0.014146
-7.031283,4.392089,0.760990,-0.000198,0.013298,0.124820,0.992090,0.037777,-0.158909,0.193348,0.979973,0.056135,-0.251345,-0.404801,0.006937,-0.208480,0.551751,-0.245967,-0.128355,-0.162682,0.028549,0.095858,-0.064009,0.203731,-0.494752,0.931711,0.889225,-0.001524,-0.289182,0.232388,-0.062888,0.028343,0.660284,-0.904694,0.235770,-0.014982
-7.011265,4.408116,0.765066,0.002985,0.009888,0.104774,0.994442,-0.055970,-0.146005,0.191432,1.107498,-0.018077,-0.251390,-0.366620,0.009338,-0.162557,0.550564,-0.267033,-0.105584,-0.173143,0.028816,0.097186,-0.074695,0.224322,-0.508931,0.920013,0.910549,0.008534,-0.242349,0.224647,-0.059738,0.031469,0.634587,-0.895129,0.226997,-0.020830
-6.991240,4.425030,0.768902,0.006243,0.006542,0.080692,0.996698,-0.141992,-0.085356,0.207801,1.198438,-0.067500,-0.251390,-0.325414,0.011395,-0.108321,0.541450,-0.285100,-0.077809,-0.180371,0.029767,0.098223,-0.083947,0.241627,-0.520813,0.914538,0.928145,0.024160,-0.190051,0.224897,-0.059935,0.037127,0.613303,-0.886970,0.210123,-0.035731
-6.971136,4.442875,0.772178,0.008809,0.003496,0.049926,0.998708,-0.220117,-0.008262,0.196285,1.249047,-0.103196,-0.251381,-0.283433,0.014826,-0.043463,0.526304,-0.299892,-0.048061,-0.179287,0.032696,0.099508,-0.082409,0.249719,-0.515941,0.910288,0.929309,0.045196,-0.145069,0.218246,-0.061286,0.049245,0.595069,-0.885736,0.201138,-0.048262
-6.951156,4.461639,0.774107,0.009061,0.001257,0.015100,0.999844,-0.291014,0.069414,0.164237,1.257856,-0.143845,-0.251303,-0.248669,0.019488,0.027349,0.517138,-0.314784,-0.019907,-0.172547,0.037312,0.101662,-0.074840,0.251061,-0.492867,0.909958,0.905292,0.060914,-0.125201,0.210247,-0.064414,0.070144,0.580983,-0.891893,0.194706,-0.057913
-6.931191,4.481283,0.774597,0.008271,-0.000093,-0.022873,0.999704,-0.354384,0.136194,0.120784,1.230896,-0.176885,-0.250339,-0.223533,0.022780,0.102947,0.517557,-0.328723,0.006526,-0.163562,0.042599,0.104490,-0.063453,0.248935,-0.459757,0.910865,0.860716,0.064759,-0.133889,0.200851,-0.070245,0.098754,0.573464,-0.901664,0.187135,-0.060949
-6.911075,4.501784,0.773494,0.006834,-0.000073,-0.063539,0.997956,-0.404420,0.205538,0.080803,1.168682,-0.199192,-0.247749,-0.209722,0.024710,0.182543,0.528616,-0.344689,0.033587,-0.154011,0.047766,0.107497,-0.047464,0.249728,-0.430792,0.904747,0.814429,0.059380,-0.155104,0.193925,-0.079803,0.128678,0.580893,-0.910074,0.168006,-0.060440
-6.890610,4.522999,0.770840,0.005183,0.001442,-0.106790,0.994267,-0.436776,0.273040,0.039242,1.073117,-0.207706,-0.236764,-0.206279,0.025641,0.265296,0.547656,-0.362620,0.061471,-0.143863,0.052495,0.110433,-0.031680,0.249213,-0.419570,0.893264,0.787978,0.053818,-0.167596,0.174390,-0.086123,0.160330,0.594783,-0.918793,0.157299,-0.044835
-6.869630,4.544717,0.766811,0.003345,0.003988,-0.151653,0.988420,-0.447068,0.329516,-0.013927,0.943661,-0.197590,-0.214956,-0.209877,0.025708,0.348869,0.569956,-0.381299,0.090376,-0.133139,0.056450,0.113090,-0.018913,0.258493,-0.424514,0.872514,0.786864,0.046425,-0.182325,0.156463,-0.093647,0.191694,0.606280,-0.928015,0.150390,-0.023066
-6.848040,4.566759,0.761825,0.001414,0.006542,-0.197608,0.980258,-0.427333,0.361252,-0.100740,0.788985,-0.175337,-0.179094,-0.215149,0.024359,0.433041,0.588521,-0.397443,0.119524,-0.121634,0.059337,0.115294,-0.006979,0.271149,-0.442240,0.847790,0.804332,0.038756,-0.211553,0.144689,-0.100738,0.219872,0.612300,-0.938932,0.146672,-0.006143
-6.825931,4.589356,0.756236,-0.001289,0.008121,-0.244805,0.969537,-0.377012,0.373263,-0.223088,0.636399,-0.107686,-0.137551,-0.218599,0.021309,0.519239,0.598046,-0.407680,0.149430,-0.109926,0.061666,0.118113,0.005841,0.282556,-0.464466,0.822922,0.825433,0.027410,-0.257680,0.141413,-0.106585,0.241252,0.611045,-0.948667,0.144356,-0.000407
-6.803729,4.612878,0.750320,-0.003302,0.009280,-0.296210,0.955072,-0.289217,0.345609,-0.420532,0.522876,-0.040101,-0.220387,-0.225370,0.015243,0.614652,0.598412,-0.414359,0.184337,-0.097157,0.062928,0.122589,0.020377,0.289547,-0.483519,0.796937,0.841424,0.014058,-0.303828,0.142685,-0.114153,0.254412,0.601750,-0.953508,0.141165,-0.002713
-6.782570,4.637543,0.744697,-0.003970,0.011736,-0.344226,0.938805,-0.190408,0.300645,-0.495821,0.488621,-0.123046,-0.250031,-0.252922,-0.000148,0.685972,0.604634,-0.415275,0.216687,-0.095871,0.062363,0.130549,0.032703,0.294538,-0.499053,0.767653,0.860842,0.008871,-0.329910,0.140968,-0.125263,0.261170,0.585350,-0.951950,0.136251,-0.004872
-6.763129,4.662890,0.742704,0.001028,0.013809,-0.388535,0.921330,-0.136461,0.281824,-0.401886,0.485311,-0.253872,-0.251278,-0.313447,-0.037253,0.681827,0.628779,-0.404145,0.214642,-0.100550,0.055111,0.142943,0.035978,0.301947,-0.518179,0.737923,0.897741,0.013779,-0.335182,0.136094,-0.142386,0.263045,0.560169,-0.944454,0.130970,-0.000632
-6.747257,4.687781,0.739314,0.009476,0.015717,-0.430309,0.902495,-0.116948,0.282429,-0.238388,0.488592,-0.393548,-0.251367,-0.429728,-0.133511,0.474174,0.696843,-0.373543,0.139338,-0.097195,0.040636,0.156895,0.019575,0.305718,-0.549016,0.721783,0.950499,0.029579,-0.338671,0.130160,-0.156063,0.263873,0.533997,-0.937855,0.126909,0.005672
-6.733304,4.710792,0.732550,0.019854,0.018235,-0.461218,0.886877,-0.119383,0.268457,-0.129326,0.505450,-0.512140,-0.251376,-0.526996,-0.251858,0.211474,0.817218,-0.387799,0.000649,-0.093036,0.024287,0.166065,-0.010137,0.306680,-0.580483,0.723805,0.989664,0.039040,-0.345569,0.132418,-0.169938,0.266659,0.508298,-0.941566,0.121368,0.000005
-6.721332,4.730334,0.728933,0.029178,0.020338,-0.479922,0.876590,-0.150287,0.244305,-0.078908,0.559313,-0.563301,-0.251385,-0.564014,-0.272041,0.101607,0.987244,-0.419457,-0.018823,-0.095630,0.009444,0.170317,-0.040286,0.296420,-0.598269,0.737886,0.997723,0.048075,-0.335112,0.138980,-0.179868,0.272035,0.489096,-0.955645,0.114628,-0.028210
-6.709992,4.747674,0.726006,0.038392,0.021048,-0.495823,0.867319,-0.183292,0.221632,-0.035196,0.616322,-0.593801,-0.251382,-0.559433,-0.236116,0.052372,1.153531,-0.445219,0.028998,-0.095984,-0.005730,0.170227,-0.056793,0.292167,-0.589989,0.752941,0.984942,0.055438,-0.297064,0.155661,-0.185739,0.277041,0.475569,-0.965159,0.109217,-0.064830
-6.698768,4.762901,0.723879,0.049765,0.022313,-0.513983,0.856065,-0.204053,0.199809,0.014770,0.647648,-0.610396,-0.251369,-0.515482,-0.209549,-0.018021,1.269043,-0.450594,0.066735,-0.088087,-0.021522,0.163736,-0.058955,0.282026,-0.568085,0.765262,0.972606,0.073131,-0.246117,0.170473,-0.186205,0.280655,0.476826,-0.957372,0.105823,-0.075695
-6.687731,4.776078,0.722116,0.065349,0.024748,-0.532648,0.843447,-0.216284,0.173963,0.068666,0.651880,-0.619008,-0.251312,-0.441558,-0.202209,-0.105172,1.322642,-0.445391,0.065208,-0.073789,-0.037952,0.150524,-0.051503,0.263854,-0.537277,0.774120,0.961265,0.091270,-0.202391,0.181341,-0.191736,0.288576,0.485086,-0.939171,0.101393,-0.050290
-6.677092,4.787459,0.719740,0.084217,0.028450,-0.549015,0.831072,-0.232775,0.145379,0.122646,0.650378,-0.622799,-0.250554,-0.350221,-0.184355,-0.179267,1.322313,-0.435932,0.067214,-0.055213,-0.055327,0.132864,-0.043511,0.236582,-0.498330,0.782681,0.938998,0.099105,-0.171951,0.187074,-0.203036,0.312419,0.489674,-0.931012,0.099251,-0.014349
-6.667041,4.797477,0.715252,0.104971,0.033612,-0.562817,0.819200,-0.266779,0.116770,0.171686,0.671137,-0.637221,-0.243153,-0.251273,-0.155449,-0.238191,1.272093,-0.417966,0.114365,-0.032686,-0.072488,0.114247,-0.033350,0.210509,-0.455733,0.782139,0.899803,0.086629,-0.147846,0.194137,-0.227199,0.343285,0.488274,-0.941759,0.082570,0.010166
-6.657840,4.806661,0.708074,0.127110,0.040724,-0.574551,0.807512,-0.333972,0.093025,0.213132,0.743152,-0.647450,-0.228561,-0.163101,-0.122840,-0.277424,1.182060,-0.351417,0.156222,-0.008495,-0.087493,0.099270,-0.019853,0.188646,-0.406994,0.763663,0.844076,0.051655,-0.116318,0.197250,-0.253230,0.366261,0.483224,-0.966504,0.055810,0.026194
-6.649455,4.815211,0.699559,0.150179,0.051242,-0.584744,0.795547,-0.455792,0.084660,0.240381,0.901593,-0.623321,-0.220414,-0.087799,-0.101978,-0.303119,1.049088,-0.259371,0.168550,0.015276,-0.098535,0.092860,0.003199,0.160986,-0.326336,0.722411,0.756945,0.008041,-0.066426,0.184948,-0.273286,0.358235,0.478442,-0.985903,0.035541,0.031110
-6.642246,4.823138,0.689297,0.178039,0.059325,-0.595271,0.781304,-0.641780,0.086492,0.263749,1.152630,-0.516618,-0.189934,-0.034811,-0.103961,-0.307346,0.899682,-0.236208,0.077484,0.035722,-0.105217,0.102536,0.037214,0.103619,-0.202334,0.674446,0.622917,-0.020718,-0.013667,0.146756,-0.297017,0.303647,0.462739,-0.986348,0.036810,0.005286
-6.635466,4.827618,0.681603,0.204526,0.061514,-0.607808,0.764823,-0.869682,0.098685,0.265765,1.437363,-0.388356,-0.197400,-0.009179,-0.125548,-0.279486,0.796524,-0.354940,0.003595,0.049735,-0.105039,0.134672,0.102272,0.052446,-0.104354,0.645094,0.501970,-0.031511,0.023524,0.048048,-0.333934,0.220228,0.435625,-0.956349,0.045598,-0.062501
-6.629221,4.827177,0.669682,0.216728,0.062594,-0.625008,0.747312,-1.098891,0.091077,0.227480,1.658052,-0.380615,-0.174688,-0.008878,-0.142321,-0.220696,0.794898,-0.505077,-0.021614,0.052626,-0.093890,0.189616,0.180866,0.070821,-0.104587,0.663699,0.480458,-0.015649,0.016094,-0.087229,-0.355374,0.142500,0.359448,-0.924555,0.033729,-0.163056
-6.622945,4.820337,0.655686,0.218166,0.067516,-0.647717,0.726848,-1.294748,0.113639,0.185879,1.774608,-0.424421,-0.170741,-0.015365,-0.153098,-0.169749,0.829894,-0.623370,-0.030447,0.045804,-0.078746,0.256301,0.300596,0.158213,-0.210981,0.718332,0.542073,-0.035020,-0.037540,-0.258585,-0.355411,0.098446,0.216286,-0.878140,-0.011312,-0.255382
-6.617462,4.804838,0.642548,0.217198,0.078584,-0.669435,0.706050,-1.426781,0.167243,0.153322,1.786048,-0.455995,-0.152618,0.009636,-0.155483,-0.147790,0.799703,-0.710288,-0.037618,0.043716,-0.073957,0.315431,0.479423,0.259488,-0.310586,0.737857,0.573189,-0.111915,-0.075892,-0.401067,-0.321640,0.096780,-0.004090,-0.797407,-0.082523,-0.341092
-6.614020,4.779231,0.633317,0.221480,0.091778,-0.679770,0.693135,-1.465081,0.195161,0.137916,1.716060,-0.441813,-0.207765,0.075140,-0.145884,-0.138228,0.678580,-0.700774,-0.023599,0.057493,-0.083472,0.353222,0.632077,0.310422,-0.309408,0.731575,0.502896,-0.172748,-0.070527,-0.445744,-0.299722,0.128770,-0.216663,-0.701876,-0.134706,-0.383688
-6.613444,4.744021,0.628905,0.231540,0.103719,-0.677627,0.690256,-1.392662,0.168708,0.130914,1.604685,-0.403947,-0.247823,0.129985,-0.138074,-0.150752,0.574075,-0.514757,0.007017,0.081138,-0.103831,0.370591,0.696656,0.307887,-0.231293,0.683263,0.338555,-0.163618,-0.040038,-0.339335,-0.353236,0.177020,-0.300635,-0.647510,-0.106064,-0.390937
-6.615120,4.701583,0.623585,0.235939,0.115995,-0.671146,0.693139,-1.228281,0.127773,0.095493,1.490186,-0.569910,-0.225261,0.121673,-0.120156,-0.162165,0.629787,-0.185232,0.083334,0.098940,-0.131362,0.378876,0.621756,0.279907,-0.160393,0.636336,0.200061,-0.121646,0.035744,-0.109725,-0.403467,0.233900,-0.188084,-0.657889,0.006918,-0.347408
-6.619518,4.651413,0.625895,0.233368,0.124015,-0.661515,0.701824,-1.078810,0.145483,0.108098,1.402148,-0.696310,-0.231641,0.018750,-0.091131,-0.158036,0.906352,-0.030583,0.242269,0.097319,-0.154039,0.393933,0.402283,0.255811,-0.164643,0.606115,0.178846,-0.084003,0.123987,0.137933,-0.401698,0.299990,0.065050,-0.648915,0.163286,-0.260647
-6.625853,4.596707,0.630344,0.236785,0.118435,-0.647344,0.714739,-0.970351,0.130718,0.106354,1.362210,-0.660942,-0.235642,-0.171634,-0.055950,-0.083421,1.342276,-0.089090,0.245216,0.078126,-0.172843,0.421912,0.092171,0.231023,-0.218996,0.572612,0.256186,-0.083741,0.184907,0.403619,-0.348478,0.326789,0.291920,-0.587138,0.249808,-0.251412
-6.632408,4.537052,0.632791,0.239085,0.107618,-0.629281,0.731616,-0.845607,0.096143,0.083932,1.301708,-0.664702,-0.249914,-0.405072,-0.108282,-0.033613,1.793951,-0.206883,0.185367,0.044091,-0.183792,0.451367,-0.226777,0.196335,-0.255344,0.493655,0.359890,-0.118677,0.231028,0.713936,-0.282054,0.301090,0.410866,-0.504493,0.229551,-0.302879
-6.637482,4.472339,0.634649,0.228376,0.101840,-0.613654,0.748934,-0.672924,0.091204,0.063601,1.186713,-0.742920,-0.251163,-0.690149,-0.144035,0.076380,2.121006,-0.352247,0.029504,-0.013803,-0.182103,0.475429,-0.494025,0.182351,-0.232020,0.341448,0.445371,-0.174198,0.255857,1.033321,-0.237306,0.229230,0.440094,-0.424871,0.127029,-0.357934
-6.641311,4.402409,0.638276,0.209268,0.106116,-0.619223,0.749339,-0.470791,0.128049,0.052710,1.030707,-0.784361,-0.251372,-1.034995,-0.112935,0.201449,2.224575,-0.452620,-0.068018,-0.078645,-0.171396,0.491142,-0.689860,0.212516,-0.178703,0.130927,0.507840,-0.233314,0.240764,1.287273,-0.237318,0.103840,0.369700,-0.387306,0.032155,-0.375754
-6.643333,4.324223,0.643064,0.189812,0.122223,-0.642042,0.732677,-0.238665,0.172242,0.056367,0.826851,-0.711730,-0.251333,-1.317683,-0.062906,0.211267,2.071311,-0.523789,-0.096568,-0.124331,-0.153976,0.489932,-0.754270,0.285463,-0.165796,-0.037105,0.554699,-0.253261,0.175944,1.349209,-0.270254,-0.004330,0.245817,-0.425710,0.001248,-0.354596
-6.645691,4.237123,0.647068,0.177294,0.135100,-0.675420,0.702939,-0.007463,0.198190,0.079852,0.638235,-0.429745,-0.251326,-1.429572,-0.067438,0.118450,1.783128,-0.573228,0.022618,-0.136350,-0.125706,0.471289,-0.648005,0.352575,-0.210543,-0.044084,0.613330,-0.204438,0.104422,1.175831,-0.321463,-0.024435,0.129467,-0.523241,0.013916,-0.314131
-6.647881,4.144667,0.655050,0.165786,0.134336,-0.710197,0.670886,0.147965,0.155328,0.141652,0.611961,0.023334,-0.251009,-1.353135,-0.081252,0.020763,1.526230,-0.570302,0.168237,-0.131271,-0.091908,0.448679,-0.419931,0.353228,-0.278189,0.149268,0.662969,-0.087163,0.036332,0.810032,-0.344438,0.044086,0.052182,-0.625757,0.028906,-0.273742
-6.651404,4.051068,0.659599,0.153102,0.125824,-0.745646,0.636191,0.130565,-0.076277,0.030456,0.865189,0.125382,-0.251104,-1.164101,-0.104150,-0.044239,1.363184,-0.513474,0.099116,-0.121443,-0.064776,0.438130,-0.181475,0.286004,-0.288355,0.431352,0.640534,0.059136,-0.018085,0.373261,-0.276053,0.135701,0.008130,-0.685023,0.026904,-0.266582
-6.656595,3.958942,0.668613,0.146879,0.112810,-0.771977,0.608072,-0.024204,-0.025530,0.229654,1.335480,0.061838,-0.245927,-0.951951,-0.087187,-0.025014,1.283512,-0.632993,0.053126,-0.123973,-0.048893,0.441437,0.078648,0.232517,-0.249475,0.624109,0.585684,0.117902,-0.016254,-0.042908,-0.123364,0.196830,-0.012342,-0.695083,-0.012954,-0.321408
-6.663581,3.868772,0.674842,0.143418,0.111587,-0.794326,0.579678,-0.308247,0.045243,0.294041,1.809803,-0.091110,-0.139999,-0.777514,-0.080649,-0.000679,1.219932,-0.714523,0.067886,-0.088453,-0.032959,0.457162,0.370379,0.246690,-0.215942,0.664543,0.551179,0.048097,0.001141,-0.380141,0.035900,0.234466,-0.083830,-0.676219,-0.089946,-0.395396
-6.672931,3.777142,0.683070,0.148242,0.103717,-0.803625,0.566969,-0.706711,0.070494,0.262311,2.107229,-0.211045,-0.076716,-0.602135,-0.119870,0.021917,1.131767,-0.747177,0.105193,-0.024480,-0.023641,0.475085,0.652208,0.315487,-0.196765,0.608302,0.528008,-0.076160,0.006094,-0.659426,0.075712,0.261402,-0.194275,-0.656774,-0.164760,-0.421175
-6.686224,3.680221,0.687392,0.153894,0.092155,-0.796252,0.577760,-1.125868,0.065769,0.180128,2.130186,-0.245726,-0.013438,-0.373653,-0.181163,0.010089,0.980407,-0.723147,0.132167,0.040510,-0.024973,0.480942,0.845937,0.415325,-0.166110,0.563522,0.460246,-0.162975,-0.011478,-0.817304,-0.027029,0.263264,-0.284580,-0.649643,-0.180360,-0.376717
-6.703552,3.573231,0.686380,0.151240,0.086987,-0.782574,0.597610,-1.365899,0.073003,0.123060,1.904012,-0.315663,-0.006199,-0.104918,-0.198498,-0.022943,0.805097,-0.534765,0.127160,0.082743,-0.037519,0.464793,0.923488,0.478663,-0.138178,0.540990,0.367438,-0.169877,-0.029286,-0.773757,-0.174564,0.249812,-0.277859,-0.641818,-0.116474,-0.314767
-6.722821,3.459550,0.683756,0.140445,0.088117,-0.770771,0.615161,-1.402766,0.089791,0.109042,1.540316,-0.365697,-0.082695,0.115262,-0.153147,-0.015909,0.719844,-0.167965,0.186621,0.097437,-0.058505,0.438260,0.833146,0.483586,-0.153280,0.553310,0.313054,-0.125361,-0.012872,-0.564452,-0.264036,0.246028,-0.132481,-0.648933,-0.001119,-0.263785
-6.741991,3.342874,0.677652,0.120311,0.090922,-0.758865,0.633547,-1.277331,0.101525,0.114603,1.188208,-0.414412,-0.203801,0.204413,-0.016758,0.037671,0.903181,-0.070520,0.248142,0.100040,-0.077080,0.415270,0.607989,0.448730,-0.202867,0.568727,0.314760,-0.068830,0.037248,-0.300237,-0.279483,0.277251,0.125884,-0.646414,0.122803,-0.234671
-6.759778,3.228700,0.670665,0.112351,0.083796,-0.744693,0.652524,-1.109025,0.081831,0.144776,1.048034,-0.326317,-0.090529,0.100380,-0.034123,-0.093732,1.331961,-0.086153,0.247154,0.104440,-0.090616,0.411053,0.301516,0.377848,-0.264578,0.580464,0.356143,-0.043548,0.089011,-0.031475,-0.268098,0.297202,0.375953,-0.618909,0.206790,-0.230158
-6.776755,3.115716,0.672700,0.115028,0.063280,-0.722521,0.678770,-0.961512,0.024000,0.162797,1.140299,-0.477700,-0.010415,-0.111853,-0.110171,-0.162074,1.779579,-0.203974,0.166142,0.087592,-0.111112,0.421623,0.004100,0.281379,-0.309698,0.566026,0.422114,-0.069238,0.138446,0.276538,-0.242160,0.279580,0.528078,-0.550961,0.220743,-0.276125
-6.792809,3.000925,0.671436,0.116262,0.046190,-0.702917,0.700183,-0.774649,-0.029627,0.138363,1.199163,-0.658449,-0.013026,-0.441000,-0.154295,-0.145188,2.070183,-0.329678,0.068347,0.050086,-0.130792,0.437526,-0.229456,0.219524,-0.331860,0.468045,0.503665,-0.142223,0.174390,0.609606,-0.216594,0.223093,0.535025,-0.475828,0.162363,-0.328109
-6.807499,2.882311,0.669923,0.104197,0.036353,-0.700790,0.704780,-0.538278,-0.025085,0.110042,1.208953,-0.781482,-0.041762,-0.827763,-0.162351,-0.067998,2.109645,-0.378680,-0.015853,0.001141,-0.140763,0.448357,-0.364328,0.228425,-0.307636,0.284986,0.572843,-0.230481,0.191246,0.918236,-0.240959,0.172885,0.430903,-0.443335,0.067318,-0.339398
-6.820909,2.758015,0.666335,0.083405,0.028461,-0.716052,0.692461,-0.259245,0.005749,0.098875,1.175979,-0.758524,-0.068013,-1.106832,-0.135311,-0.006547,1.891024,-0.401305,-0.023990,-0.041045,-0.139823,0.443390,-0.358706,0.270051,-0.245570,0.103155,0.594021,-0.279133,0.180586,1.107229,-0.313407,0.138548,0.285726,-0.475899,0.009024,-0.314418
-6.833386,2.629475,0.662315,0.061671,0.024220,-0.736490,0.673196,-0.001768,-0.001117,0.066817,1.118975,-0.521054,-0.042309,-1.207366,-0.108905,0.005484,1.482543,-0.401272,-0.012124,-0.064823,-0.124673,0.424857,-0.217578,0.308824,-0.198263,0.025795,0.586293,-0.263737,0.144013,1.119569,-0.391684,0.112395,0.146231,-0.545300,-0.003429,-0.274312
-6.846640,2.500272,0.664971,0.047429,0.015452,-0.749846,0.659729,0.161855,-0.045315,0.017143,1.149734,-0.326151,-0.091392,-1.155428,-0.105871,0.031256,1.015449,-0.394436,0.044911,-0.075183,-0.100115,0.404607,-0.020783,0.325922,-0.211372,0.096685,0.595863,-0.203257,0.086735,0.966262,-0.431998,0.106307,0.045194,-0.618139,0.017452,-0.235888
-6.860382,2.376744,0.666026,0.038141,0.007148,-0.747892,0.662685,0.149517,-0.062995,0.021173,1.335681,-0.370988,-0.049098,-1.041865,-0.136788,0.103357,0.714037,-0.358316,0.042783,-0.079978,-0.075253,0.399671,0.128860,0.348571,-0.289429,0.270738,0.636991,-0.127151,0.007330,0.705865,-0.423333,0.131972,0.005927,-0.681483,0.045549,-0.205507
-6.874028,2.259746,0.665776,0.030892,-0.003881,-0.738834,0.673168,-0.029101,0.018537,0.128893,1.630238,-0.461845,0.042045,-0.954532,-0.238521,0.069073,0.739508,-0.178431,0.116431,-0.069643,-0.058102,0.417197,0.235423,0.393344,-0.400571,0.458615,0.697907,-0.067467,-0.066575,0.382137,-0.378742,0.186561,0.048295,-0.745451,0.066252,-0.193776
-6.886532,2.147382,0.663382,0.015447,-0.005777,-0.734182,0.678753,-0.337801,0.043241,0.208815,1.852982,-0.515203,0.040132,-0.898769,-0.282748,0.040028,0.951135,-0.138601,0.131674,-0.040216,-0.037422,0.452145,0.331054,0.445454,-0.486865,0.610333,0.738222,-0.045765,-0.108734,0.055747,-0.318847,0.265632,0.109212,-0.815113,0.063075,-0.204532
-6.897244,2.038462,0.660070,-0.003828,-0.005328,-0.739354,0.673284,-0.688733,0.069817,0.289234,1.854507,-0.517663,0.030069,-0.814721,-0.320046,-0.006510,1.186915,-0.332625,0.168309,0.000240,-0.017852,0.487079,0.462608,0.486535,-0.518173,0.692612,0.715652,-0.085634,-0.096459,-0.255128,-0.274609,0.354451,0.146155,-0.868417,0.023925,-0.226335
-6.906520,1.925772,0.656641,-0.026047,0.003398,-0.751143,0.659617,-0.917654,0.174184,0.381029,1.590025,-0.472992,0.081327,-0.697686,-0.335152,-0.050722,1.378266,-0.432507,0.189102,0.041782,-0.002157,0.502546,0.584914,0.496254,-0.514856,0.703025,0.627127,-0.151133,-0.091680,-0.513496,-0.243262,0.434703,0.133813,-0.885877,-0.038694,-0.244492
-6.913640,1.810210,0.652780,-0.061475,0.018817,-0.762703,0.643546,-0.959393,0.190436,0.409898,1.168009,-0.265802,0.018860,-0.592890,-0.280428,-0.037440,1.557611,-0.260412,0.213649,0.075189,0.017408,0.501051,0.702367,0.496726,-0.513333,0.666138,0.530370,-0.219820,-0.097632,-0.676885,-0.228250,0.498033,0.110646,-0.879718,-0.090991,-0.257907
-6.917969,1.693444,0.656077,-0.105444,0.027762,-0.768389,0.630626,-0.854698,0.166817,0.413342,0.831523,-0.011736,0.017593,-0.516843,-0.300706,-0.006642,1.705039,-0.188079,0.241719,0.087782,0.041404,0.486215,0.770946,0.504810,-0.523169,0.609437,0.464294,-0.258907,-0.112981,-0.727859,-0.261084,0.553310,0.101921,-0.880806,-0.118503,-0.248005
-6.919615,1.580091,0.656065,-0.141771,0.027071,-0.768929,0.622829,-0.683711,0.260897,0.463447,0.908160,-0.186809,0.238645,-0.544909,-0.329167,0.067526,1.763460,-0.241704,0.135697,0.081219,0.061012,0.470996,0.770484,0.514270,-0.515802,0.544233,0.420796,-0.262762,-0.110074,-0.701195,-0.360196,0.613851,0.105819,-0.893995,-0.133820,-0.203909
-6.917446,1.472639,0.655559,-0.152285,0.015999,-0.764395,0.626302,-0.639214,0.259884,0.460348,1.186870,-0.290830,0.250439,-0.666512,-0.291294,0.143713,1.644913,-0.291674,0.047366,0.064871,0.066653,0.472025,0.691649,0.491049,-0.463480,0.474678,0.385587,-0.246086,-0.072401,-0.626946,-0.510576,0.667798,0.109436,-0.906726,-0.137071,-0.141774
-6.914081,1.366074,0.651233,-0.141762,0.014941,-0.751246,0.644445,-0.638135,0.257111,0.501733,1.461371,-0.202502,0.242150,-0.761855,-0.306712,0.123815,1.300049,-0.315660,0.059361,0.037019,0.059619,0.475690,0.581959,0.457768,-0.380124,0.382878,0.332551,-0.220063,0.010633,-0.508883,-0.695963,0.679296,0.075718,-0.876019,-0.120506,-0.089470
-6.911947,1.259430,0.650653,-0.117540,0.012925,-0.733077,0.669788,-0.660918,0.271783,0.509316,1.698700,-0.034718,0.071527,-0.761154,-0.296895,0.122271,0.848979,-0.283606,0.198115,0.000326,0.039728,0.473539,0.492006,0.407594,-0.309756,0.294614,0.267978,-0.218824,0.095688,-0.332039,-0.829432,0.637776,0.013503,-0.821235,-0.086367,-0.064757
-6.908562,1.154936,0.646978,-0.110340,0.016729,-0.706386,0.698973,-0.733900,0.250486,0.466170,1.881628,-0.088806,0.003476,-0.676797,-0.259702,0.172702,0.543052,-0.214004,0.248544,-0.045797,0.020741,0.469266,0.471180,0.369697,-0.274390,0.240392,0.188925,-0.223401,0.126823,-0.134050,-0.823911,0.581237,-0.070712,-0.781143,-0.062826,-0.077457
-6.902363,1.054521,0.640488,-0.115126,0.014084,-0.671402,0.731961,-0.830130,0.362702,0.427818,2.015596,-0.162835,0.032144,-0.591820,-0.339948,0.129960,0.534424,-0.127712,0.242264,-0.084332,0.004113,0.472282,0.499726,0.358615,-0.284506,0.266176,0.098607,-0.183362,0.115005,0.012073,-0.695373,0.557107,-0.163158,-0.795810,-0.070269,-0.113174
-6.891099,0.958094,0.630728,-0.128783,0.005165,-0.639190,0.758172,-0.997886,0.463057,0.396764,2.030983,-0.207662,0.083318,-0.498559,-0.283027,0.115466,0.738988,-0.117645,0.251118,-0.088873,0.002151,0.487323,0.577437,0.368844,-0.320911,0.356554,0.046071,-0.098022,0.128961,0.029566,-0.494265,0.591894,-0.213877,-0.861602,-0.095496,-0.153939
-6.872511,0.866200,0.626169,-0.147274,0.006784,-0.620000,0.770626,-1.156150,0.510723,0.403864,1.866900,-0.213379,0.073490,-0.405181,-0.282424,0.054006,0.946243,-0.297970,0.251345,-0.059777,0.026212,0.503196,0.673321,0.404020,-0.367141,0.452192,0.042114,-0.031401,0.153247,-0.084967,-0.308321,0.652436,-0.224095,-0.936290,-0.131062,-0.192448
-6.842974,0.775684,0.621852,-0.171134,0.026057,-0.611679,0.771935,-1.236559,0.500714,0.421572,1.559485,-0.148717,0.070685,-0.242969,-0.254699,-0.012221,0.988330,-0.433993,0.251361,-0.012488,0.070842,0.505185,0.791614,0.459521,-0.415434,0.475106,0.052225,-0.039858,0.135088,-0.266365,-0.196174,0.677823,-0.227461,-0.992518,-0.164593,-0.227417
-6.800298,0.685581,0.625581,-0.198782,0.054627,-0.599321,0.773508,-1.191189,0.454479,0.454400,1.237583,-0.048896,0.067675,-0.022754,-0.204634,-0.050209,0.881863,-0.381454,0.251484,0.029931,0.122768,0.488030,0.900323,0.492351,-0.454217,0.455586,0.044407,-0.110573,0.094212,-0.400545,-0.174341,0.611704,-0.244596,-1.013022,-0.168162,-0.263049
-6.750147,0.597507,0.634865,-0.219431,0.080018,-0.572225,0.786133,-1.036278,0.361697,0.494982,1.049190,0.015929,0.207292,0.151057,-0.209622,-0.045110,0.811408,-0.095380,0.251380,0.048899,0.160912,0.451273,0.949052,0.490526,-0.444926,0.415446,-0.002746,-0.149613,0.060047,-0.407587,-0.209932,0.434111,-0.246486,-0.988144,-0.116178,-0.291894
-6.695298,0.512871,0.639453,-0.233360,0.087489,-0.551172,0.796303,-0.837679,0.285389,0.329680,1.030007,-0.224564,0.249602,0.182631,-0.233119,-0.053594,0.958611,0.086863,0.251359,0.072892,0.168653,0.420870,0.881851,0.462682,-0.395045,0.410084,-0.054918,-0.115143,0.084132,-0.322827,-0.275619,0.186439,-0.184161,-0.951185,-0.017635,-0.290089
-6.637697,0.433697,0.650883,-0.231482,0.096679,-0.521740,0.815387,-0.676882,0.255481,0.369082,1.077928,-0.476491,0.251310,0.054143,-0.196041,-0.008100,1.304499,0.038345,0.251036,0.077678,0.173397,0.406155,0.661228,0.420905,-0.359209,0.410834,-0.033098,-0.060317,0.161687,-0.185155,-0.403764,-0.033063,-0.035548,-0.951139,0.085794,-0.233567
-6.577886,0.358578,0.659761,-0.215497,0.107117,-0.484637,0.840960,-0.546430,0.157667,0.345918,1.092417,-0.608065,0.251376,-0.185654,-0.221406,0.049931,1.672754,-0.110148,0.243461,0.067226,0.165821,0.404892,0.376665,0.386766,-0.352133,0.374006,0.085652,-0.057069,0.225609,-0.004188,-0.543441,-0.142696,0.169302,-0.972180,0.136379,-0.141495
-6.513809,0.284260,0.666459,-0.195729,0.126068,-0.439994,0.867296,-0.383924,0.064965,0.332861,1.015370,-0.679855,0.251366,-0.510528,-0.213056,0.104074,1.919442,-0.249246,0.115935,0.028225,0.158854,0.402584,0.139838,0.387169,-0.353807,0.235776,0.246430,-0.123419,0.233277,0.193673,-0.606116,-0.148632,0.311002,-0.949435,0.125787,-0.081556
-6.443164,0.209339,0.670244,-0.181874,0.148122,-0.405116,0.883664,-0.181586,-0.002682,0.302954,0.846566,-0.653628,0.251282,-0.846395,-0.169059,0.132107,1.950026,-0.362611,0.034129,-0.031087,0.163740,0.390412,0.003552,0.413142,-0.335572,0.009560,0.365036,-0.234718,0.215234,0.370667,-0.569632,-0.125578,0.294036,-0.879918,0.096037,-0.054302
-6.365178,0.135787,0.667699,-0.176810,0.168758,-0.385034,0.889948,0.023327,-0.082257,0.220284,0.632607,-0.498668,0.250535,-1.086861,-0.088406,0.102525,1.744599,-0.401372,0.011846,-0.093977,0.178926,0.368571,0.022642,0.474401,-0.308279,-0.224852,0.375142,-0.300980,0.192789,0.492913,-0.466029,-0.105682,0.204728,-0.815637,0.055454,-0.054214
-6.283100,0.062031,0.666285,-0.160542,0.178220,-0.371029,0.897107,0.182234,-0.226894,0.159951,0.559880,-0.240906,0.228743,-1.159795,-0.016167,0.111526,1.378461,-0.363890,0.191543,-0.151073,0.192179,0.342767,0.181169,0.542397,-0.322761,-0.333486,0.322340,-0.259583,0.152784,0.525000,-0.365848,-0.078667,0.119474,-0.809262,0.027179,-0.061573
-6.198436,-0.007766,0.661618,-0.139651,0.169884,-0.356080,0.908209,0.262647,-0.258610,0.154228,0.812345,-0.196585,0.070326,-1.070167,0.030859,0.156218,1.012238,-0.303968,0.248701,-0.175571,0.197085,0.324571,0.384121,0.607880,-0.403057,-0.254990,0.285602,-0.137455,0.073639,0.456484,-0.295500,-0.026749,0.096919,-0.864249,-0.010702,-0.099109
-6.114141,-0.071621,0.655147,-0.121051,0.148129,-0.333279,0.923217,0.198747,-0.233607,0.183844,1.352836,-0.242194,0.061009,-0.913789,-0.111656,0.089763,0.827457,-0.220255,0.251254,-0.163417,0.193191,0.327601,0.515410,0.648639,-0.518724,-0.017868,0.324759,0.027828,-0.016252,0.270698,-0.233872,0.059907,0.072109,-0.949851,-0.036701,-0.116187
-6.029879,-0.131007,0.646696,-0.106656,0.122007,-0.308077,0.937458,0.041974,-0.191563,0.217830,1.938453,-0.376041,0.132934,-0.732757,-0.214917,-0.014203,0.822500,-0.241485,0.251458,-0.116902,0.183216,0.346234,0.597729,0.691287,-0.594048,0.301642,0.376231,0.174615,-0.048389,0.023076,-0.164006,0.179723,0.041500,-1.029752,-0.072316,-0.147518
-5.946930,-0.185999,0.653990,-0.098670,0.101849,-0.292601,0.945661,-0.271991,-0.105665,0.288536,2.363682,-0.464006,0.166013,-0.539932,-0.263663,-0.052943,0.843186,-0.388270,0.251396,-0.050690,0.177424,0.377074,0.697744,0.756973,-0.535892,0.536524,0.384643,0.219520,-0.031524,-0.271043,-0.121369,0.286636,-0.004436,-1.051749,-0.124592,-0.184157
-5.860305,-0.238051,0.661834,-0.103592,0.092059,-0.278065,0.950512,-0.784127,0.045859,0.351414,2.479795,-0.407103,0.189901,-0.301339,-0.267347,-0.123732,0.757068,-0.448815,0.251342,0.022422,0.183972,0.406456,0.849426,0.849056,-0.405024,0.620013,0.348302,0.119058,0.016297,-0.537283,-0.117036,0.337925,-0.087832,-1.007998,-0.172631,-0.236296
-5.762558,-0.290226,0.665396,-0.126901,0.095425,-0.253803,0.954135,-1.204817,0.118049,0.348188,2.261763,-0.343325,0.199114,-0.016144,-0.192151,-0.161342,0.592710,-0.377287,0.251293,0.080514,0.201464,0.405633,1.047398,0.933814,-0.289419,0.602469,0.261949,-0.061613,0.048693,-0.690745,-0.146097,0.319760,-0.188444,-0.930312,-0.180620,-0.283787
-5.652735,-0.341194,0.662130,-0.149966,0.108495,-0.222744,0.957144,-1.323638,0.128116,0.338041,1.816445,-0.333329,0.208943,0.199399,-0.147508,-0.170254,0.506727,-0.047132,0.251586,0.108055,0.207476,0.379125,1.201463,0.939919,-0.226879,0.510282,0.183049,-0.200014,0.074001,-0.678096,-0.188640,0.255932,-0.222713,-0.877075,-0.130608,-0.297821
-5.538537,-0.389762,0.673304,-0.173482,0.116081,-0.195176,0.958298,-1.206245,0.063135,0.336229,1.310188,-0.316465,0.178012,0.270116,-0.046044,-0.108616,0.757318,0.092924,0.251383,0.112019,0.203944,0.354292,1.182355,0.859372,-0.229760,0.419229,0.152912,-0.250142,0.102632,-0.517472,-0.231406,0.198463,-0.133762,-0.878583,-0.043640,-0.270785
-5.423073,-0.433317,0.681355,-0.187427,0.110504,-0.172994,0.960590,-0.963939,0.036340,0.365729,0.948217,-0.255740,0.247959,0.191465,-0.071584,-0.172233,1.303844,0.055491,0.251268,0.112510,0.193294,0.341620,0.974399,0.734173,-0.294491,0.345426,0.162803,-0.236467,0.142343,-0.275097,-0.276867,0.182379,0.077345,-0.892277,0.039785,-0.231780
-5.308238,-0.472863,0.686875,-0.178724,0.098567,-0.137344,0.969267,-0.701813,0.058750,0.347378,0.923625,-0.431313,0.251272,0.049507,-0.173685,-0.157437,1.897257,-0.126733,0.248608,0.112956,0.159733,0.340488,0.639325,0.598686,-0.377899,0.285361,0.203147,-0.208071,0.186413,0.032898,-0.295748,0.156075,0.274212,-0.843415,0.091796,-0.229548
-5.193309,-0.509534,0.691171,-0.157875,0.095950,-0.074087,0.979990,-0.502177,-0.021646,0.297817,0.963355,-0.581964,0.251321,-0.242637,-0.176419,-0.110416,2.350744,-0.287507,0.197645,0.095832,0.128768,0.353440,0.237182,0.437111,-0.459370,0.232799,0.259151,-0.208348,0.226117,0.407841,-0.243995,0.090403,0.344626,-0.722209,0.100880,-0.277354
-5.076432,-0.540974,0.690191,-0.150868,0.103530,-0.009376,0.983073,-0.281138,-0.053652,0.241025,0.911584,-0.661750,0.251321,-0.702633,-0.174557,-0.061729,2.525930,-0.379326,0.106290,0.048017,0.116172,0.368623,-0.083368,0.295852,-0.500603,0.138465,0.347226,-0.262576,0.276075,0.808110,-0.125553,0.048126,0.311271,-0.601057,0.042908,-0.331358
-4.954109,-0.565431,0.686143,-0.159065,0.109959,0.022602,0.980865,-0.022806,-0.031226,0.210868,0.747456,-0.603923,0.250883,-1.158673,-0.135192,-0.015402,2.399141,-0.337924,0.023215,-0.024123,0.117266,0.372100,-0.292769,0.253142,-0.474901,-0.040527,0.447507,-0.323812,0.291318,1.157378,-0.056835,0.075938,0.248194,-0.549752,-0.049648,-0.334022
-4.826715,-0.581420,0.680056,-0.170972,0.116663,0.020805,0.978123,0.213314,-0.044880,0.152413,0.549249,-0.345249,0.240250,-1.411267,-0.077039,-0.044198,2.066882,-0.381971,-0.012122,-0.096293,0.124693,0.358272,-0.358609,0.320464,-0.414326,-0.218625,0.516342,-0.330003,0.250041,1.341693,-0.080899,0.120055,0.182666,-0.573574,-0.084364,-0.285684
-4.694659,-0.593390,0.683425,-0.162601,0.118601,-0.000935,0.979537,0.373269,-0.149257,0.039736,0.524613,0.098039,0.038651,-1.390447,0.002182,-0.070284,1.630204,-0.422326,0.040961,-0.137110,0.134400,0.334975,-0.232997,0.416171,-0.389894,-0.262725,0.540455,-0.264537,0.168009,1.301911,-0.131696,0.125472,0.116183,-0.626406,-0.059560,-0.233399
-4.563637,-0.600929,0.684409,-0.143085,0.110294,-0.013833,0.983448,0.400598,-0.264338,-0.014354,0.813160,0.107483,-0.088829,-1.190739,0.054369,-0.035504,1.250264,-0.367020,0.197079,-0.145947,0.136835,0.319035,0.001715,0.461184,-0.452352,-0.100031,0.540333,-0.145671,0.050909,1.068649,-0.147973,0.127360,0.050834,-0.674899,-0.012712,-0.203364
-4.434950,-0.605700,0.684060,-0.119525,0.093984,-0.023030,0.988104,0.277334,-0.159361,0.191835,1.374715,0.022445,-0.054064,-0.919151,-0.038287,-0.086463,1.057215,-0.307180,0.222767,-0.136028,0.126002,0.319816,0.220873,0.443139,-0.526750,0.188276,0.514405,0.010032,-0.057226,0.722676,-0.127743,0.137625,-0.012737,-0.715471,-0.000706,-0.214461
-4.308644,-0.608167,0.681649,-0.111265,0.077908,-0.048749,0.989532,0.048262,-0.110168,0.277910,1.926409,-0.098764,0.010832,-0.673856,-0.051055,-0.082061,1.014917,-0.472378,0.245154,-0.106493,0.121194,0.339239,0.470329,0.432692,-0.534981,0.443820,0.480094,0.105476,-0.083358,0.313500,-0.079993,0.151017,-0.057401,-0.743090,-0.049177,-0.260039
-4.184069,-0.607992,0.686643,-0.104384,0.066411,-0.081556,0.988960,-0.343612,-0.041086,0.316789,2.314489,-0.189794,0.067820,-0.446096,-0.066551,-0.057266,0.962384,-0.559136,0.249960,-0.059992,0.113716,0.371033,0.739457,0.452477,-0.483383,0.579153,0.438811,0.079790,-0.056342,-0.100132,-0.013798,0.172636,-0.138824,-0.743572,-0.109684,-0.317427
-4.058030,-0.608508,0.692655,-0.089875,0.056267,-0.085062,0.990717,-0.859522,0.038589,0.214189,2.410453,-0.203412,0.120842,-0.176506,-0.108072,-0.042017,0.820267,-0.564062,0.251133,0.004434,0.105174,0.398016,0.967559,0.537116,-0.402768,0.624775,0.388175,-0.045073,-0.013651,-0.424697,-0.020132,0.168269,-0.268989,-0.707642,-0.165363,-0.358449
-3.923240,-0.609547,0.695097,-0.072808,0.050311,-0.049743,0.994833,-1.243100,0.033742,0.079798,2.186699,-0.200110,0.143928,0.138927,-0.150778,-0.081382,0.634354,-0.407990,0.251257,0.070538,0.096622,0.394652,1.116465,0.660956,-0.279744,0.586980,0.322346,-0.150584,0.014299,-0.594889,-0.148365,0.146194,-0.366420,-0.676070,-0.168147,-0.338422
-3.780235,-0.609088,0.699926,-0.059400,0.054396,-0.002863,0.996747,-1.359637,0.010881,0.037176,1.744939,-0.268752,0.085449,0.381697,-0.134848,-0.152685,0.576524,-0.029207,0.251349,0.113180,0.078780,0.368319,1.089986,0.735757,-0.197191,0.531007,0.261986,-0.174515,0.024232,-0.541793,-0.330370,0.128945,-0.356181,-0.668695,-0.106439,-0.275972
-3.634284,-0.606790,0.702402,-0.054661,0.057300,0.030467,0.996394,-1.255150,0.006053,0.021277,1.238062,-0.355405,-0.027616,0.438189,0.030619,-0.031478,0.862657,0.018976,0.251254,0.120961,0.047388,0.345967,0.888270,0.716684,-0.219700,0.500367,0.241392,-0.143480,0.039439,-0.332166,-0.439736,0.155056,-0.195724,-0.681928,-0.000088,-0.208024
-3.489882,-0.602365,0.703713,-0.051889,0.051602,0.042068,0.996431,-1.052739,0.024883,0.006160,0.893635,-0.374190,-0.101290,0.345206,-0.020813,-0.151016,1.390130,-0.031428,0.248764,0.123458,0.017026,0.340984,0.587480,0.617360,-0.310561,0.480218,0.260454,-0.109079,0.075752,-0.093521,-0.458164,0.220935,0.074021,-0.666084,0.122299,-0.180489
-3.348708,-0.597556,0.704101,-0.021411,0.047702,0.071622,0.996060,-0.876046,0.023122,0.095274,0.873127,-0.263197,0.010080,0.129166,-0.099403,-0.193473,1.893799,-0.178594,0.193852,0.103472,-0.025924,0.359724,0.244175,0.459793,-0.403718,0.462961,0.307190,-0.121375,0.128738,0.169001,-0.408739,0.238180,0.344220,-0.603197,0.216380,-0.228978
-3.206192,-0.592469,0.701652,0.015116,0.038333,0.108634,0.993227,-0.704338,-0.045031,0.107233,1.002013,-0.414967,0.041905,-0.214017,-0.117108,-0.213956,2.207988,-0.266897,0.132358,0.075124,-0.068755,0.390168,-0.075480,0.292362,-0.455852,0.414606,0.373806,-0.161847,0.185234,0.473027,-0.310372,0.181957,0.513403,-0.500423,0.234682,-0.306306
-3.062939,-0.587038,0.696495,0.034972,0.022815,0.129342,0.990721,-0.471468,-0.060317,0.084563,1.089503,-0.622141,0.011552,-0.633579,-0.174944,-0.157970,2.251613,-0.335379,0.084416,0.030361,-0.099282,0.412820,-0.305085,0.209518,-0.441018,0.286220,0.457949,-0.234801,0.227370,0.801113,-0.216724,0.145330,0.552634,-0.410490,0.157797,-0.356479
-2.914149,-0.579519,0.690200,0.045301,0.000266,0.121377,0.991572,-0.188827,-0.027807,0.069791,1.130837,-0.668844,-0.027798,-0.963350,-0.197023,-0.065049,2.026495,-0.357466,0.010029,-0.025596,-0.121805,0.412338,-0.411280,0.214394,-0.360585,0.094455,0.537926,-0.302790,0.238451,1.084221,-0.196060,0.163386,0.519196,-0.375499,0.047080,-0.353533
-2.761500,-0.569898,0.683121,0.049722,-0.018697,0.100320,0.993536,0.076398,-0.008240,0.051542,1.131584,-0.435490,-0.047774,-1.089576,-0.190562,-0.042521,1.586793,-0.376113,-0.018104,-0.074347,-0.135701,0.389734,-0.373572,0.268718,-0.274786,-0.062263,0.559413,-0.323768,0.207207,1.281360,-0.244675,0.186775,0.410494,-0.393481,-0.029931,-0.320580
-2.608029,-0.559810,0.685358,0.061704,-0.030350,0.082376,0.994226,0.234799,-0.032987,0.003818,1.197988,-0.218116,-0.089982,-1.033801,-0.174184,-0.043241,1.031069,-0.378256,0.117803,-0.099291,-0.137652,0.360406,-0.212961,0.318279,-0.249769,-0.088667,0.540637,-0.284693,0.145530,1.334259,-0.298333,0.167054,0.255248,-0.436370,-0.040652,-0.295006
-2.459933,-0.550377,0.685605,0.070467,-0.040689,0.079327,0.993522,0.216307,-0.053378,-0.033268,1.403617,-0.264286,0.009740,-0.893506,-0.148348,0.021340,0.620631,-0.350080,0.221143,-0.101335,-0.127244,0.344782,-0.017077,0.350911,-0.300980,0.036361,0.534483,-0.205350,0.063312,1.190297,-0.302411,0.127310,0.138261,-0.488604,0.001501,-0.279484
-2.319522,-0.541748,0.683845,0.072564,-0.055027,0.066675,0.993610,0.022727,-0.023103,0.013309,1.690533,-0.343263,0.076299,-0.781151,-0.195138,-0.087022,0.608224,-0.194390,0.149826,-0.079535,-0.116790,0.354884,0.141988,0.364039,-0.368051,0.248972,0.562678,-0.091072,-0.004609,0.876583,-0.274316,0.120147,0.081616,-0.547743,0.054471,-0.277740
-2.184913,-0.533305,0.679676,0.051186,-0.072980,0.034886,0.995408,-0.292958,0.029681,0.060365,1.849736,-0.369479,0.066799,-0.730884,-0.136361,-0.108171,0.848532,-0.045993,-0.079249,-0.051864,-0.096176,0.389203,0.290493,0.366871,-0.391462,0.454556,0.581593,0.029585,-0.046539,0.456528,-0.233627,0.163773,0.088091,-0.604730,0.070100,-0.277949
-2.054523,-0.524978,0.677935,0.034142,-0.090081,-0.009399,0.995305,-0.621350,0.060099,0.078961,1.757092,-0.393044,0.047601,-0.650734,-0.082075,-0.109387,1.145690,-0.304695,-0.098079,-0.019997,-0.078454,0.423772,0.432840,0.333036,-0.386150,0.608403,0.565498,0.080076,-0.070164,0.095076,-0.210685,0.239334,0.068437,-0.652592,0.029677,-0.287038
-1.920018,-0.515968,0.675814,0.018371,-0.100731,-0.048576,0.993557,-0.813727,0.164693,0.121188,1.388373,-0.365478,0.081502,-0.531390,-0.069043,-0.112727,1.398919,-0.465911,-0.086454,0.017580,-0.068022,0.437641,0.568169,0.303225,-0.381895,0.652236,0.530270,0.034313,-0.087039,-0.156393,-0.226651,0.327799,-0.007235,-0.678242,-0.052744,-0.297561
-1.782274,-0.507296,0.676129,-0.004717,-0.112446,-0.077139,0.990648,-0.821114,0.180128,0.117659,0.897494,-0.275915,-0.007284,-0.401866,-0.087150,-0.102169,1.617583,-0.348939,0.036719,0.055961,-0.055041,0.426297,0.703288,0.303002,-0.373118,0.589915,0.487859,-0.063791,-0.099917,-0.255608,-0.297342,0.407328,-0.125710,-0.690922,-0.132238,-0.311144
-1.645255,-0.498709,0.673084,-0.024787,-0.131437,-0.104949,0.985442,-0.708479,0.212896,0.141373,0.562516,-0.207376,-0.077638,-0.332430,-0.176405,-0.075854,1.798650,-0.219886,0.168444,0.073891,-0.041473,0.406393,0.828323,0.315091,-0.356832,0.498237,0.438992,-0.157817,-0.107142,-0.224272,-0.418733,0.453439,-0.240740,-0.699666,-0.155708,-0.289757
-1.513454,-0.490146,0.666835,-0.036655,-0.156588,-0.139949,0.977011,-0.588438,0.280471,0.249406,0.558455,-0.154493,-0.028897,-0.397294,-0.210224,-0.022847,1.908223,-0.291343,0.063353,0.066046,-0.035040,0.399554,0.859833,0.316409,-0.348776,0.447541,0.427985,-0.169351,-0.116664,-0.118242,-0.577067,0.460745,-0.281342,-0.700319,-0.112583,-0.242345
-1.387577,-0.482154,0.656921,-0.024532,-0.180835,-0.166904,0.968937,-0.555602,0.241015,0.231875,0.821699,0.073711,0.132338,-0.564931,-0.246598,-0.015254,1.855011,-0.339030,0.005134,0.050650,-0.049060,0.413625,0.744193,0.318012,-0.356409,0.455683,0.486861,-0.112446,-0.101440,0.028634,-0.744505,0.406421,-0.227692,-0.717863,-0.012229,-0.187721
-1.268573,-0.474749,0.655724,-0.008347,-0.191243,-0.165185,0.967507,-0.532521,0.208668,0.286581,1.151600,-0.151324,0.152403,-0.726464,-0.238026,-0.070009,1.598151,-0.356000,0.025738,0.026888,-0.073444,0.433971,0.548504,0.333599,-0.330272,0.471705,0.562803,-0.042315,-0.034411,0.197465,-0.871269,0.319882,-0.096462,-0.751523,0.106213,-0.128874
-1.152679,-0.469316,0.657679,0.007609,-0.188861,-0.141196,0.971770,-0.522445,0.164481,0.329230,1.448536,-0.194708,0.113171,-0.782986,-0.212717,-0.130138,1.160801,-0.315032,0.133548,0.000544,-0.096445,0.452538,0.359215,0.345853,-0.243194,0.417124,0.589101,-0.026552,0.080210,0.388139,-0.934329,0.252864,0.043717,-0.736512,0.183595,-0.066518
-1.041865,-0.465153,0.669944,0.023649,-0.189319,-0.104037,0.976102,-0.545465,0.146099,0.350937,1.711240,-0.055162,-0.059673,-0.736779,-0.122031,-0.043528,0.745409,-0.247884,0.245623,-0.031752,-0.111608,0.466455,0.257805,0.339714,-0.151674,0.243452,0.568470,-0.098697,0.180253,0.581545,-0.919859,0.241392,0.135268,-0.672432,0.197324,-0.028285
-0.937565,-0.461084,0.677808,0.026543,-0.195078,-0.062319,0.978446,-0.612311,0.149443,0.334653,1.858345,-0.075797,-0.079537,-0.656159,-0.124176,-0.006872,0.596273,-0.163533,0.250545,-0.055456,-0.119430,0.480728,0.243778,0.368507,-0.125779,-0.005761,0.537882,-0.220026,0.199752,0.780379,-0.846016,0.266219,0.146811,-0.580577,0.170533,-0.035769
-0.838371,-0.455568,0.682293,0.019352,-0.205188,-0.020585,0.978315,-0.699565,0.267618,0.299411,1.818185,-0.134125,-0.015655,-0.629302,-0.162359,0.045455,0.720735,0.109402,0.237238,-0.068010,-0.118832,0.496401,0.270404,0.430411,-0.136526,-0.254541,0.510936,-0.326951,0.168217,0.943190,-0.706733,0.298798,0.127158,-0.503963,0.157247,-0.079131
-0.742106,-0.446239,0.684230,-0.007063,-0.205014,-0.001299,0.978733,-0.770240,0.409238,0.308860,1.532502,-0.183712,0.015597,-0.667665,-0.143429,0.066722,1.013974,0.096187,0.166264,-0.068016,-0.102855,0.507114,0.331011,0.474839,-0.130678,-0.444400,0.469154,-0.381974,0.135922,1.000992,-0.530230,0.328825,0.127881,-0.471425,0.159336,-0.132104
-0.647245,-0.432658,0.684022,-0.028974,-0.199593,-0.004668,0.979439,-0.780770,0.441105,0.324280,1.138561,-0.197372,-0.030127,-0.719348,-0.148404,0.060600,1.341364,-0.016023,0.199713,-0.068258,-0.076763,0.508959,0.423493,0.466729,-0.132935,-0.540735,0.422791,-0.389406,0.115796,0.980816,-0.400309,0.324126,0.124107,-0.494729,0.184427,-0.177506
-0.555208,-0.414678,0.681057,-0.043546,-0.196175,-0.024288,0.979300,-0.737931,0.463757,0.366222,0.906106,-0.065956,0.046310,-0.786182,-0.147428,0.086574,1.623289,0.005969,0.247614,-0.070830,-0.049648,0.508678,0.519910,0.432615,-0.144609,-0.559327,0.405115,-0.368801,0.101711,0.925503,-0.352848,0.298926,0.087032,-0.567583,0.192543,-0.209025
-0.467752,-0.394684,0.674831,-0.031357,-0.194990,-0.050090,0.979023,-0.734292,0.473623,0.324072,1.054029,0.051222,0.235873,-0.880861,-0.242247,0.171489,1.742632,-0.003350,0.235960,-0.069502,-0.032204,0.509080,0.574241,0.391704,-0.158743,-0.524740,0.429828,-0.329987,0.084457,0.839342,-0.376093,0.260922,0.038997,-0.655440,0.201263,-0.222490
-0.383764,-0.373681,0.665855,-0.011989,-0.190795,-0.074136,0.978753,-0.779291,0.479663,0.314995,1.336553,-0.018776,0.178482,-0.961353,-0.316907,0.222204,1.604385,-0.122413,0.162813,-0.073129,-0.022853,0.509277,0.590111,0.357082,-0.149698,-0.437029,0.494813,-0.279997,0.089214,0.706489,-0.432045,0.240890,0.025508,-0.742670,0.227917,-0.206830
-0.302815,-0.353717,0.654484,0.013651,-0.185527,-0.094483,0.977991,-0.826137,0.538438,0.324336,1.629755,0.015691,0.024346,-0.942243,-0.307048,0.217801,1.303641,-0.161940,0.247255,-0.072725,-0.024830,0.509389,0.575846,0.326285,-0.126781,-0.308697,0.566916,-0.215571,0.120538,0.528049,-0.483490,0.241783,0.057174,-0.821487,0.259731,-0.184765
-0.225213,-0.333576,0.640528,0.019353,-0.180065,-0.100346,0.978332,-0.910106,0.519108,0.246039,1.819262,0.054830,-0.171674,-0.849748,-0.239719,0.301295,1.069096,0.074961,0.251188,-0.079573,-0.023103,0.509035,0.539426,0.317537,-0.103532,-0.188648,0.622505,-0.141409,0.152000,0.314968,-0.488332,0.265454,0.108848,-0.875577,0.269898,-0.187460
-0.151552,-0.312841,0.623485,0.008689,-0.178520,-0.092321,0.979557,-0.984300,0.525183,0.092067,1.829370,-0.025473,-0.161732,-0.791212,-0.258449,0.333941,1.128960,0.001497,0.251372,-0.082615,-0.019486,0.509220,0.506793,0.350224,-0.094751,-0.127683,0.658452,-0.101855,0.155389,0.123857,-0.447558,0.280396,0.129247,-0.901500,0.261571,-0.223379
-0.080972,-0.291044,0.603189,-0.002291,-0.182031,-0.070895,0.980731,-1.041910,0.627886,-0.031883,1.672627,-0.136772,-0.071086,-0.715637,-0.314981,0.336309,1.248945,-0.146198,0.251492,-0.074315,-0.016944,0.509296,0.497203,0.407960,-0.108977,-0.146227,0.670208,-0.123646,0.135174,0.008242,-0.414673,0.250227,0.098519,-0.903490,0.235923,-0.279843
-0.014163,-0.266137,0.599531,-0.018523,-0.185951,-0.045108,0.981348,-1.063127,0.742855,-0.016038,1.406684,-0.172766,0.029284,-0.603126,-0.398846,0.300230,1.300103,-0.260077,0.251453,-0.052130,-0.003439,0.507720,0.514588,0.456873,-0.142433,-0.220248,0.649929,-0.176107,0.107936,-0.025303,-0.405838,0.183308,0.043526,-0.883475,0.203235,-0.319759
0.051245,-0.234598,0.609510,-0.044868,-0.188497,-0.013808,0.980951,-1.008189,0.817699,0.132304,1.145519,-0.179069,0.098865,-0.407844,-0.478413,0.214174,1.240873,-0.294003,0.251508,-0.026196,0.031982,0.493172,0.542207,0.481079,-0.206571,-0.294322,0.610869,-0.218109,0.072382,0.025070,-0.418119,0.086341,0.007619,-0.843332,0.184980,-0.321604
0.115279,-0.197251,0.635567,-0.072250,-0.190865,0.035424,0.978313,-0.937718,0.757087,0.219554,1.016771,-0.100539,0.094155,-0.148190,-0.526133,0.158208,1.114170,-0.167795,0.251379,-0.011573,0.071838,0.457680,0.543566,0.490487,-0.308595,-0.332061,0.585490,-0.238372,0.027291,0.148764,-0.431897,-0.043640,0.018246,-0.800591,0.196721,-0.293904
0.177094,-0.157808,0.658451,-0.083554,-0.189127,0.109072,0.972293,-0.902660,0.583639,0.167182,1.053756,0.048600,0.242843,0.090567,-0.485921,0.199136,1.015302,0.088916,0.251366,-0.014831,0.088853,0.417549,0.486630,0.492744,-0.441481,-0.324906,0.583138,-0.247056,-0.021540,0.312941,-0.419131,-0.198399,0.073585,-0.762873,0.234611,-0.265589
0.234896,-0.117425,0.677821,-0.079141,-0.178036,0.185416,0.963152,-0.874406,0.418033,0.125204,1.163853,-0.062386,0.250869,0.209181,-0.325557,0.349467,1.055443,0.136948,0.251317,-0.023253,0.083786,0.387790,0.373377,0.487404,-0.574549,-0.274131,0.584463,-0.243564,-0.056745,0.467298,-0.365952,-0.339016,0.149119,-0.705304,0.294219,-0.249915
0.288379,-0.075921,0.693758,-0.072312,-0.165950,0.231641,0.955811,-0.816592,0.307835,0.118247,1.253037,-0.200858,0.251347,0.142434,-0.236594,0.311794,1.187680,0.056269,0.251121,-0.008692,0.078816,0.376707,0.277518,0.472656,-0.653944,-0.211403,0.607867,-0.231038,-0.062234,0.561033,-0.290040,-0.428749,0.273551,-0.620291,0.346744,-0.247445
0.338505,-0.034499,0.706807,-0.062200,-0.151219,0.262186,0.951064,-0.728106,0.232133,0.151403,1.279246,-0.298694,0.251368,-0.040062,-0.273098,0.231473,1.276562,-0.034974,0.245246,0.000435,0.067636,0.375119,0.232461,0.435511,-0.658561,-0.142091,0.660767,-0.202859,-0.034951,0.587377,-0.231124,-0.444006,0.427840,-0.562063,0.388492,-0.230017
0.386310,0.005957,0.717283,-0.048247,-0.132954,0.281414,0.949106,-0.643137,0.190586,0.209460,1.282929,-0.350157,0.251315,-0.227197,-0.354598,0.090336,1.272104,-0.220418,0.130597,-0.001634,0.050127,0.374153,0.247920,0.371008,-0.598850,-0.076596,0.716010,-0.166444,0.010680,0.573879,-0.212799,-0.385861,0.570468,-0.574456,0.412428,-0.196233
0.433077,0.047072,0.725328,-0.034051,-0.112219,0.304846,0.945154,-0.579545,0.142743,0.259462,1.293440,-0.323532,0.250386,-0.376147,-0.284580,0.074348,1.154218,-0.336524,0.105048,-0.016518,0.033965,0.370772,0.289569,0.296059,-0.512845,-0.031218,0.733941,-0.140224,0.051059,0.549619,-0.205056,-0.296650,0.652726,-0.623588,0.399975,-0.175464
0.479405,0.089875,0.730731,-0.021918,-0.092132,0.335601,0.937232,-0.540466,0.091496,0.307549,1.326098,-0.233581,0.228613,-0.480850,-0.186725,0.148050,0.941438,-0.364670,0.145405,-0.036790,0.025964,0.365805,0.324318,0.242735,-0.439546,-0.004647,0.714586,-0.131152,0.079144,0.534421,-0.184337,-0.224634,0.658238,-0.651656,0.350386,-0.173502
0.525758,0.134182,0.733373,-0.005682,-0.075887,0.371468,0.925322,-0.527084,0.068553,0.327238,1.401290,-0.108516,0.045926,-0.521522,-0.183786,0.172538,0.667869,-0.353493,0.192546,-0.052797,0.018689,0.358941,0.349335,0.225537,-0.397306,0.019425,0.688307,-0.129220,0.098400,0.538893,-0.160112,-0.167137,0.615786,-0.651130,0.284096,-0.163636
0.572295,0.178999,0.733350,0.012089,-0.068569,0.419195,0.905222,-0.516472,0.096341,0.348644,1.506769,-0.080098,-0.104961,-0.504868,-0.233632,0.136907,0.454937,-0.289947,0.236090,-0.067855,0.008674,0.348843,0.373550,0.239741,-0.380611,0.050184,0.675942,-0.118965,0.113430,0.563213,-0.146760,-0.098656,0.560239,-0.658150,0.227486,-0.137492
0.618283,0.223201,0.730840,0.025682,-0.072037,0.480533,0.873636,-0.527002,0.163403,0.354299,1.592639,-0.133379,-0.031246,-0.438956,-0.248512,0.161609,0.388384,-0.209687,0.250212,-0.082325,0.000845,0.337136,0.393088,0.276386,-0.373035,0.086910,0.675739,-0.092949,0.126992,0.595184,-0.141377,-0.022143,0.506074,-0.689030,0.188193,-0.110828
0.662294,0.266723,0.725673,0.029191,-0.085993,0.546712,0.832381,-0.577993,0.216150,0.331086,1.588705,-0.206096,0.017642,-0.368536,-0.191657,0.245648,0.492986,-0.060332,0.251330,-0.090455,0.002931,0.329008,0.399879,0.328286,-0.355553,0.129468,0.674359,-0.053414,0.135715,0.613780,-0.131773,0.045320,0.466116,-0.727314,0.161218,-0.090947
0.702504,0.310287,0.716652,0.029985,-0.098342,0.602981,0.791103,-0.638086,0.213421,0.311798,1.442422,-0.251369,0.015366,-0.330818,-0.193479,0.166267,0.730331,-0.191273,0.251402,-0.082800,0.016316,0.325530,0.388485,0.364342,-0.322326,0.189975,0.660309,-0.009272,0.138255,0.598797,-0.135445,0.092905,0.447119,-0.767328,0.149380,-0.073342
0.737344,0.354048,0.712113,0.023247,-0.106073,0.650077,0.752069,-0.668427,0.146395,0.286786,1.164217,-0.285592,0.014396,-0.268744,-0.166240,0.134901,0.888873,-0.312942,0.251387,-0.071964,0.041544,0.319000,0.372917,0.372887,-0.273564,0.272662,0.636599,0.032737,0.138649,0.546822,-0.170426,0.129273,0.444338,-0.820385,0.150402,-0.051654
0.765851,0.399261,0.710152,0.013511,-0.112105,0.684918,0.719818,-0.643116,0.104130,0.308807,0.838100,-0.230189,-0.004210,-0.172209,-0.133687,0.083255,0.936985,-0.396838,0.251360,-0.056334,0.069938,0.305886,0.370803,0.366085,-0.227788,0.363459,0.607533,0.060397,0.133290,0.473903,-0.230555,0.151922,0.438619,-0.875210,0.149238,-0.029054
0.787699,0.445566,0.709623,0.007226,-0.121555,0.706145,0.697518,-0.591099,0.043252,0.262218,0.544139,-0.076363,-0.018951,-0.071559,-0.123634,0.003543,0.947221,-0.410562,0.251392,-0.033872,0.090870,0.289663,0.402773,0.369480,-0.205719,0.434011,0.579391,0.051228,0.109939,0.393796,-0.287084,0.148206,0.428289,-0.906702,0.136749,-0.010363
0.804808,0.491357,0.710142,0.009305,-0.128224,0.712739,0.689546,-0.533818,-0.011296,0.141315,0.362583,0.092884,-0.057692,-0.000601,-0.123458,-0.046287,0.977809,-0.362364,0.251376,-0.008878,0.099503,0.272765,0.453527,0.381521,-0.209015,0.502634,0.556955,0.021801,0.078267,0.317224,-0.333386,0.132612,0.407223,-0.922969,0.124350,0.005537
0.818061,0.535857,0.710620,0.015984,-0.134544,0.705114,0.696029,-0.475700,-0.020554,0.061624,0.312489,0.232819,-0.079345,0.016796,-0.129885,-0.053978,1.072839,-0.258689,0.251307,0.013789,0.099603,0.254358,0.523271,0.383120,-0.220881,0.564330,0.548987,-0.005294,0.061468,0.228565,-0.364074,0.137200,0.381535,-0.946868,0.114099,0.026916
0.829234,0.578072,0.714991,0.026923,-0.136403,0.689327,0.710984,-0.436921,-0.014203,0.058726,0.388692,0.228046,0.103778,-0.003647,-0.166869,-0.036489,1.197285,-0.170465,0.249734,0.030873,0.091041,0.235565,0.583844,0.351323,-0.233698,0.629880,0.542864,-0.013295,0.058930,0.132400,-0.368914,0.158120,0.349952,-0.966219,0.095314,0.047753
0.838698,0.615862,0.720117,0.039077,-0.130309,0.675238,0.724945,-0.428109,0.006173,0.125583,0.508578,0.123878,0.217510,-0.036993,-0.264147,-0.072023,1.260566,-0.214892,0.217021,0.040185,0.072137,0.219197,0.613692,0.309107,-0.242725,0.706367,0.540628,-0.002966,0.047551,0.047360,-0.334875,0.172731,0.318615,-0.947530,0.086295,0.051294
0.847832,0.650236,0.725730,0.046756,-0.119492,0.669058,0.732050,-0.420133,0.009681,0.148399,0.599505,0.025469,0.214084,-0.075207,-0.318094,-0.123463,1.203920,-0.330066,0.099353,0.045952,0.045653,0.206078,0.584729,0.281933,-0.260356,0.808611,0.575794,0.039410,0.023940,0.004953,-0.269760,0.163214,0.293582,-0.901496,0.094571,0.022271
0.856579,0.681373,0.733676,0.048846,-0.107603,0.670142,0.732766,-0.395811,0.002354,0.151550,0.625326,-0.036313,0.189389,-0.109290,-0.306460,-0.161541,1.047691,-0.394649,0.074323,0.047939,0.021811,0.192745,0.501289,0.261828,-0.293044,0.926462,0.653457,0.111924,-0.016909,0.000479,-0.206146,0.154199,0.283809,-0.876045,0.109319,-0.020644
0.864800,0.709490,0.743486,0.049555,-0.095041,0.673262,0.731594,-0.355669,-0.009247,0.155402,0.602096,-0.070671,0.175140,-0.132933,-0.259542,-0.179590,0.832399,-0.404919,0.093646,0.046208,0.004610,0.176759,0.399782,0.229407,-0.319940,1.018138,0.729633,0.174380,-0.071830,0.013541,-0.169640,0.169485,0.293409,-0.891433,0.116306,-0.037757
0.872282,0.734971,0.754482,0.045117,-0.086149,0.677430,0.729131,-0.306441,-0.019235,0.141113,0.543914,-0.080171,0.164358,-0.152202,-0.179565,-0.145703,0.615926,-0.340701,0.127236,0.039673,-0.004774,0.159408,0.310695,0.197837,-0.317910,1.037326,0.773107,0.192886,-0.113967,0.027279,-0.151022,0.200286,0.319233,-0.924754,0.112443,-0.021592
0.879375,0.757927,0.764096,0.039106,-0.077751,0.682851,0.725355,-0.265035,-0.024944,0.128257,0.486947,-0.079040,0.159243,-0.164941,-0.110270,-0.095188,0.454450,-0.256883,0.166902,0.030001,-0.008610,0.144262,0.245676,0.178233,-0.304510,0.977105,0.796319,0.165090,-0.117584,0.038910,-0.141964,0.218785,0.354788,-0.953216,0.103218,0.005143
0.885721,0.779030,0.771173,0.035939,-0.069157,0.688611,0.720931,-0.229483,-0.032669,0.122654,0.443342,-0.081395,0.160362,-0.171369,-0.080098,-0.095248,0.368254,-0.215731,0.202367,0.023102,-0.011159,0.132502,0.188203,0.173418,-0.309568,0.865551,0.825437,0.118643,-0.074184,0.042363,-0.138286,0.232451,0.402988,-0.965501,0.110004,0.019861
0.891064,0.798866,0.776021,0.036308,-0.062406,0.695845,0.714554,-0.190938,-0.047698,0.106853,0.406080,-0.090694,0.158437,-0.170912,-0.059905,-0.079243,0.338832,-0.187013,0.192330,0.017502,-0.014544,0.122640,0.138961,0.181975,-0.328403,0.730840,0.867289,0.076286,0.013031,0.046506,-0.140590,0.243846,0.458799,-0.975723,0.123237,0.026237
0.895597,0.817603,0.778736,0.039869,-0.056714,0.702811,0.707990,-0.149646,-0.066111,0.087594,0.373662,-0.104233,0.153592,-0.153798,-0.047906,-0.060573,0.327867,-0.135140,0.163070,0.014635,-0.020019,0.112224,0.107248,0.192698,-0.326533,0.594838,0.892282,0.036352,0.106054,0.055798,-0.146221,0.259437,0.516535,-0.991314,0.134466,0.032001
0.900029,0.834952,0.781667,0.044213,-0.051679,0.707391,0.703543,-0.106575,-0.081562,0.070703,0.341245,-0.118425,0.146788,-0.123814,-0.045856,-0.053238,0.315611,-0.117738,0.086184,0.015263,-0.026921,0.100355,0.065454,0.179857,-0.296846,0.495869,0.861247,0.003253,0.163257,0.063941,-0.152014,0.284838,0.563738,-0.998235,0.151797,0.048382
0.903946,0.851324,0.784267,0.047814,-0.047041,0.707890,0.703130,-0.063770,-0.090964,0.062306,0.306781,-0.130142,0.138681,-0.093098,-0.048174,-0.053487,0.299256,-0.127061,0.053476,0.018935,-0.032528,0.087782,0.035856,0.153063,-0.244621,0.419900,0.780570,-0.027784,0.181710,0.068339,-0.153887,0.309186,0.622804,-0.993264,0.165028,0.060690
0.907595,0.866420,0.786586,0.049584,-0.042915,0.704751,0.706418,-0.023671,-0.093360,0.064420,0.269603,-0.134617,0.130597,-0.066178,-0.047429,-0.046894,0.280926,-0.134010,0.051158,0.023205,-0.035253,0.075084,0.015097,0.123697,-0.187285,0.364490,0.688004,-0.047317,0.186058,0.061808,-0.151671,0.332698,0.700145,-0.983626,0.179871,0.072449
0.911351,0.880062,0.788470,0.049331,-0.038966,0.699717,0.711649,0.010650,-0.090564,0.075233,0.232805,-0.134509,0.124505,-0.044718,-0.043621,-0.041296,0.263314,-0.137037,0.049173,0.026563,-0.035569,0.062197,0.000280,0.101148,-0.141438,0.329916,0.621029,-0.053616,0.200888,0.044038,-0.149185,0.359696,0.791222,-0.984722,0.200947,0.093175
0.915308,0.892280,0.789552,0.047409,-0.035247,0.695232,0.716354,0.036346,-0.084743,0.089355,0.203137,-0.134130,0.120210,-0.029344,-0.037633,-0.039391,0.252405,-0.138786,0.043274,0.027747,-0.034628,0.049527,-0.012305,0.090071,-0.119428,0.316639,0.591563,-0.049333,0.227597,0.020757,-0.148756,0.392521,0.879707,-1.005319,0.227639,0.127762
0.919456,0.903298,0.791640,0.044644,-0.032018,0.692441,0.719380,0.053138,-0.077714,0.101143,0.186694,-0.137340,0.116041,-0.020174,-0.031086,-0.042535,0.249019,-0.143065,0.035574,0.026649,-0.032979,0.038247,-0.026259,0.092776,-0.127260,0.323048,0.589975,-0.038892,0.249431,0.000442,-0.149932,0.424208,0.945989,-1.037781,0.252563,0.165110
0.923494,0.913206,0.793484,0.041566,-0.029525,0.691212,0.720852,0.063878,-0.069509,0.109553,0.180237,-0.143726,0.111393,-0.013139,-0.024081,-0.049507,0.249848,-0.147859,0.027053,0.023916,-0.030584,0.029134,-0.042296,0.109133,-0.162526,0.347465,0.603366,-0.029357,0.249086,-0.009101,-0.150632,0.439878,0.978587,-1.063392,0.269127,0.182366
0.927265,0.922214,0.794675,0.038359,-0.027737,0.690979,0.721324,0.073639,-0.061131,0.115870,0.174731,-0.149158,0.107096,-0.006636,-0.017057,-0.057982,0.250420,-0.150349,0.018874,0.020503,-0.027635,0.021853,-0.058334,0.135362,-0.216808,0.389737,0.627326,-0.023237,0.221827,-0.003794,-0.148255,0.428105,0.979473,-1.065648,0.276591,0.164963
0.930629,0.930365,0.795607,0.035322,-0.026096,0.691079,0.721444,0.084297,-0.053938,0.122106,0.165732,-0.150923,0.103634,0.000037,-0.011053,-0.066970,0.248500,-0.151605,0.011629,0.017290,-0.024619,0.015562,-0.071861,0.164525,-0.281030,0.449075,0.662709,-0.015691,0.174686,0.014235,-0.141639,0.390927,0.960173,-1.039854,0.274505,0.120424
0.933569,0.937634,0.796368,0.032572,-0.024134,0.691003,0.721714,0.093910,-0.048324,0.130660,0.155831,-0.149543,0.101158,0.005733,-0.006600,-0.075130,0.245237,-0.152727,0.005880,0.014616,-0.021856,0.009767,-0.081442,0.189277,-0.348106,0.521874,0.707818,-0.002803,0.117815,0.037480,-0.132574,0.343812,0.933940,-0.995503,0.262407,0.070836
0.936175,0.944016,0.796897,0.029789,-0.021972,0.690739,0.722156,0.100544,-0.043412,0.139808,0.148285,-0.149110,0.099197,0.009245,-0.002782,-0.082142,0.242780,-0.153984,0.000928,0.012460,-0.019408,0.004440,-0.086698,0.204682,-0.411983,0.603754,0.757827,0.013509,0.059605,0.058095,-0.124868,0.305206,0.909396,-0.950672,0.245650,0.034128
0.938586,0.949586,0.797119,0.026924,-0.019928,0.690592,0.722469,0.103869,-0.038485,0.146245,0.144809,-0.151821,0.096865,0.011051,0.001213,-0.088404,0.241872,-0.156723,-0.003875,0.010511,-0.017399,-0.000188,-0.087152,0.208786,-0.465982,0.692904,0.808001,0.031796,0.006845,0.072040,-0.121383,0.285881,0.889516,-0.921250,0.232185,0.015506
0.940869,0.954483,0.797014,0.024305,-0.018184,0.690688,0.722515,0.105745,-0.033909,0.147198,0.143806,-0.156941,0.093256,0.012187,0.005297,-0.093703,0.242649,-0.162176,-0.008354,0.008542,-0.016023,-0.003936,-0.081697,0.201464,-0.502125,0.788637,0.852550,0.056023,-0.033726,0.079070,-0.121515,0.284447,0.874351,-0.911406,0.226298,0.010747
0.943011,0.958833,0.796597,0.022226,-0.016706,0.691036,0.722285,0.108592,-0.030407,0.143000,0.141894,-0.163272,0.088335,0.013906,0.009289,-0.095500,0.243648,-0.170776,-0.011487,0.006554,-0.015282,-0.006891,-0.069480,0.184666,-0.514131,0.886787,0.883914,0.091210,-0.058615,0.080779,-0.122502,0.292201,0.863653,-0.914728,0.227304,0.012913
0.944996,0.962707,0.795967,0.020653,-0.015380,0.691739,0.721688,0.112886,-0.027752,0.137793,0.137980,-0.169697,0.081910,0.017581,0.013080,-0.093738,0.241694,-0.180913,-0.012827,0.004918,-0.014948,-0.009359,-0.050829,0.163339,-0.502072,0.977220,0.896602,0.133604,-0.071575,0.079365,-0.122229,0.299800,0.857306,-0.921386,0.232485,0.017459
0.946819,0.966106,0.795268,0.019272,-0.014122,0.692773,0.720760,0.117221,-0.025490,0.132697,0.133507,-0.176138,0.075995,0.023117,0.016520,-0.091575,0.235345,-0.189894,-0.012810,0.004501,-0.014646,-0.011609,-0.027106,0.144506,-0.474278,1.047436,0.892396,0.168527,-0.081981,0.076626,-0.120917,0.301945,0.854835,-0.924962,0.238050,0.022294
0.948500,0.969004,0.794618,0.017910,-0.012783,0.694008,0.719631,0.120069,-0.023466,0.127275,0.130117,-0.182047,0.070574,0.028577,0.019460,-0.089989,0.227224,-0.197227,-0.011264,0.005640,-0.014209,-0.013726,0.000255,0.131090,-0.444852,1.086696,0.881697,0.186106,-0.098299,0.072310,-0.123422,0.295625,0.860373,-0.924430,0.233966,0.024943
0.950054,0.971399,0.794128,0.016662,-0.011282,0.695265,0.718472,0.121269,-0.021845,0.122122,0.127938,-0.186528,0.065681,0.031812,0.021697,-0.089261,0.221379,-0.202294,-0.011093,0.008013,-0.013683,-0.015668,0.030309,0.131468,-0.421025,1.099526,0.873342,0.176942,-0.115439,0.067466,-0.123132,0.290697,0.866265,-0.923990,0.230220,0.025661
0.951472,0.973325,0.793796,0.015590,-0.009798,0.696523,0.717298,0.121661,-0.020568,0.117558,0.126012,-0.189462,0.061367,0.032552,0.023176,-0.090100,0.219297,-0.205646,-0.011764,0.011173,-0.013026,-0.017355,0.061424,0.142418,-0.402964,1.091064,0.871185,0.154155,-0.121587,0.061633,-0.122632,0.290276,0.873260,-0.926468,0.226394,0.026311
0.952734,0.974827,0.793545,0.014735,-0.008537,0.698107,0.715791,0.121309,-0.019532,0.112998,0.124904,-0.191696,0.057702,0.032014,0.023952,-0.092906,0.220035,-0.208551,-0.012967,0.014734,-0.012198,-0.018669,0.093642,0.159097,-0.386498,1.068041,0.873295,0.131403,-0.107749,0.056678,-0.123108,0.290804,0.881300,-0.934771,0.221059,0.028843
0.953834,0.975939,0.793286,0.014092,-0.007519,0.700436,0.713536,0.120114,-0.018917,0.107150,0.124691,-0.193744,0.054747,0.031311,0.023971,-0.098062,0.222133,-0.212248,-0.014509,0.018341,-0.011333,-0.019566,0.119055,0.171611,-0.370399,1.041884,0.876655,0.118909,-0.079043,0.050610,-0.122638,0.295763,0.888160,-0.941122,0.220771,0.032481
0.954786,0.976674,0.792961,0.013680,-0.006625,0.703676,0.710358,0.117896,-0.018944,0.099156,0.125515,-0.196195,0.052380,0.031189,0.023157,-0.105490,0.223886,-0.217082,-0.016057,0.021575,-0.010662,-0.020143,0.139142,0.181261,-0.355286,1.017939,0.878372,0.111606,-0.047052,0.047813,-0.123414,0.297731,0.891988,-0.944638,0.220439,0.033676
0.955598,0.977055,0.792577,0.013411,-0.005791,0.707599,0.706463,0.115385,-0.019609,0.089120,0.125952,-0.198938,0.050412,0.031653,0.021708,-0.114736,0.224406,-0.221790,-0.017389,0.024193,-0.010228,-0.020523,0.151349,0.187775,-0.342399,1.000228,0.877590,0.107033,-0.024691,0.047718,-0.124316,0.296773,0.893062,-0.945370,0.220017,0.031092
0.956256,0.977099,0.792125,0.013299,-0.005090,0.711728,0.702311,0.113082,-0.020768,0.077925,0.125784,-0.201985,0.048718,0.032429,0.019902,-0.124607,0.223902,-0.226203,-0.018476,0.026309,-0.009926,-0.020802,0.154576,0.192001,-0.332803,0.989137,0.876114,0.104542,-0.016796,0.048295,-0.125179,0.295654,0.893063,-0.945479,0.219775,0.026565
0.956761,0.976844,0.791554,0.013351,-0.004504,0.715528,0.698442,0.111112,-0.022250,0.067292,0.125324,-0.205392,0.047169,0.032970,0.017969,-0.133659,0.223229,-0.230753,-0.019859,0.028115,-0.009652,-0.020891,0.149754,0.194341,-0.326754,0.982478,0.876947,0.104551,-0.018669,0.047513,-0.126079,0.296751,0.893687,-0.946941,0.219694,0.023104
0.957142,0.976346,0.790703,0.013651,-0.003990,0.718701,0.695173,0.109614,-0.024025,0.058007,0.124635,-0.208957,0.045598,0.033742,0.016025,-0.141132,0.221928,-0.236228,-0.022064,0.029689,-0.009424,-0.020749,0.139528,0.194393,-0.322892,0.977363,0.880894,0.106955,-0.021821,0.044641,-0.126897,0.299960,0.895624,-0.950076,0.219607,0.022225
0.957422,0.975624,0.789113,0.014154,-0.003593,0.721369,0.692397,0.108523,-0.025907,0.049535,0.123470,-0.212274,0.043829,0.034488,0.014024,-0.147369,0.220182,-0.242046,-0.024418,0.030897,-0.009336,-0.020275,0.127733,0.193155,-0.318530,0.970813,0.884905,0.109056,-0.020372,0.042422,-0.127355,0.300241,0.896774,-0.957144,0.217888,0.023640
0.957659,0.974750,0.787787,0.014854,-0.003338,0.723800,0.689842,0.107456,-0.027868,0.040548,0.121835,-0.215230,0.041803,0.035198,0.012033,-0.153140,0.220324,-0.248186,-0.026130,0.031493,-0.009364,-0.019347,0.114899,0.186766,-0.312698,0.962014,0.886702,0.111873,-0.013281,0.037750,-0.126046,0.300093,0.898971,-0.963563,0.217628,0.025388
0.957822,0.973764,0.787234,0.015779,-0.003259,0.726329,0.687158,0.106667,-0.030166,0.031357,0.121394,-0.218305,0.039777,0.035246,0.009514,-0.159158,0.222880,-0.254964,-0.026744,0.031378,-0.009438,-0.017884,0.102034,0.177122,-0.306912,0.950526,0.885015,0.112026,-0.003449,0.032687,-0.123939,0.298967,0.900776,-0.967945,0.218163,0.025697
0.957863,0.972612,0.786872,0.016977,-0.003220,0.729103,0.684185,0.105420,-0.033052,0.022366,0.122320,-0.220864,0.039071,0.035045,0.006133,-0.165739,0.226417,-0.261774,-0.026128,0.030732,-0.009428,-0.016040,0.088295,0.164715,-0.305166,0.937695,0.882381,0.108410,0.005482,0.026841,-0.121337,0.299874,0.902318,-0.966578,0.220163,0.022973
0.957758,0.971295,0.786649,0.018354,-0.002987,0.732184,0.680853,0.102865,-0.036924,0.013099,0.125127,-0.221975,0.039614,0.034850,0.001652,-0.173122,0.229393,-0.267486,-0.024440,0.029934,-0.009270,-0.014113,0.078590,0.159860,-0.308301,0.924273,0.879989,0.091666,0.012334,0.027060,-0.121262,0.299818,0.899099,-0.962122,0.219434,0.017577
0.957510,0.969832,0.786543,0.019654,-0.002465,0.735571,0.677158,0.098718,-0.041586,0.003539,0.129391,-0.221908,0.040962,0.034451,-0.003707,-0.181590,0.231533,-0.271639,-0.022436,0.029254,-0.009037,-0.012347,0.065660,0.152966,-0.318355,0.909475,0.880983,0.075986,0.013957,0.028519,-0.119352,0.300600,0.895591,-0.957100,0.219251,0.011741
0.957170,0.968237,0.786508,0.020821,-0.001646,0.739165,0.673201,0.092815,-0.046842,-0.006095,0.135447,-0.221376,0.042974,0.033981,-0.009608,-0.190872,0.232494,-0.274828,-0.020402,0.028829,-0.008783,-0.010746,0.053049,0.145290,-0.329944,0.891422,0.884362,0.061399,0.013405,0.027776,-0.110113,0.308143,0.893580,-0.952614,0.226686,0.007131
0.956752,0.966513,0.786513,0.021790,-0.000677,0.742827,0.669128,0.085659,-0.052306,-0.015479,0.142749,-0.220693,0.045421,0.033256,-0.015601,-0.200452,0.232674,-0.277238,-0.018416,0.028728,-0.008534,-0.009229,0.041217,0.139000,-0.341836,0.873569,0.883112,0.044709,0.016299,0.032308,-0.112117,0.315789,0.888885,-0.947591,0.224542,0.007900
0.956247,0.964657,0.786541,0.022542,0.000449,0.746423,0.665090,0.078100,-0.057949,-0.024316,0.149683,-0.219583,0.048159,0.031797,-0.021691,-0.209897,0.232865,-0.279160,-0.016663,0.029076,-0.008253,-0.007871,0.034938,0.132460,-0.352564,0.852374,0.877630,0.027813,0.023087,0.035048,-0.113741,0.325747,0.887754,-0.943811,0.222331,0.011423
0.955637,0.962645,0.786574,0.023033,0.001794,0.749843,0.661212,0.070544,-0.063828,-0.032518,0.155130,-0.217909,0.051055,0.028932,-0.028069,-0.218964,0.234014,-0.281072,-0.014893,0.030012,-0.007986,-0.006780,0.031725,0.126825,-0.363591,0.831610,0.869082,0.011837,0.030038,0.036341,-0.115183,0.336996,0.890499,-0.941356,0.221249,0.016316
0.954935,0.960441,0.786594,0.023189,0.003421,0.753152,0.657429,0.062186,-0.069854,-0.039507,0.159968,-0.216211,0.054001,0.024174,-0.034832,-0.227772,0.236683,-0.283187,-0.013307,0.031374,-0.007870,-0.005993,0.029338,0.123161,-0.376869,0.814337,0.861041,-0.000830,0.033841,0.036128,-0.116399,0.348696,0.896213,-0.940398,0.221904,0.021602
0.954178,0.958034,0.786606,0.022876,0.005396,0.756526,0.653541,0.051019,-0.075847,-0.044670,0.167157,-0.214985,0.056837,0.017652,-0.041864,-0.236831,0.240207,-0.285356,-0.011796,0.032693,-0.007903,-0.005613,0.026658,0.121449,-0.392202,0.801896,0.856033,-0.008177,0.033687,0.034469,-0.117372,0.359828,0.903006,-0.940342,0.223744,0.026463
0.953372,0.955501,0.786648,0.022032,0.007647,0.760027,0.649473,0.036118,-0.081480,-0.047093,0.178614,-0.213891,0.059447,0.010489,-0.048759,-0.246437,0.242615,-0.286938,-0.010016,0.033534,-0.007964,-0.005832,0.024079,0.120527,-0.407037,0.794917,0.853449,-0.009998,0.031254,0.031966,-0.118371,0.369144,0.908908,-0.940024,0.225756,0.030324
0.952448,0.952977,0.786796,0.020901,0.010095,0.763339,0.645581,0.019551,-0.086688,-0.045349,0.191923,-0.210957,0.061907,0.003971,-0.055492,-0.255824,0.242373,-0.287394,-0.007447,0.033912,-0.008068,-0.006608,0.022762,0.119176,-0.418560,0.794174,0.851382,-0.007126,0.028823,0.029408,-0.119761,0.375678,0.912883,-0.938700,0.227870,0.032409
0.951302,0.950578,0.787157,0.019798,0.012698,0.765874,0.642560,0.004644,-0.091552,-0.038524,0.202633,-0.205695,0.064544,-0.002297,-0.062516,-0.263290,0.241185,-0.287399,-0.003952,0.034281,-0.008427,-0.007488,0.023732,0.117307,-0.425135,0.799862,0.848931,-0.000276,0.027450,0.026891,-0.121414,0.379365,0.915341,-0.936367,0.230851,0.031791
0.949981,0.948349,0.788315,0.018834,0.015354,0.767195,0.640954,-0.006893,-0.095970,-0.024710,0.210221,-0.200204,0.067972,-0.009960,-0.069921,-0.267156,0.242457,-0.288139,0.000303,0.034997,-0.009093,-0.007932,0.027612,0.116122,-0.426747,0.810638,0.846547,0.009567,0.025984,0.023675,-0.122854,0.381829,0.917521,-0.933895,0.234772,0.029238
0.948526,0.946264,0.788742,0.017887,0.017654,0.767153,0.640972,-0.016221,-0.098607,-0.005659,0.215584,-0.198202,0.071738,-0.019432,-0.076423,-0.266746,0.247159,-0.290619,0.004816,0.036306,-0.009692,-0.007590,0.034544,0.117325,-0.424851,0.823900,0.845378,0.020562,0.023284,0.019142,-0.123906,0.385570,0.919599,-0.932201,0.237735,0.027459
0.947034,0.944331,0.789355,0.016892,0.019010,0.765789,0.642589,-0.023285,-0.100020,0.005937,0.220474,-0.201978,0.073283,-0.029664,-0.080550,-0.262373,0.254005,-0.295422,0.009134,0.038654,-0.009717,-0.006149,0.044127,0.121685,-0.421001,0.837539,0.845856,0.030665,0.021337,0.013770,-0.124995,0.391581,0.919912,-0.930915,0.237190,0.027639
0.945489,0.942585,0.787636,0.015736,0.019121,0.763789,0.644990,-0.027364,-0.100030,0.009350,0.221986,-0.212214,0.073301,-0.039052,-0.082177,-0.255940,0.263962,-0.300982,0.015040,0.041464,-0.008878,-0.003431,0.055357,0.128220,-0.415440,0.851611,0.846908,0.039864,0.022665,0.008572,-0.126443,0.397798,0.917169,-0.928196,0.232997,0.026860
0.943930,0.941057,0.786880,0.014922,0.018930,0.761838,0.647319,-0.030424,-0.100921,0.008969,0.224245,-0.218512,0.072781,-0.046983,-0.084390,-0.250344,0.274755,-0.309601,0.027381,0.044144,-0.007506,0.000450,0.068982,0.133377,-0.406862,0.865281,0.849431,0.050765,0.025427,0.002086,-0.126774,0.400621,0.915994,-0.923359,0.229228,0.020004
0.942354,0.939526,0.786321,0.014215,0.019033,0.760595,0.648792,-0.033642,-0.102893,0.007710,0.225518,-0.221682,0.072357,-0.055440,-0.088563,-0.247722,0.288030,-0.322257,0.041479,0.046091,-0.006334,0.005003,0.082463,0.138048,-0.398650,0.879730,0.851773,0.065311,0.025038,-0.002553,-0.134160,0.393649,0.914390,-0.916732,0.222574,0.010784
0.940867,0.937870,0.785729,0.013222,0.019792,0.760327,0.649105,-0.038013,-0.105765,0.006757,0.225173,-0.224326,0.072236,-0.066056,-0.094174,-0.248143,0.303926,-0.339212,0.051631,0.047052,-0.005704,0.009829,0.086463,0.142571,-0.392867,0.902132,0.854198,0.080517,0.018722,-0.001812,-0.138421,0.383317,0.909107,-0.909672,0.224116,-0.000679
0.939621,0.936084,0.785040,0.011731,0.021197,0.761204,0.648060,-0.045318,-0.109515,0.003588,0.225987,-0.227358,0.073250,-0.079320,-0.099845,-0.250590,0.322082,-0.360383,0.050957,0.047140,-0.005590,0.014933,0.082559,0.143580,-0.391308,0.921583,0.861352,0.099920,0.005003,-0.002952,-0.137489,0.370003,0.905900,-0.901408,0.229749,-0.011209
0.938696,0.934357,0.784239,0.009801,0.022806,0.763584,0.645231,-0.056154,-0.113791,-0.003339,0.231210,-0.231890,0.075955,-0.093906,-0.104319,-0.254621,0.341763,-0.385061,0.036182,0.046545,-0.005776,0.020493,0.079615,0.150590,-0.391702,0.935405,0.870721,0.109765,-0.007276,-0.002404,-0.136396,0.356270,0.901807,-0.890158,0.231399,-0.020798
0.938090,0.933009,0.783316,0.008076,0.024216,0.767558,0.640470,-0.069228,-0.118904,-0.014502,0.242785,-0.238932,0.079436,-0.107723,-0.107581,-0.258339,0.362833,-0.409257,0.022340,0.045580,-0.006090,0.026724,0.076275,0.159970,-0.391278,0.942699,0.879373,0.112638,-0.014648,-0.000410,-0.136019,0.346053,0.899155,-0.878686,0.228908,-0.028945
0.937694,0.932331,0.782344,0.007164,0.025150,0.772788,0.634126,-0.081660,-0.125160,-0.029198,0.258996,-0.247488,0.082341,-0.118336,-0.110532,-0.261153,0.383580,-0.428425,0.018931,0.044758,-0.006681,0.033523,0.073591,0.169252,-0.386440,0.943730,0.884111,0.111966,-0.014983,0.001800,-0.136741,0.342923,0.901528,-0.871635,0.225920,-0.032348
0.937393,0.932456,0.781469,0.007344,0.025569,0.778874,0.626616,-0.091093,-0.132735,-0.046385,0.276687,-0.255495,0.084190,-0.123712,-0.115284,-0.267340,0.400865,-0.435616,0.016357,0.044841,-0.007667,0.040175,0.072343,0.177425,-0.375828,0.939445,0.883478,0.109527,-0.009694,0.003324,-0.137869,0.347743,0.910222,-0.871178,0.225634,-0.026835
0.937092,0.933441,0.780783,0.008592,0.025711,0.785536,0.618222,-0.096266,-0.141714,-0.065316,0.292903,-0.262614,0.085644,-0.122815,-0.125366,-0.282829,0.413491,-0.427441,0.032531,0.046758,-0.008849,0.045563,0.076054,0.188782,-0.360591,0.932136,0.878094,0.099304,0.001027,0.005752,-0.140354,0.359560,0.921965,-0.876086,0.227116,-0.010834
0.936822,0.935282,0.780338,0.010535,0.025562,0.792636,0.609068,-0.095179,-0.151232,-0.086150,0.302655,-0.267747,0.086812,-0.118250,-0.136345,-0.301763,0.424287,-0.410173,0.024696,0.050499,-0.010015,0.048953,0.074531,0.194058,-0.344974,0.922471,0.872380,0.093495,0.009779,0.006320,-0.141011,0.377735,0.936585,-0.886869,0.230119,0.011746
0.936608,0.937940,0.780095,0.012676,0.025257,0.799420,0.600107,-0.088054,-0.159723,-0.107296,0.304254,-0.269979,0.087323,-0.111065,-0.147992,-0.324387,0.434674,-0.399133,0.023775,0.056375,-0.011040,0.050234,0.070639,0.194691,-0.327196,0.912058,0.867701,0.090218,0.019695,0.006292,-0.134950,0.404039,0.952560,-0.902369,0.238550,0.029042
0.936501,0.941290,0.779926,0.014652,0.024958,0.805550,0.591820,-0.077033,-0.166383,-0.127649,0.299717,-0.270095,0.086908,-0.102666,-0.158974,-0.348020,0.445109,-0.396257,0.025285,0.063737,-0.012260,0.049897,0.068493,0.192297,-0.306896,0.899435,0.860095,0.088531,0.033899,0.005135,-0.135872,0.426156,0.963199,-0.916398,0.244275,0.042670
0.936542,0.945152,0.779667,0.016360,0.024785,0.811147,0.584088,-0.065213,-0.171521,-0.147035,0.293623,-0.269871,0.085579,-0.094599,-0.168558,-0.370446,0.456570,-0.394358,0.024158,0.071398,-0.014049,0.048657,0.071557,0.184786,-0.282688,0.882881,0.848452,0.087814,0.052902,0.001989,-0.133419,0.439663,0.972154,-0.924613,0.255398,0.046318
0.936692,0.949376,0.778960,0.017837,0.024690,0.816585,0.576421,-0.054389,-0.175839,-0.166194,0.289038,-0.270413,0.083577,-0.087035,-0.177682,-0.392298,0.469887,-0.390556,0.025037,0.078279,-0.016425,0.047137,0.078538,0.173162,-0.257660,0.865339,0.832079,0.084851,0.072717,-0.002635,-0.128739,0.444776,0.977863,-0.927192,0.271068,0.043284
0.936936,0.953781,0.778883,0.019441,0.024638,0.822260,0.568246,-0.044725,-0.180216,-0.186164,0.287326,-0.271995,0.081121,-0.081204,-0.187733,-0.412303,0.488480,-0.386709,0.028975,0.083637,-0.019151,0.045936,0.086648,0.159727,-0.238239,0.851012,0.814624,0.078809,0.087470,-0.008056,-0.124310,0.446726,0.978482,-0.928419,0.286713,0.037452
0.937246,0.958560,0.779377,0.021438,0.024436,0.828224,0.559454,-0.035007,-0.184800,-0.207499,0.288094,-0.274674,0.078450,-0.077431,-0.199206,-0.430581,0.514949,-0.381520,0.034909,0.087507,-0.021957,0.045469,0.092971,0.147715,-0.229888,0.843352,0.802515,0.072258,0.093374,-0.013323,-0.121614,0.448382,0.973227,-0.929344,0.297970,0.030081
0.937622,0.963441,0.779626,0.024098,0.023716,0.834183,0.550450,-0.024950,-0.189354,-0.229225,0.292548,-0.279563,0.075713,-0.079592,-0.213676,-0.444772,0.557001,-0.371700,0.043139,0.090238,-0.024267,0.046349,0.096309,0.138357,-0.233660,0.843284,0.801154,0.069161,0.091641,-0.018199,-0.120433,0.449087,0.963222,-0.927910,0.304061,0.020302
0.938003,0.968261,0.779861,0.027134,0.021327,0.839875,0.541682,-0.014140,-0.191771,-0.250500,0.301214,-0.287014,0.072895,-0.097495,-0.233549,-0.449909,0.632252,-0.339974,0.054445,0.091913,-0.025127,0.049482,0.097799,0.130875,-0.245086,0.848594,0.810626,0.071463,0.086078,-0.023653,-0.119590,0.447903,0.950477,-0.923527,0.306832,0.004680
0.938649,0.972914,0.778718,0.031730,0.019239,0.844726,0.533912,-0.008257,-0.197038,-0.267583,0.324462,-0.302092,0.069861,-0.138208,-0.263328,-0.433919,0.749739,-0.298288,0.088180,0.092015,-0.024655,0.055981,0.103066,0.119493,-0.256740,0.853085,0.826624,0.077363,0.080335,-0.031913,-0.119474,0.443537,0.939760,-0.917837,0.310081,-0.025137
0.939550,0.977606,0.776339,0.037098,0.016956,0.848870,0.527025,-0.002761,-0.202091,-0.281730,0.351751,-0.320202,0.065744,-0.199649,-0.295065,-0.393593,0.894574,-0.224901,0.150151,0.090130,-0.024369,0.065519,0.115032,0.106574,-0.266491,0.851158,0.841235,0.082336,0.075432,-0.043799,-0.127504,0.426581,0.922673,-0.909545,0.309332,-0.061825
0.941041,0.982861,0.773685,0.042617,0.014511,0.852501,0.520784,0.005394,-0.204656,-0.294538,0.374790,-0.337195,0.059935,-0.274974,-0.315669,-0.327086,1.042480,-0.147423,0.222231,0.087114,-0.024822,0.076909,0.123548,0.096513,-0.275150,0.852635,0.848441,0.077977,0.070274,-0.043465,-0.132127,0.396711,0.887331,-0.900231,0.312114,-0.103558
0.943095,0.988345,0.771221,0.047321,0.012433,0.855129,0.516101,0.013761,-0.204214,-0.304817,0.392839,-0.352468,0.053173,-0.349882,-0.307660,-0.249902,1.163532,-0.110836,0.250088,0.087170,-0.025620,0.087974,0.127357,0.085907,-0.285069,0.847861,0.849678,0.074820,0.059390,-0.045006,-0.129099,0.358757,0.851800,-0.882275,0.313651,-0.140950
0.945744,0.994094,0.769212,0.050466,0.011503,0.856901,0.512876,0.018546,-0.202017,-0.312506,0.409344,-0.367649,0.046511,-0.411342,-0.288382,-0.176835,1.233431,-0.131569,0.251310,0.091682,-0.026342,0.096442,0.134969,0.082609,-0.291115,0.845416,0.840555,0.065335,0.055063,-0.044600,-0.125040,0.319083,0.817192,-0.859901,0.309190,-0.166315
0.948915,1.000268,0.767592,0.051899,0.012315,0.859435,0.508455,0.018937,-0.200215,-0.322273,0.425306,-0.382783,0.039546,-0.446859,-0.285645,-0.100761,1.231463,-0.191206,0.250977,0.095532,-0.027378,0.101014,0.141069,0.083432,-0.290282,0.848043,0.825041,0.060949,0.058227,-0.042569,-0.122435,0.287127,0.789813,-0.843280,0.302697,-0.177396
0.952294,1.006926,0.766948,0.050678,0.012791,0.863260,0.502046,0.022248,-0.193613,-0.338299,0.426877,-0.390625,0.031869,-0.457167,-0.305838,-0.047394,1.157247,-0.239376,0.242367,0.096983,-0.028967,0.101874,0.143843,0.091209,-0.288518,0.854206,0.817457,0.066541,0.064839,-0.040806,-0.120563,0.270255,0.774826,-0.839686,0.297907,-0.174233
0.956118,1.014223,0.766562,0.048730,0.015470,0.867933,0.494043,0.024563,-0.188656,-0.357757,0.423613,-0.395813,0.023314,-0.442612,-0.328086,-0.018367,1.016704,-0.292258,0.167126,0.096347,-0.031522,0.100436,0.142757,0.103179,-0.294403,0.862436,0.826277,0.077702,0.067532,-0.040944,-0.125417,0.269397,0.770784,-0.851463,0.294821,-0.157890
0.960274,1.022173,0.766479,0.045791,0.019132,0.874020,0.483349,0.027417,-0.183493,-0.383409,0.413809,-0.397331,0.014117,-0.403040,-0.325308,0.028273,0.830331,-0.342067,0.123346,0.093336,-0.034488,0.097468,0.136968,0.117556,-0.306815,0.871648,0.844617,0.086899,0.063351,-0.041431,-0.136200,0.277710,0.771846,-0.871351,0.288392,-0.133355
0.964749,1.030709,0.766699,0.042275,0.022777,0.881224,0.470254,0.032106,-0.176753,-0.415078,0.397625,-0.395373,0.004642,-0.345846,-0.303203,0.101192,0.641157,-0.357581,0.124241,0.089161,-0.037353,0.094007,0.127406,0.132874,-0.318120,0.881124,0.859204,0.089398,0.054884,-0.039448,-0.149068,0.285262,0.773850,-0.889273,0.275860,-0.105715
0.969822,1.039800,0.766919,0.039095,0.026225,0.888368,0.456712,0.036619,-0.168276,-0.447390,0.382090,-0.395472,-0.005661,-0.286876,-0.278493,0.169669,0.506250,-0.338772,0.185523,0.086403,-0.040181,0.091350,0.115773,0.149531,-0.323941,0.890117,0.865573,0.087515,0.045104,-0.034126,-0.159958,0.285869,0.777333,-0.899122,0.259500,-0.077665
0.975550,1.049360,0.767351,0.036452,0.028481,0.894247,0.445178,0.040347,-0.156309,-0.474899,0.370552,-0.396484,-0.016512,-0.249114,-0.259726,0.180740,0.451760,-0.308594,0.206882,0.087344,-0.042961,0.090494,0.103709,0.168872,-0.323011,0.896665,0.867127,0.087876,0.036240,-0.028383,-0.164339,0.281619,0.787057,-0.902153,0.244839,-0.052761
0.981737,1.059482,0.768641,0.033380,0.027989,0.898971,0.435836,0.043509,-0.137270,-0.496992,0.362430,-0.393924,-0.027624,-0.229075,-0.250010,0.149518,0.435026,-0.300269,0.164645,0.089949,-0.043767,0.090699,0.093411,0.187985,-0.312324,0.898567,0.865738,0.095977,0.031039,-0.031787,-0.160296,0.283925,0.813407,-0.902480,0.238573,-0.035981
0.988402,1.070283,0.769833,0.031084,0.025840,0.903045,0.427639,0.044750,-0.115124,-0.513646,0.364457,-0.391282,-0.038349,-0.219117,-0.236179,0.118565,0.439975,-0.292090,0.153693,0.091164,-0.041480,0.091909,0.090431,0.202604,-0.289060,0.895182,0.857599,0.108249,0.031991,-0.034768,-0.155689,0.295612,0.846131,-0.912272,0.239458,-0.023697
0.995387,1.081921,0.772229,0.029607,0.022453,0.906792,0.419938,0.045518,-0.091259,-0.527033,0.375846,-0.386943,-0.046857,-0.207168,-0.220132,0.086783,0.446937,-0.295563,0.157406,0.091033,-0.036891,0.093524,0.094921,0.209578,-0.256257,0.887701,0.840870,0.119730,0.037009,-0.035865,-0.152040,0.317136,0.878506,-0.931441,0.243872,-0.008855
1.002424,1.093932,0.772818,0.028201,0.017880,0.910886,0.411306,0.043244,-0.065374,-0.536035,0.390165,-0.376256,-0.055071,-0.188953,-0.200928,0.053226,0.447162,-0.301873,0.152265,0.088955,-0.031408,0.094845,0.102599,0.213208,-0.223833,0.879220,0.816933,0.123010,0.038743,-0.028627,-0.148967,0.337956,0.898444,-0.954849,0.243678,0.011048
1.009481,1.105962,0.774240,0.026395,0.013204,0.915312,0.401662,0.034296,-0.040782,-0.542288,0.412882,-0.358006,-0.064479,-0.168770,-0.179702,0.019642,0.439467,-0.307088,0.135577,0.084719,-0.025800,0.095508,0.108052,0.213530,-0.202764,0.873646,0.792212,0.119190,0.028892,-0.021177,-0.143065,0.352185,0.910747,-0.969302,0.239708,0.029088
1.016386,1.117766,0.775821,0.024286,0.009153,0.919737,0.391676,0.015266,-0.022617,-0.547209,0.451913,-0.333191,-0.073682,-0.149648,-0.158543,-0.012593,0.428326,-0.309636,0.115546,0.078779,-0.020038,0.095905,0.110818,0.212045,-0.195595,0.872525,0.769948,0.111465,0.002844,-0.011779,-0.135691,0.355180,0.917110,-0.972003,0.234926,0.038209
1.022902,1.129106,0.777201,0.022270,0.005572,0.924082,0.381503,-0.014368,-0.013524,-0.550583,0.510708,-0.300999,-0.076797,-0.132708,-0.138848,-0.043811,0.417924,-0.312513,0.096895,0.071831,-0.014094,0.096875,0.112980,0.206989,-0.196280,0.874754,0.746746,0.103215,-0.036874,-0.000021,-0.127881,0.349775,0.920092,-0.967873,0.233074,0.037326
1.028983,1.140003,0.778265,0.020844,0.002383,0.928458,0.370845,-0.055458,-0.011147,-0.544080,0.588674,-0.256802,-0.083230,-0.116616,-0.121217,-0.075181,0.408417,-0.316042,0.080133,0.064045,-0.008511,0.099094,0.119439,0.200910,-0.196199,0.879541,0.715493,0.087931,-0.083638,0.014671,-0.122801,0.342561,0.918830,-0.962553,0.232157,0.030067
1.034517,1.150465,0.778785,0.020121,-0.000882,0.932985,0.359352,-0.108792,-0.003742,-0.506286,0.679344,-0.204716,-0.103118,-0.100200,-0.104848,-0.107342,0.398969,-0.319334,0.064806,0.054700,-0.003386,0.102626,0.121295,0.183220,-0.199464,0.883438,0.683126,0.081203,-0.121677,0.023909,-0.116827,0.341658,0.920065,-0.956549,0.232168,0.019527
1.039236,1.160320,0.778788,0.019987,-0.004403,0.937266,0.348014,-0.168374,0.016166,-0.442223,0.772243,-0.167749,-0.152266,-0.082257,-0.088594,-0.138103,0.386932,-0.321131,0.051018,0.044712,0.001675,0.106664,0.121419,0.166288,-0.207185,0.882335,0.660125,0.079776,-0.125334,0.030618,-0.113537,0.345047,0.921197,-0.953744,0.228764,0.011070
1.043565,1.170081,0.780999,0.020646,-0.007209,0.941018,0.337650,-0.230362,0.055938,-0.342812,0.858114,-0.137639,-0.177426,-0.059198,-0.072304,-0.165673,0.364683,-0.317769,0.038446,0.035128,0.007194,0.110240,0.124408,0.150437,-0.213561,0.872671,0.652442,0.086391,-0.078891,0.032387,-0.110577,0.350371,0.923459,-0.958468,0.228135,0.009657
1.046903,1.179306,0.781989,0.021181,-0.009048,0.943865,0.329527,-0.277404,0.098070,-0.239490,0.915864,-0.142428,-0.139366,-0.035938,-0.056913,-0.187557,0.338208,-0.312856,0.027625,0.029119,0.012756,0.111974,0.128523,0.131675,-0.211856,0.861821,0.651686,0.103712,-0.004026,0.032729,-0.114610,0.355429,0.928822,-0.965212,0.226843,0.012228
1.049246,1.187870,0.782333,0.020943,-0.009858,0.946109,0.323021,-0.305538,0.115194,-0.156396,0.937006,-0.181644,-0.075427,-0.018830,-0.044112,-0.204762,0.319186,-0.311917,0.018114,0.027019,0.017629,0.111636,0.131466,0.115219,-0.204119,0.857084,0.647639,0.120386,0.050564,0.033583,-0.122411,0.356361,0.934099,-0.970774,0.227662,0.015294
1.050703,1.195800,0.782183,0.019915,-0.009394,0.948254,0.316748,-0.323224,0.109323,-0.088739,0.924905,-0.212634,-0.043401,-0.010335,-0.035780,-0.220058,0.313580,-0.317850,0.010253,0.027071,0.021260,0.109964,0.129829,0.108150,-0.201739,0.860861,0.641776,0.125663,0.059522,0.035757,-0.130900,0.351012,0.936898,-0.971766,0.230718,0.015683
1.051316,1.203168,0.781576,0.017877,-0.008401,0.950594,0.309808,-0.331356,0.091583,-0.026646,0.876309,-0.256738,-0.033864,-0.009513,-0.030869,-0.235788,0.320611,-0.330423,0.003632,0.027736,0.023830,0.107404,0.123833,0.112887,-0.213686,0.867985,0.643506,0.120428,0.036882,0.035815,-0.137810,0.343750,0.939621,-0.964381,0.234720,0.013483
1.051064,1.210153,0.780913,0.015231,-0.006788,0.953057,0.302330,-0.331316,0.064924,0.029559,0.797319,-0.292997,-0.023823,-0.009935,-0.028291,-0.251898,0.328798,-0.344212,-0.002153,0.028436,0.025469,0.104199,0.113732,0.129190,-0.239740,0.875509,0.658476,0.107385,0.007069,0.036187,-0.144103,0.336973,0.941317,-0.955186,0.236780,0.011200
1.049927,1.216843,0.780600,0.012389,-0.004290,0.955622,0.294303,-0.322310,0.037822,0.093985,0.693366,-0.302578,-0.007471,-0.006875,-0.027584,-0.268077,0.329426,-0.354445,-0.007270,0.028501,0.026308,0.100202,0.099191,0.148217,-0.274704,0.884037,0.687908,0.092914,-0.012872,0.034843,-0.147975,0.338735,0.940976,-0.949262,0.243416,0.011251
1.047884,1.223229,0.780716,0.009563,-0.001564,0.958150,0.286104,-0.302523,0.013278,0.172345,0.572891,-0.290669,0.016642,0.000400,-0.027579,-0.284077,0.322221,-0.360169,-0.012068,0.028360,0.026532,0.095187,0.088157,0.163514,-0.311133,0.887543,0.725970,0.082424,-0.018342,0.031391,-0.157539,0.345130,0.941602,-0.948041,0.246975,0.014276
1.045050,1.229512,0.781590,0.008356,0.003368,0.959833,0.280428,-0.284914,-0.034320,0.197043,0.463312,-0.221328,0.071648,0.015565,-0.030626,-0.295355,0.301458,-0.357235,-0.018391,0.031756,0.024555,0.090021,0.081077,0.167636,-0.340824,0.887928,0.762193,0.077639,-0.013695,0.027037,-0.170590,0.352649,0.942393,-0.948640,0.249338,0.020082
1.041549,1.235962,0.782321,0.009334,0.009209,0.960304,0.278646,-0.266125,-0.096859,0.123260,0.389550,-0.141876,0.177927,0.034918,-0.034746,-0.299890,0.278900,-0.351477,-0.026744,0.039796,0.018577,0.085432,0.079505,0.163181,-0.358074,0.886722,0.788781,0.077510,-0.004333,0.022519,-0.182416,0.357928,0.943820,-0.945701,0.249444,0.029568
1.037459,1.242547,0.780766,0.011396,0.010491,0.960969,0.276222,-0.232213,-0.105470,0.104816,0.352865,-0.154507,0.169800,0.049278,-0.033528,-0.305444,0.279417,-0.353240,-0.031710,0.043572,0.011013,0.081710,0.087583,0.159167,-0.360787,0.879703,0.801941,0.081213,0.006569,0.015240,-0.191611,0.358873,0.950002,-0.939986,0.241763,0.040856
1.032900,1.249526,0.779258,0.014872,0.010560,0.960857,0.276442,-0.198930,-0.102030,0.093634,0.332911,-0.167783,0.122801,0.060503,-0.032289,-0.307326,0.294570,-0.360754,-0.030620,0.047241,0.002279,0.079536,0.099051,0.151856,-0.350655,0.872258,0.801933,0.085659,0.018464,0.003910,-0.190734,0.361904,0.958679,-0.938872,0.241925,0.045738
1.028400,1.256160,0.779390,0.018620,0.012346,0.960464,0.277507,-0.169854,-0.101771,0.089893,0.313370,-0.170565,0.100198,0.068391,-0.036991,-0.309833,0.315081,-0.366337,-0.027694,0.050948,-0.007456,0.077922,0.110108,0.140462,-0.333571,0.867871,0.793829,0.087734,0.031224,-0.006006,-0.185010,0.361859,0.963814,-0.946906,0.250452,0.041645
1.023871,1.262273,0.780709,0.021346,0.014799,0.960417,0.277351,-0.141203,-0.104615,0.090168,0.286371,-0.170000,0.096093,0.069142,-0.045388,-0.315666,0.345306,-0.364941,-0.027185,0.054754,-0.017044,0.076019,0.117466,0.126422,-0.318171,0.867531,0.786051,0.090115,0.041640,-0.016638,-0.174102,0.357736,0.965072,-0.955203,0.263509,0.033580
1.019688,1.268100,0.781808,0.023185,0.017412,0.960797,0.275733,-0.115779,-0.109382,0.086332,0.259138,-0.166981,0.094354,0.061723,-0.056366,-0.323719,0.386143,-0.357644,-0.027577,0.058951,-0.025795,0.073919,0.118545,0.113369,-0.309408,0.873312,0.783035,0.091491,0.044033,-0.023012,-0.160289,0.349150,0.956924,-0.958080,0.270272,0.025751
1.015870,1.274005,0.782440,0.024927,0.019912,0.961513,0.272901,-0.095835,-0.113583,0.080374,0.241852,-0.167960,0.091783,0.046523,-0.069321,-0.331103,0.442009,-0.350242,-0.025172,0.062766,-0.034095,0.072401,0.114362,0.103058,-0.306486,0.883214,0.784910,0.092098,0.037229,-0.024464,-0.147035,0.340883,0.938025,-0.954632,0.262353,0.018465
1.012265,1.280026,0.782487,0.027163,0.021744,0.962527,0.268944,-0.081594,-0.116296,0.072529,0.238858,-0.176362,0.087155,0.024661,-0.085534,-0.340162,0.515182,-0.339641,-0.015481,0.065890,-0.042045,0.072270,0.100925,0.093795,-0.306636,0.892205,0.788361,0.099471,0.023684,-0.023988,-0.139042,0.337752,0.910580,-0.947051,0.241421,0.013440
1.008844,1.286049,0.781738,0.030408,0.023453,0.963774,0.263942,-0.072875,-0.119522,0.062776,0.250492,-0.192326,0.082195,-0.006927,-0.108687,-0.348053,0.613041,-0.321560,0.004851,0.068387,-0.049103,0.074387,0.094246,0.089193,-0.307461,0.896273,0.794706,0.102359,0.018057,-0.023457,-0.134104,0.341901,0.884544,-0.940823,0.219910,0.008340
1.005687,1.292084,0.780072,0.034612,0.025692,0.965087,0.258358,-0.067905,-0.124310,0.052330,0.271773,-0.212574,0.077140,-0.053345,-0.139068,-0.344813,0.739247,-0.285160,0.045493,0.070377,-0.055511,0.079083,0.090241,0.086795,-0.311034,0.895432,0.804259,0.100724,0.018730,-0.024233,-0.133362,0.350258,0.861080,-0.939126,0.206358,0.007900
1.002805,1.298266,0.777497,0.039125,0.028073,0.966294,0.252896,-0.062803,-0.128810,0.042263,0.293252,-0.232166,0.071371,-0.110972,-0.169569,-0.324300,0.878516,-0.233764,0.123109,0.072312,-0.062188,0.085561,0.087107,0.086624,-0.317238,0.890831,0.814889,0.094859,0.020728,-0.026266,-0.133978,0.358992,0.838772,-0.941412,0.201764,0.011824
1.000062,1.305307,0.775866,0.043939,0.030184,0.967229,0.248246,-0.054352,-0.130896,0.033482,0.310362,-0.248611,0.065002,-0.177727,-0.191388,-0.282566,1.017497,-0.165884,0.232704,0.075415,-0.068892,0.093071,0.084287,0.087448,-0.322327,0.883815,0.822872,0.088506,0.021752,-0.032727,-0.134081,0.367852,0.821496,-0.941080,0.203472,0.013399
0.997496,1.313005,0.774232,0.048809,0.031549,0.967337,0.246740,-0.042177,-0.128304,0.029395,0.321872,-0.263703,0.053574,-0.245754,-0.188839,-0.249011,1.139640,-0.106461,0.250601,0.084421,-0.074180,0.100585,0.083994,0.091286,-0.323382,0.875645,0.825410,0.083066,0.023386,-0.033593,-0.132805,0.371068,0.803133,-0.940659,0.208269,0.008246
0.995026,1.321393,0.773276,0.052935,0.030878,0.967275,0.246220,-0.026660,-0.119701,0.025416,0.326441,-0.275828,0.039051,-0.300425,-0.183122,-0.221892,1.233583,-0.081717,0.251361,0.097500,-0.076739,0.106880,0.084934,0.097494,-0.320737,0.869481,0.823184,0.081532,0.026026,-0.029231,-0.129837,0.368385,0.786002,-0.938628,0.214641,-0.000722
0.992763,1.330445,0.772737,0.056391,0.029281,0.967988,0.242823,-0.012827,-0.109233,0.015767,0.331979,-0.287321,0.024256,-0.338965,-0.188593,-0.181518,1.291053,-0.108648,0.251389,0.108365,-0.077214,0.112051,0.084815,0.104366,-0.316636,0.868669,0.817794,0.084066,0.025617,-0.021233,-0.128393,0.361680,0.772368,-0.935346,0.220377,-0.007417
0.990842,1.340145,0.772361,0.058879,0.027615,0.969528,0.236193,-0.002890,-0.098530,-0.000598,0.340272,-0.298471,0.010637,-0.364322,-0.218524,-0.145422,1.307996,-0.142520,0.251387,0.115323,-0.077020,0.116146,0.081508,0.111709,-0.314235,0.874004,0.812520,0.087825,0.014461,-0.011265,-0.129869,0.350762,0.762667,-0.929905,0.223737,-0.010399
0.989225,1.350411,0.772026,0.060288,0.026304,0.972311,0.224241,0.003157,-0.089426,-0.026525,0.349677,-0.308612,-0.002410,-0.379038,-0.258818,-0.093815,1.285334,-0.163764,0.251351,0.114833,-0.077386,0.119385,0.073996,0.120125,-0.315683,0.883230,0.809526,0.086592,-0.015566,0.000039,-0.132339,0.331142,0.755485,-0.917437,0.224936,-0.016255
0.987925,1.361200,0.771628,0.060396,0.025858,0.975788,0.208619,0.005574,-0.082204,-0.059379,0.358155,-0.317168,-0.015286,-0.383689,-0.303888,-0.043574,1.222025,-0.182336,0.250670,0.109290,-0.078750,0.121691,0.062890,0.129210,-0.319577,0.893150,0.806592,0.074740,-0.066268,0.012109,-0.133774,0.300666,0.750367,-0.894766,0.225526,-0.030503
0.986962,1.372601,0.770991,0.059367,0.027280,0.979451,0.190808,0.003536,-0.077947,-0.095943,0.367337,-0.325386,-0.028492,-0.377576,-0.348761,-0.001760,1.121929,-0.201705,0.235466,0.101269,-0.081252,0.123051,0.049946,0.137521,-0.322923,0.901927,0.800581,0.053095,-0.128288,0.023269,-0.136404,0.266897,0.749209,-0.869576,0.227308,-0.048911
0.986117,1.384458,0.770602,0.056870,0.028736,0.983002,0.172183,0.002498,-0.072832,-0.134855,0.366728,-0.328603,-0.042209,-0.355974,-0.378784,0.026292,0.985741,-0.220195,0.182099,0.093525,-0.084362,0.122787,0.040882,0.150492,-0.325131,0.911597,0.793943,0.021838,-0.181012,0.033520,-0.141594,0.244069,0.753182,-0.856701,0.232247,-0.061400
0.985430,1.397001,0.770323,0.053370,0.030441,0.986368,0.152651,0.002050,-0.066341,-0.175782,0.358903,-0.328501,-0.057785,-0.316432,-0.378072,0.084611,0.825028,-0.237018,0.172508,0.085247,-0.086873,0.121117,0.023587,0.158414,-0.330351,0.919339,0.794403,0.001546,-0.216962,0.041330,-0.148773,0.241629,0.765014,-0.864889,0.243103,-0.062918
0.984962,1.410369,0.769952,0.049420,0.032662,0.989511,0.131750,0.001759,-0.058662,-0.218901,0.346557,-0.327708,-0.076018,-0.261268,-0.339831,0.212273,0.667895,-0.247338,0.223678,0.075687,-0.088564,0.118455,0.010124,0.164403,-0.340561,0.918104,0.805583,-0.009178,-0.224524,0.045715,-0.162461,0.250530,0.780636,-0.885577,0.251429,-0.047167
0.984870,1.424256,0.769735,0.044678,0.034593,0.992124,0.111787,0.002947,-0.047675,-0.260932,0.324957,-0.322705,-0.095883,-0.196219,-0.292385,0.350572,0.538462,-0.227182,0.249882,0.068705,-0.090169,0.114719,0.002237,0.169592,-0.350297,0.906851,0.823383,-0.010986,-0.205196,0.047925,-0.169579,0.263974,0.801816,-0.905065,0.254405,-0.027661
0.985586,1.438836,0.769181,0.039515,0.036419,0.993986,0.095419,0.001958,-0.032298,-0.295668,0.301901,-0.315089,-0.117370,-0.144275,-0.255253,0.432561,0.461612,-0.202901,0.251312,0.067851,-0.091530,0.111050,-0.004482,0.173290,-0.354569,0.894367,0.835679,-0.006227,-0.166893,0.051503,-0.176959,0.276100,0.817142,-0.916359,0.250249,-0.005882
0.987179,1.454284,0.768566,0.034389,0.038421,0.995137,0.083926,-0.003459,-0.013383,-0.319684,0.284067,-0.306150,-0.140134,-0.128650,-0.253362,0.395038,0.437996,-0.240787,0.251349,0.073937,-0.093374,0.108797,-0.011237,0.175277,-0.350099,0.886520,0.835043,0.003984,-0.121542,0.057938,-0.188796,0.288571,0.823897,-0.923201,0.239860,0.014970
0.989388,1.469953,0.766904,0.028717,0.039113,0.996207,0.072223,-0.012495,0.009382,-0.343757,0.267886,-0.296508,-0.163588,-0.121701,-0.259902,0.334760,0.421109,-0.288814,0.251252,0.078263,-0.095345,0.107311,-0.013326,0.176471,-0.332377,0.881069,0.822459,0.020359,-0.081971,0.059956,-0.191375,0.308543,0.834860,-0.932612,0.232633,0.027102
0.992115,1.486077,0.765799,0.022630,0.037194,0.997249,0.059983,-0.023669,0.037904,-0.369668,0.251056,-0.283813,-0.187291,-0.110743,-0.255322,0.284084,0.395320,-0.321343,0.248773,0.078804,-0.095482,0.107117,-0.011586,0.176734,-0.300215,0.878896,0.799330,0.043070,-0.056673,0.056514,-0.185548,0.334260,0.850296,-0.944396,0.228200,0.034218
0.995269,1.502017,0.766828,0.016823,0.031226,0.998239,0.047551,-0.038790,0.073085,-0.392915,0.238082,-0.265300,-0.209564,-0.099504,-0.230464,0.244964,0.369221,-0.322772,0.231564,0.076303,-0.090321,0.109376,-0.007753,0.175001,-0.260158,0.880796,0.772682,0.069429,-0.049835,0.049042,-0.172882,0.360354,0.866722,-0.954909,0.225932,0.039305
0.999097,1.517658,0.768266,0.011724,0.023306,0.999054,0.034784,-0.067517,0.107947,-0.407328,0.249359,-0.246420,-0.227417,-0.093848,-0.197824,0.209216,0.352266,-0.316360,0.210935,0.071523,-0.078553,0.114337,-0.004572,0.169254,-0.230022,0.889191,0.756500,0.091962,-0.067506,0.041413,-0.161273,0.381446,0.877577,-0.961424,0.224592,0.043428
1.003377,1.533151,0.771216,0.006851,0.015145,0.999663,0.019959,-0.115618,0.138798,-0.395275,0.292501,-0.221300,-0.233057,-0.090874,-0.165820,0.170321,0.338960,-0.312583,0.193841,0.063523,-0.062765,0.120367,-0.008373,0.157297,-0.232077,0.910749,0.766346,0.102022,-0.110226,0.040354,-0.155798,0.393639,0.872805,-0.963726,0.221844,0.046289
1.007542,1.547647,0.773494,0.001967,0.007694,0.999967,0.001899,-0.181233,0.171005,-0.324127,0.356113,-0.187028,-0.221266,-0.088853,-0.138883,0.126152,0.325656,-0.308454,0.179071,0.051021,-0.046245,0.125856,-0.015047,0.150094,-0.269281,0.934170,0.801635,0.087982,-0.161878,0.039318,-0.156427,0.397103,0.858873,-0.957730,0.216004,0.045199
1.011555,1.561160,0.777727,-0.002618,0.001966,0.999844,-0.017344,-0.249990,0.215576,-0.187992,0.428434,-0.157390,-0.174224,-0.086798,-0.116735,0.080924,0.310364,-0.301154,0.163910,0.036018,-0.030525,0.130110,-0.020537,0.149191,-0.317839,0.942442,0.844218,0.059023,-0.184998,0.035854,-0.161167,0.394146,0.843793,-0.942327,0.210591,0.035525
1.014781,1.572999,0.779710,-0.006147,-0.002178,0.999419,-0.033457,-0.298892,0.251618,-0.048689,0.498637,-0.147251,-0.124809,-0.087959,-0.098584,0.044441,0.301515,-0.295299,0.147905,0.024141,-0.016286,0.133177,-0.023858,0.145130,-0.349663,0.933541,0.877714,0.045659,-0.159500,0.037382,-0.166031,0.385300,0.828386,-0.923419,0.211134,0.015937
1.017063,1.582857,0.780804,-0.008324,-0.004164,0.998999,-0.043764,-0.322091,0.232452,0.001428,0.557782,-0.176353,-0.109912,-0.094104,-0.084917,0.021572,0.304735,-0.293504,0.132323,0.019875,-0.004602,0.135075,-0.022176,0.142784,-0.359658,0.908543,0.904933,0.057723,-0.116818,0.042841,-0.169262,0.371977,0.819056,-0.902361,0.218931,-0.008954
1.018481,1.590754,0.781536,-0.009375,-0.004039,0.998646,-0.051016,-0.326075,0.151562,-0.034568,0.601348,-0.228753,-0.130995,-0.102555,-0.077363,0.007100,0.317027,-0.295360,0.119461,0.020096,0.004007,0.135444,-0.018852,0.145064,-0.366001,0.877374,0.941485,0.080306,-0.095655,0.051104,-0.170476,0.356863,0.818726,-0.880106,0.231518,-0.031760
1.019054,1.597104,0.782299,-0.010083,-0.001949,0.998256,-0.058126,-0.311339,0.054733,-0.077132,0.619604,-0.280017,-0.150623,-0.108252,-0.076325,-0.005296,0.327305,-0.296486,0.109849,0.019747,0.010207,0.133449,-0.016575,0.147875,-0.376815,0.851828,0.981936,0.089464,-0.097802,0.060524,-0.172852,0.345300,0.825934,-0.860756,0.244343,-0.045013
1.018651,1.602261,0.783140,-0.010240,0.000834,0.997915,-0.063726,-0.280168,-0.024259,-0.099212,0.609497,-0.313024,-0.139096,-0.108278,-0.077580,-0.014455,0.330132,-0.294450,0.102055,0.018654,0.014607,0.129367,-0.013234,0.144583,-0.380498,0.838918,0.998044,0.077473,-0.101260,0.069331,-0.178618,0.344711,0.837416,-0.850628,0.253028,-0.045275
1.017109,1.606658,0.783717,-0.009359,0.002946,0.997847,-0.064853,-0.232788,-0.085471,-0.111593,0.568811,-0.321727,-0.043507,-0.100510,-0.075355,-0.016797,0.321791,-0.287970,0.094374,0.018423,0.017998,0.123649,-0.005859,0.133740,-0.369602,0.841003,0.974332,0.053508,-0.098982,0.074809,-0.187816,0.359407,0.850865,-0.852444,0.254375,-0.033850
1.014576,1.610525,0.782634,-0.007162,0.003175,0.998036,-0.062149,-0.171289,-0.099347,-0.092353,0.493742,-0.318703,0.067608,-0.085373,-0.067172,-0.013619,0.304261,-0.278748,0.086246,0.016724,0.019918,0.116627,0.004629,0.123171,-0.354922,0.853919,0.929404,0.030178,-0.098919,0.073897,-0.196416,0.386585,0.865479,-0.863202,0.249002,-0.015243
1.011271,1.613797,0.782580,-0.004140,0.002028,0.998414,-0.056111,-0.110457,-0.082138,-0.062518,0.400906,-0.317958,0.092864,-0.065581,-0.054327,-0.005755,0.281028,-0.267550,0.077390,0.013964,0.020003,0.108900,0.014400,0.119994,-0.353550,0.868464,0.895817,0.014685,-0.102205,0.065840,-0.200772,0.415669,0.879910,-0.877636,0.243449,0.003661
1.007850,1.616861,0.783893,-0.001339,-0.000093,0.998807,-0.048809,-0.056602,-0.065178,-0.060393,0.318495,-0.309470,0.072181,-0.050244,-0.039801,0.003682,0.265854,-0.259023,0.068840,0.011245,0.017889,0.101164,0.019683,0.125849,-0.370766,0.878560,0.890358,0.008039,-0.100991,0.054659,-0.196891,0.431766,0.891770,-0.889572,0.247525,0.013134
1.004882,1.619285,0.785326,0.000351,-0.000625,0.999064,-0.043250,-0.017049,-0.052239,-0.049239,0.254975,-0.283633,0.052454,-0.040277,-0.031321,0.010273,0.256836,-0.251836,0.062065,0.006695,0.013982,0.093455,0.019906,0.133066,-0.397775,0.886129,0.905379,0.009113,-0.089369,0.046407,-0.184350,0.424080,0.898703,-0.892994,0.265989,0.007786
1.002336,1.620769,0.786396,0.001235,-0.000010,0.999278,-0.037961,0.011931,-0.046266,-0.036019,0.207717,-0.259369,0.046740,-0.035601,-0.027810,0.016689,0.253684,-0.246367,0.057632,0.002310,0.009420,0.085504,0.018080,0.137097,-0.421706,0.895823,0.924010,0.017118,-0.072767,0.044414,-0.162515,0.394027,0.899401,-0.883590,0.291488,-0.007186
1.000042,1.621628,0.789642,0.002185,0.000531,0.999513,-0.031138,0.035150,-0.043017,-0.021405,0.172960,-0.244758,0.044786,-0.033466,-0.024773,0.026502,0.253905,-0.242317,0.054577,-0.000688,0.005483,0.077462,0.019710,0.137165,-0.434066,0.905677,0.936837,0.028608,-0.062363,0.042104,-0.132655,0.356713,0.896362,-0.865280,0.312516,-0.017570
0.998302,1.621837,0.789641,0.003591,0.000379,0.999740,-0.022498,0.050955,-0.038368,-0.003417,0.157236,-0.242592,0.042955,-0.032565,-0.019329,0.041103,0.255750,-0.241543,0.051144,-0.001468,0.002803,0.070167,0.020683,0.135907,-0.433166,0.917618,0.934950,0.036283,-0.064182,0.042593,-0.110729,0.338238,0.887171,-0.849204,0.306480,-0.012136
0.996679,1.622122,0.789470,0.005136,-0.000405,0.999902,-0.013011,0.062378,-0.032730,0.012726,0.151070,-0.246007,0.040445,-0.031011,-0.011987,0.056965,0.257469,-0.242425,0.047422,-0.000935,0.000685,0.064186,0.020127,0.135135,-0.427885,0.927818,0.927584,0.040888,-0.068834,0.038443,-0.100985,0.348165,0.876867,-0.847901,0.283712,0.004570
0.995305,1.622380,0.789234,0.006448,-0.001528,0.999971,-0.003775,0.070529,-0.026603,0.029107,0.149196,-0.250936,0.038071,-0.028989,-0.004194,0.072451,0.257818,-0.244136,0.043811,-0.000137,-0.000946,0.059428,0.017740,0.136378,-0.426439,0.934616,0.920329,0.045147,-0.067297,0.032623,-0.110267,0.379910,0.867329,-0.865755,0.246469,0.020090
0.994264,1.622481,0.789031,0.007481,-0.002613,0.999957,0.004798,0.076479,-0.021211,0.045299,0.148640,-0.254646,0.036383,-0.027320,0.002836,0.087260,0.257737,-0.245708,0.040729,0.000128,-0.002228,0.055545,0.013770,0.138067,-0.430055,0.938924,0.919262,0.050704,-0.059218,0.019084,-0.118515,0.420653,0.861068,-0.897539,0.223461,0.029973
0.993586,1.622398,0.788890,0.008294,-0.003321,0.999883,0.012403,0.080394,-0.017400,0.060377,0.149242,-0.255998,0.035439,-0.027773,0.008509,0.101253,0.260636,-0.247356,0.038234,-0.000258,-0.003578,0.052437,0.006092,0.135648,-0.439302,0.942253,0.921803,0.060618,-0.052508,0.003276,-0.120754,0.451179,0.860121,-0.926625,0.216638,0.040354
0.993255,1.622189,0.788736,0.008840,-0.003603,0.999779,0.018725,0.082563,-0.015132,0.073479,0.150483,-0.256232,0.034968,-0.032579,0.013073,0.113714,0.270797,-0.250136,0.036103,-0.000994,-0.005394,0.050304,-0.001051,0.138672,-0.449028,0.944177,0.922405,0.063419,-0.052026,-0.006499,-0.118891,0.461571,0.857523,-0.938796,0.216818,0.055147
0.993235,1.621942,0.788471,0.009033,-0.003425,0.999672,0.023710,0.082707,-0.014135,0.084393,0.152951,-0.257043,0.034593,-0.041706,0.016755,0.124555,0.288027,-0.255589,0.033980,-0.001760,-0.007746,0.049347,-0.010048,0.144544,-0.457645,0.943853,0.919958,0.061242,-0.057653,-0.010645,-0.114141,0.454367,0.850049,-0.933649,0.217297,0.067411
0.993484,1.621683,0.788114,0.008937,-0.002854,0.999573,0.027674,0.080921,-0.014069,0.093602,0.157106,-0.258528,0.034098,-0.053550,0.019698,0.134213,0.309299,-0.262352,0.031061,-0.002216,-0.010405,0.049525,-0.021108,0.151514,-0.464187,0.940473,0.915718,0.057958,-0.062414,-0.011329,-0.110184,0.440583,0.838209,-0.921290,0.215219,0.067432
0.993957,1.621388,0.787724,0.008628,-0.002129,0.999479,0.031022,0.078343,-0.014561,0.101599,0.161320,-0.260095,0.033469,-0.065828,0.021887,0.142592,0.330203,-0.268794,0.029000,-0.002044,-0.013146,0.050479,-0.032818,0.157966,-0.467552,0.934735,0.910817,0.057052,-0.060226,-0.010488,-0.109371,0.430401,0.825766,-0.911911,0.211692,0.054347
0.994656,1.621091,0.787343,0.008103,-0.001464,0.999385,0.034097,0.075690,-0.015195,0.108689,0.164143,-0.261065,0.032675,-0.077534,0.023066,0.147875,0.348420,-0.274386,0.029797,-0.001134,-0.015982,0.051877,-0.043342,0.162977,-0.466149,0.928501,0.905273,0.060311,-0.050756,-0.009186,-0.111273,0.427186,0.816309,-0.908737,0.209896,0.036388
0.995661,1.620924,0.786961,0.007377,-0.000903,0.999287,0.037028,0.072177,-0.015443,0.115035,0.167010,-0.262028,0.031458,-0.089636,0.024454,0.152592,0.365634,-0.278642,0.030641,0.000024,-0.019144,0.053731,-0.051171,0.169977,-0.456749,0.926484,0.897271,0.061616,-0.037704,-0.006541,-0.112061,0.431870,0.806002,-0.909273,0.217315,0.022686
0.997081,1.621048,0.786439,0.006529,-0.000306,0.999173,0.040122,0.065873,-0.014853,0.121283,0.173965,-0.264957,0.029556,-0.104338,0.026810,0.157703,0.386121,-0.283350,0.030393,0.001120,-0.022860,0.056320,-0.056270,0.170836,-0.441231,0.923110,0.885958,0.066390,-0.024713,-0.004314,-0.115106,0.436559,0.802096,-0.909332,0.223900,0.013047
0.998979,1.621561,0.785538,0.005380,0.000578,0.999025,0.043805,0.054316,-0.013328,0.128360,0.188996,-0.272116,0.026951,-0.124721,0.028410,0.157977,0.414917,-0.293394,0.035641,0.002397,-0.027335,0.059859,-0.058158,0.169755,-0.423064,0.915544,0.874692,0.061715,0.008144,-0.003607,-0.119403,0.439267,0.802689,-0.907398,0.227815,0.008224
1.001316,1.622480,0.784258,0.003425,0.002124,0.998836,0.048070,0.035440,-0.011296,0.136490,0.213880,-0.283622,0.023776,-0.153408,0.023893,0.142615,0.454131,-0.312832,0.057848,0.004295,-0.032981,0.064235,-0.057875,0.171111,-0.412412,0.902448,0.878324,0.038604,0.096903,-0.004731,-0.124771,0.439015,0.804366,-0.903481,0.228101,0.008331
1.003832,1.624110,0.783895,0.000367,0.004913,0.998585,0.052944,0.010657,-0.009595,0.145696,0.245288,-0.297289,0.020018,-0.190105,-0.001450,0.087881,0.499934,-0.348967,0.115560,0.007509,-0.040538,0.068982,-0.055547,0.174599,-0.412583,0.887089,0.904333,0.007892,0.255512,-0.005498,-0.130835,0.434959,0.802701,-0.898950,0.225450,0.008664
1.006019,1.626301,0.782785,-0.003358,0.008759,0.998343,0.056776,-0.013887,-0.009052,0.153310,0.274274,-0.310192,0.015618,-0.225473,-0.042336,0.016008,0.545872,-0.384646,0.169968,0.010073,-0.050030,0.073577,-0.049595,0.174143,-0.412513,0.878176,0.932581,-0.012444,0.437578,-0.001576,-0.136588,0.427576,0.794577,-0.896451,0.221336,0.000038
1.007744,1.628957,0.783934,-0.007056,0.011660,0.998168,0.058956,-0.030646,-0.007637,0.157450,0.289442,-0.316783,0.010951,-0.249857,-0.091441,-0.059836,0.585909,-0.395816,0.160422,0.011420,-0.060070,0.077541,-0.041184,0.168318,-0.404482,0.883229,0.937331,-0.024508,0.563429,0.009042,-0.139784,0.419521,0.780984,-0.898349,0.217377,-0.022531
1.008885,1.632135,0.783939,-0.009852,0.013771,0.998075,0.059656,-0.039835,-0.005545,0.158264,0.295229,-0.319796,0.005859,-0.262248,-0.148937,-0.129940,0.616933,-0.386960,0.125704,0.011982,-0.068826,0.081035,-0.035854,0.161394,-0.394400,0.901430,0.919090,-0.034284,0.592373,0.023283,-0.141352,0.413233,0.766266,-0.904162,0.216395,-0.053316
1.009555,1.635908,0.783636,-0.011495,0.015449,0.998100,0.058520,-0.045822,-0.002756,0.155447,0.300755,-0.323022,0.000231,-0.263694,-0.201723,-0.165985,0.638610,-0.360086,0.093332,0.011273,-0.075413,0.084282,-0.037280,0.158278,-0.390281,0.925822,0.896272,-0.037375,0.540986,0.036232,-0.142056,0.409553,0.754622,-0.908862,0.218782,-0.080904
1.009854,1.640319,0.783149,-0.012371,0.016505,0.998201,0.056303,-0.051634,0.001849,0.150251,0.310294,-0.328340,-0.006108,-0.258423,-0.247460,-0.174436,0.650527,-0.324080,0.075386,0.010281,-0.079893,0.087352,-0.043531,0.159539,-0.392556,0.948911,0.880631,-0.031019,0.450764,0.044811,-0.142505,0.408796,0.747892,-0.908448,0.221428,-0.097183
1.009927,1.645486,0.782338,-0.013153,0.017345,0.998326,0.053589,-0.060618,0.008557,0.144012,0.327241,-0.336998,-0.013624,-0.249951,-0.286862,-0.160701,0.654041,-0.294863,0.077765,0.009314,-0.082503,0.090295,-0.049859,0.161062,-0.394982,0.966966,0.869154,-0.017301,0.354132,0.047948,-0.145393,0.412394,0.745652,-0.906711,0.222450,-0.101988
1.009868,1.651314,0.781472,-0.014899,0.017195,0.998430,0.051191,-0.072172,0.018552,0.137889,0.345616,-0.345771,-0.022139,-0.237118,-0.328505,-0.155361,0.644174,-0.259601,0.085947,0.009319,-0.083719,0.092598,-0.053740,0.161640,-0.393675,0.979280,0.857269,0.003681,0.266552,0.045910,-0.149876,0.420607,0.746377,-0.909866,0.223841,-0.100832
1.009775,1.657879,0.780605,-0.017845,0.016586,0.998486,0.049312,-0.087186,0.031301,0.132251,0.365867,-0.352674,-0.032032,-0.220624,-0.372691,-0.159478,0.617980,-0.211138,0.100010,0.009687,-0.083683,0.094320,-0.054426,0.162091,-0.390878,0.985422,0.846316,0.029962,0.195985,0.040299,-0.153791,0.429019,0.748703,-0.916708,0.227778,-0.097742
1.009667,1.665204,0.779646,-0.021575,0.015732,0.998488,0.048057,-0.105093,0.046506,0.126866,0.388950,-0.357654,-0.043550,-0.205259,-0.408048,-0.157028,0.579371,-0.156904,0.106953,0.009605,-0.082577,0.096101,-0.049181,0.165321,-0.390875,0.982791,0.840810,0.055156,0.148667,0.034048,-0.156796,0.428483,0.753876,-0.917104,0.227034,-0.091884
1.009517,1.673169,0.778482,-0.025681,0.014121,0.998426,0.047823,-0.123597,0.064593,0.121723,0.412635,-0.361584,-0.056409,-0.192823,-0.428555,-0.138378,0.534280,-0.111127,0.096643,0.009253,-0.080316,0.098469,-0.041967,0.172311,-0.394393,0.976606,0.842120,0.073870,0.124801,0.027465,-0.149317,0.422115,0.760236,-0.906339,0.227171,-0.081147
1.009352,1.681910,0.776704,-0.029484,0.013433,0.998305,0.048346,-0.143878,0.083044,0.116793,0.441890,-0.367245,-0.071080,-0.182521,-0.428630,-0.078065,0.486343,-0.069799,0.143417,0.008320,-0.077207,0.101945,-0.035447,0.176572,-0.401308,0.968679,0.847100,0.091399,0.112831,0.019105,-0.137428,0.414371,0.768980,-0.890154,0.226019,-0.067295
1.009110,1.691242,0.773931,-0.032797,0.013575,0.998201,0.048322,-0.163889,0.100552,0.110631,0.472142,-0.372988,-0.085904,-0.169858,-0.398159,0.037676,0.445889,-0.046524,0.226850,0.006707,-0.073932,0.106192,-0.026420,0.184071,-0.407417,0.964622,0.848962,0.099830,0.099223,0.013210,-0.128620,0.412692,0.773859,-0.877287,0.221616,-0.056616
1.008764,1.701119,0.773790,-0.035796,0.014375,0.997952,0.051035,-0.181462,0.118743,0.108452,0.499711,-0.376144,-0.100939,-0.156320,-0.360384,0.120605,0.418392,-0.056377,0.246836,0.010463,-0.070829,0.110533,-0.019473,0.190912,-0.410797,0.966084,0.843558,0.102580,0.072454,0.010044,-0.122418,0.419929,0.774256,-0.872266,0.215192,-0.054885
1.008113,1.711193,0.775792,-0.038761,0.014190,0.997654,0.054621,-0.193000,0.139264,0.107246,0.517734,-0.372951,-0.115520,-0.145270,-0.334962,0.143438,0.400515,-0.082728,0.247670,0.017395,-0.067525,0.114614,-0.016126,0.196066,-0.409619,0.972575,0.830639,0.102470,0.035080,0.009254,-0.115608,0.432961,0.773410,-0.870172,0.205976,-0.058995
1.007447,1.720675,0.776161,-0.041697,0.014021,0.997380,0.057423,-0.198284,0.157332,0.106442,0.519593,-0.362846,-0.128734,-0.136530,-0.328807,0.113503,0.384535,-0.115121,0.247710,0.023404,-0.065058,0.118067,-0.014072,0.196925,-0.403766,0.982054,0.812880,0.101480,-0.002345,0.009628,-0.108525,0.447624,0.776786,-0.864482,0.193177,-0.054802
1.006534,1.729453,0.776374,-0.044343,0.015005,0.997162,0.058966,-0.195642,0.170292,0.106440,0.506550,-0.346772,-0.140138,-0.127528,-0.330120,0.075496,0.369066,-0.138393,0.247710,0.025918,-0.063614,0.120633,-0.010442,0.191419,-0.396925,0.990588,0.796189,0.100481,-0.029137,0.009099,-0.105038,0.463154,0.786672,-0.855360,0.178568,-0.030655
1.005415,1.737443,0.776646,-0.046655,0.017408,0.996935,0.060345,-0.185660,0.177632,0.107796,0.481980,-0.328237,-0.149865,-0.118013,-0.332013,0.050888,0.352500,-0.158301,0.247689,0.025726,-0.062816,0.122379,-0.005319,0.181468,-0.395745,0.993279,0.789970,0.100506,-0.036854,0.005928,-0.107959,0.480912,0.799238,-0.848852,0.166144,0.004909
1.004237,1.744620,0.776855,-0.049115,0.020552,0.996624,0.062497,-0.171905,0.181756,0.111566,0.451801,-0.312370,-0.158315,-0.111276,-0.332167,0.038314,0.337808,-0.176073,0.247654,0.024570,-0.061968,0.123558,-0.000658,0.171338,-0.403333,0.988339,0.800499,0.104311,-0.024667,0.000927,-0.116045,0.499432,0.808135,-0.846442,0.156835,0.029101
1.003195,1.751019,0.776833,-0.052300,0.023312,0.996226,0.065224,-0.159380,0.185880,0.116721,0.422502,-0.300407,-0.166353,-0.111805,-0.328389,0.039315,0.331506,-0.191908,0.247645,0.023120,-0.060283,0.124383,0.002927,0.163063,-0.414695,0.979955,0.822959,0.114128,-0.005077,-0.002730,-0.125548,0.513444,0.810655,-0.840221,0.147646,0.031243
1.002432,1.756610,0.776257,-0.056476,0.024905,0.995770,0.068060,-0.150807,0.191901,0.122521,0.397431,-0.295135,-0.172518,-0.120331,-0.322775,0.041191,0.335955,-0.207432,0.247638,0.021814,-0.057697,0.124806,0.005955,0.156417,-0.422947,0.974715,0.845451,0.126304,0.004571,-0.003223,-0.134477,0.520440,0.808556,-0.824084,0.136175,0.022414
1.002098,1.761334,0.774647,-0.061551,0.025438,0.995318,0.070046,-0.148917,0.199672,0.128079,0.381134,-0.300619,-0.174727,-0.132832,-0.317161,0.038987,0.346350,-0.228240,0.247616,0.019960,-0.054466,0.124983,0.007545,0.151569,-0.427503,0.975597,0.860837,0.133769,-0.001620,-0.002531,-0.144686,0.524899,0.803437,-0.804946,0.124723,0.018006
1.002390,1.764945,0.771648,-0.067591,0.024992,0.994896,0.070626,-0.158035,0.208270,0.132127,0.380023,-0.319138,-0.166869,-0.148017,-0.311808,0.034963,0.360003,-0.254933,0.247548,0.016616,-0.050643,0.125596,0.005651,0.150504,-0.432703,0.980761,0.870700,0.133579,-0.016701,-0.004213,-0.158134,0.532673,0.794040,-0.796346,0.118111,0.021266
1.003624,1.767194,0.766498,-0.075117,0.024273,0.994417,0.070023,-0.185251,0.215721,0.133571,0.402818,-0.352946,-0.144344,-0.169430,-0.307200,0.033116,0.379148,-0.290524,0.247576,0.011510,-0.046650,0.127701,-0.000482,0.154710,-0.440752,0.986312,0.878438,0.127123,-0.032702,-0.009471,-0.174831,0.543124,0.777490,-0.803752,0.118147,0.027242
1.005765,1.768187,0.763094,-0.084976,0.024020,0.993728,0.068601,-0.234669,0.224882,0.128762,0.456965,-0.397492,-0.125661,-0.204571,-0.302134,0.037553,0.412595,-0.338381,0.247667,0.005839,-0.042985,0.132875,-0.010318,0.165345,-0.450952,0.987906,0.885970,0.115141,-0.045872,-0.016444,-0.192652,0.549268,0.751133,-0.819848,0.122105,0.031775
1.008935,1.767652,0.756744,-0.097855,0.024656,0.992637,0.066991,-0.308777,0.232493,0.119577,0.543340,-0.438233,-0.124620,-0.259580,-0.298483,0.049817,0.466419,-0.394688,0.247460,0.001256,-0.039478,0.143438,-0.020530,0.185399,-0.461304,0.977907,0.893021,0.093259,-0.048269,-0.025555,-0.209618,0.545090,0.717127,-0.833824,0.118799,0.037116
1.012760,1.765544,0.748560,-0.113637,0.026230,0.990957,0.066351,-0.404249,0.241266,0.108752,0.659366,-0.469638,-0.132569,-0.337201,-0.296062,0.067781,0.543221,-0.449760,0.247604,-0.001038,-0.034789,0.161869,-0.025024,0.207744,-0.456434,0.949989,0.883829,0.062866,-0.020159,-0.037837,-0.229711,0.540189,0.671800,-0.837686,0.098336,0.054552
1.016063,1.761834,0.736057,-0.130836,0.028439,0.988770,0.066386,-0.513564,0.247676,0.103099,0.791653,-0.493933,-0.137509,-0.430960,-0.298249,0.090430,0.643279,-0.501536,0.247678,-0.000561,-0.027556,0.189159,-0.010637,0.220697,-0.405117,0.905454,0.820205,0.029155,0.050721,-0.059915,-0.259528,0.540471,0.620853,-0.835590,0.058894,0.085623
1.018073,1.756978,0.723295,-0.146690,0.031725,0.986531,0.065051,-0.628397,0.250473,0.093107,0.937050,-0.515431,-0.144806,-0.526779,-0.308914,0.104507,0.753614,-0.552892,0.247705,0.003690,-0.018266,0.224877,0.027382,0.213359,-0.308399,0.865193,0.689230,-0.006722,0.138966,-0.100835,-0.293086,0.541808,0.572021,-0.842710,0.021565,0.098646
1.017550,1.751052,0.711623,-0.159061,0.035557,0.984740,0.061018,-0.747827,0.255877,0.083705,1.096691,-0.523872,-0.157172,-0.611264,-0.328331,0.111886,0.862103,-0.603716,0.247729,0.009721,-0.008136,0.268500,0.077586,0.206225,-0.243027,0.861518,0.575913,-0.028552,0.190260,-0.172478,-0.306570,0.541866,0.520318,-0.873808,0.006742,0.059292
1.014118,1.744098,0.697039,-0.168346,0.037846,0.983230,0.059047,-0.866309,0.284861,0.092480,1.262564,-0.527224,-0.148010,-0.681473,-0.345709,0.122795,0.961439,-0.655352,0.247736,0.014444,0.000397,0.319269,0.144460,0.238595,-0.284883,0.912783,0.576129,-0.028271,0.166409,-0.281805,-0.277129,0.541799,0.446339,-0.935227,-0.000860,-0.023732
1.007340,1.736376,0.682061,-0.176166,0.035590,0.981575,0.064880,-0.985162,0.356757,0.103255,1.424538,-0.532037,-0.131114,-0.739189,-0.342517,0.140579,1.046904,-0.701057,0.247738,0.018721,0.002620,0.374747,0.234696,0.305839,-0.435365,1.006903,0.684350,-0.060803,0.058461,-0.413894,-0.198373,0.542990,0.319714,-1.011359,-0.034539,-0.115854
0.996717,1.727507,0.668542,-0.181744,0.025945,0.980147,0.074882,-1.109902,0.442409,0.075215,1.573440,-0.526947,-0.101488,-0.773366,-0.322773,0.147538,1.109852,-0.744843,0.247743,0.029149,-0.004440,0.428534,0.362426,0.358528,-0.589157,1.073412,0.789550,-0.141869,-0.015434,-0.534508,-0.073616,0.537039,0.129321,-1.052909,-0.108847,-0.201847
0.981194,1.716368,0.659275,-0.184329,0.008012,0.979762,0.077628,-1.230530,0.514347,0.016288,1.690399,-0.530003,-0.086422,-0.762227,-0.302636,0.126499,1.131158,-0.781057,0.247740,0.051637,-0.015845,0.470074,0.520713,0.397354,-0.624601,1.077002,0.796596,-0.210115,0.013230,-0.596390,0.064258,0.519808,-0.096539,-0.994053,-0.195978,-0.289415
0.958874,1.700991,0.656957,-0.186709,-0.017962,0.979992,0.066577,-1.318643,0.561399,-0.028700,1.754549,-0.515830,-0.083349,-0.686736,-0.288539,0.077996,1.078741,-0.784943,0.247735,0.083831,-0.022714,0.490310,0.664269,0.412959,-0.513718,1.041109,0.682442,-0.245649,0.089771,-0.559878,0.136480,0.488756,-0.263971,-0.879214,-0.232477,-0.355450
0.928576,1.680925,0.661934,-0.191471,-0.048004,0.979466,0.041011,-1.315740,0.580778,-0.001656,1.741459,-0.484981,-0.096120,-0.545464,-0.274436,0.009576,0.938320,-0.723284,0.247710,0.111839,-0.021604,0.489046,0.704633,0.393577,-0.338927,0.983969,0.508700,-0.243104,0.159948,-0.395080,0.100258,0.413465,-0.288034,-0.809281,-0.184950,-0.362881
0.890388,1.656001,0.672251,-0.194061,-0.076041,0.978038,-0.000680,-1.202418,0.574132,0.089563,1.658065,-0.415412,-0.113184,-0.372466,-0.264165,-0.047458,0.790532,-0.553212,0.247753,0.119846,-0.018347,0.471205,0.590809,0.376106,-0.219901,0.935131,0.401788,-0.197942,0.222238,-0.138971,-0.006144,0.321331,-0.102138,-0.804754,-0.053360,-0.289168
0.847359,1.627378,0.678754,-0.193901,-0.095840,0.974269,-0.063388,-1.003610,0.520709,0.189055,1.520484,-0.549853,-0.059475,-0.239655,-0.315472,-0.106638,0.764631,-0.298935,0.247473,0.103289,-0.020297,0.445967,0.347482,0.368487,-0.186715,0.871136,0.385325,-0.149198,0.272749,0.113663,-0.072120,0.264214,0.221477,-0.743429,0.096621,-0.217475
0.799989,1.594930,0.685812,-0.194412,-0.096698,0.965124,-0.146251,-0.845697,0.397242,0.211406,1.395294,-0.642346,-0.044728,-0.226697,-0.303842,-0.091309,0.974937,-0.123272,0.242129,0.068922,-0.031492,0.433330,-0.003809,0.333040,-0.237325,0.778479,0.432370,-0.131479,0.291277,0.369317,-0.082746,0.182363,0.439379,-0.598256,0.148664,-0.234559
0.752185,1.560107,0.692108,-0.199805,-0.083050,0.950011,-0.225079,-0.746470,0.282957,0.210352,1.316577,-0.600141,-0.016982,-0.343675,-0.205310,-0.034183,1.352310,-0.159672,0.240349,0.026488,-0.045324,0.438096,-0.344868,0.246174,-0.328067,0.648643,0.493549,-0.176881,0.299033,0.681540,-0.109947,0.083079,0.479080,-0.499505,0.107381,-0.287228
0.703650,1.520194,0.697629,-0.205513,-0.076320,0.933344,-0.284268,-0.636037,0.205636,0.202638,1.218458,-0.569931,0.001069,-0.550349,-0.259390,-0.069757,1.715674,-0.276010,0.133389,-0.030068,-0.055998,0.449467,-0.619526,0.178034,-0.387815,0.457769,0.536875,-0.242172,0.294987,1.023153,-0.162820,-0.005759,0.409184,-0.495611,0.009945,-0.298097
0.653378,1.473465,0.702802,-0.208212,-0.079077,0.923001,-0.313788,-0.469719,0.152555,0.185472,1.046474,-0.575806,-0.003738,-0.833766,-0.239609,-0.044307,1.935759,-0.406320,0.029953,-0.100595,-0.056736,0.457046,-0.819476,0.172466,-0.394482,0.230943,0.554313,-0.295710,0.272907,1.296406,-0.227483,-0.090090,0.273157,-0.557593,-0.058420,-0.254923
0.599617,1.418380,0.707836,-0.209834,-0.086834,0.922869,-0.311033,-0.247113,0.106199,0.181990,0.791702,-0.501776,-0.010023,-1.106555,-0.155352,-0.039983,1.933518,-0.501743,-0.013289,-0.152965,-0.043453,0.450667,-0.877599,0.231789,-0.397259,0.040216,0.551853,-0.303051,0.215458,1.400154,-0.284144,-0.159428,0.132989,-0.629734,-0.073961,-0.190592
0.541651,1.355747,0.712532,-0.209956,-0.091154,0.928482,-0.292455,-0.031055,0.039697,0.170269,0.543852,-0.225330,-0.019037,-1.255097,-0.105003,-0.095769,1.748948,-0.573381,0.037991,-0.171630,-0.017022,0.430688,-0.766011,0.336928,-0.459197,-0.014401,0.560316,-0.242075,0.144621,1.283895,-0.334357,-0.162571,0.035824,-0.702088,-0.042356,-0.132634
0.479639,1.289773,0.720558,-0.206673,-0.078836,0.935595,-0.275198,0.113619,-0.048305,0.210789,0.496124,0.134949,-0.149672,-1.240479,-0.072151,-0.155015,1.516919,-0.587503,0.155742,-0.172368,0.011169,0.407884,-0.532472,0.414152,-0.576653,0.117268,0.596854,-0.131790,0.066719,0.966456,-0.368399,-0.102751,-0.002165,-0.768662,0.009019,-0.098808
0.416407,1.223682,0.725116,-0.197652,-0.061946,0.944266,-0.255848,0.112165,-0.231383,0.108734,0.747708,0.179871,-0.228095,-1.104998,-0.081219,-0.215316,1.349184,-0.515959,0.239674,-0.161831,0.031359,0.396382,-0.288461,0.441767,-0.679845,0.365576,0.607005,0.001897,-0.025924,0.555231,-0.344843,-0.021950,0.016779,-0.803828,0.042855,-0.119640
0.353057,1.159677,0.727612,-0.187222,-0.044969,0.950337,-0.244510,-0.005646,-0.180466,0.297412,1.266893,0.142146,-0.212711,-0.902306,-0.103103,-0.220612,1.209699,-0.393250,0.177623,-0.165699,0.040343,0.396861,-0.023261,0.461228,-0.718580,0.601418,0.582747,0.085705,-0.046184,0.173200,-0.240530,0.031093,0.042648,-0.788261,0.015635,-0.206154
0.289506,1.098144,0.725825,-0.173794,-0.036953,0.957015,-0.229244,-0.215160,-0.112047,0.366635,1.809714,-0.001552,-0.091018,-0.689158,-0.083057,-0.168779,1.095768,-0.526569,0.071739,-0.143715,0.047335,0.407664,0.257461,0.543925,-0.675914,0.705103,0.529254,0.068168,-0.027299,-0.131413,-0.091890,0.080085,-0.002074,-0.727705,-0.056443,-0.304128
0.224817,1.038955,0.726453,-0.165676,-0.022534,0.961181,-0.219487,-0.533517,-0.018007,0.331582,2.212180,-0.133928,0.002499,-0.474549,-0.114144,-0.134090,0.965351,-0.630648,0.091153,-0.087988,0.048025,0.424122,0.570044,0.696444,-0.574220,0.656869,0.460959,-0.042707,0.012991,-0.365444,-0.004130,0.150189,-0.109888,-0.669689,-0.165171,-0.371668
0.155985,0.979515,0.728346,-0.162663,-0.001538,0.958265,-0.235087,-0.956417,0.031332,0.187129,2.324141,-0.202516,0.088343,-0.249171,-0.189356,-0.152528,0.806250,-0.618780,0.165722,-0.016812,0.045094,0.439056,0.817227,0.854480,-0.449783,0.573462,0.382150,-0.155518,0.039968,-0.532792,-0.052542,0.217648,-0.242540,-0.663134,-0.255112,-0.384460
0.079311,0.915350,0.728897,-0.165476,0.018445,0.949576,-0.265674,-1.266304,0.027399,0.072812,2.115882,-0.257666,0.068471,-0.015011,-0.251446,-0.192431,0.649167,-0.450911,0.237732,0.043119,0.041562,0.434338,0.972414,0.946175,-0.317627,0.474811,0.316942,-0.218474,0.046344,-0.572964,-0.192868,0.245309,-0.320209,-0.668549,-0.246239,-0.350403
-0.004085,0.846242,0.731249,-0.170022,0.026291,0.939432,-0.296428,-1.369836,0.059514,0.037063,1.698201,-0.308188,0.009017,0.173970,-0.248536,-0.179236,0.577540,-0.146719,0.245616,0.077951,0.029101,0.412966,0.998153,0.925376,-0.223154,0.375585,0.278849,-0.239722,0.032284,-0.457694,-0.303619,0.232518,-0.279105,-0.648999,-0.132082,-0.306468
-0.090753,0.773781,0.728901,-0.167131,0.026563,0.932416,-0.319316,-1.293911,0.055498,0.004907,1.201952,-0.349713,-0.181948,0.254753,-0.147964,-0.042151,0.758809,-0.055207,0.247327,0.091089,0.010120,0.390061,0.904170,0.834027,-0.213221,0.272221,0.257236,-0.225620,0.023493,-0.263354,-0.329436,0.200690,-0.076567,-0.618914,0.034515,-0.265273
-0.176906,0.700826,0.724754,-0.154239,0.025590,0.931418,-0.328658,-1.119778,0.049619,-0.041951,0.796933,-0.288308,-0.243841,0.225620,-0.143488,-0.064524,1.207301,-0.114890,0.241593,0.099494,-0.006256,0.376971,0.701187,0.717156,-0.271347,0.214212,0.284993,-0.180124,0.033244,-0.078584,-0.299108,0.198019,0.220812,-0.623244,0.195566,-0.229139
-0.260968,0.630529,0.719609,-0.141527,0.035837,0.932998,-0.328938,-0.936127,0.172970,0.000806,0.646577,-0.224279,-0.225445,0.097753,-0.240111,-0.106506,1.731660,-0.296695,0.119230,0.092969,-0.032051,0.378419,0.456012,0.586714,-0.338761,0.210021,0.379244,-0.141233,0.068897,0.101163,-0.263925,0.228906,0.500268,-0.631051,0.291573,-0.203772
-0.345229,0.562430,0.712258,-0.126453,0.049902,0.934219,-0.329779,-0.783109,0.222691,0.086441,0.725168,-0.207306,-0.246781,-0.138370,-0.261033,-0.121567,2.143293,-0.437437,0.053702,0.057147,-0.063080,0.394209,0.202244,0.458956,-0.374096,0.230713,0.495241,-0.132645,0.120709,0.330351,-0.226384,0.260912,0.653436,-0.613478,0.293459,-0.218075
-0.430839,0.495699,0.700985,-0.107838,0.063750,0.937614,-0.324325,-0.634628,0.259169,0.129938,0.871921,-0.367702,-0.247670,-0.510738,-0.243148,-0.163777,2.308504,-0.496332,0.030780,0.001773,-0.093584,0.420363,0.029915,0.358009,-0.345367,0.198055,0.590604,-0.157261,0.176623,0.555348,-0.218579,0.274458,0.674826,-0.581187,0.236358,-0.231825
-0.518995,0.428764,0.684573,-0.084321,0.073277,0.942607,-0.314663,-0.459464,0.271978,0.154617,1.008167,-0.494498,-0.247727,-0.909118,-0.231742,-0.175491,2.186469,-0.504400,0.003601,-0.059185,-0.111913,0.444174,-0.024759,0.312747,-0.278261,0.125537,0.625908,-0.199497,0.210516,0.747903,-0.244311,0.289188,0.624043,-0.566865,0.171143,-0.220691
-0.612187,0.361704,0.672750,-0.066622,0.092861,0.947533,-0.298530,-0.294057,0.251272,0.113015,1.158897,-0.394454,-0.247757,-1.157331,-0.223902,-0.147513,1.814027,-0.483468,-0.036278,-0.103186,-0.120158,0.455316,0.033595,0.289692,-0.220557,0.084982,0.623243,-0.227236,0.208779,0.861078,-0.296928,0.301543,0.552505,-0.579065,0.139588,-0.196915
-0.709023,0.295534,0.669230,-0.051241,0.119724,0.948315,-0.289377,-0.176240,0.206577,0.053888,1.320111,-0.208517,-0.247313,-1.195535,-0.197387,-0.122928,1.288731,-0.471305,-0.010650,-0.126903,-0.126737,0.454042,0.164587,0.279153,-0.198572,0.131057,0.624925,-0.224103,0.179368,0.891539,-0.342293,0.303521,0.472989,-0.603097,0.134756,-0.178963
-0.805049,0.233948,0.661588,-0.029596,0.146618,0.943961,-0.294218,-0.147431,0.203566,-0.030402,1.511207,-0.265682,-0.238267,-1.096023,-0.168647,-0.056490,0.817459,-0.370018,0.070124,-0.126359,-0.131341,0.451402,0.304017,0.294027,-0.215135,0.248194,0.640822,-0.195760,0.130526,0.867869,-0.361331,0.290907,0.395705,-0.618977,0.140583,-0.170668
-0.896108,0.178715,0.650604,-0.001298,0.164980,0.938969,-0.301857,-0.267578,0.248027,-0.057658,1.717639,-0.343969,-0.112586,-0.988696,-0.198581,-0.071950,0.685097,-0.051056,-0.061578,-0.104676,-0.134811,0.462967,0.425832,0.340492,-0.230283,0.353630,0.652881,-0.166057,0.085083,0.779915,-0.371940,0.281960,0.334214,-0.631589,0.140377,-0.161189
-0.981137,0.128584,0.635814,0.028160,0.156473,0.941717,-0.296465,-0.514928,0.274424,-0.091134,1.779854,-0.373567,-0.087149,-0.971687,-0.166439,-0.043463,0.891823,0.189401,-0.238779,-0.072126,-0.125756,0.491780,0.546779,0.387069,-0.193886,0.382401,0.645819,-0.158509,0.065428,0.605614,-0.384953,0.304014,0.287443,-0.658043,0.129478,-0.153192
-1.062665,0.082156,0.625701,0.037304,0.143076,0.949961,-0.275159,-0.774799,0.238534,-0.113942,1.585491,-0.365029,-0.134103,-0.997438,-0.132204,-0.082508,1.210867,-0.022967,-0.247362,-0.034812,-0.117095,0.505011,0.668209,0.401850,-0.132661,0.318616,0.612589,-0.176127,0.059837,0.413569,-0.409306,0.327915,0.232478,-0.690033,0.105347,-0.184724
-1.143043,0.035499,0.614123,0.035610,0.122243,0.961979,-0.241632,-0.901254,0.216124,-0.137447,1.177427,-0.291659,-0.242017,-0.993103,-0.111714,-0.155953,1.494586,-0.246438,-0.247307,-0.000033,-0.114308,0.505546,0.748079,0.389656,-0.078965,0.210074,0.590912,-0.205939,0.050756,0.287413,-0.441109,0.333255,0.137924,-0.713241,0.073698,-0.233891
-1.221214,-0.009111,0.602587,0.049361,0.105008,0.974207,-0.193540,-0.858117,0.198666,-0.184505,0.808035,-0.186335,-0.247489,-0.936401,-0.119179,-0.246509,1.756023,-0.341912,-0.238425,0.034206,-0.117451,0.504497,0.755951,0.385851,-0.047166,0.100811,0.609518,-0.223338,0.033066,0.265841,-0.463678,0.338530,0.046089,-0.721251,0.057281,-0.270445
-1.295410,-0.047727,0.600361,0.068234,0.106956,0.981825,-0.141154,-0.755175,0.167394,-0.240246,0.740939,0.011975,-0.247710,-0.893111,-0.173530,-0.267223,1.989758,-0.378968,-0.120322,0.052130,-0.127436,0.501585,0.656256,0.391659,-0.041785,0.037255,0.672702,-0.212657,0.014125,0.334278,-0.497827,0.330847,-0.013935,-0.712553,0.077407,-0.277151
-1.365664,-0.078997,0.591092,0.086691,0.123736,0.983238,-0.102067,-0.713557,0.170703,-0.152455,0.981757,-0.063361,-0.247777,-0.917520,-0.249538,-0.254022,2.105154,-0.474870,-0.182272,0.040291,-0.147675,0.504335,0.469915,0.396913,-0.042244,0.027103,0.765523,-0.191834,0.014303,0.455595,-0.531306,0.306164,-0.015230,-0.698490,0.136349,-0.283727
-1.432864,-0.102416,0.584067,0.084735,0.139414,0.982978,-0.084483,-0.692421,0.187311,-0.091291,1.200969,-0.264151,-0.247770,-1.013560,-0.332463,-0.303207,2.059828,-0.544787,-0.219549,0.020948,-0.180713,0.505457,0.218524,0.407215,-0.047356,0.008355,0.861025,-0.170450,0.024285,0.564160,-0.533450,0.294533,0.054641,-0.678065,0.203511,-0.279517
-1.498685,-0.117430,0.579950,0.063881,0.158671,0.981020,-0.091341,-0.661121,0.162524,-0.052578,1.312064,-0.439739,-0.247791,-1.146156,-0.366127,-0.367344,1.879546,-0.562711,-0.223305,-0.003580,-0.212446,0.505679,-0.058502,0.393452,-0.076256,-0.051607,0.900136,-0.188143,0.058663,0.661973,-0.538855,0.320966,0.154229,-0.653925,0.222069,-0.239192
-1.563996,-0.124662,0.582031,0.039828,0.186443,0.976552,-0.099993,-0.599574,0.113549,-0.013437,1.352628,-0.524130,-0.247803,-1.246998,-0.333289,-0.375405,1.629166,-0.580600,-0.176933,-0.029376,-0.237204,0.505666,-0.272190,0.338945,-0.121104,-0.153116,0.849461,-0.234049,0.113463,0.753783,-0.585986,0.382953,0.217610,-0.661536,0.191909,-0.172961
-1.628752,-0.125090,0.592197,0.023934,0.215837,0.972081,-0.088884,-0.513556,0.048658,-0.004779,1.375770,-0.463370,-0.247825,-1.228698,-0.328004,-0.417126,1.414684,-0.537581,-0.186312,-0.045197,-0.261375,0.505267,-0.342110,0.307225,-0.161978,-0.231316,0.771197,-0.264498,0.138355,0.810431,-0.651301,0.434226,0.233706,-0.718351,0.148868,-0.139375
-1.692410,-0.118380,0.614265,0.017414,0.241011,0.968596,-0.058588,-0.441959,-0.050032,-0.101303,1.414476,-0.216298,-0.247718,-1.110226,-0.277301,-0.447325,1.267609,-0.409478,-0.204848,-0.047283,-0.286101,0.503931,-0.251430,0.311257,-0.170980,-0.215255,0.746579,-0.253307,0.121413,0.818502,-0.697601,0.429550,0.185609,-0.770028,0.135562,-0.141686
-1.756021,-0.106217,0.630521,0.024601,0.264055,0.963570,-0.034666,-0.418597,-0.126420,-0.171154,1.471852,0.048023,-0.247585,-0.924932,-0.213209,-0.340597,1.169663,-0.363086,-0.245887,-0.059827,-0.302997,0.500460,-0.093223,0.306569,-0.149228,-0.063245,0.767920,-0.187918,0.081131,0.772685,-0.700410,0.367390,0.111715,-0.765832,0.139347,-0.164501
-1.817818,-0.089598,0.640886,0.030681,0.288712,0.956904,-0.006301,-0.478996,-0.036586,-0.184621,1.529783,-0.038920,-0.244411,-0.725909,-0.257350,-0.306382,1.122843,-0.500955,-0.247718,-0.066698,-0.322473,0.496964,0.040324,0.293282,-0.117144,0.172881,0.794065,-0.098168,0.043017,0.685227,-0.680128,0.284689,-0.005517,-0.713805,0.121343,-0.197404
-1.877562,-0.069792,0.651885,0.021733,0.301788,0.952607,0.031502,-0.631331,-0.003974,-0.214042,1.596175,-0.193382,-0.172403,-0.593517,-0.252177,-0.330800,1.091255,-0.595058,-0.247687,-0.051882,-0.341296,0.497799,0.143413,0.290234,-0.097610,0.374546,0.811784,-0.043818,0.008167,0.566374,-0.667592,0.237696,-0.189279,-0.639018,0.068719,-0.220831
-1.935846,-0.046378,0.657940,0.003159,0.310215,0.948625,0.062185,-0.842864,-0.028014,-0.186865,1.604444,-0.294814,-0.094008,-0.486002,-0.209231,-0.330453,1.020596,-0.638439,-0.247637,-0.027711,-0.357393,0.501485,0.241442,0.296595,-0.105596,0.483114,0.809012,-0.073168,-0.009834,0.453572,-0.701225,0.227382,-0.405724,-0.538439,0.005858,-0.252137
-1.995329,-0.018354,0.656821,-0.022841,0.315166,0.945602,0.077361,-1.043864,-0.084716,-0.135233,1.488523,-0.323357,-0.116914,-0.377744,-0.140980,-0.344587,0.900187,-0.627036,-0.247036,0.006851,-0.370472,0.501866,0.296864,0.321082,-0.123657,0.473333,0.781543,-0.135122,-0.040573,0.411277,-0.755765,0.207052,-0.564333,-0.440979,-0.015750,-0.292762
-2.055538,0.014877,0.646578,-0.048029,0.311208,0.945627,0.081435,-1.154810,-0.152646,-0.084207,1.240588,-0.266739,-0.241434,-0.306810,-0.014940,-0.308619,0.809261,-0.497955,-0.233042,0.044454,-0.373249,0.498601,0.333662,0.358401,-0.130330,0.422081,0.747608,-0.213818,-0.027607,0.483100,-0.793100,0.190294,-0.598711,-0.407906,0.045121,-0.313045
-2.116829,0.050318,0.630556,-0.064987,0.285749,0.950832,0.100214,-1.140082,-0.119965,0.018058,0.974206,-0.190455,-0.247475,-0.270666,0.169038,-0.313789,0.869271,-0.332938,0.038952,0.087709,-0.360362,0.487289,0.317855,0.401256,-0.114620,0.355169,0.715755,-0.242547,-0.015167,0.579493,-0.788988,0.263612,-0.449139,-0.467895,0.161576,-0.264414
-2.175709,0.090886,0.608396,-0.061583,0.261008,0.952701,0.142979,-1.024965,-0.078766,0.057054,0.842721,-0.114065,-0.247873,-0.257626,0.239553,-0.297320,1.192437,-0.291744,0.237142,0.120949,-0.340532,0.471435,0.246516,0.425262,-0.105211,0.287406,0.704189,-0.232399,-0.015923,0.649760,-0.750290,0.408376,-0.160207,-0.571919,0.304833,-0.164279
-2.229633,0.136151,0.607042,-0.040059,0.237808,0.953636,0.180056,-0.882790,-0.032995,0.008033,0.892596,-0.232947,-0.247741,-0.264358,0.130729,-0.194469,1.660342,-0.371567,0.240044,0.111820,-0.323185,0.463030,0.127177,0.430585,-0.111228,0.200896,0.721451,-0.226089,-0.003051,0.717070,-0.664850,0.487406,0.150979,-0.591048,0.429764,-0.105446
-2.280226,0.188072,0.614117,-0.014246,0.219065,0.954920,0.199839,-0.718322,0.030567,-0.003200,0.928763,-0.330630,-0.247765,-0.348859,0.025393,0.000958,2.083024,-0.508008,0.094965,0.062885,-0.312432,0.464019,-0.023881,0.415245,-0.103583,0.064629,0.737017,-0.246983,0.036828,0.831193,-0.588105,0.387374,0.341364,-0.534064,0.464519,-0.142142
-2.328595,0.244729,0.628339,0.000193,0.198575,0.956075,0.215612,-0.514593,0.088243,-0.027506,0.844984,-0.383211,-0.247697,-0.544594,-0.112144,0.252933,2.300940,-0.621041,-0.025940,-0.005019,-0.302474,0.467657,-0.127254,0.384029,-0.075634,-0.117198,0.706978,-0.275099,0.084361,0.955896,-0.560152,0.201391,0.332885,-0.500155,0.403634,-0.224412
-2.374707,0.308643,0.644275,0.001702,0.181642,0.952628,0.243934,-0.274871,0.173276,-0.040930,0.660013,-0.315648,-0.247656,-0.853129,-0.227738,0.471575,2.234516,-0.642140,-0.114146,-0.067936,-0.289342,0.468956,-0.114216,0.376449,-0.067508,-0.228136,0.660429,-0.268226,0.093560,1.015926,-0.577979,0.061027,0.195532,-0.531521,0.306323,-0.271565
-2.418858,0.379514,0.652571,-0.008329,0.167544,0.944318,0.283060,-0.076252,0.308589,0.028163,0.510422,-0.081578,-0.247838,-1.118793,-0.331174,0.496131,1.941491,-0.591447,-0.167608,-0.106009,-0.266763,0.463548,0.020126,0.388955,-0.086893,-0.181325,0.663295,-0.216585,0.051098,0.925317,-0.613678,0.024725,0.050324,-0.604400,0.243344,-0.267718
-2.461061,0.454049,0.663372,-0.019243,0.157185,0.934907,0.317604,0.026258,0.450860,0.176115,0.581774,0.069179,-0.247674,-1.225004,-0.432787,0.372934,1.558093,-0.526008,-0.153110,-0.120186,-0.235330,0.455552,0.170370,0.388922,-0.134529,0.029827,0.701408,-0.119765,-0.031999,0.680718,-0.619158,0.095881,-0.025349,-0.691393,0.219673,-0.237197
-2.499299,0.530420,0.669214,-0.037060,0.140921,0.923688,0.354355,-0.047493,0.417871,0.077642,0.938289,0.057240,-0.246845,-1.140384,-0.378544,0.317239,1.329946,-0.368331,0.145925,-0.095602,-0.204685,0.450175,0.276623,0.379764,-0.175199,0.276280,0.725163,-0.011650,-0.108125,0.324407,-0.539033,0.231264,-0.020788,-0.764950,0.199498,-0.202005
-2.532878,0.609526,0.677984,-0.039362,0.132154,0.919459,0.368212,-0.245870,0.421298,0.079442,1.399081,-0.064519,-0.228210,-0.991554,-0.360351,0.235392,1.351413,-0.504939,0.198787,-0.056272,-0.188924,0.455676,0.332623,0.381697,-0.202241,0.464739,0.750287,0.040072,-0.142816,0.042435,-0.412962,0.338872,-0.027184,-0.813077,0.160593,-0.222100
-2.564124,0.692184,0.684129,-0.041519,0.128437,0.923702,0.358544,-0.531592,0.410980,0.107887,1.758894,-0.213887,-0.131272,-0.848487,-0.380333,0.109131,1.415043,-0.598393,0.177042,-0.000748,-0.178263,0.469494,0.355611,0.411175,-0.212642,0.524289,0.755357,0.012908,-0.144381,-0.130414,-0.330684,0.405433,-0.091511,-0.826667,0.082473,-0.284180
-2.595185,0.776786,0.687817,-0.049005,0.123466,0.937629,0.321258,-0.859346,0.336339,0.210595,1.902757,-0.301385,-0.091829,-0.713201,-0.341473,0.020759,1.495377,-0.548941,0.244333,0.049350,-0.158358,0.484190,0.351274,0.455256,-0.224475,0.494683,0.720746,-0.054745,-0.129990,-0.215441,-0.356207,0.446114,-0.159808,-0.845555,0.013051,-0.318679
-2.630432,0.862488,0.689345,-0.059645,0.098231,0.951710,0.284676,-1.126256,0.187077,0.375476,1.779669,-0.303010,-0.182048,-0.612446,-0.162277,-0.081481,1.599730,-0.370465,0.247617,0.091365,-0.120517,0.492656,0.366836,0.502016,-0.255493,0.456470,0.677856,-0.109070,-0.117983,-0.270237,-0.452442,0.501759,-0.135971,-0.901779,-0.002172,-0.292010
-2.670863,0.947990,0.685861,-0.067595,0.046252,0.961731,0.261469,-1.228233,0.061725,0.499571,1.458314,-0.180590,-0.244374,-0.513386,-0.151334,-0.114957,1.674587,-0.306060,0.247734,0.106006,-0.061540,0.491668,0.461925,0.558089,-0.294480,0.433766,0.641986,-0.156942,-0.107756,-0.342026,-0.543907,0.615955,-0.013651,-0.970210,0.003150,-0.215925
-2.715633,1.030207,0.679097,-0.068012,-0.008030,0.965597,0.250862,-1.156785,-0.029924,0.558166,1.083382,0.057440,-0.236817,-0.451820,-0.275348,-0.026860,1.694765,-0.337469,0.247667,0.091214,0.001999,0.484261,0.632992,0.566792,-0.321260,0.409166,0.613215,-0.198853,-0.091846,-0.449501,-0.581464,0.780726,0.116563,-1.012710,-0.008545,-0.146999
-2.761690,1.107459,0.669542,-0.057600,-0.037882,0.962732,0.261524,-1.024556,-0.108198,0.430813,0.849474,0.054281,-0.028838,-0.505792,-0.403372,0.134207,1.633560,-0.395274,0.246192,0.081155,0.047420,0.480545,0.814274,0.509397,-0.328833,0.399389,0.573218,-0.245123,-0.068634,-0.566547,-0.594251,0.932233,0.157995,-1.038477,-0.051192,-0.118892
-2.806845,1.181211,0.656643,-0.044816,-0.062861,0.956338,0.281881,-0.917623,0.035338,0.398245,1.029468,-0.227567,0.233566,-0.648169,-0.615484,0.189770,1.413564,-0.425485,0.211707,0.081637,0.083465,0.486332,0.967717,0.419152,-0.313437,0.384848,0.535264,-0.277342,-0.054061,-0.699836,-0.586736,1.024368,0.098091,-1.050075,-0.093520,-0.118236
-2.848973,1.252243,0.648033,-0.037377,-0.071766,0.952417,0.293861,-0.969588,0.092332,0.308912,1.361352,-0.390374,0.247059,-0.750253,-0.686372,0.183658,1.072405,-0.371341,0.203557,0.083443,0.099563,0.501200,1.018731,0.347725,-0.309285,0.380601,0.518666,-0.284649,-0.056664,-0.829200,-0.551378,1.025316,0.002631,-1.063638,-0.096598,-0.132292
-2.889742,1.324292,0.652912,-0.045667,-0.081338,0.955647,0.279353,-1.118207,0.145063,0.254486,1.718545,-0.280467,0.243425,-0.691125,-0.592971,0.172815,0.767726,-0.278050,0.245840,0.079414,0.096891,0.505407,0.966055,0.336866,-0.304638,0.399624,0.518637,-0.260182,-0.061383,-0.916338,-0.471742,0.937631,-0.072961,-1.089260,-0.057852,-0.164462
-2.929802,1.394465,0.654697,-0.054150,-0.090545,0.965376,0.238576,-1.312235,0.172424,0.139697,1.995628,-0.118974,0.162841,-0.558300,-0.562398,0.083679,0.640467,-0.178452,0.247631,0.078212,0.083856,0.505546,0.858289,0.382931,-0.289924,0.433357,0.492294,-0.212068,-0.057232,-0.950454,-0.374600,0.792675,-0.139522,-1.103577,-0.012238,-0.206955
-2.971001,1.460314,0.653074,-0.060495,-0.108372,0.974615,0.186339,-1.517765,0.137612,0.066352,2.122258,-0.119893,0.119071,-0.424563,-0.417375,-0.012861,0.772917,-0.347650,0.247712,0.091278,0.081240,0.505617,0.749205,0.432184,-0.247262,0.477661,0.423080,-0.165314,-0.027505,-0.967823,-0.311855,0.648439,-0.203927,-1.060094,0.011569,-0.261779
-3.016841,1.517680,0.645103,-0.075009,-0.135557,0.977293,0.144555,-1.652994,0.181022,0.053784,2.082131,-0.179013,0.130695,-0.307135,-0.260871,-0.067484,0.921602,-0.613426,0.247717,0.117358,0.091580,0.505621,0.659616,0.445561,-0.192401,0.500792,0.308076,-0.144278,0.018563,-0.975384,-0.330441,0.541252,-0.233253,-0.969367,0.014302,-0.281671
-3.067979,1.566893,0.629714,-0.096991,-0.172162,0.972759,0.121216,-1.652380,0.233299,0.104270,1.913462,-0.257216,0.119832,-0.163984,-0.111950,-0.141422,0.879461,-0.738010,0.247723,0.150238,0.104795,0.505569,0.579445,0.422987,-0.162279,0.515230,0.198415,-0.142147,0.047951,-0.930832,-0.425981,0.497984,-0.175116,-0.911148,0.022958,-0.242050
-3.127623,1.607470,0.623388,-0.118966,-0.208031,0.965808,0.098919,-1.488235,0.289420,0.164457,1.696980,-0.309706,0.214041,0.006733,0.005409,-0.154195,0.712162,-0.592642,0.247736,0.169305,0.103270,0.503934,0.463269,0.404302,-0.167987,0.548070,0.125059,-0.117478,0.079332,-0.788445,-0.532273,0.510951,-0.028134,-0.903264,0.063229,-0.156592
-3.194275,1.639722,0.621340,-0.133979,-0.236756,0.959111,0.078116,-1.253098,0.351211,0.087532,1.600606,-0.657741,0.246277,0.114542,0.023025,-0.205578,0.636964,-0.269586,0.248037,0.188753,0.072450,0.497996,0.270881,0.409325,-0.177097,0.598768,0.105908,-0.057542,0.153556,-0.534459,-0.544557,0.527669,0.159014,-0.856892,0.139898,-0.108621
-3.261376,1.668069,0.641075,-0.158626,-0.230539,0.958728,0.050295,-1.139404,0.318576,0.088185,1.565355,-0.720111,0.247684,0.079923,-0.042666,-0.268057,0.769726,-0.050125,0.247731,0.191697,0.036096,0.501198,-0.013957,0.381415,-0.194161,0.627245,0.161355,-0.011826,0.235502,-0.232944,-0.467102,0.475211,0.324985,-0.728241,0.226108,-0.127982
-3.329956,1.691516,0.658044,-0.196607,-0.203951,0.958988,0.009619,-1.084455,0.250141,0.111370,1.542648,-0.628707,0.247708,-0.102954,-0.077492,-0.246827,1.096157,-0.072751,0.247631,0.167045,-0.001740,0.505352,-0.328871,0.316819,-0.225455,0.600429,0.258809,-0.026783,0.287294,0.106395,-0.341965,0.347986,0.408450,-0.539996,0.261640,-0.224627
-3.401679,1.710627,0.669020,-0.236353,-0.173994,0.955275,-0.036225,-0.996493,0.207669,0.157223,1.468581,-0.651559,0.246460,-0.354969,-0.147059,-0.236756,1.474916,-0.187047,0.245390,0.115600,-0.029090,0.505289,-0.599819,0.253147,-0.277185,0.488871,0.355020,-0.104471,0.289153,0.495269,-0.212425,0.224379,0.415168,-0.382499,0.193070,-0.310238
-3.477107,1.723168,0.675304,-0.265008,-0.149089,0.948924,-0.084181,-0.862343,0.156427,0.162593,1.343829,-0.720849,0.220217,-0.635616,-0.212557,-0.172815,1.776698,-0.354367,0.193893,0.032850,-0.041596,0.505635,-0.806057,0.241187,-0.329259,0.282906,0.445752,-0.208379,0.256593,0.872388,-0.106847,0.207676,0.418675,-0.284261,0.097565,-0.313270
-3.556704,1.727626,0.679643,-0.284041,-0.129335,0.943131,-0.114441,-0.697078,0.132579,0.156445,1.185512,-0.717211,0.148650,-0.954646,-0.239370,-0.099599,1.934899,-0.480198,0.105741,-0.055579,-0.037222,0.505588,-0.931089,0.286318,-0.335108,0.019709,0.513803,-0.284311,0.206417,1.190247,-0.073270,0.276622,0.400093,-0.229680,0.029958,-0.253213
-3.641487,1.723388,0.681544,-0.291895,-0.104763,0.942806,-0.122228,-0.479140,0.084147,0.140285,0.969382,-0.627493,0.059183,-1.242284,-0.222081,-0.037937,1.918288,-0.562930,0.082130,-0.116186,-0.019110,0.505191,-0.897426,0.347645,-0.311261,-0.169015,0.537540,-0.266636,0.136869,1.353203,-0.098747,0.378734,0.354447,-0.214426,-0.008815,-0.196677
-3.732271,1.711148,0.681250,-0.284057,-0.069370,0.949750,-0.111691,-0.210660,-0.039356,0.034895,0.704048,-0.393964,-0.028818,-1.400186,-0.220185,-0.054468,1.756775,-0.602308,0.103467,-0.131722,0.004605,0.502321,-0.650272,0.386502,-0.307025,-0.155427,0.564025,-0.188126,0.070904,1.301626,-0.168394,0.437551,0.278401,-0.248255,-0.000493,-0.156768
-3.828229,1.693937,0.685119,-0.265654,-0.030028,0.959651,-0.087159,0.017506,-0.170835,-0.078140,0.584336,-0.001091,-0.159899,-1.372427,-0.260864,-0.181724,1.519849,-0.598335,0.195713,-0.121124,0.022651,0.495308,-0.349627,0.364979,-0.349436,0.090272,0.568926,-0.040200,0.000226,1.047692,-0.229239,0.390797,0.217492,-0.302864,0.059173,-0.167706
-3.925802,1.676121,0.684709,-0.246877,-0.006323,0.967608,-0.052401,0.093577,-0.277699,-0.060477,0.749079,0.122898,-0.238236,-1.196884,-0.276757,-0.365683,1.292739,-0.555739,0.056027,-0.116527,0.024337,0.488253,-0.077940,0.306325,-0.356636,0.401063,0.545868,0.098120,-0.042407,0.698202,-0.260938,0.271175,0.178629,-0.329262,0.148724,-0.214511
-4.022576,1.660598,0.680682,-0.228789,0.006460,0.973397,-0.010544,-0.003778,-0.247102,0.163462,1.194080,0.080670,-0.240660,-0.983183,-0.257448,-0.411182,1.254658,-0.703192,-0.088292,-0.129920,0.011303,0.489601,0.215761,0.278638,-0.330307,0.616763,0.505230,0.126166,-0.044680,0.315763,-0.279490,0.148568,0.142217,-0.356196,0.175473,-0.276044
-4.116309,1.648501,0.685110,-0.222898,0.002959,0.974364,0.030369,-0.238591,-0.118653,0.273745,1.693665,-0.062433,-0.113836,-0.831061,-0.200057,-0.335716,1.227347,-0.726429,-0.002404,-0.123543,-0.004373,0.500022,0.524755,0.293986,-0.311574,0.687557,0.462422,0.040278,-0.037912,-0.031097,-0.270597,0.126317,0.007179,-0.412247,0.098839,-0.322837
-4.211014,1.639516,0.692202,-0.223037,0.019142,0.972760,0.060223,-0.574384,-0.018307,0.242528,2.050356,-0.223950,0.049103,-0.664172,-0.231590,-0.299851,1.145270,-0.734449,0.076638,-0.080480,-0.022192,0.504872,0.813211,0.357367,-0.301583,0.644957,0.426775,-0.113080,-0.040996,-0.265324,-0.335509,0.154865,-0.210500,-0.474373,-0.030778,-0.327738
-4.310297,1.634642,0.699103,-0.223268,0.049628,0.971670,0.059547,-0.977018,0.010785,0.119855,2.147156,-0.295798,0.138360,-0.455739,-0.301506,-0.280708,0.992975,-0.695872,0.167939,-0.023204,-0.041859,0.505044,0.980708,0.448132,-0.264092,0.555885,0.376656,-0.204502,-0.051222,-0.341641,-0.478979,0.147735,-0.365636,-0.499605,-0.063426,-0.311021
-4.418803,1.632988,0.701495,-0.219146,0.074191,0.972174,0.036728,-1.265650,0.014135,0.032900,1.953262,-0.337721,0.134259,-0.188299,-0.342276,-0.290804,0.788130,-0.503404,0.234418,0.024520,-0.062967,0.498829,0.943294,0.515796,-0.221328,0.497340,0.309628,-0.185717,-0.046215,-0.210482,-0.589303,0.110541,-0.342340,-0.494382,0.039247,-0.290306
-4.535273,1.634058,0.697310,-0.212873,0.091962,0.972742,-0.001203,-1.372396,0.013809,0.049659,1.570744,-0.371059,0.051954,0.086855,-0.288876,-0.268786,0.620508,-0.164119,0.246594,0.051823,-0.085453,0.477160,0.710754,0.528533,-0.223850,0.484019,0.288391,-0.112118,-0.005787,0.033883,-0.568970,0.106409,-0.101801,-0.483392,0.217322,-0.220408
-4.656427,1.636827,0.686102,-0.195715,0.106243,0.973155,-0.058120,-1.313633,-0.035620,0.109286,1.127845,-0.357020,-0.108762,0.261031,-0.009530,-0.031918,0.731639,-0.017607,0.247656,0.067626,-0.105625,0.453225,0.404182,0.507603,-0.271322,0.463944,0.323393,-0.084277,0.038405,0.259991,-0.447281,0.178395,0.256443,-0.461402,0.344178,-0.120072
-4.775804,1.639353,0.673455,-0.174588,0.108863,0.973626,-0.098592,-1.179312,-0.049864,0.172141,0.835709,-0.261750,-0.216110,0.294195,0.074032,-0.275467,1.165483,-0.001319,0.247726,0.112362,-0.106940,0.441531,0.071721,0.435218,-0.359403,0.422736,0.367835,-0.122798,0.059557,0.479650,-0.301652,0.346709,0.582208,-0.435554,0.340391,-0.064379
-4.889633,1.640994,0.660770,-0.162518,0.130554,0.969062,-0.132142,-1.062918,-0.103722,0.173300,0.877286,-0.200324,-0.121502,0.192658,-0.022541,-0.417157,1.741828,-0.139462,0.247587,0.121519,-0.128802,0.454075,-0.211954,0.297921,-0.418043,0.320466,0.403511,-0.204074,0.081774,0.694336,-0.195915,0.533168,0.700659,-0.379627,0.258604,-0.047586
-5.002387,1.642832,0.662538,-0.146999,0.143898,0.968759,-0.138533,-0.915793,-0.116770,0.139989,0.992971,-0.372872,-0.150893,-0.059724,-0.024203,-0.425569,2.229222,-0.247210,0.244693,0.095035,-0.167167,0.475057,-0.423320,0.187699,-0.378039,0.163446,0.442061,-0.284112,0.106140,0.925615,-0.183537,0.697072,0.633854,-0.283392,0.122678,-0.088761
-5.117551,1.643252,0.668948,-0.128674,0.136469,0.975173,-0.117716,-0.693497,-0.062153,0.105496,1.028701,-0.556417,-0.189431,-0.437739,-0.074125,-0.350271,2.475163,-0.348521,0.191699,0.052092,-0.194154,0.489278,-0.545518,0.145021,-0.281610,-0.000494,0.490872,-0.333213,0.116283,1.100561,-0.280516,0.797476,0.471807,-0.153692,0.024608,-0.108717
-5.237380,1.643346,0.681089,-0.107189,0.120533,0.983276,-0.084566,-0.410372,0.003111,0.076966,0.963666,-0.614227,-0.233949,-0.878394,-0.182056,-0.137736,2.418061,-0.364043,0.126011,0.010468,-0.193278,0.492681,-0.537336,0.152144,-0.212936,-0.090838,0.531836,-0.327649,0.091423,1.166739,-0.402481,0.825715,0.329948,-0.049769,0.029325,-0.124662
-5.363466,1.644937,0.691350,-0.089302,0.108007,0.988805,-0.051228,-0.121233,0.031597,0.036492,0.851770,-0.475844,-0.245482,-1.159162,-0.261529,-0.027757,2.102585,-0.378725,0.043721,-0.016487,-0.179333,0.478814,-0.391606,0.177798,-0.207461,-0.052640,0.574326,-0.271867,0.039931,1.106582,-0.468236,0.809562,0.271526,-0.019747,0.114755,-0.162535
-5.494176,1.649501,0.703929,-0.078765,0.097396,0.991955,-0.018317,0.128831,0.028681,-0.019137,0.753180,-0.226826,-0.231803,-1.238677,-0.264504,-0.039273,1.636988,-0.377503,0.024010,-0.036053,-0.165777,0.447414,-0.183562,0.192250,-0.228221,0.116945,0.618044,-0.167275,-0.007178,0.944887,-0.466116,0.768107,0.296325,-0.042579,0.224399,-0.221958
-5.624971,1.656868,0.711995,-0.072413,0.089157,0.993331,0.010016,0.286759,-0.033390,-0.097903,0.799348,-0.143276,-0.239523,-1.161914,-0.218770,-0.042491,1.091705,-0.400170,0.133077,-0.058034,-0.155248,0.409048,0.004487,0.173674,-0.230648,0.384489,0.649127,-0.040409,-0.028710,0.780964,-0.414132,0.664902,0.339179,-0.085377,0.306040,-0.309453
-5.751465,1.666867,0.717399,-0.062286,0.086336,0.994171,0.017020,0.305284,-0.036324,-0.040739,1.076094,-0.173088,-0.242102,-1.031531,-0.160284,0.060358,0.705872,-0.383947,0.239539,-0.085747,-0.149459,0.382822,0.147995,0.151425,-0.225730,0.652180,0.663726,0.065467,-0.054444,0.664520,-0.346310,0.495863,0.324685,-0.133705,0.313847,-0.400634
-5.870859,1.677590,0.721199,-0.053347,0.079140,0.995343,0.013525,0.157527,0.019243,0.045365,1.476065,-0.258319,-0.141957,-0.924716,-0.173992,0.053394,0.699406,-0.082774,0.194302,-0.092863,-0.142923,0.380098,0.274099,0.155136,-0.237568,0.816346,0.666005,0.098883,-0.082176,0.572333,-0.288233,0.358340,0.237671,-0.201553,0.235602,-0.431939
-5.986513,1.688739,0.721204,-0.039939,0.069215,0.996801,0.001500,-0.093720,0.020589,0.078485,1.792175,-0.350256,-0.077129,-0.840251,-0.184992,0.009002,0.916517,-0.202646,0.059500,-0.076850,-0.128037,0.395826,0.398553,0.193043,-0.256489,0.858259,0.659042,0.041369,-0.107005,0.498330,-0.287810,0.302712,0.108276,-0.301448,0.129159,-0.392173
-6.099763,1.699896,0.722720,-0.024232,0.068030,0.997280,-0.014774,-0.412866,-0.019848,0.130101,1.862042,-0.416212,-0.044390,-0.729588,-0.218718,-0.030817,1.135774,-0.369937,0.048451,-0.052847,-0.109901,0.416888,0.507818,0.248550,-0.291169,0.808345,0.630800,-0.050622,-0.119623,0.438015,-0.368564,0.282424,-0.030665,-0.432145,0.052414,-0.340734
-6.214255,1.709478,0.722650,-0.013035,0.058349,0.997664,-0.033058,-0.686237,-0.014572,0.193352,1.624944,-0.402090,-0.007083,-0.622314,-0.220768,-0.048177,1.330870,-0.318975,0.116414,-0.025193,-0.092292,0.428566,0.596433,0.323109,-0.319900,0.705171,0.592872,-0.130553,-0.114926,0.402684,-0.454014,0.258611,-0.139831,-0.530454,0.021870,-0.310730
-6.333541,1.718775,0.719759,-0.001422,0.034447,0.998272,-0.047585,-0.787485,-0.006254,0.252306,1.156339,-0.351644,-0.018805,-0.532822,-0.172755,-0.039330,1.518729,-0.159424,0.228562,0.000546,-0.072733,0.422323,0.695596,0.412952,-0.314951,0.560959,0.554058,-0.196867,-0.101058,0.420004,-0.492385,0.257143,-0.183639,-0.570130,0.036536,-0.305570
-6.455513,1.727406,0.710925,0.020424,0.007276,0.998658,-0.047028,-0.773396,-0.039350,0.225728,0.685869,-0.289135,-0.198728,-0.433190,-0.230209,-0.053846,1.688380,-0.231582,0.194594,0.015486,-0.054062,0.404468,0.829835,0.477878,-0.270191,0.377800,0.515025,-0.245442,-0.073588,0.482810,-0.499911,0.272319,-0.152734,-0.579232,0.066283,-0.292052
-6.574505,1.734969,0.698315,0.049636,-0.008210,0.998067,-0.036491,-0.724026,-0.054255,0.175135,0.488118,-0.164404,-0.221080,-0.426758,-0.268993,0.006829,1.820933,-0.324665,0.107068,0.007093,-0.042093,0.394384,0.972276,0.484061,-0.203452,0.164389,0.488170,-0.287071,-0.036962,0.557251,-0.497299,0.294135,-0.074677,-0.585418,0.098922,-0.271137
-6.688431,1.741678,0.682241,0.081397,-0.006449,0.996369,-0.024116,-0.698830,-0.046171,0.161352,0.688692,0.103293,0.173328,-0.544064,-0.291582,0.097699,1.835889,-0.370197,0.033464,-0.010615,-0.040246,0.402370,1.035293,0.449746,-0.158242,-0.037908,0.482336,-0.314504,-0.008041,0.626847,-0.482114,0.294737,0.019771,-0.572578,0.144659,-0.261942
-6.796617,1.747433,0.676787,0.106681,0.004955,0.994144,-0.016500,-0.678613,-0.031084,0.170043,1.044303,-0.121600,0.153933,-0.699596,-0.322358,0.135475,1.653068,-0.405692,-0.003403,-0.024609,-0.049299,0.420170,0.977607,0.419885,-0.129110,-0.180118,0.510721,-0.313125,0.013408,0.692383,-0.450003,0.266740,0.096945,-0.514222,0.197645,-0.266846
-6.903416,1.753648,0.673669,0.118299,0.017637,0.992715,-0.014550,-0.636867,-0.009222,0.195318,1.343466,-0.236348,0.132294,-0.793662,-0.357442,0.067987,1.259200,-0.391882,0.047150,-0.031242,-0.064180,0.434581,0.845641,0.405501,-0.099820,-0.261685,0.579165,-0.292747,0.032988,0.759106,-0.407624,0.261095,0.124862,-0.437703,0.216084,-0.292071
-7.007710,1.760152,0.675525,0.124591,0.035244,0.991391,-0.019472,-0.604599,0.025598,0.226426,1.584090,-0.142636,0.038817,-0.767484,-0.308977,0.037561,0.790115,-0.355706,0.167163,-0.043488,-0.082583,0.435799,0.728037,0.389133,-0.105672,-0.313515,0.653940,-0.282192,0.059015,0.837279,-0.417460,0.281028,0.061853,-0.400447,0.173405,-0.293804
-7.107573,1.766675,0.671330,0.137518,0.046324,0.988893,-0.032148,-0.599747,0.082729,0.233705,1.790729,-0.050271,-0.083703,-0.675427,-0.256010,0.005028,0.497312,-0.260745,0.242888,-0.056461,-0.101741,0.429367,0.693749,0.408314,-0.133442,-0.368363,0.695471,-0.299998,0.078504,0.946821,-0.463453,0.270561,-0.077261,-0.457745,0.092718,-0.265603
-7.201062,1.772151,0.661983,0.157841,0.043770,0.984497,-0.062746,-0.660718,0.115091,0.206176,1.889883,-0.069992,-0.072373,-0.619529,-0.262249,0.020009,0.546205,-0.012946,0.221471,-0.072751,-0.110174,0.431374,0.701035,0.465714,-0.165736,-0.408949,0.724462,-0.316854,0.079027,1.042372,-0.477621,0.193275,-0.246164,-0.556561,0.037917,-0.244007
-7.288778,1.775557,0.647302,0.174990,0.022256,0.979801,-0.094202,-0.761003,0.152597,0.183142,1.777383,-0.133344,-0.012754,-0.626800,-0.198369,0.090366,0.804937,0.178201,0.176681,-0.082351,-0.101581,0.444318,0.709595,0.515508,-0.165058,-0.397581,0.757097,-0.292107,0.073885,1.039316,-0.457935,0.091898,-0.372860,-0.615075,0.039362,-0.218150
-7.370856,1.777027,0.638616,0.181498,0.008209,0.977551,-0.106700,-0.821857,0.148403,0.209180,1.439681,-0.185091,-0.013765,-0.653052,-0.188123,0.059453,1.109668,-0.011659,0.174677,-0.080363,-0.084566,0.455261,0.723205,0.497798,-0.133218,-0.336358,0.764866,-0.221704,0.075033,0.939146,-0.494953,-0.010786,-0.420889,-0.644845,0.075289,-0.182648
-7.449613,1.774398,0.630358,0.180734,-0.013700,0.979465,-0.088292,-0.805149,0.134479,0.192151,0.977982,-0.167658,-0.209047,-0.655518,-0.169792,-0.010984,1.344793,-0.178669,0.116410,-0.068114,-0.068969,0.455206,0.781341,0.419652,-0.066315,-0.285179,0.747030,-0.148343,0.119933,0.755583,-0.603558,-0.044538,-0.413879,-0.681893,0.081412,-0.132265
-7.523375,1.768755,0.623722,0.182082,-0.028839,0.981935,-0.042644,-0.733572,0.121845,0.094031,0.638581,-0.111286,-0.245597,-0.642143,-0.156008,-0.065369,1.531683,-0.278566,0.068244,-0.041855,-0.058428,0.442355,0.866576,0.328056,-0.006497,-0.277227,0.707304,-0.131351,0.194630,0.539572,-0.732235,-0.005104,-0.427181,-0.720885,0.039188,-0.092559
-7.590091,1.762663,0.622468,0.189410,-0.029093,0.981350,0.015185,-0.674320,0.136238,0.020017,0.607142,0.053855,-0.241948,-0.653840,-0.180210,-0.080741,1.714738,-0.307129,0.126893,-0.007988,-0.051673,0.426912,0.954431,0.255338,0.016269,-0.308675,0.666109,-0.164737,0.252228,0.296543,-0.830379,0.075516,-0.470972,-0.744508,-0.015704,-0.080887
-7.650301,1.757813,0.613771,0.198770,-0.008787,0.977810,0.065585,-0.680932,0.112726,-0.023491,0.775806,0.304512,-0.129103,-0.684511,-0.235756,-0.060145,1.840422,-0.362185,0.187885,0.024171,-0.054248,0.419900,0.986320,0.212705,0.007394,-0.329339,0.639425,-0.201205,0.262375,0.058188,-0.854177,0.156085,-0.507188,-0.748581,-0.040051,-0.099871
-7.703241,1.754864,0.612983,0.200375,0.010550,0.974778,0.097705,-0.701573,0.148235,0.044278,0.988218,0.154428,-0.100907,-0.742722,-0.273249,-0.053458,1.830778,-0.432915,0.177854,0.049396,-0.063542,0.420797,0.921152,0.210384,0.012813,-0.299373,0.651279,-0.194974,0.230812,-0.119224,-0.775568,0.220231,-0.488972,-0.735576,-0.013067,-0.140504
-7.750280,1.754023,0.618446,0.191560,0.023586,0.974222,0.116792,-0.701924,0.170484,0.094348,1.119310,0.029655,-0.089117,-0.786348,-0.347829,-0.118850,1.686541,-0.466350,0.109757,0.071671,-0.074484,0.422289,0.774395,0.239019,0.038317,-0.207675,0.715262,-0.139826,0.181970,-0.201277,-0.624672,0.258269,-0.400953,-0.719543,0.047600,-0.190772
-7.790427,1.756161,0.630343,0.179630,0.034727,0.974986,0.126215,-0.674138,0.180768,0.139070,1.156928,-0.034061,-0.074036,-0.790807,-0.383590,-0.211486,1.450995,-0.443458,0.030442,0.080167,-0.085056,0.418893,0.605174,0.270655,0.045062,-0.076414,0.795956,-0.053330,0.130929,-0.231426,-0.457453,0.284943,-0.241394,-0.714133,0.113437,-0.224992
-7.824929,1.761005,0.647760,0.169241,0.041255,0.976440,0.127358,-0.631066,0.182027,0.169483,1.139702,-0.037917,-0.071240,-0.743375,-0.361723,-0.283981,1.190130,-0.346396,0.027699,0.074602,-0.095018,0.409465,0.468246,0.285516,0.031047,0.070745,0.842754,0.010949,0.094267,-0.205939,-0.322199,0.292275,-0.053288,-0.704258,0.169225,-0.252910
-7.855481,1.767824,0.668866,0.161742,0.041944,0.978747,0.118890,-0.578422,0.174934,0.181774,1.092403,-0.009338,-0.074375,-0.676962,-0.317149,-0.315187,1.013507,-0.198199,0.062331,0.062309,-0.101303,0.396968,0.362139,0.307985,-0.002977,0.199146,0.848546,0.032887,0.064223,-0.134461,-0.224199,0.270496,0.121347,-0.676499,0.216878,-0.286420
-7.883360,1.775851,0.691387,0.156827,0.042432,0.981196,0.104206,-0.516693,0.158315,0.185801,1.027748,0.028654,-0.074519,-0.593860,-0.298415,-0.357327,0.943053,-0.097826,0.084142,0.052418,-0.104531,0.381207,0.288395,0.339425,-0.056566,0.279614,0.860405,0.018522,0.026793,-0.042651,-0.161631,0.233565,0.269280,-0.648086,0.246853,-0.327668
-7.909076,1.784515,0.713188,0.153941,0.046104,0.983063,0.088112,-0.445807,0.132650,0.185861,0.950712,0.057747,-0.076980,-0.505406,-0.302561,-0.415719,0.946904,-0.061242,0.056531,0.046145,-0.106827,0.361780,0.251393,0.361609,-0.108568,0.306903,0.887829,-0.013366,-0.016536,0.053478,-0.138488,0.213163,0.384796,-0.641083,0.259214,-0.346930
-7.932651,1.793553,0.733117,0.150390,0.052743,0.984443,0.073986,-0.372141,0.104286,0.185067,0.862929,0.078313,-0.082220,-0.413374,-0.302537,-0.470471,0.939740,-0.056216,0.000725,0.040429,-0.111335,0.338391,0.240671,0.369087,-0.134075,0.320695,0.888971,-0.060760,-0.043310,0.165629,-0.152480,0.228115,0.466043,-0.646695,0.250613,-0.332167
-7.954110,1.802797,0.750851,0.144526,0.058827,0.985675,0.064002,-0.301562,0.083142,0.185657,0.767567,0.100823,-0.084283,-0.335994,-0.277041,-0.489079,0.864744,-0.051958,-0.035239,0.034404,-0.117239,0.311872,0.266703,0.352125,-0.133741,0.304046,0.858132,-0.100477,-0.055682,0.257357,-0.180443,0.262948,0.538474,-0.647373,0.234862,-0.290580
-7.973479,1.811990,0.765983,0.135648,0.062989,0.986799,0.062130,-0.236183,0.073236,0.191596,0.668497,0.124653,-0.081209,-0.280653,-0.247503,-0.484547,0.775287,-0.042309,0.001358,0.032340,-0.120774,0.282086,0.311744,0.323222,-0.119763,0.279271,0.803987,-0.132381,-0.058790,0.331328,-0.214953,0.305019,0.603366,-0.639614,0.214491,-0.247910
-7.990837,1.821089,0.777791,0.124429,0.064870,0.987530,0.071374,-0.175547,0.076841,0.211880,0.572291,0.142025,-0.072088,-0.255749,-0.223934,-0.458935,0.729448,-0.033198,0.130782,0.036355,-0.117933,0.249358,0.360037,0.289104,-0.102736,0.267579,0.747324,-0.153399,-0.056683,0.386557,-0.255261,0.346634,0.660030,-0.634761,0.197037,-0.206360
-8.006320,1.830628,0.785613,0.112607,0.066886,0.986902,0.094183,-0.121748,0.092641,0.254613,0.494849,0.149683,-0.069438,-0.267031,-0.187254,-0.406285,0.733433,-0.049242,0.242459,0.047983,-0.108190,0.214755,0.410521,0.251067,-0.091990,0.272797,0.713360,-0.154283,-0.046391,0.419672,-0.298019,0.375265,0.707418,-0.636566,0.194276,-0.155503
-8.020030,1.841313,0.790172,0.101204,0.070143,0.984023,0.128596,-0.076131,0.116227,0.311937,0.444446,0.146052,-0.083549,-0.290851,-0.144368,-0.342512,0.765057,-0.105901,0.247020,0.065374,-0.095880,0.179364,0.448611,0.209245,-0.086924,0.305925,0.723061,-0.133466,-0.028449,0.437943,-0.344543,0.378661,0.735909,-0.635866,0.201940,-0.098635
-8.032315,1.853240,0.793497,0.089232,0.068205,0.980588,0.160726,-0.034070,0.145062,0.358051,0.398120,0.142123,-0.110585,-0.263002,-0.244948,-0.381126,0.779534,-0.201396,0.234940,0.073474,-0.087793,0.143598,0.470691,0.173233,-0.088447,0.352158,0.770086,-0.089927,-0.010552,0.433538,-0.371995,0.362941,0.743929,-0.633241,0.215679,-0.053824
-8.043066,1.866852,0.794507,0.078205,0.071773,0.975301,0.193701,0.001301,0.169232,0.415192,0.371849,0.133209,-0.136266,-0.177804,-0.382932,-0.632833,0.730672,-0.304007,0.017149,0.079869,-0.090447,0.110465,0.473814,0.138856,-0.101583,0.410015,0.819253,-0.035959,-0.002207,0.411777,-0.386370,0.333714,0.736308,-0.634684,0.230729,-0.035066
-8.052230,1.881942,0.793877,0.070052,0.074409,0.969494,0.222794,0.032663,0.194803,0.460005,0.365663,0.113148,-0.163086,-0.087729,-0.427087,-0.842381,0.621324,-0.293534,-0.065366,0.076331,-0.097683,0.083729,0.457435,0.110453,-0.116296,0.477106,0.835084,0.011889,0.007089,0.375409,-0.384256,0.300543,0.720768,-0.643059,0.243237,-0.039000
-8.059673,1.897988,0.790091,0.067209,0.075528,0.962594,0.251379,0.055821,0.228437,0.486752,0.401628,0.082127,-0.191626,-0.050795,-0.383567,-0.884187,0.550868,-0.333100,-0.118941,0.061919,-0.103907,0.065897,0.429920,0.089840,-0.120108,0.548290,0.811081,0.046672,0.039112,0.324918,-0.366527,0.272543,0.706160,-0.657894,0.254029,-0.052842
-8.065427,1.914634,0.785074,0.066223,0.072939,0.952558,0.287972,0.070077,0.276134,0.500141,0.474008,0.067537,-0.208861,-0.039734,-0.311808,-0.818209,0.507450,-0.394516,-0.139331,0.047183,-0.106112,0.053280,0.408795,0.083091,-0.108341,0.609469,0.775310,0.077842,0.089600,0.257628,-0.325208,0.260726,0.698328,-0.682684,0.264926,-0.065927
-8.070305,1.931151,0.784738,0.064289,0.067255,0.938142,0.333516,0.076214,0.336157,0.519233,0.571030,0.059494,-0.162572,-0.035454,-0.238788,-0.730803,0.476778,-0.419682,-0.154053,0.038054,-0.101735,0.044189,0.379402,0.086195,-0.089555,0.678320,0.761118,0.124172,0.119486,0.175105,-0.275235,0.272673,0.705365,-0.716165,0.268655,-0.075054
-8.074742,1.946786,0.782802,0.060963,0.061904,0.918745,0.385174,0.060431,0.365883,0.514343,0.695335,-0.004159,-0.011002,-0.034624,-0.173413,-0.635120,0.457755,-0.429598,-0.162229,0.037132,-0.090203,0.039615,0.335051,0.087891,-0.084300,0.761141,0.777884,0.188129,0.096310,0.076974,-0.227820,0.310087,0.729573,-0.759544,0.267240,-0.079239
-8.079236,1.961677,0.781242,0.056893,0.056606,0.894159,0.440499,-0.002049,0.321644,0.417945,0.840725,-0.108107,0.064880,-0.031986,-0.114510,-0.533195,0.444297,-0.431570,-0.166397,0.045354,-0.075894,0.041445,0.295631,0.093781,-0.098678,0.841453,0.815107,0.230944,0.028217,-0.007522,-0.180250,0.364313,0.747385,-0.807559,0.252215,-0.080062
-8.083735,1.976635,0.781568,0.053310,0.052595,0.866742,0.493102,-0.083644,0.244880,0.322047,0.979484,-0.190183,0.074744,-0.019280,-0.063819,-0.435704,0.423350,-0.417152,-0.167937,0.052520,-0.064254,0.047974,0.266147,0.107587,-0.136549,0.895278,0.862199,0.233189,-0.050441,-0.074646,-0.135131,0.425167,0.749850,-0.843989,0.212499,-0.066161
-8.088066,1.992109,0.785244,0.049385,0.049290,0.838417,0.540545,-0.168898,0.174490,0.269257,1.077520,-0.231618,0.089094,0.003624,-0.020249,-0.347406,0.395223,-0.389623,-0.164711,0.055814,-0.055594,0.056828,0.251559,0.133890,-0.190450,0.903337,0.914103,0.194534,-0.099332,-0.125446,-0.098190,0.485080,0.735674,-0.865719,0.149585,-0.031565
-8.092407,2.008025,0.787738,0.044567,0.047790,0.810392,0.582233,-0.258482,0.120642,0.244471,1.128655,-0.250744,0.096214,0.027778,0.011353,-0.268720,0.366077,-0.363299,-0.157929,0.057816,-0.048724,0.066105,0.249545,0.166559,-0.237701,0.866661,0.955925,0.138444,-0.094805,-0.160744,-0.076218,0.535929,0.703233,-0.885619,0.082945,0.016905
-8.096692,2.024654,0.789396,0.039165,0.047714,0.782845,0.619147,-0.362134,0.040692,0.177206,1.142344,-0.248718,0.117599,0.047963,0.031856,-0.201112,0.347469,-0.341966,-0.149122,0.062116,-0.042994,0.075688,0.255106,0.194613,-0.256294,0.806794,0.966988,0.093406,-0.048943,-0.176637,-0.067626,0.567004,0.650510,-0.909950,0.030483,0.060457
-8.100814,2.042380,0.790173,0.032504,0.047325,0.757150,0.650713,-0.451824,-0.042220,0.082765,1.119442,-0.240404,0.071127,0.064248,0.048503,-0.142668,0.338969,-0.323979,-0.140213,0.065907,-0.038419,0.084648,0.266308,0.213316,-0.242167,0.746646,0.937093,0.067167,0.003661,-0.170516,-0.063663,0.572944,0.586144,-0.925722,-0.004319,0.082146
-8.104708,2.061640,0.789876,0.023983,0.044852,0.733713,0.677553,-0.512335,-0.048819,0.053586,1.051174,-0.253173,0.041211,0.078785,0.066878,-0.092182,0.340198,-0.310753,-0.132862,0.066886,-0.033438,0.092554,0.281762,0.225105,-0.207929,0.695317,0.875944,0.054010,0.037327,-0.150129,-0.058802,0.560010,0.530576,-0.916557,-0.025720,0.078200
-8.108238,2.082766,0.788816,0.015329,0.042943,0.709846,0.702880,-0.548933,-0.024375,0.062302,0.920507,-0.250914,0.049990,0.096702,0.080896,-0.050881,0.340253,-0.296961,-0.130355,0.069904,-0.027856,0.098569,0.296628,0.231219,-0.173577,0.650998,0.810397,0.050545,0.054420,-0.130066,-0.057958,0.540673,0.501155,-0.887226,-0.034619,0.058534
-8.111302,2.105987,0.786824,0.006567,0.041045,0.687101,0.725372,-0.559149,-0.020654,0.051559,0.730623,-0.223434,0.015513,0.117416,0.092169,-0.012702,0.343338,-0.283136,-0.129523,0.074747,-0.023582,0.101720,0.308076,0.239055,-0.152711,0.611033,0.767930,0.055772,0.073712,-0.118218,-0.065434,0.525525,0.501916,-0.864967,-0.027214,0.034658
-8.113754,2.131373,0.783662,-0.000178,0.038989,0.668968,0.742268,-0.545728,-0.018632,0.056908,0.521856,-0.171733,-0.074506,0.144191,0.098983,0.022094,0.349968,-0.268944,-0.123098,0.077568,-0.020285,0.102467,0.314337,0.245625,-0.149690,0.580427,0.752602,0.065302,0.100257,-0.111760,-0.085586,0.518859,0.527331,-0.874461,0.000244,0.017540
-8.115661,2.158725,0.778906,-0.004333,0.033997,0.655870,0.754095,-0.514032,-0.024878,0.058573,0.356379,-0.118559,-0.215258,0.174842,0.104715,0.053698,0.374773,-0.258391,-0.109721,0.079402,-0.017566,0.101947,0.315903,0.249131,-0.160745,0.566733,0.748710,0.074344,0.118079,-0.101738,-0.112308,0.517658,0.572789,-0.909540,0.042561,0.014108
-8.117081,2.186858,0.772742,-0.003413,0.027296,0.646272,0.762611,-0.482416,-0.048471,0.052807,0.296864,-0.050300,-0.238749,0.203093,0.107073,0.089533,0.425604,-0.245859,-0.084826,0.080971,-0.015084,0.101666,0.309887,0.243976,-0.184442,0.573511,0.743851,0.078834,0.111443,-0.085201,-0.141536,0.514276,0.635606,-0.943328,0.089095,0.027440
-8.118185,2.214721,0.764265,0.004789,0.021529,0.636514,0.770949,-0.453237,-0.077569,0.037779,0.336773,0.004687,-0.097539,0.216696,0.100953,0.131618,0.518005,-0.228444,-0.036390,0.084302,-0.014873,0.102616,0.293616,0.227137,-0.218647,0.599834,0.741728,0.080142,0.086335,-0.067557,-0.174250,0.504876,0.713019,-0.959231,0.131901,0.052094
-8.119893,2.241164,0.760112,0.016834,0.015184,0.627120,0.778593,-0.440334,-0.095477,0.062480,0.427657,-0.032272,0.028310,0.194574,0.091019,0.169619,0.674802,-0.186605,0.097661,0.085585,-0.017924,0.106928,0.268976,0.201786,-0.252925,0.640049,0.753706,0.084362,0.063618,-0.057731,-0.203085,0.493722,0.806308,-0.966263,0.173263,0.071549
-8.120940,2.266768,0.759317,0.027555,0.009656,0.615899,0.787284,-0.420140,-0.098719,0.091740,0.510220,-0.099421,0.037545,0.133827,0.080615,0.176113,0.881262,-0.137033,0.240229,0.088333,-0.025025,0.113672,0.227426,0.175936,-0.280527,0.702855,0.779121,0.099577,0.053964,-0.053249,-0.227665,0.487240,0.903796,-0.981981,0.219212,0.080956
-8.121577,2.290965,0.759203,0.035159,0.005727,0.602987,0.796955,-0.390037,-0.095440,0.121176,0.555041,-0.146534,0.028414,0.036854,0.051214,0.123594,1.092088,-0.095454,0.247305,0.093992,-0.033205,0.120843,0.170681,0.152962,-0.302530,0.797111,0.817217,0.123902,0.050170,-0.041041,-0.246175,0.493292,0.986732,-1.011497,0.270967,0.098123
-8.121862,2.314348,0.760689,0.042402,0.002701,0.597195,0.800970,-0.344106,-0.101454,0.144086,0.559502,-0.174290,0.012672,-0.067351,-0.019003,0.108906,1.247329,-0.106077,0.244957,0.088276,-0.044440,0.126881,0.099432,0.127479,-0.326437,0.900878,0.868342,0.165449,0.026078,-0.015676,-0.248490,0.512460,1.045680,-1.044211,0.310546,0.140466
-8.121694,2.336920,0.763215,0.050382,0.000385,0.594383,0.802602,-0.288761,-0.117923,0.154844,0.539845,-0.187640,0.004775,-0.162524,-0.079937,0.093852,1.338202,-0.137261,0.187975,0.075981,-0.056610,0.131366,0.031771,0.104634,-0.353815,0.983517,0.919892,0.198448,-0.013897,0.015191,-0.256717,0.529812,1.059894,-1.064057,0.304842,0.207846
-8.120941,2.358783,0.766156,0.057903,-0.001630,0.592456,0.803518,-0.228077,-0.137324,0.158801,0.506269,-0.194679,0.000150,-0.249147,-0.115964,0.085845,1.371242,-0.162398,0.120724,0.059628,-0.067826,0.133843,-0.026074,0.087546,-0.378931,1.026142,0.960417,0.201667,-0.045268,0.050521,-0.275033,0.531864,1.031403,-1.058635,0.258637,0.258440
-8.119528,2.379854,0.768814,0.064718,-0.002161,0.590142,0.804698,-0.169479,-0.156390,0.161643,0.469961,-0.200082,-0.004099,-0.325334,-0.123837,0.095874,1.350149,-0.184054,0.076573,0.041798,-0.077749,0.133675,-0.068596,0.078570,-0.394939,1.023547,0.983782,0.172009,-0.044852,0.088338,-0.299637,0.514699,0.982250,-1.027276,0.200604,0.266075
-8.117739,2.400228,0.771213,0.069532,-0.001848,0.588872,0.805228,-0.113943,-0.174433,0.160501,0.430776,-0.203975,-0.005981,-0.387739,-0.122163,0.100275,1.274284,-0.199190,0.038588,0.024899,-0.086132,0.130873,-0.095360,0.077924,-0.398534,0.984279,0.987525,0.122605,-0.009570,0.128887,-0.319378,0.485213,0.932343,-0.981675,0.156786,0.234796
-8.115700,2.419818,0.773399,0.071759,-0.000713,0.590202,0.804060,-0.064026,-0.190771,0.152865,0.391183,-0.206057,-0.004931,-0.428547,-0.114886,0.094331,1.143482,-0.215735,0.026522,0.009205,-0.092587,0.126184,-0.111174,0.081640,-0.390812,0.924591,0.967866,0.066069,0.045097,0.170875,-0.328194,0.452238,0.888599,-0.938040,0.137784,0.186529
-8.113447,2.438618,0.775287,0.072374,0.001445,0.594132,0.801103,-0.020951,-0.205622,0.139458,0.356087,-0.208722,-0.002324,-0.446089,-0.097135,0.089890,0.966513,-0.204160,0.014473,-0.005694,-0.097241,0.120385,-0.122769,0.086015,-0.378713,0.861843,0.924468,0.009080,0.097771,0.212024,-0.325160,0.418641,0.851009,-0.905508,0.141335,0.143068
-8.111305,2.456758,0.777376,0.070311,0.003104,0.599827,0.797029,0.019386,-0.216102,0.119146,0.320241,-0.209404,0.000617,-0.439201,-0.068680,0.092915,0.756908,-0.171703,0.030805,-0.019042,-0.099640,0.113488,-0.136215,0.093432,-0.372124,0.807884,0.868231,-0.040289,0.131381,0.249189,-0.305998,0.382091,0.819505,-0.882917,0.159794,0.112576
-8.109350,2.474415,0.781234,0.068649,0.005041,0.605788,0.792643,0.057717,-0.227262,0.097607,0.291466,-0.211139,0.004704,-0.413778,-0.054092,0.074764,0.534668,-0.122646,0.042063,-0.028993,-0.100537,0.105894,-0.154193,0.103061,-0.376764,0.767102,0.815639,-0.072368,0.143214,0.281403,-0.274444,0.338987,0.794589,-0.865521,0.186151,0.090077
-8.107724,2.491611,0.781702,0.068202,0.007353,0.610126,0.789329,0.094790,-0.238923,0.078289,0.262430,-0.213404,0.010133,-0.380716,-0.062983,-0.010905,0.341071,-0.072033,0.059471,-0.033431,-0.101708,0.097700,-0.176109,0.114566,-0.391103,0.738911,0.780068,-0.083035,0.142203,0.306661,-0.234428,0.292902,0.776551,-0.851429,0.212907,0.069793
-8.106397,2.508570,0.780486,0.070235,0.010207,0.612549,0.787240,0.129478,-0.253659,0.063908,0.241549,-0.216955,0.016893,-0.354278,-0.074468,-0.120469,0.220246,-0.049404,0.075095,-0.034932,-0.103193,0.089767,-0.197167,0.123920,-0.407700,0.722088,0.763979,-0.075376,0.141164,0.322958,-0.195941,0.253585,0.766148,-0.844519,0.234187,0.053452
-8.105415,2.525290,0.778621,0.073402,0.013003,0.613118,0.786466,0.158441,-0.269481,0.055640,0.233292,-0.221278,0.024858,-0.340929,-0.088873,-0.222372,0.197909,-0.037992,0.047750,-0.036004,-0.104596,0.082516,-0.211103,0.128021,-0.417987,0.716304,0.760219,-0.054958,0.146214,0.327921,-0.165862,0.231899,0.763792,-0.850134,0.246860,0.048043
-8.104588,2.541951,0.776396,0.077100,0.015820,0.613191,0.786004,0.179409,-0.285785,0.051284,0.241281,-0.228422,0.034509,-0.328266,-0.113662,-0.316713,0.236951,-0.020809,0.001390,-0.037737,-0.105380,0.075246,-0.214177,0.123335,-0.418635,0.722306,0.757897,-0.028705,0.155096,0.324204,-0.148090,0.230316,0.766328,-0.869903,0.250940,0.057068
-8.103596,2.558788,0.773179,0.080519,0.017091,0.617225,0.782469,0.196130,-0.299257,0.041569,0.264477,-0.239471,0.045941,-0.313026,-0.127137,-0.339790,0.286357,-0.036615,-0.097473,-0.044433,-0.103687,0.068091,-0.208106,0.110102,-0.412861,0.741125,0.751201,-0.003528,0.161328,0.317765,-0.140630,0.241053,0.767097,-0.898333,0.246970,0.075982
-8.101718,2.574890,0.774456,0.079404,0.015254,0.623350,0.777751,0.212107,-0.299738,0.028721,0.286555,-0.240258,0.058929,-0.292053,-0.126463,-0.341687,0.294680,-0.050461,-0.148310,-0.051342,-0.097756,0.059658,-0.197315,0.096718,-0.405384,0.772364,0.743544,0.019229,0.157697,0.309426,-0.133468,0.252511,0.763644,-0.924311,0.237070,0.094053
-8.099885,2.590953,0.777309,0.075414,0.011526,0.628383,0.774154,0.218822,-0.291053,0.019909,0.322465,-0.231987,0.059586,-0.260491,-0.119813,-0.357169,0.281201,-0.045471,-0.181363,-0.056132,-0.086382,0.050105,-0.182357,0.086734,-0.397562,0.812712,0.741155,0.044370,0.143955,0.297350,-0.125466,0.254808,0.761453,-0.939068,0.228711,0.101578
-8.098162,2.606819,0.780065,0.071084,0.007167,0.630585,0.772825,0.206212,-0.277579,0.025797,0.391225,-0.207172,0.041676,-0.229105,-0.110884,-0.364867,0.271624,-0.058324,-0.173396,-0.059916,-0.070657,0.041105,-0.160089,0.079951,-0.388710,0.855883,0.746463,0.076336,0.125751,0.277464,-0.119979,0.248093,0.768328,-0.943413,0.228083,0.098765
-8.096488,2.621713,0.782187,0.066844,0.002992,0.630016,0.773694,0.173698,-0.259161,0.044843,0.489615,-0.172525,-0.011010,-0.203941,-0.100590,-0.366062,0.269957,-0.075298,-0.166120,-0.062496,-0.054606,0.034029,-0.129964,0.077912,-0.381298,0.895834,0.756648,0.109494,0.100758,0.247775,-0.119765,0.243110,0.786651,-0.950889,0.235063,0.094642
-8.094704,2.635265,0.783887,0.063785,-0.000615,0.628256,0.775388,0.120606,-0.234971,0.073484,0.618348,-0.124161,-0.110147,-0.184604,-0.092361,-0.364364,0.277090,-0.095269,-0.161154,-0.064255,-0.041859,0.030211,-0.096426,0.083418,-0.380113,0.930186,0.768963,0.130036,0.055953,0.210084,-0.125882,0.249856,0.811272,-0.975263,0.245794,0.097304
-8.093028,2.647678,0.787686,0.061045,-0.003838,0.627264,0.776401,0.056926,-0.200418,0.127057,0.767382,-0.085871,-0.241102,-0.171296,-0.087087,-0.363722,0.294231,-0.116841,-0.158977,-0.067906,-0.033898,0.030049,-0.066953,0.102603,-0.385862,0.958030,0.786097,0.130861,-0.008030,0.167455,-0.131498,0.263934,0.834300,-1.009876,0.255856,0.104224
-8.091703,2.658658,0.788338,0.058261,-0.006874,0.628606,0.775508,-0.018763,-0.160658,0.214471,0.919636,-0.063041,-0.247461,-0.164084,-0.084261,-0.367040,0.316271,-0.140020,-0.157189,-0.076851,-0.029730,0.033128,-0.042968,0.135294,-0.392931,0.975065,0.810450,0.120143,-0.060434,0.122691,-0.128813,0.268981,0.849803,-1.031422,0.263364,0.104031
-8.090967,2.669225,0.788437,0.056593,-0.008723,0.624833,0.778656,-0.087755,-0.097360,0.244066,1.042462,-0.081504,-0.247439,-0.154891,-0.078918,-0.359138,0.327877,-0.159542,-0.153770,-0.077583,-0.024869,0.037303,-0.018529,0.167787,-0.392890,0.981171,0.836238,0.113416,-0.068822,0.079374,-0.120865,0.256961,0.856708,-1.027029,0.266080,0.087560
-8.090972,2.679578,0.788468,0.054368,-0.010844,0.616786,0.785176,-0.142441,-0.012813,0.251200,1.117379,-0.137951,-0.240732,-0.143955,-0.068568,-0.341346,0.331892,-0.175327,-0.148880,-0.069062,-0.017231,0.042241,0.009591,0.186634,-0.383101,0.981735,0.855849,0.125455,-0.035739,0.040247,-0.114417,0.234372,0.864509,-1.006057,0.254697,0.052426
-8.091564,2.689691,0.788534,0.051521,-0.013647,0.608746,0.791573,-0.183052,0.070964,0.292572,1.143713,-0.195518,-0.145387,-0.130145,-0.056579,-0.322677,0.330215,-0.188212,-0.142701,-0.058283,-0.008156,0.047372,0.042187,0.200412,-0.361284,0.983176,0.860807,0.141086,0.006743,0.008175,-0.111054,0.216661,0.867761,-0.988799,0.237573,0.013746
-8.092552,2.699677,0.788692,0.048508,-0.016402,0.600108,0.798279,-0.213156,0.136816,0.326715,1.113804,-0.228178,-0.060725,-0.114274,-0.044406,-0.302917,0.323823,-0.198655,-0.135322,-0.044590,0.000686,0.051867,0.068281,0.202268,-0.332749,0.989384,0.852822,0.158347,0.032143,-0.018619,-0.110892,0.215880,0.862734,-0.977025,0.225989,-0.017200
-8.093910,2.709540,0.788595,0.044412,-0.019294,0.591307,0.804991,-0.239245,0.167574,0.327895,1.032933,-0.245513,-0.015975,-0.101906,-0.032329,-0.283162,0.322421,-0.210825,-0.125978,-0.029244,0.008861,0.055517,0.091435,0.203812,-0.302250,0.993566,0.837353,0.166790,0.036213,-0.038687,-0.112458,0.223854,0.851040,-0.968305,0.213883,-0.038692
-8.095537,2.719462,0.788182,0.039247,-0.021784,0.582562,0.811546,-0.256077,0.172262,0.303782,0.909177,-0.263832,0.009351,-0.095311,-0.021314,-0.263466,0.329276,-0.226580,-0.115376,-0.014440,0.016359,0.057787,0.111529,0.207032,-0.274922,0.991785,0.822227,0.167072,0.027609,-0.053293,-0.113225,0.235591,0.833781,-0.957273,0.198647,-0.051941
-8.097170,2.729653,0.787829,0.035025,-0.022821,0.573294,0.818283,-0.261228,0.154971,0.252700,0.751038,-0.274150,0.001609,-0.089774,-0.013604,-0.241844,0.336050,-0.241677,-0.105949,-0.000799,0.022436,0.058796,0.130134,0.208455,-0.253943,0.983505,0.813250,0.162814,0.020224,-0.063373,-0.114119,0.248756,0.814861,-0.941628,0.181137,-0.059586
-8.098742,2.740164,0.787353,0.030443,-0.024083,0.564149,0.824760,-0.248830,0.130599,0.185073,0.575095,-0.258172,-0.018667,-0.084536,-0.005899,-0.220542,0.344598,-0.256592,-0.100020,0.010798,0.027151,0.058922,0.148130,0.207839,-0.239223,0.971728,0.812222,0.158322,0.021580,-0.069289,-0.113870,0.263944,0.799921,-0.922935,0.164943,-0.064171
-8.099933,2.750742,0.787123,0.028374,-0.024539,0.555815,0.830460,-0.225075,0.112391,0.124692,0.414494,-0.201031,-0.035123,-0.071304,-0.002072,-0.200335,0.340276,-0.265275,-0.095378,0.019405,0.029981,0.058403,0.163556,0.198195,-0.229140,0.961790,0.814307,0.154751,0.025716,-0.072391,-0.116704,0.283241,0.793148,-0.907428,0.154422,-0.064444
-8.101011,2.761235,0.785915,0.026283,-0.026704,0.550153,0.834223,-0.198847,0.110914,0.106851,0.302990,-0.148836,-0.047802,-0.055864,0.001155,-0.186202,0.338306,-0.275999,-0.088765,0.022993,0.031629,0.057860,0.174144,0.182729,-0.217562,0.956753,0.812055,0.152948,0.022814,-0.073412,-0.120388,0.306859,0.796406,-0.898667,0.151509,-0.059281
-8.101951,2.771481,0.782360,0.025597,-0.028955,0.547312,0.836036,-0.175554,0.114443,0.134438,0.257454,-0.096125,-0.055234,-0.037976,0.000722,-0.177977,0.334517,-0.286767,-0.080687,0.022223,0.032401,0.057155,0.177667,0.159020,-0.197002,0.954452,0.798099,0.153818,0.015415,-0.072991,-0.125751,0.331865,0.808009,-0.897494,0.157262,-0.048405
-8.103320,2.781201,0.782223,0.025285,-0.031485,0.545493,0.837142,-0.164449,0.115044,0.150253,0.262699,-0.094771,-0.036508,-0.021168,-0.002551,-0.172635,0.335581,-0.299125,-0.071127,0.021082,0.031986,0.056267,0.174959,0.131079,-0.163161,0.949211,0.773274,0.160527,0.021777,-0.069298,-0.129003,0.352739,0.824594,-0.899619,0.169830,-0.033571
-8.104863,2.791487,0.782517,0.025564,-0.033167,0.544565,0.837673,-0.154143,0.110482,0.157798,0.275006,-0.111139,-0.024225,-0.003204,-0.009206,-0.168707,0.334178,-0.310472,-0.059977,0.019956,0.030815,0.054111,0.167652,0.101216,-0.123508,0.937271,0.747206,0.171855,0.056784,-0.059695,-0.129182,0.362889,0.842629,-0.899850,0.187237,-0.017570
-8.106597,2.802214,0.783211,0.026674,-0.033559,0.544141,0.837898,-0.136845,0.100540,0.164263,0.273191,-0.124263,-0.016428,0.017578,-0.019429,-0.165298,0.325369,-0.318003,-0.047533,0.019300,0.028772,0.050237,0.156807,0.073711,-0.094796,0.920549,0.732678,0.182483,0.112408,-0.042533,-0.126515,0.357209,0.860080,-0.893943,0.208309,-0.004942
-8.108582,2.813267,0.784094,0.028331,-0.033089,0.543991,0.837960,-0.115427,0.086831,0.169998,0.262214,-0.132935,-0.011378,0.039639,-0.032426,-0.162373,0.312854,-0.322852,-0.034443,0.019533,0.025590,0.045240,0.142835,0.054815,-0.091462,0.903832,0.736743,0.186881,0.160704,-0.018595,-0.121528,0.335203,0.876919,-0.880992,0.232040,-0.001042
-8.110790,2.824403,0.784922,0.030379,-0.031955,0.544109,0.837855,-0.093213,0.070574,0.174581,0.247659,-0.138899,-0.008240,0.060890,-0.047626,-0.160195,0.300606,-0.326506,-0.021567,0.020520,0.021341,0.039839,0.127718,0.049835,-0.115195,0.888435,0.756923,0.178381,0.178702,0.010311,-0.117111,0.301806,0.893615,-0.868659,0.254164,-0.006803
-8.113123,2.835373,0.785539,0.032904,-0.030230,0.544479,0.837584,-0.071252,0.052290,0.178244,0.231309,-0.143402,-0.005590,0.080560,-0.064677,-0.158989,0.290052,-0.330646,-0.009839,0.021760,0.016258,0.034771,0.116903,0.060621,-0.152231,0.870728,0.785869,0.149087,0.164548,0.037607,-0.111800,0.275413,0.912265,-0.863693,0.277719,-0.018370
-8.115533,2.845996,0.785904,0.035759,-0.028455,0.545210,0.837053,-0.049555,0.033069,0.180937,0.214285,-0.147427,-0.001426,0.097693,-0.082755,-0.159237,0.284195,-0.334552,0.000842,0.022719,0.010632,0.030915,0.094687,0.075925,-0.191800,0.860318,0.808916,0.110901,0.131988,0.061282,-0.111490,0.268510,0.929648,-0.867629,0.299724,-0.023636
-8.118026,2.856138,0.786026,0.038670,-0.027258,0.546451,0.836154,-0.028985,0.014424,0.182229,0.199667,-0.152085,0.004014,0.110615,-0.101133,-0.161255,0.287573,-0.336695,0.012396,0.022934,0.004814,0.029006,0.075497,0.092964,-0.225080,0.847003,0.821142,0.070438,0.093442,0.080722,-0.117110,0.276327,0.947671,-0.881074,0.310815,-0.016073
-8.120610,2.865670,0.785825,0.041611,-0.026704,0.547974,0.835033,-0.011072,-0.002996,0.182066,0.190901,-0.159198,0.010023,0.117112,-0.120122,-0.164547,0.304243,-0.338422,0.026868,0.022223,-0.000913,0.029119,0.058299,0.108975,-0.251023,0.832986,0.824248,0.037935,0.059511,0.096004,-0.126565,0.292976,0.963509,-0.898281,0.309866,0.003700
-8.123274,2.874449,0.785114,0.044873,-0.026319,0.549210,0.834063,0.001373,-0.019314,0.181820,0.193027,-0.171288,0.016521,0.113941,-0.140799,-0.166798,0.338908,-0.344461,0.042504,0.020687,-0.006468,0.030879,0.042849,0.122603,-0.272383,0.819852,0.824945,0.018604,0.040629,0.106876,-0.138802,0.312400,0.975072,-0.914971,0.299922,0.030621
-8.126054,2.882458,0.783976,0.048124,-0.026017,0.549797,0.833505,0.009306,-0.034274,0.182480,0.203269,-0.186982,0.023548,0.098598,-0.162319,-0.164780,0.394327,-0.350945,0.054861,0.018589,-0.011788,0.033760,0.029750,0.133222,-0.290152,0.808873,0.826864,0.011800,0.039849,0.113887,-0.152033,0.330280,0.980508,-0.929244,0.286085,0.058036
-8.128913,2.889714,0.782685,0.051265,-0.025874,0.549599,0.833453,0.015086,-0.047980,0.184517,0.216972,-0.203982,0.031025,0.069794,-0.183452,-0.155415,0.472600,-0.352166,0.059705,0.016124,-0.016869,0.037851,0.020064,0.139624,-0.302528,0.802174,0.827717,0.013988,0.050776,0.118510,-0.164244,0.342207,0.978139,-0.939146,0.273363,0.078892
-8.131603,2.896680,0.783078,0.054470,-0.026057,0.548725,0.833820,0.020728,-0.060587,0.187874,0.231852,-0.220580,0.038421,0.027339,-0.203648,-0.137709,0.576510,-0.339603,0.058299,0.013293,-0.021903,0.043735,0.014265,0.140902,-0.307400,0.801618,0.823523,0.021784,0.065618,0.122248,-0.173382,0.343992,0.967534,-0.942017,0.265201,0.087768
-8.134115,2.902841,0.781689,0.058471,-0.026243,0.547362,0.834439,0.024969,-0.073295,0.192501,0.249172,-0.238080,0.045260,-0.029637,-0.222489,-0.113041,0.697705,-0.311058,0.053945,0.009944,-0.027567,0.051839,0.011944,0.137492,-0.306336,0.807855,0.814348,0.032781,0.079830,0.125970,-0.179027,0.334878,0.949429,-0.937389,0.262167,0.083345
-8.136330,2.908506,0.779476,0.062648,-0.026744,0.546062,0.834971,0.030393,-0.085437,0.196886,0.264118,-0.254164,0.051603,-0.093636,-0.240456,-0.087344,0.824686,-0.266081,0.061538,0.006042,-0.034307,0.061596,0.011746,0.132694,-0.304386,0.820238,0.804233,0.044717,0.090515,0.130375,-0.180142,0.318490,0.924685,-0.927830,0.261828,0.068210
-8.138175,2.913798,0.777180,0.066548,-0.027697,0.545357,0.835098,0.039127,-0.096791,0.199390,0.272412,-0.266912,0.057826,-0.158056,-0.258207,-0.066995,0.944780,-0.209226,0.065723,0.001396,-0.042061,0.072074,0.012582,0.129752,-0.306817,0.837568,0.797134,0.054789,0.095429,0.135973,-0.176713,0.299627,0.894730,-0.916835,0.261353,0.045984
-8.139461,2.919170,0.776878,0.069749,-0.028944,0.545771,0.834524,0.051388,-0.107089,0.198669,0.273135,-0.275249,0.063602,-0.219470,-0.273846,-0.057374,1.048751,-0.166135,0.024360,-0.004239,-0.050410,0.082172,0.013706,0.130774,-0.316934,0.859170,0.796100,0.062092,0.093129,0.142865,-0.168922,0.281593,0.862615,-0.905888,0.259073,0.019423
-8.140282,2.924285,0.775764,0.071960,-0.029950,0.547354,0.833264,0.062215,-0.115755,0.194946,0.272939,-0.282784,0.068645,-0.272335,-0.267409,-0.044719,1.121553,-0.171897,-0.012582,-0.010587,-0.058346,0.091038,0.015109,0.134991,-0.334129,0.884707,0.801932,0.068100,0.085922,0.150397,-0.158727,0.267323,0.832532,-0.895880,0.254805,-0.007516
-8.140581,2.929139,0.774503,0.073625,-0.030028,0.549204,0.831897,0.066225,-0.122469,0.190747,0.281974,-0.294324,0.072690,-0.317977,-0.228673,-0.013765,1.158769,-0.214965,0.000336,-0.015932,-0.064710,0.098666,0.017383,0.139303,-0.355723,0.913768,0.813823,0.074495,0.076694,0.157999,-0.150380,0.259608,0.807150,-0.888531,0.249844,-0.028969
-8.140653,2.934095,0.773784,0.072430,-0.030355,0.551240,0.830643,0.068791,-0.124344,0.185634,0.288773,-0.305119,0.076246,-0.354021,-0.183689,0.007997,1.154988,-0.236050,0.031132,-0.018478,-0.068794,0.104827,0.020609,0.143873,-0.377674,0.944166,0.828976,0.082273,0.065069,0.165483,-0.142671,0.259191,0.786642,-0.883676,0.245159,-0.041930
-8.140382,2.939081,0.773123,0.071378,-0.029470,0.553177,0.829477,0.066720,-0.126461,0.181295,0.301884,-0.319192,0.079385,-0.381040,-0.150208,0.014826,1.112909,-0.243707,0.050813,-0.018995,-0.071501,0.110311,0.026104,0.144814,-0.395809,0.972285,0.841684,0.089505,0.051211,0.172543,-0.140433,0.263585,0.769911,-0.881138,0.241875,-0.047802
-8.139892,2.944282,0.772805,0.069438,-0.028249,0.555688,0.828005,0.065275,-0.127839,0.175638,0.311412,-0.332159,0.082210,-0.399168,-0.123808,0.012713,1.036948,-0.239045,0.058045,-0.018445,-0.073388,0.115030,0.033791,0.144494,-0.408801,0.994142,0.849736,0.093762,0.036376,0.178275,-0.141110,0.269891,0.757310,-0.878295,0.239394,-0.049495
-8.139201,2.949762,0.772932,0.066266,-0.026946,0.558574,0.826364,0.066864,-0.127947,0.168391,0.312542,-0.341886,0.084533,-0.407359,-0.107057,-0.001414,0.930862,-0.220805,0.059642,-0.017010,-0.074432,0.118669,0.043707,0.145429,-0.417921,1.007372,0.853859,0.093042,0.024324,0.181454,-0.142883,0.276575,0.750871,-0.874579,0.237756,-0.047570
-8.138280,2.955564,0.773167,0.062605,-0.025347,0.561738,0.824554,0.070484,-0.127848,0.160109,0.308384,-0.349072,0.086088,-0.406861,-0.094374,-0.022171,0.804831,-0.196893,0.053193,-0.014946,-0.074805,0.121193,0.055916,0.147563,-0.424670,1.012639,0.855415,0.088096,0.018616,0.181990,-0.145705,0.282565,0.751916,-0.870759,0.237738,-0.041263
-8.137037,2.961760,0.773073,0.059716,-0.022950,0.564837,0.822719,0.074991,-0.129557,0.151938,0.303201,-0.356293,0.086828,-0.399057,-0.085808,-0.046070,0.669037,-0.173266,0.070406,-0.011939,-0.074963,0.122628,0.070138,0.149025,-0.429679,1.012852,0.854780,0.081728,0.018675,0.181080,-0.150727,0.287146,0.760064,-0.868333,0.239630,-0.031650
-8.135542,2.968441,0.772839,0.056798,-0.020506,0.568061,0.820768,0.083138,-0.131657,0.143088,0.292041,-0.361198,0.087022,-0.391353,-0.074820,-0.061733,0.542999,-0.131776,0.099402,-0.008438,-0.074889,0.123206,0.087375,0.151223,-0.433307,1.008129,0.852461,0.076724,0.021179,0.180181,-0.160192,0.289122,0.774857,-0.868944,0.237954,-0.019851
-8.133701,2.975646,0.772349,0.054394,-0.017760,0.571471,0.818625,0.094052,-0.134930,0.133606,0.277527,-0.365047,0.086961,-0.385247,-0.057166,-0.057080,0.433739,-0.100965,0.118208,-0.005005,-0.074466,0.123029,0.101780,0.151668,-0.436101,1.003936,0.849501,0.074181,0.021889,0.177141,-0.166650,0.294675,0.793855,-0.875860,0.241381,-0.007164
-8.131416,2.983371,0.771685,0.052289,-0.014790,0.574758,0.816517,0.106996,-0.138535,0.123813,0.260831,-0.368156,0.086684,-0.381859,-0.043814,-0.047522,0.350689,-0.086636,0.142772,-0.001065,-0.073829,0.122270,0.113252,0.151421,-0.438064,1.000457,0.846514,0.072869,0.020826,0.173082,-0.171300,0.300660,0.814176,-0.884307,0.246855,0.007255
-8.128648,2.991634,0.770882,0.049996,-0.012065,0.578697,0.813920,0.121623,-0.141250,0.112029,0.242872,-0.370785,0.086449,-0.383702,-0.032527,-0.031239,0.301185,-0.078788,0.142968,0.002291,-0.072928,0.121455,0.121558,0.151019,-0.438320,0.997443,0.843264,0.072667,0.020239,0.169241,-0.171887,0.299188,0.832520,-0.884988,0.252658,0.020626
-8.125278,3.000480,0.769481,0.048190,-0.009398,0.583628,0.810536,0.135660,-0.143850,0.097748,0.229928,-0.377921,0.086625,-0.388175,-0.025296,-0.014376,0.282524,-0.086757,0.130503,0.004755,-0.072043,0.120920,0.126157,0.149802,-0.437526,0.995942,0.840094,0.073826,0.021603,0.166988,-0.169244,0.286027,0.845922,-0.874723,0.258484,0.028230
-8.121310,3.009934,0.766905,0.046729,-0.007094,0.589791,0.806171,0.147744,-0.145527,0.080833,0.225466,-0.391083,0.086147,-0.394073,-0.022657,0.000708,0.299257,-0.104584,0.114924,0.005912,-0.071369,0.120907,0.126013,0.148357,-0.437636,0.996816,0.838988,0.076682,0.025147,0.165561,-0.166052,0.268975,0.853586,-0.863909,0.263688,0.028332
-8.116733,3.019764,0.765580,0.045278,-0.005275,0.596623,0.801226,0.158001,-0.145156,0.062482,0.227862,-0.407545,0.084422,-0.402939,-0.022419,0.004595,0.339750,-0.120235,0.087486,0.005977,-0.070903,0.120990,0.121374,0.147353,-0.438858,0.999831,0.840538,0.081070,0.030889,0.163173,-0.164347,0.259275,0.857422,-0.865978,0.268120,0.023871
-8.111430,3.030366,0.764414,0.043185,-0.004206,0.603490,0.796189,0.168909,-0.141558,0.044095,0.232566,-0.424507,0.082179,-0.413763,-0.020158,-0.001656,0.388383,-0.127764,0.031085,0.004727,-0.069945,0.120375,0.114693,0.147052,-0.438044,1.003191,0.842023,0.085836,0.039767,0.158923,-0.161900,0.257006,0.860059,-0.880267,0.272151,0.018965
-8.105429,3.041884,0.763175,0.040233,-0.003851,0.609521,0.791739,0.180318,-0.134038,0.027895,0.240448,-0.441936,0.079958,-0.422133,-0.014981,-0.010159,0.432838,-0.130114,-0.013773,0.002354,-0.067226,0.118248,0.109376,0.147070,-0.431926,1.004809,0.840210,0.090555,0.052218,0.153692,-0.155441,0.252431,0.862583,-0.893897,0.275556,0.015824
-8.098759,3.054488,0.761599,0.036679,-0.004271,0.614273,0.788229,0.190618,-0.122618,0.016445,0.256231,-0.460886,0.076473,-0.424948,-0.011960,-0.026861,0.472592,-0.139603,-0.026693,-0.000513,-0.062034,0.114698,0.106909,0.147386,-0.421044,1.003430,0.834273,0.093904,0.065849,0.148822,-0.144594,0.239886,0.864382,-0.898366,0.276906,0.014417
-8.091634,3.068224,0.759067,0.032048,-0.006317,0.618344,0.785228,0.200806,-0.105438,0.011157,0.278530,-0.479258,0.068597,-0.416715,-0.012088,-0.055035,0.504747,-0.151783,-0.027619,-0.003935,-0.053756,0.110525,0.105895,0.149568,-0.409524,0.999364,0.826540,0.095107,0.074806,0.144773,-0.131125,0.223450,0.864403,-0.896957,0.274653,0.013116
-8.084447,3.082374,0.758918,0.026495,-0.010657,0.622317,0.782244,0.210416,-0.082578,0.008595,0.306304,-0.490583,0.059644,-0.399709,-0.004661,-0.080700,0.521223,-0.167071,-0.029988,-0.008287,-0.041840,0.106776,0.104060,0.154358,-0.402383,0.993284,0.820800,0.094382,0.074787,0.141323,-0.117956,0.209287,0.861919,-0.896963,0.268930,0.009913
-8.077249,3.096911,0.760233,0.021142,-0.016691,0.625462,0.779789,0.215685,-0.057050,0.009935,0.347591,-0.482571,0.054635,-0.369093,0.008489,-0.101819,0.519080,-0.184073,-0.032139,-0.013011,-0.027145,0.104087,0.100294,0.160786,-0.401858,0.984636,0.819981,0.093495,0.067722,0.137126,-0.106758,0.198565,0.857205,-0.900641,0.261471,0.002975
-8.069978,3.111980,0.764814,0.016822,-0.023071,0.627413,0.778163,0.209921,-0.032160,0.017121,0.417612,-0.452277,0.047352,-0.327232,0.025435,-0.115523,0.499932,-0.198023,-0.034134,-0.018106,-0.011847,0.102611,0.094677,0.168007,-0.406964,0.971754,0.825084,0.094186,0.059976,0.130369,-0.096957,0.188553,0.852348,-0.905240,0.254625,-0.008331
-8.063056,3.126615,0.769028,0.013765,-0.028688,0.628692,0.777003,0.180180,-0.009446,0.026251,0.521711,-0.391659,0.044701,-0.280131,0.042995,-0.123322,0.467427,-0.205587,-0.038173,-0.023382,0.001934,0.102074,0.087342,0.175451,-0.415440,0.953636,0.834686,0.096289,0.055912,0.120284,-0.087433,0.177444,0.849775,-0.908255,0.250302,-0.021573
-8.056612,3.140826,0.772810,0.011558,-0.033426,0.630414,0.775453,0.126754,0.012096,0.032778,0.659758,-0.306134,0.027276,-0.231327,0.058778,-0.129084,0.427699,-0.209102,-0.045475,-0.028350,0.013009,0.102411,0.079590,0.183602,-0.424825,0.927572,0.847923,0.098367,0.056249,0.105181,-0.076791,0.167003,0.850109,-0.910497,0.250374,-0.030368
-8.050450,3.154963,0.776782,0.010704,-0.037336,0.632771,0.773365,0.057635,0.038096,0.046217,0.817334,-0.217755,-0.028338,-0.180641,0.071155,-0.134721,0.383682,-0.209783,-0.053998,-0.032593,0.021145,0.103663,0.067781,0.192319,-0.434820,0.898507,0.860407,0.097952,0.063499,0.091181,-0.069196,0.161703,0.849876,-0.913696,0.248710,-0.032851
-8.044730,3.168819,0.778814,0.010406,-0.040996,0.634501,0.771764,-0.014422,0.071555,0.067850,0.966870,-0.153736,-0.105891,-0.132243,0.082700,-0.139094,0.341534,-0.209431,-0.061642,-0.035060,0.027068,0.105990,0.054431,0.201151,-0.441466,0.866256,0.869467,0.098750,0.078593,0.075839,-0.065171,0.166471,0.848800,-0.919681,0.242489,-0.030172
-8.039516,3.182461,0.779831,0.010240,-0.044829,0.634021,0.771947,-0.083788,0.092315,0.077443,1.087435,-0.141327,-0.121462,-0.090422,0.094808,-0.139117,0.310708,-0.211414,-0.066730,-0.035045,0.031533,0.109482,0.044010,0.207847,-0.437246,0.830833,0.869239,0.104809,0.096547,0.056647,-0.065243,0.184442,0.850023,-0.931019,0.232355,-0.028291
-8.034828,3.195988,0.780229,0.010828,-0.047807,0.631346,0.773951,-0.146510,0.097959,0.080305,1.168053,-0.163756,-0.115396,-0.058412,0.104346,-0.133678,0.297587,-0.219796,-0.069005,-0.034487,0.034017,0.113623,0.041088,0.211071,-0.415781,0.793988,0.852434,0.112369,0.111579,0.031749,-0.069062,0.213216,0.859335,-0.952959,0.221717,-0.032538
-8.030646,3.209502,0.780141,0.012110,-0.049714,0.627075,0.777276,-0.202321,0.105773,0.093733,1.206879,-0.174932,-0.100802,-0.036871,0.110317,-0.124145,0.303863,-0.235968,-0.071027,-0.034488,0.034617,0.118373,0.043260,0.205762,-0.383199,0.760955,0.820758,0.121069,0.123483,0.006607,-0.076217,0.249376,0.872238,-0.980694,0.214689,-0.042739
-8.026891,3.223111,0.779645,0.013712,-0.051106,0.621979,0.781244,-0.250631,0.116526,0.113470,1.206003,-0.183462,-0.074942,-0.021538,0.113923,-0.112604,0.322755,-0.257972,-0.072708,-0.034321,0.033958,0.123762,0.049935,0.196368,-0.351209,0.730819,0.788448,0.128503,0.133090,-0.020482,-0.079163,0.280273,0.884314,-1.002577,0.214413,-0.054128
-8.023524,3.236921,0.778881,0.014760,-0.052795,0.617294,0.784820,-0.289357,0.128788,0.133306,1.166153,-0.208323,-0.059204,-0.006733,0.117300,-0.101775,0.343902,-0.281755,-0.073559,-0.033480,0.032724,0.129281,0.054184,0.186920,-0.332754,0.706806,0.770287,0.136647,0.142076,-0.041997,-0.076061,0.296160,0.886830,-1.004429,0.216107,-0.072996
-8.020428,3.251032,0.778282,0.015550,-0.054066,0.613392,0.787772,-0.318168,0.138223,0.151276,1.090017,-0.225958,-0.055791,0.012989,0.119636,-0.091823,0.355041,-0.301745,-0.073456,-0.031842,0.031403,0.133852,0.056276,0.183941,-0.328370,0.689675,0.767922,0.140552,0.153350,-0.053596,-0.069433,0.292175,0.877239,-0.987715,0.213663,-0.110912
-8.017576,3.265370,0.777771,0.015408,-0.054538,0.610153,0.790254,-0.338040,0.142198,0.165948,0.983070,-0.233521,-0.051482,0.035005,0.121434,-0.083222,0.357705,-0.317409,-0.072765,-0.029480,0.030399,0.136756,0.057082,0.182746,-0.329071,0.678665,0.775553,0.143057,0.168879,-0.056797,-0.060863,0.275796,0.857110,-0.959111,0.206085,-0.168065
-8.014995,3.279876,0.776832,0.013172,-0.054842,0.607174,0.792565,-0.354850,0.145168,0.176582,0.858487,-0.223038,-0.041879,0.054634,0.125352,-0.075672,0.359685,-0.332483,-0.071517,-0.026781,0.030247,0.138179,0.064137,0.179616,-0.322073,0.666512,0.784303,0.147676,0.184939,-0.058052,-0.050989,0.255369,0.833305,-0.923876,0.192484,-0.225603
-8.012589,3.294587,0.775310,0.009394,-0.054470,0.604003,0.795063,-0.366431,0.153216,0.191309,0.725042,-0.204001,-0.045263,0.072514,0.130688,-0.067368,0.359493,-0.347001,-0.069889,-0.024411,0.031158,0.138250,0.073109,0.170948,-0.302470,0.660642,0.783332,0.153362,0.199681,-0.053359,-0.044378,0.241369,0.811068,-0.888140,0.170705,-0.267292
-8.010350,3.309577,0.773249,0.004560,-0.053729,0.600002,0.798179,-0.374456,0.163323,0.208920,0.589640,-0.172719,-0.038202,0.091088,0.137338,-0.056500,0.354587,-0.360511,-0.068191,-0.022154,0.032759,0.137653,0.077247,0.154266,-0.275355,0.668676,0.772777,0.162111,0.216914,-0.048053,-0.043706,0.242782,0.796833,-0.862007,0.146888,-0.285652
-8.008318,3.324894,0.770843,-0.000482,-0.052584,0.594816,0.802140,-0.379018,0.172492,0.222378,0.459508,-0.125152,-0.034416,0.111662,0.143856,-0.041544,0.344396,-0.374177,-0.066686,-0.020011,0.034053,0.136787,0.088291,0.139995,-0.245536,0.678686,0.761515,0.169918,0.235160,-0.048488,-0.051915,0.259526,0.790510,-0.853883,0.129365,-0.280221
-8.006586,3.340632,0.768247,-0.005423,-0.051474,0.588364,0.806938,-0.378774,0.178486,0.220877,0.344204,-0.081181,-0.035545,0.132342,0.148933,-0.024331,0.335020,-0.387368,-0.064567,-0.017690,0.034227,0.135818,0.101494,0.129631,-0.220933,0.694052,0.756433,0.178842,0.250691,-0.052437,-0.063879,0.284519,0.792761,-0.861364,0.122011,-0.260653
-8.005200,3.356890,0.765816,-0.009651,-0.050721,0.580568,0.812573,-0.377753,0.180452,0.198727,0.259936,-0.048022,-0.027045,0.152461,0.151289,-0.005836,0.329962,-0.396695,-0.061556,-0.014576,0.032976,0.135089,0.114292,0.123074,-0.204733,0.718782,0.757783,0.189018,0.256592,-0.057099,-0.074152,0.306576,0.804424,-0.873353,0.126751,-0.233558
-8.004240,3.373670,0.763938,-0.012291,-0.049600,0.572614,0.818231,-0.373289,0.186759,0.189712,0.219037,-0.023173,-0.009284,0.172967,0.148545,0.013311,0.326239,-0.403786,-0.057662,-0.012267,0.030368,0.134329,0.124883,0.117747,-0.196296,0.755054,0.761199,0.198798,0.245485,-0.060066,-0.081870,0.319061,0.825113,-0.882126,0.144296,-0.203912
-8.003695,3.391038,0.763191,-0.011904,-0.047119,0.565130,0.823569,-0.361542,0.192771,0.213389,0.220313,0.012270,0.009604,0.194324,0.137236,0.032917,0.321788,-0.402160,-0.052297,-0.010723,0.025874,0.133321,0.131672,0.111025,-0.194696,0.802139,0.764562,0.207145,0.213886,-0.059292,-0.090091,0.322090,0.851620,-0.887980,0.172243,-0.176673
-8.003726,3.409246,0.763834,-0.009352,-0.044753,0.557734,0.828760,-0.335779,0.188977,0.239867,0.230273,0.045112,0.026372,0.212665,0.119136,0.051092,0.330131,-0.390103,-0.041418,-0.007640,0.018480,0.132143,0.134957,0.106158,-0.199738,0.855472,0.771104,0.214094,0.165513,-0.052196,-0.098754,0.318336,0.879260,-0.893383,0.205203,-0.156512
-8.004084,3.428469,0.769998,-0.004638,-0.041753,0.551984,0.832796,-0.302523,0.173506,0.261901,0.226199,0.047843,0.041835,0.224796,0.094944,0.063164,0.360741,-0.360784,-0.028133,-0.003581,0.007949,0.130795,0.133926,0.103769,-0.214051,0.908808,0.785434,0.217416,0.109685,-0.036892,-0.108728,0.306737,0.902285,-0.897035,0.238246,-0.145083
-8.004533,3.447962,0.774301,0.001053,-0.038260,0.549053,0.834911,-0.271148,0.151704,0.277212,0.225987,0.030664,0.048029,0.220776,0.068622,0.070978,0.416263,-0.323333,-0.006014,-0.000092,-0.005107,0.129261,0.129275,0.105485,-0.238815,0.955816,0.809461,0.213649,0.055438,-0.012310,-0.118657,0.285325,0.916733,-0.893993,0.265044,-0.138563
-8.004889,3.467315,0.777249,0.006933,-0.034217,0.548823,0.835209,-0.245170,0.129042,0.290830,0.233958,0.001168,0.037799,0.196437,0.043043,0.075838,0.504676,-0.275280,0.029327,0.001877,-0.018859,0.127635,0.122838,0.111083,-0.271818,0.990642,0.840210,0.199674,0.008465,0.020087,-0.128985,0.257296,0.921505,-0.883451,0.279264,-0.129026
-8.005335,3.486433,0.779151,0.012525,-0.030371,0.549424,0.834897,-0.221399,0.105901,0.301512,0.244393,-0.031666,0.032387,0.148049,0.020102,0.079682,0.629873,-0.199902,0.070462,0.003144,-0.031455,0.126217,0.117150,0.119492,-0.306668,1.009041,0.870620,0.175963,-0.027611,0.055938,-0.141668,0.233259,0.918328,-0.872534,0.279194,-0.110524
-8.005847,3.504918,0.779543,0.018940,-0.026108,0.548736,0.835373,-0.199936,0.081783,0.312909,0.258036,-0.065770,0.035884,0.079991,-0.002856,0.085630,0.782416,-0.121103,0.119503,0.004703,-0.042811,0.125761,0.113625,0.128107,-0.336359,1.010018,0.893158,0.145891,-0.048981,0.088962,-0.160745,0.223636,0.909500,-0.870608,0.269263,-0.083764
-8.006223,3.523694,0.781741,0.024495,-0.023125,0.546633,0.836694,-0.171433,0.059004,0.325365,0.262580,-0.097761,0.042266,0.004077,-0.029086,0.083409,0.942651,-0.042682,0.152630,0.007130,-0.053401,0.126170,0.111375,0.138736,-0.356837,0.997605,0.904468,0.114399,-0.052121,0.115803,-0.181384,0.230594,0.897414,-0.879409,0.254753,-0.055445
-8.006226,3.541822,0.781879,0.030765,-0.020263,0.543423,0.838650,-0.143139,0.036540,0.338776,0.266595,-0.128997,0.047060,-0.076768,-0.065937,0.074219,1.088817,0.009917,0.194656,0.009519,-0.064423,0.128138,0.109048,0.152009,-0.365536,0.984662,0.904962,0.080585,-0.032502,0.136115,-0.198104,0.248490,0.882063,-0.894296,0.245289,-0.032596
-8.005752,3.559412,0.781311,0.036564,-0.018201,0.541501,0.839707,-0.114875,0.014634,0.347893,0.268633,-0.158475,0.051201,-0.152516,-0.100322,0.064099,1.204423,0.002420,0.159517,0.010102,-0.076122,0.131128,0.101024,0.162888,-0.367021,0.972731,0.899512,0.060695,-0.001203,0.150675,-0.209341,0.262211,0.869650,-0.905611,0.239029,-0.016999
-8.004658,3.576345,0.780304,0.042208,-0.016344,0.541273,0.839628,-0.091013,-0.006027,0.351643,0.276380,-0.188591,0.055739,-0.217427,-0.122214,0.054653,1.273244,-0.079488,0.112550,0.008440,-0.087328,0.134522,0.089674,0.171255,-0.363268,0.964225,0.893198,0.057932,0.029999,0.157729,-0.205098,0.267787,0.866183,-0.910844,0.245771,-0.011963
-8.003049,3.593007,0.779407,0.045900,-0.015734,0.543529,0.837987,-0.067130,-0.023415,0.348285,0.281939,-0.216419,0.059390,-0.271686,-0.135681,0.040079,1.296214,-0.133222,0.081190,0.004130,-0.096443,0.137333,0.066129,0.176211,-0.355975,0.970192,0.886734,0.069512,0.051789,0.169731,-0.205324,0.259649,0.854231,-0.908223,0.249518,-0.004568
-8.001048,3.609484,0.778523,0.048280,-0.015329,0.547643,0.835178,-0.045599,-0.038207,0.339981,0.289385,-0.243869,0.062051,-0.316103,-0.137523,0.024064,1.273743,-0.169733,0.051977,-0.002885,-0.103205,0.139257,0.038952,0.177373,-0.345053,0.979196,0.880645,0.089311,0.062485,0.178795,-0.197416,0.248791,0.839941,-0.904892,0.255932,0.000193
-7.998848,3.625953,0.777527,0.049780,-0.014469,0.552491,0.831905,-0.026671,-0.051349,0.329650,0.299424,-0.272158,0.064461,-0.355313,-0.123671,0.013115,1.213898,-0.209698,0.031708,-0.011321,-0.107883,0.140385,0.010548,0.175030,-0.330730,0.984805,0.872532,0.108317,0.067771,0.185862,-0.188292,0.238469,0.819813,-0.901877,0.257614,0.002231
-7.996564,3.642592,0.776410,0.050867,-0.012612,0.556721,0.829045,-0.008695,-0.064240,0.320277,0.308920,-0.300408,0.066881,-0.388291,-0.105730,0.005333,1.122216,-0.245373,0.028608,-0.019362,-0.110948,0.140704,-0.016511,0.167391,-0.315973,0.985628,0.861608,0.120156,0.077473,0.194385,-0.181463,0.229605,0.790103,-0.899739,0.252593,0.000691
-7.994334,3.659613,0.775484,0.050644,-0.010579,0.559825,0.826994,0.013775,-0.076370,0.312272,0.307392,-0.323886,0.069438,-0.412305,-0.089612,-0.005562,0.999594,-0.255832,0.033439,-0.026040,-0.112632,0.140063,-0.038408,0.163056,-0.303592,0.977305,0.848409,0.119484,0.089905,0.198570,-0.176177,0.226630,0.760665,-0.900850,0.242854,-0.004072
-7.992152,3.677011,0.774530,0.049845,-0.008295,0.561438,0.825974,0.041512,-0.088797,0.306510,0.294252,-0.342229,0.071062,-0.424721,-0.078613,-0.027051,0.850800,-0.243548,0.022827,-0.031049,-0.113255,0.138426,-0.053992,0.161716,-0.297736,0.963015,0.835662,0.108832,0.103286,0.198389,-0.175153,0.234889,0.736799,-0.914754,0.233280,-0.008491
-7.990020,3.694770,0.773254,0.048211,-0.006014,0.561730,0.825893,0.074454,-0.100930,0.302633,0.269310,-0.355573,0.069755,-0.425721,-0.070238,-0.060951,0.683951,-0.214039,0.029411,-0.034226,-0.112736,0.135575,-0.063963,0.163356,-0.299851,0.946515,0.825703,0.093417,0.114897,0.194444,-0.177389,0.252358,0.720155,-0.943316,0.227613,-0.008087
-7.987900,3.712856,0.771369,0.045822,-0.003468,0.561194,0.826408,0.110161,-0.112994,0.299829,0.236428,-0.365918,0.067056,-0.417979,-0.063496,-0.111467,0.509709,-0.160787,0.051673,-0.035642,-0.111060,0.131276,-0.070057,0.166467,-0.308355,0.930746,0.818339,0.078025,0.122869,0.189829,-0.177577,0.265441,0.707428,-0.970267,0.224596,-0.001472
-7.985690,3.731278,0.768599,0.043243,-0.000471,0.560534,0.827001,0.144429,-0.124964,0.297640,0.205437,-0.377045,0.063914,-0.408404,-0.052836,-0.166777,0.351093,-0.107992,0.062224,-0.036337,-0.108360,0.125873,-0.073383,0.168466,-0.320159,0.917511,0.811526,0.065574,0.126061,0.188202,-0.172079,0.260912,0.693868,-0.975040,0.219632,0.008295
-7.983097,3.750150,0.764784,0.042463,0.003577,0.558600,0.828342,0.173200,-0.138437,0.298670,0.189726,-0.393138,0.059804,-0.397327,-0.047668,-0.234322,0.224838,-0.099264,0.112143,-0.035601,-0.105485,0.120034,-0.072826,0.166048,-0.331597,0.907346,0.803239,0.057895,0.125643,0.190492,-0.165615,0.240335,0.678286,-0.956507,0.211070,0.016124
-7.979980,3.769492,0.760549,0.043756,0.006858,0.555677,0.830217,0.197945,-0.151366,0.301557,0.193157,-0.413114,0.056679,-0.397063,-0.046949,-0.284425,0.178113,-0.122162,0.144947,-0.035902,-0.102277,0.115859,-0.065554,0.159301,-0.338986,0.899736,0.792674,0.055723,0.124631,0.194061,-0.163507,0.218125,0.664142,-0.933319,0.202391,0.018520
-7.976434,3.789088,0.757349,0.042320,0.006714,0.553060,0.832039,0.222842,-0.154727,0.303452,0.201298,-0.428810,0.053176,-0.400101,-0.032136,-0.281729,0.198692,-0.108186,0.089881,-0.040236,-0.096807,0.113374,-0.050342,0.153818,-0.340090,0.894229,0.780359,0.058573,0.124680,0.194992,-0.161445,0.205513,0.655968,-0.922007,0.198556,0.014474
-7.972010,3.809086,0.755854,0.039197,0.003106,0.552568,0.832540,0.248146,-0.147730,0.302127,0.218413,-0.440668,0.043472,-0.400858,-0.003154,-0.226186,0.245212,-0.083590,0.014308,-0.048345,-0.087311,0.111903,-0.027084,0.152420,-0.338091,0.890157,0.767848,0.063310,0.121268,0.191983,-0.157763,0.198427,0.658877,-0.921916,0.202344,0.004925
-7.966631,3.829915,0.758634,0.034230,-0.002702,0.553597,0.832077,0.268664,-0.131467,0.299944,0.254228,-0.434544,0.037448,-0.384366,0.025965,-0.189485,0.265142,-0.043491,-0.057624,-0.056454,-0.074615,0.109900,-0.004602,0.149662,-0.339454,0.895821,0.760638,0.073951,0.114688,0.197099,-0.148024,0.186719,0.661826,-0.924116,0.210744,-0.008056
-7.960691,3.850903,0.760434,0.029817,-0.009089,0.554609,0.831527,0.270945,-0.106459,0.301582,0.325896,-0.399113,0.024598,-0.350583,0.039493,-0.184280,0.277091,-0.025507,-0.080505,-0.063001,-0.058976,0.107891,0.015185,0.145887,-0.347965,0.911328,0.763104,0.089415,0.105143,0.208427,-0.134637,0.163748,0.665455,-0.919388,0.221008,-0.024056
-7.954911,3.871653,0.764255,0.025130,-0.015775,0.554529,0.831635,0.250595,-0.072418,0.306627,0.437043,-0.344420,0.000792,-0.318077,0.049648,-0.187637,0.290413,-0.048447,-0.078752,-0.068178,-0.041968,0.107318,0.031621,0.144955,-0.366388,0.932872,0.779190,0.108320,0.092212,0.220478,-0.118203,0.131669,0.675064,-0.905159,0.232034,-0.044211
-7.949127,3.892168,0.768188,0.022795,-0.021505,0.553301,0.832392,0.201835,-0.032660,0.312369,0.596909,-0.251193,-0.034094,-0.283134,0.058475,-0.183069,0.301036,-0.077284,-0.085372,-0.071890,-0.026602,0.108481,0.045354,0.146308,-0.396909,0.954585,0.807038,0.124190,0.070584,0.229212,-0.103993,0.097494,0.694650,-0.886972,0.245115,-0.064693
-7.943499,3.912358,0.772596,0.021758,-0.026503,0.551835,0.833248,0.136187,0.010019,0.310237,0.777279,-0.151668,-0.099465,-0.246359,0.065071,-0.177050,0.306760,-0.104677,-0.089947,-0.073348,-0.014576,0.110676,0.058152,0.154214,-0.435626,0.966009,0.838912,0.129303,0.037962,0.236416,-0.096432,0.069452,0.728690,-0.873492,0.250857,-0.081008
-7.938124,3.931879,0.775125,0.021441,-0.031200,0.550581,0.833923,0.062475,0.055299,0.300591,0.950751,-0.078230,-0.204989,-0.208450,0.070250,-0.171664,0.307890,-0.131007,-0.092531,-0.073393,-0.005609,0.113417,0.068953,0.169048,-0.466505,0.958773,0.862888,0.122385,0.005638,0.227342,-0.090890,0.062089,0.765940,-0.874845,0.262820,-0.076960
-7.933176,3.950684,0.776885,0.021037,-0.036203,0.548574,0.835053,-0.018406,0.076712,0.266015,1.091713,-0.061145,-0.219544,-0.171772,0.076111,-0.165523,0.308891,-0.155364,-0.094037,-0.072683,0.001467,0.117405,0.074407,0.187203,-0.472666,0.940320,0.865875,0.108826,-0.003014,0.207334,-0.089018,0.079180,0.793807,-0.892160,0.277818,-0.052447
-7.928832,3.968891,0.778326,0.020945,-0.040469,0.546518,0.836207,-0.094420,0.086288,0.227076,1.184349,-0.099787,-0.224741,-0.137885,0.080046,-0.157735,0.310518,-0.178254,-0.094245,-0.073723,0.006094,0.121765,0.082325,0.202506,-0.449996,0.915264,0.846872,0.099646,0.021987,0.188090,-0.094733,0.107165,0.819120,-0.919280,0.278820,-0.026566
-7.925101,3.986712,0.779603,0.021543,-0.043187,0.543739,0.837865,-0.161648,0.104881,0.205019,1.232536,-0.118161,-0.216606,-0.106001,0.080916,-0.147229,0.310290,-0.199788,-0.092321,-0.075972,0.008662,0.125822,0.094454,0.209400,-0.409475,0.890988,0.814816,0.100478,0.066342,0.172913,-0.106069,0.130669,0.845034,-0.947724,0.266071,-0.012775
-7.922137,4.004165,0.780247,0.020922,-0.045351,0.539592,0.840444,-0.224366,0.138013,0.192759,1.239911,-0.125864,-0.211604,-0.082482,0.081784,-0.135247,0.319734,-0.223220,-0.086950,-0.077425,0.010461,0.130029,0.103859,0.211605,-0.364751,0.873869,0.781151,0.109756,0.105137,0.152752,-0.109886,0.145946,0.861981,-0.970191,0.260475,-0.004984
-7.919931,4.021433,0.780113,0.018272,-0.047301,0.533235,0.844446,-0.278457,0.176374,0.181760,1.204605,-0.159428,-0.191598,-0.068921,0.084979,-0.119678,0.341883,-0.248766,-0.080221,-0.077048,0.013207,0.134201,0.110552,0.214626,-0.324307,0.860566,0.750538,0.119683,0.126746,0.129429,-0.106856,0.149561,0.873707,-0.983861,0.253657,-0.005869
-7.918289,4.038822,0.779587,0.014976,-0.048322,0.524692,0.849788,-0.321843,0.213692,0.173889,1.129670,-0.192389,-0.167389,-0.057318,0.088689,-0.098862,0.363183,-0.275445,-0.073368,-0.075226,0.017054,0.137882,0.113748,0.215063,-0.292637,0.847977,0.722575,0.126383,0.134635,0.106501,-0.101458,0.149864,0.875250,-0.988860,0.243488,-0.012659
-7.917166,4.056502,0.778864,0.010811,-0.048652,0.514723,0.855907,-0.353894,0.247232,0.167824,1.019808,-0.207192,-0.138809,-0.044647,0.092777,-0.074555,0.378297,-0.300553,-0.065179,-0.072424,0.021719,0.140882,0.114448,0.211926,-0.268744,0.836271,0.694973,0.128542,0.136623,0.086600,-0.097169,0.154417,0.864810,-0.986488,0.231273,-0.021022
-7.916511,4.074615,0.777912,0.005186,-0.048303,0.503800,0.862453,-0.371072,0.277141,0.163540,0.874505,-0.207785,-0.111461,-0.030876,0.097435,-0.048298,0.386007,-0.322736,-0.055813,-0.069260,0.027492,0.142686,0.111466,0.203994,-0.249693,0.835340,0.661676,0.123787,0.135163,0.068108,-0.094220,0.160336,0.853211,-0.982056,0.214610,-0.032792
-7.916161,4.093304,0.776696,-0.001319,-0.047222,0.491301,0.869708,-0.374171,0.290679,0.138010,0.700599,-0.190260,-0.110504,-0.014627,0.101513,-0.019211,0.384762,-0.341347,-0.043643,-0.065321,0.034122,0.143087,0.110754,0.199036,-0.230743,0.836241,0.622973,0.110642,0.109911,0.049084,-0.092531,0.168509,0.838250,-0.976609,0.199093,-0.042874
-7.915918,4.112614,0.775119,-0.007768,-0.046083,0.476666,0.877842,-0.365122,0.287557,0.076992,0.519657,-0.164841,-0.099090,0.004864,0.104015,0.013681,0.377365,-0.358199,-0.027208,-0.060233,0.040726,0.142600,0.111814,0.196929,-0.221291,0.839131,0.591089,0.093216,0.053967,0.032208,-0.090959,0.177808,0.822020,-0.970119,0.184968,-0.053319
-7.915709,4.132359,0.773366,-0.013122,-0.045038,0.460350,0.886497,-0.339970,0.282018,0.004219,0.356158,-0.124680,-0.114214,0.027155,0.102907,0.049603,0.365862,-0.373527,-0.004873,-0.055062,0.046546,0.141688,0.113520,0.200356,-0.232482,0.841876,0.583072,0.072991,-0.019939,0.017938,-0.088884,0.185899,0.807653,-0.961767,0.173300,-0.064330
-7.915823,4.152478,0.771230,-0.017777,-0.045777,0.443931,0.894714,-0.314111,0.283944,-0.036738,0.254832,-0.088943,-0.186811,0.047295,0.099836,0.085989,0.364863,-0.387763,0.013008,-0.051776,0.051423,0.141856,0.115102,0.210700,-0.264070,0.840893,0.605590,0.049681,-0.082328,0.006316,-0.084969,0.190691,0.798201,-0.951464,0.166636,-0.074621
-7.916250,4.172558,0.768926,-0.019558,-0.046497,0.428377,0.902191,-0.293290,0.278877,-0.038336,0.235579,-0.053275,-0.221475,0.065417,0.090052,0.121510,0.369849,-0.400747,0.027084,-0.049904,0.054682,0.143012,0.114322,0.216676,-0.299174,0.835938,0.642618,0.028489,-0.107447,-0.001918,-0.083258,0.189337,0.792331,-0.940697,0.167603,-0.082432
-7.917322,4.192408,0.767619,-0.017394,-0.047026,0.414324,0.908747,-0.277526,0.262010,-0.026765,0.275897,-0.048461,-0.172929,0.080179,0.070012,0.149981,0.383976,-0.408211,0.040063,-0.047788,0.054218,0.145110,0.110738,0.209240,-0.316337,0.832613,0.669726,0.023194,-0.090002,-0.002327,-0.084695,0.179675,0.786000,-0.930329,0.176009,-0.088387
-7.918924,4.212123,0.768936,-0.012664,-0.047924,0.402736,0.913973,-0.266368,0.245383,0.002588,0.325323,-0.073898,-0.137289,0.088060,0.043413,0.170780,0.414168,-0.404355,0.057209,-0.046078,0.049249,0.147942,0.103830,0.191262,-0.312292,0.835572,0.680857,0.041471,-0.043863,0.008956,-0.085772,0.161041,0.775997,-0.919510,0.188924,-0.095674
-7.920509,4.232284,0.772721,-0.006266,-0.048387,0.392626,0.918403,-0.246279,0.226414,0.040435,0.361737,-0.105119,-0.122698,0.084096,0.014614,0.190088,0.470223,-0.386062,0.072059,-0.044593,0.040008,0.150610,0.091587,0.172828,-0.306246,0.844231,0.693390,0.077385,0.007575,0.030618,-0.084100,0.135539,0.762878,-0.907008,0.202111,-0.106123
-7.922141,4.251934,0.775246,0.000800,-0.047684,0.382942,0.922541,-0.217078,0.205137,0.081814,0.375275,-0.136412,-0.116961,0.060161,-0.010640,0.213429,0.552980,-0.350053,0.076070,-0.043678,0.027772,0.152156,0.075407,0.163202,-0.316363,0.855755,0.720424,0.114296,0.041372,0.055691,-0.081325,0.106643,0.753383,-0.896566,0.209657,-0.115779
-7.923691,4.270724,0.777106,0.008777,-0.045625,0.372424,0.926899,-0.183586,0.179564,0.123387,0.372809,-0.161357,-0.104963,0.013127,-0.030802,0.240458,0.666851,-0.293696,0.084106,-0.042859,0.014278,0.152768,0.055238,0.156349,-0.340969,0.870473,0.753778,0.137110,0.052865,0.082776,-0.083304,0.094047,0.743529,-0.890500,0.218179,-0.117920
-7.924888,4.288502,0.778320,0.016660,-0.043317,0.360770,0.931500,-0.149478,0.153256,0.164014,0.363246,-0.181860,-0.091886,-0.051193,-0.048043,0.259434,0.799479,-0.219985,0.103235,-0.041372,0.000630,0.153278,0.036453,0.154981,-0.365719,0.885478,0.776855,0.135876,0.052512,0.106460,-0.093625,0.097984,0.737241,-0.896778,0.225668,-0.105832
-7.925544,4.305637,0.780940,0.023212,-0.042002,0.348563,0.936056,-0.114737,0.128984,0.201795,0.350654,-0.199083,-0.078018,-0.121816,-0.075497,0.246617,0.929317,-0.161474,0.119034,-0.038880,-0.012844,0.154572,0.017013,0.162327,-0.382872,0.905256,0.788391,0.117197,0.049219,0.128673,-0.103607,0.116427,0.726558,-0.914075,0.238357,-0.085187
-7.925516,4.321816,0.781836,0.028078,-0.042039,0.338032,0.939776,-0.080120,0.106933,0.233460,0.334316,-0.214005,-0.063765,-0.190245,-0.119097,0.196029,1.035045,-0.134925,0.097360,-0.037412,-0.026089,0.156902,-0.004358,0.174330,-0.400576,0.925572,0.798121,0.102401,0.043922,0.152136,-0.111701,0.131377,0.716864,-0.930466,0.246418,-0.070754
-7.924759,4.336836,0.781824,0.033433,-0.042180,0.330652,0.942217,-0.050940,0.083762,0.257255,0.323676,-0.229756,-0.050297,-0.245982,-0.166917,0.133497,1.102749,-0.154597,0.062987,-0.039639,-0.039297,0.159563,-0.028180,0.188013,-0.421357,0.945952,0.811463,0.096163,0.037189,0.176495,-0.114911,0.132685,0.709426,-0.936763,0.253211,-0.067888
-7.923471,4.351122,0.781644,0.037711,-0.042409,0.326448,0.943510,-0.023765,0.060737,0.273303,0.311407,-0.243954,-0.037470,-0.285902,-0.189245,0.081745,1.130353,-0.180760,0.012800,-0.045702,-0.051439,0.161121,-0.052292,0.201350,-0.440719,0.965075,0.826309,0.097356,0.032216,0.200357,-0.110831,0.120314,0.707669,-0.928878,0.260321,-0.070381
-7.921826,4.364797,0.781405,0.040593,-0.042332,0.322515,0.944746,0.000785,0.040271,0.286650,0.299992,-0.258214,-0.026141,-0.314135,-0.188995,0.037455,1.121781,-0.205989,0.003369,-0.052916,-0.061390,0.161007,-0.072389,0.210853,-0.450329,0.980941,0.835483,0.104472,0.032870,0.220814,-0.103713,0.101869,0.713230,-0.911403,0.267506,-0.068454
-7.919901,4.377908,0.781015,0.042526,-0.041544,0.317412,0.946422,0.020991,0.022714,0.300433,0.293428,-0.274308,-0.016011,-0.336170,-0.166132,0.007207,1.080900,-0.230968,0.015914,-0.060087,-0.069363,0.159379,-0.085734,0.210698,-0.445666,0.994143,0.833757,0.117472,0.044281,0.239498,-0.099840,0.088101,0.720784,-0.897105,0.273549,-0.057261
-7.917702,4.390497,0.780569,0.043421,-0.039918,0.310828,0.948634,0.037486,0.008151,0.315834,0.289736,-0.290581,-0.006917,-0.354081,-0.125487,-0.006240,1.010101,-0.248022,0.038754,-0.066525,-0.075746,0.156704,-0.090799,0.213865,-0.424441,0.994321,0.818706,0.127066,0.058528,0.243536,-0.103606,0.087940,0.740417,-0.895192,0.277288,-0.038684
-7.915217,4.402609,0.780181,0.043136,-0.037370,0.302923,0.951305,0.052453,-0.004090,0.332993,0.283349,-0.305053,0.001627,-0.363570,-0.078246,-0.012072,0.907436,-0.258872,0.042765,-0.071802,-0.080775,0.153172,-0.089985,0.211770,-0.396282,0.989660,0.796010,0.134393,0.080161,0.244122,-0.111815,0.101497,0.760177,-0.910160,0.277796,-0.017124
-7.912452,4.414353,0.779952,0.041013,-0.034366,0.294573,0.954130,0.068940,-0.014072,0.350475,0.267993,-0.315237,0.008893,-0.364553,-0.033956,-0.022446,0.781134,-0.253145,0.022420,-0.076075,-0.084232,0.148961,-0.086782,0.208451,-0.371378,0.984921,0.773255,0.136787,0.102499,0.243062,-0.118306,0.118816,0.775646,-0.931593,0.275973,0.004324
-7.909355,4.425758,0.779539,0.038696,-0.030792,0.286254,0.956877,0.085860,-0.024586,0.367731,0.247550,-0.322540,0.014699,-0.353701,-0.004975,-0.058688,0.637409,-0.239483,0.003671,-0.078958,-0.086326,0.143854,-0.084415,0.204203,-0.358837,0.984673,0.758147,0.135272,0.117302,0.243727,-0.120846,0.128638,0.783143,-0.946801,0.272948,0.022002
-7.905926,4.436973,0.778824,0.036584,-0.027118,0.278743,0.959285,0.103810,-0.036649,0.383218,0.223186,-0.327170,0.019725,-0.336377,0.010102,-0.131503,0.499162,-0.211457,-0.011433,-0.080539,-0.087423,0.138130,-0.085062,0.199260,-0.362690,0.990553,0.755176,0.132019,0.118889,0.248065,-0.119505,0.127899,0.781546,-0.950998,0.268688,0.033112
-7.902116,4.448087,0.777630,0.035378,-0.023726,0.272552,0.961198,0.121526,-0.050425,0.395935,0.200991,-0.332057,0.023812,-0.315945,0.021093,-0.216847,0.385074,-0.178807,-0.020061,-0.081983,-0.087480,0.132290,-0.088427,0.192509,-0.380286,1.000576,0.762731,0.127395,0.106625,0.255606,-0.117517,0.120492,0.772480,-0.948007,0.263160,0.036683
-7.897917,4.459213,0.775842,0.035369,-0.020860,0.266852,0.962862,0.138329,-0.065594,0.407027,0.184940,-0.339186,0.026967,-0.297129,0.026619,-0.308109,0.316001,-0.144327,-0.045137,-0.083175,-0.086791,0.126641,-0.092392,0.183400,-0.405234,1.010761,0.775695,0.120463,0.083006,0.263977,-0.116994,0.111804,0.759364,-0.943460,0.256933,0.034155
-7.893212,4.470478,0.773164,0.036652,-0.019073,0.262678,0.963998,0.154434,-0.081778,0.414614,0.177901,-0.349828,0.029997,-0.285202,0.028319,-0.364630,0.294544,-0.110828,-0.079526,-0.086053,-0.084935,0.121301,-0.094649,0.171435,-0.431871,1.017673,0.789587,0.110464,0.052571,0.271740,-0.119175,0.104539,0.745419,-0.940931,0.251622,0.028433
-7.887877,4.481866,0.768479,0.039224,-0.018542,0.261425,0.964248,0.169325,-0.098407,0.416363,0.182279,-0.364374,0.034733,-0.275614,0.028475,-0.355394,0.305591,-0.109251,-0.166855,-0.091679,-0.081452,0.115916,-0.094120,0.156558,-0.456494,1.019720,0.802099,0.098138,0.021613,0.278895,-0.123604,0.097606,0.732658,-0.940324,0.249153,0.022066
-7.881947,4.492236,0.767311,0.040543,-0.018940,0.260921,0.964322,0.182691,-0.109201,0.415979,0.192065,-0.377148,0.038686,-0.266707,0.022220,-0.349589,0.318908,-0.134065,-0.212145,-0.095637,-0.076293,0.109825,-0.090998,0.141625,-0.475185,1.017521,0.811501,0.087117,-0.002801,0.284517,-0.124690,0.089024,0.723358,-0.938698,0.249860,0.015069
-7.875700,4.502300,0.767684,0.039278,-0.020223,0.260969,0.964336,0.192404,-0.110359,0.416978,0.210150,-0.382279,0.038061,-0.255028,0.018639,-0.345028,0.328863,-0.144502,-0.220642,-0.098384,-0.068153,0.103810,-0.084641,0.126619,-0.483524,1.012704,0.814567,0.081438,-0.015763,0.286906,-0.120082,0.077105,0.720148,-0.934344,0.254027,0.006076
-7.869273,4.511778,0.769239,0.037230,-0.021327,0.260041,0.964644,0.192912,-0.104429,0.420266,0.245159,-0.375538,0.034503,-0.237568,0.017987,-0.340125,0.327184,-0.152698,-0.212725,-0.099582,-0.057506,0.098136,-0.074190,0.109109,-0.481354,1.006552,0.810534,0.081897,-0.017010,0.284727,-0.112982,0.062264,0.724326,-0.928939,0.262328,-0.004009
-7.862817,4.520981,0.773295,0.034647,-0.021779,0.258209,0.965222,0.185184,-0.094105,0.424661,0.296685,-0.360309,0.021782,-0.217801,0.018878,-0.334689,0.319290,-0.160405,-0.201161,-0.099082,-0.046292,0.093082,-0.060959,0.091462,-0.475313,0.998923,0.802773,0.082205,-0.015113,0.277868,-0.105536,0.048128,0.734640,-0.925384,0.273411,-0.011674
-7.856801,4.529385,0.776165,0.033149,-0.021912,0.256189,0.965810,0.164541,-0.078484,0.429439,0.368831,-0.333585,-0.004874,-0.201299,0.018062,-0.327851,0.314572,-0.168043,-0.192617,-0.097054,-0.036600,0.089327,-0.048192,0.078278,-0.476112,0.988352,0.796477,0.071762,-0.022898,0.267546,-0.100442,0.039161,0.746896,-0.925927,0.283163,-0.014460
-7.851218,4.537090,0.778293,0.032878,-0.022280,0.253790,0.966444,0.130381,-0.057706,0.431172,0.467923,-0.297366,-0.044001,-0.188489,0.014989,-0.319693,0.316637,-0.177467,-0.186232,-0.093530,-0.029403,0.087576,-0.040424,0.077727,-0.492761,0.972176,0.800147,0.047645,-0.042572,0.254032,-0.097661,0.039537,0.758059,-0.930870,0.286599,-0.013022
-7.846068,4.543943,0.779453,0.033238,-0.022979,0.250566,0.967256,0.083381,-0.031071,0.425519,0.590272,-0.256409,-0.104996,-0.178018,0.011918,-0.310274,0.321998,-0.188196,-0.181049,-0.089011,-0.024348,0.087900,-0.040729,0.095424,-0.527957,0.946919,0.824976,0.018964,-0.056371,0.236128,-0.095688,0.051054,0.767883,-0.939286,0.282064,-0.008782
-7.841390,4.549889,0.779816,0.032727,-0.024105,0.246951,0.968175,0.024055,-0.001108,0.404799,0.728436,-0.213956,-0.178557,-0.168840,0.011809,-0.301361,0.327766,-0.199728,-0.176893,-0.084400,-0.020377,0.090109,-0.047729,0.128132,-0.572102,0.913004,0.871661,-0.000728,-0.044793,0.213658,-0.093389,0.072337,0.776226,-0.949504,0.270466,-0.001591
-7.837013,4.555736,0.782359,0.032267,-0.025544,0.243603,0.969001,-0.041780,0.020002,0.368640,0.867610,-0.173504,-0.244162,-0.154588,0.012449,-0.293821,0.324630,-0.207430,-0.172013,-0.081410,-0.016896,0.093311,-0.053757,0.159727,-0.601411,0.880082,0.913653,-0.005173,-0.013391,0.189042,-0.093265,0.098778,0.780102,-0.959960,0.253842,0.006943
-7.833034,4.561205,0.783283,0.030901,-0.027386,0.240791,0.969698,-0.105704,0.033230,0.329604,0.984504,-0.153698,-0.247522,-0.138368,0.015542,-0.288738,0.315505,-0.211962,-0.165660,-0.081104,-0.013498,0.096910,-0.052142,0.177595,-0.593330,0.860875,0.915284,0.002450,0.015610,0.165498,-0.094567,0.123958,0.776581,-0.967950,0.236195,0.010305
-7.829529,4.566658,0.783784,0.028745,-0.029154,0.236117,0.970862,-0.156193,0.069849,0.298629,1.070939,-0.171168,-0.246307,-0.124408,0.020617,-0.281280,0.306805,-0.212515,-0.160598,-0.080502,-0.009447,0.100211,-0.043439,0.178580,-0.545528,0.858596,0.867995,0.020054,0.032518,0.144183,-0.094862,0.141553,0.765566,-0.970257,0.223865,0.001889
-7.826478,4.572351,0.784202,0.026364,-0.030568,0.227393,0.972966,-0.194227,0.122606,0.281459,1.119315,-0.185455,-0.214916,-0.114635,0.027142,-0.266540,0.302323,-0.210365,-0.155999,-0.076508,-0.003806,0.103311,-0.029742,0.169712,-0.478813,0.860356,0.804199,0.049867,0.049113,0.118959,-0.089251,0.150348,0.751218,-0.964804,0.224620,-0.015740
-7.823936,4.578346,0.784365,0.023965,-0.031430,0.215246,0.975760,-0.223069,0.168292,0.277888,1.122033,-0.198640,-0.155299,-0.111124,0.033859,-0.244267,0.306428,-0.212139,-0.150319,-0.069668,0.002476,0.106707,-0.019949,0.162220,-0.421704,0.865911,0.754738,0.084695,0.076901,0.102539,-0.082749,0.153181,0.734638,-0.950306,0.225248,-0.040119
-7.821866,4.584664,0.784147,0.020968,-0.031823,0.200004,0.979054,-0.243474,0.192169,0.259169,1.082169,-0.218912,-0.120219,-0.114240,0.041569,-0.215737,0.320385,-0.219603,-0.141875,-0.059909,0.008438,0.110573,-0.012492,0.163220,-0.389308,0.875021,0.727865,0.112248,0.108989,0.100717,-0.082809,0.153880,0.721707,-0.929921,0.207786,-0.063298
-7.820058,4.591200,0.783793,0.017760,-0.031733,0.183154,0.982411,-0.256493,0.196157,0.225361,1.006473,-0.245896,-0.098161,-0.119219,0.050074,-0.183261,0.335766,-0.229635,-0.128024,-0.049026,0.013788,0.114448,-0.003722,0.169481,-0.378818,0.882212,0.720076,0.128101,0.129021,0.091451,-0.081286,0.166000,0.711902,-0.911669,0.192733,-0.065654
-7.818342,4.597788,0.783565,0.014616,-0.030897,0.165950,0.985542,-0.260326,0.182978,0.175552,0.902636,-0.274383,-0.082731,-0.122646,0.058516,-0.150355,0.345231,-0.238599,-0.109506,-0.038307,0.018284,0.117523,0.003785,0.174132,-0.384753,0.889678,0.721720,0.135579,0.133806,0.078872,-0.082999,0.190175,0.706852,-0.897791,0.176723,-0.047382
-7.816595,4.604261,0.783487,0.011420,-0.029451,0.148769,0.988367,-0.257736,0.152818,0.099383,0.784032,-0.297936,-0.066142,-0.124422,0.067395,-0.118581,0.348849,-0.242761,-0.097591,-0.028205,0.021585,0.119620,0.013110,0.183711,-0.396420,0.896736,0.724814,0.132361,0.124436,0.070690,-0.090853,0.222691,0.701884,-0.885728,0.158400,-0.009737
-7.814703,4.610517,0.783271,0.008140,-0.027798,0.131891,0.990841,-0.248551,0.111133,-0.006068,0.664349,-0.307044,-0.062305,-0.125004,0.077406,-0.087253,0.349726,-0.243072,-0.095350,-0.019315,0.023568,0.120804,0.023577,0.193701,-0.410405,0.904287,0.727478,0.125880,0.107213,0.066285,-0.101368,0.257760,0.698496,-0.874155,0.141647,0.042970
-7.812758,4.616579,0.782138,0.004372,-0.026614,0.115677,0.992921,-0.229103,0.062780,-0.135214,0.556811,-0.309467,-0.098137,-0.125409,0.088106,-0.057962,0.351948,-0.244555,-0.093452,-0.012057,0.024542,0.121444,0.033967,0.202795,-0.427093,0.912194,0.731638,0.119615,0.086379,0.064923,-0.112169,0.290699,0.699076,-0.864429,0.128741,0.101435
-7.810961,4.622058,0.778716,0.003045,-0.026060,0.101927,0.994446,-0.208916,0.028332,-0.214782,0.484628,-0.272398,-0.117301,-0.120318,0.094031,-0.031750,0.344343,-0.242976,-0.088561,-0.009385,0.024401,0.122411,0.042826,0.205750,-0.447162,0.919676,0.738281,0.112468,0.065331,0.065368,-0.125421,0.318667,0.704355,-0.860530,0.121009,0.156143
-7.810230,4.627525,0.779310,0.001622,-0.026309,0.090904,0.995511,-0.191562,0.024707,-0.215337,0.457274,-0.257106,-0.092294,-0.116758,0.097179,-0.010254,0.341282,-0.241278,-0.081931,-0.011092,0.023483,0.124221,0.049644,0.205537,-0.466815,0.926112,0.745276,0.102513,0.044539,0.067364,-0.138621,0.343024,0.715699,-0.866423,0.117348,0.201539
-7.809348,4.632944,0.779993,-0.000194,-0.026699,0.080267,0.996416,-0.175055,0.035339,-0.176144,0.438371,-0.265134,-0.068773,-0.115988,0.100371,0.009765,0.343283,-0.240992,-0.074601,-0.013527,0.022004,0.125814,0.054704,0.203081,-0.482205,0.931231,0.749012,0.090011,0.021499,0.069903,-0.152155,0.369553,0.733945,-0.888548,0.115654,0.239121
-7.808687,4.637958,0.781130,-0.000798,-0.026437,0.069093,0.997260,-0.152918,0.044087,-0.142180,0.405203,-0.264829,-0.061450,-0.113937,0.101744,0.031281,0.340163,-0.238145,-0.067643,-0.014569,0.019339,0.125631,0.056761,0.198650,-0.496042,0.935195,0.753462,0.081530,-0.004997,0.072606,-0.166399,0.399729,0.758358,-0.924407,0.114140,0.273930
-7.808286,4.642791,0.782549,-0.000663,-0.025544,0.059414,0.997906,-0.128735,0.049114,-0.115352,0.363015,-0.255462,-0.061076,-0.111349,0.100544,0.050985,0.333871,-0.233995,-0.061271,-0.015451,0.015441,0.123747,0.053504,0.196418,-0.514499,0.937582,0.768119,0.082538,-0.030175,0.078538,-0.175101,0.417772,0.785368,-0.948190,0.113992,0.304367
-7.808304,4.647654,0.783849,-0.000160,-0.024020,0.052359,0.998339,-0.108554,0.049502,-0.095787,0.322712,-0.243763,-0.062915,-0.110817,0.096548,0.066700,0.328793,-0.230701,-0.055040,-0.016737,0.010749,0.121361,0.044537,0.197770,-0.536094,0.938126,0.791751,0.087179,-0.046176,0.091912,-0.173317,0.401648,0.807459,-0.930432,0.117982,0.316969
-7.808843,4.652579,0.784867,0.000611,-0.021849,0.047254,0.998644,-0.094176,0.046194,-0.080499,0.288751,-0.233355,-0.060685,-0.113552,0.090556,0.079371,0.325920,-0.228374,-0.048018,-0.018177,0.005676,0.119512,0.033817,0.204101,-0.547866,0.938423,0.809167,0.081181,-0.047872,0.113795,-0.166083,0.356149,0.815535,-0.876582,0.121553,0.298770
-7.809983,4.657470,0.785584,0.001703,-0.019288,0.042276,0.998918,-0.085077,0.040909,-0.066448,0.262198,-0.224272,-0.054449,-0.119618,0.083892,0.091783,0.325203,-0.226528,-0.039618,-0.019238,0.000487,0.118699,0.018931,0.201525,-0.544158,0.942580,0.810754,0.073901,-0.038373,0.131403,-0.157867,0.318996,0.811638,-0.830275,0.126808,0.253275
-7.811765,4.662311,0.785940,0.002916,-0.016585,0.036267,0.999200,-0.081599,0.035230,-0.051736,0.244949,-0.218087,-0.047529,-0.129709,0.077906,0.105573,0.328748,-0.225838,-0.030651,-0.019830,-0.004700,0.119012,0.006968,0.196169,-0.528125,0.944481,0.800775,0.069778,-0.022495,0.143965,-0.163230,0.310250,0.805387,-0.821932,0.129068,0.194319
-7.814103,4.667150,0.785910,0.004097,-0.013781,0.029250,0.999469,-0.084083,0.029855,-0.035374,0.237716,-0.216055,-0.041654,-0.144173,0.073139,0.120931,0.338219,-0.227477,-0.021667,-0.020202,-0.009920,0.120200,-0.002059,0.190505,-0.507100,0.940572,0.789602,0.071725,-0.002415,0.148818,-0.172610,0.321454,0.802690,-0.839719,0.138466,0.143717
-7.816782,4.671987,0.785647,0.005276,-0.010884,0.021660,0.999692,-0.090527,0.024676,-0.018294,0.236919,-0.216386,-0.036441,-0.160677,0.069211,0.137276,0.350064,-0.230050,-0.012520,-0.020310,-0.015240,0.121773,-0.007668,0.185132,-0.483596,0.929445,0.779476,0.075640,0.023007,0.147473,-0.177197,0.332145,0.804573,-0.854875,0.152103,0.114842
-7.819603,4.676803,0.785341,0.006323,-0.007998,0.013811,0.999853,-0.098380,0.019971,-0.001183,0.238430,-0.217609,-0.031452,-0.175836,0.065746,0.153785,0.358584,-0.231341,-0.003118,-0.020084,-0.020487,0.123423,-0.010611,0.178926,-0.457354,0.914318,0.766436,0.077517,0.052786,0.142119,-0.176533,0.335172,0.808432,-0.859640,0.165384,0.102837
-7.822482,4.681568,0.785114,0.007124,-0.005160,0.005968,0.999944,-0.105987,0.016005,0.015744,0.239118,-0.218468,-0.026568,-0.188042,0.062267,0.169461,0.360794,-0.229938,0.006754,-0.019565,-0.025313,0.125093,-0.014137,0.171341,-0.431733,0.901113,0.750187,0.077522,0.081088,0.134667,-0.173443,0.334504,0.811450,-0.863332,0.178944,0.093686
-7.825405,4.686239,0.784960,0.007614,-0.002394,-0.001675,0.999967,-0.112891,0.012935,0.032445,0.238012,-0.218673,-0.021649,-0.197837,0.058620,0.183533,0.357786,-0.226217,0.017264,-0.018838,-0.029593,0.126850,-0.021439,0.163903,-0.412891,0.894245,0.736957,0.078448,0.101140,0.126889,-0.167899,0.332333,0.812819,-0.869908,0.193161,0.079578
-7.828363,4.690714,0.784760,0.007767,0.000182,-0.009059,0.999929,-0.119498,0.011060,0.049004,0.236526,-0.219378,-0.016559,-0.206733,0.055661,0.196521,0.353311,-0.222108,0.027390,-0.018082,-0.033582,0.128837,-0.032626,0.158404,-0.403513,0.894075,0.732701,0.082743,0.110636,0.119511,-0.158479,0.327045,0.813723,-0.873734,0.205465,0.063231
-7.831325,4.694883,0.784422,0.007533,0.002545,-0.016337,0.999835,-0.126647,0.011112,0.065784,0.236790,-0.221575,-0.015683,-0.216070,0.054015,0.208320,0.350385,-0.219158,0.036902,-0.017505,-0.037616,0.131235,-0.044880,0.154232,-0.400648,0.897641,0.737021,0.090332,0.113224,0.111758,-0.145821,0.320035,0.815277,-0.872173,0.213802,0.050412
-7.834241,4.698697,0.783922,0.007103,0.004811,-0.023862,0.999678,-0.135255,0.012967,0.082764,0.240577,-0.225531,-0.018653,-0.227381,0.053526,0.218599,0.351684,-0.219410,0.046259,-0.017198,-0.041836,0.134167,-0.055131,0.150298,-0.399569,0.901829,0.744047,0.097792,0.113765,0.102505,-0.134816,0.318434,0.816862,-0.873065,0.219084,0.042574
-7.837011,4.702159,0.783465,0.006864,0.007013,-0.031949,0.999441,-0.144749,0.015723,0.100130,0.247132,-0.230876,-0.023099,-0.242319,0.052348,0.222503,0.360168,-0.226446,0.057009,-0.016776,-0.046301,0.137624,-0.062114,0.146409,-0.399251,0.905112,0.749589,0.101129,0.114084,0.091568,-0.129514,0.328736,0.816116,-0.887208,0.224790,0.035981
-7.839568,4.705169,0.784598,0.007008,0.008941,-0.040376,0.999120,-0.153095,0.018675,0.117914,0.253724,-0.235514,-0.028645,-0.262039,0.046115,0.211495,0.376610,-0.242034,0.062621,-0.015729,-0.051043,0.141413,-0.066590,0.144489,-0.402665,0.907654,0.754289,0.098435,0.112623,0.080573,-0.129704,0.348659,0.810730,-0.914727,0.232574,0.027027
-7.841566,4.707763,0.784603,0.007559,0.010223,-0.048891,0.998723,-0.158603,0.021023,0.135558,0.257407,-0.238201,-0.033506,-0.282903,0.022542,0.155232,0.401125,-0.258152,0.049307,-0.012840,-0.056277,0.145236,-0.070250,0.146280,-0.412779,0.911021,0.760770,0.090811,0.107343,0.072586,-0.132064,0.368896,0.800233,-0.944587,0.240921,0.016921
-7.843344,4.710093,0.785368,0.008851,0.010780,-0.056255,0.998319,-0.161809,0.021032,0.150971,0.259488,-0.238666,-0.035778,-0.297321,-0.023401,0.049860,0.432092,-0.273611,0.032135,-0.008764,-0.061806,0.148342,-0.075997,0.148314,-0.429133,0.921472,0.770278,0.081108,0.101150,0.073752,-0.134768,0.380923,0.782366,-0.968999,0.248528,0.010862
-7.844590,4.711953,0.785282,0.011133,0.010459,-0.060790,0.998034,-0.164380,0.017373,0.161169,0.263460,-0.238419,-0.033586,-0.303491,-0.080060,-0.056964,0.478098,-0.289759,0.026115,-0.006291,-0.066935,0.150297,-0.081635,0.153197,-0.447811,0.932490,0.780735,0.072909,0.091330,0.076680,-0.138946,0.384114,0.768091,-0.981473,0.254756,0.010550
-7.845314,4.713344,0.785035,0.013338,0.009301,-0.061498,0.997975,-0.166033,0.011002,0.163828,0.268469,-0.235692,-0.022790,-0.302492,-0.116492,-0.093936,0.543546,-0.303534,0.030342,-0.007851,-0.070705,0.150841,-0.084901,0.161651,-0.465091,0.940378,0.790866,0.069045,0.078357,0.076893,-0.143339,0.380185,0.764592,-0.979737,0.260479,0.011610
-7.845593,4.714136,0.784660,0.016140,0.007294,-0.060662,0.998001,-0.166825,0.002645,0.163070,0.275760,-0.231613,-0.005755,-0.296605,-0.135986,-0.084050,0.617405,-0.318077,0.046100,-0.010474,-0.073621,0.149880,-0.087293,0.166878,-0.477927,0.949514,0.800184,0.071383,0.068052,0.079746,-0.146685,0.368052,0.766594,-0.966487,0.265986,0.011053
-7.845538,4.714236,0.784200,0.019079,0.005232,-0.059025,0.998060,-0.167065,-0.005095,0.161253,0.283000,-0.228082,0.005050,-0.279710,-0.145709,-0.050894,0.683196,-0.333914,0.065880,-0.012377,-0.075986,0.147134,-0.087154,0.169653,-0.482467,0.956844,0.805980,0.077900,0.063787,0.082014,-0.148291,0.350727,0.774861,-0.943996,0.268829,0.010941
-7.845236,4.713728,0.783881,0.021152,0.003877,-0.056923,0.998147,-0.166224,-0.010395,0.158383,0.285904,-0.224382,0.009993,-0.251158,-0.159041,-0.027991,0.731574,-0.339264,0.069729,-0.012273,-0.077764,0.142735,-0.086831,0.168094,-0.476729,0.963250,0.805933,0.087781,0.066898,0.085291,-0.148017,0.335462,0.785449,-0.923880,0.269272,0.015321
-7.844779,4.712646,0.783686,0.023230,0.003264,-0.054238,0.998252,-0.165847,-0.014975,0.154360,0.286943,-0.220621,0.012750,-0.213307,-0.175870,-0.014932,0.760862,-0.336202,0.064639,-0.010749,-0.078981,0.137296,-0.079137,0.170450,-0.462750,0.962561,0.798278,0.093459,0.074953,0.078299,-0.149152,0.331802,0.808147,-0.911930,0.268342,0.024076
-7.844113,4.711166,0.783856,0.024883,0.003119,-0.051072,0.998380,-0.163011,-0.018870,0.149152,0.282091,-0.215447,0.013670,-0.169243,-0.187633,-0.000004,0.769911,-0.310389,0.067865,-0.008308,-0.079641,0.131278,-0.072429,0.171845,-0.446513,0.960783,0.787922,0.098444,0.081273,0.071135,-0.149433,0.340258,0.831068,-0.913625,0.267846,0.032941
-7.843249,4.709330,0.784398,0.026508,0.003218,-0.048022,0.998489,-0.157020,-0.022478,0.144015,0.271360,-0.209279,0.012868,-0.118131,-0.186841,0.028675,0.743711,-0.252152,0.096745,-0.004837,-0.079602,0.124892,-0.066729,0.174546,-0.433216,0.958044,0.779679,0.100938,0.083516,0.064441,-0.148080,0.355587,0.849178,-0.922941,0.267036,0.039625
-7.842372,4.707090,0.784413,0.028985,0.003510,-0.046065,0.998512,-0.151416,-0.026031,0.141054,0.261557,-0.205521,0.010339,-0.065729,-0.181879,0.053139,0.666711,-0.237061,0.124457,0.000566,-0.079186,0.118405,-0.062486,0.178319,-0.424019,0.954395,0.775599,0.101470,0.083033,0.058526,-0.145781,0.372097,0.859761,-0.932155,0.263546,0.043456
-7.841374,4.704743,0.785389,0.029728,0.004659,-0.045339,0.998518,-0.145902,-0.025288,0.139345,0.249722,-0.202767,0.006429,-0.013789,-0.185032,0.043140,0.572638,-0.246512,0.134738,0.008249,-0.077933,0.111259,-0.059749,0.183601,-0.415733,0.950337,0.774657,0.103091,0.082882,0.053128,-0.139947,0.386162,0.862935,-0.935406,0.255066,0.045024
-7.840784,4.701957,0.785742,0.029879,0.006546,-0.045373,0.998502,-0.146215,-0.020891,0.139054,0.246105,-0.205947,-0.002280,0.031974,-0.188400,0.014773,0.485283,-0.259742,0.130769,0.015668,-0.076350,0.104002,-0.058883,0.183389,-0.403763,0.949244,0.774005,0.109788,0.087455,0.051294,-0.132770,0.395179,0.856200,-0.933759,0.242955,0.046825
-7.840538,4.698918,0.785539,0.029633,0.009046,-0.046044,0.998459,-0.152191,-0.013827,0.139873,0.251205,-0.213618,-0.012696,0.068885,-0.188738,-0.016799,0.409936,-0.268305,0.125825,0.021567,-0.075116,0.097197,-0.052461,0.181741,-0.384607,0.944918,0.769698,0.116937,0.096227,0.046112,-0.126096,0.401312,0.847474,-0.926554,0.228357,0.050376
-7.840584,4.695786,0.784744,0.030102,0.011890,-0.047543,0.998345,-0.161819,-0.007068,0.142411,0.262221,-0.223712,-0.020559,0.096250,-0.187448,-0.038651,0.349135,-0.277812,0.122693,0.025920,-0.074929,0.091705,-0.040339,0.176194,-0.359973,0.936741,0.760398,0.121116,0.107680,0.038516,-0.122555,0.408281,0.836369,-0.919002,0.213716,0.054206
-7.840894,4.692664,0.783405,0.031887,0.014801,-0.050329,0.998114,-0.173279,-0.002459,0.147274,0.276273,-0.233026,-0.021438,0.114377,-0.187541,-0.052699,0.304078,-0.293296,0.118731,0.029807,-0.076383,0.088199,-0.020860,0.171339,-0.334960,0.923003,0.746069,0.115310,0.116260,0.024701,-0.123688,0.419362,0.827024,-0.911116,0.198922,0.054828
-7.841539,4.689507,0.781661,0.034563,0.017677,-0.054020,0.997785,-0.188211,0.000954,0.153414,0.296046,-0.240647,-0.017519,0.123316,-0.188824,-0.059944,0.275383,-0.314014,0.114347,0.033691,-0.079436,0.087097,-0.001313,0.164325,-0.317269,0.909724,0.730531,0.101575,0.112966,0.011916,-0.131791,0.428456,0.813305,-0.904605,0.180301,0.051664
-7.842631,4.686128,0.779476,0.037049,0.020739,-0.057133,0.997463,-0.211057,0.005813,0.157886,0.328261,-0.249409,-0.015424,0.123339,-0.189135,-0.063735,0.262472,-0.336428,0.109814,0.037257,-0.083314,0.088626,0.011174,0.158413,-0.310961,0.904932,0.717760,0.081001,0.085907,0.001200,-0.135845,0.437386,0.798144,-0.897197,0.166754,0.041180
-7.844276,4.682342,0.776242,0.038133,0.024199,-0.057650,0.997315,-0.244527,0.014720,0.159293,0.376258,-0.260509,-0.017628,0.114687,-0.185433,-0.068047,0.263020,-0.357338,0.105213,0.039526,-0.086531,0.092964,0.011581,0.152611,-0.317932,0.905387,0.713454,0.066361,0.033991,-0.008685,-0.137327,0.443026,0.786222,-0.886932,0.156694,0.026871
-7.845974,4.678100,0.774129,0.037141,0.027927,-0.054789,0.997416,-0.285491,0.027276,0.154486,0.435119,-0.270826,-0.021647,0.102973,-0.176473,-0.073101,0.274972,-0.375030,0.099940,0.039761,-0.087541,0.100189,0.009668,0.152794,-0.333233,0.910585,0.721029,0.051961,-0.008093,-0.014954,-0.138804,0.446134,0.775263,-0.875140,0.150071,0.013326
-7.847801,4.673617,0.772292,0.034179,0.031703,-0.049351,0.997693,-0.326655,0.041580,0.144048,0.491461,-0.277201,-0.026025,0.090400,-0.161902,-0.076637,0.290126,-0.388194,0.093923,0.037857,-0.085540,0.110069,0.005445,0.153704,-0.347438,0.912640,0.737798,0.046202,-0.009683,-0.019503,-0.140820,0.448207,0.765985,-0.864058,0.146821,0.003902
-7.849634,4.669114,0.770930,0.030419,0.035608,-0.043003,0.997977,-0.361370,0.054879,0.131506,0.532988,-0.276944,-0.029122,0.078306,-0.145077,-0.080114,0.302670,-0.396222,0.087392,0.034842,-0.081085,0.122056,0.002264,0.150651,-0.352173,0.907498,0.754054,0.051163,0.026843,-0.023636,-0.144507,0.449011,0.759322,-0.854072,0.146175,-0.002544
-7.851385,4.664866,0.770173,0.026595,0.039921,-0.036856,0.998169,-0.388821,0.066131,0.119819,0.558315,-0.271144,-0.028405,0.065525,-0.129115,-0.086726,0.312771,-0.398705,0.080567,0.032232,-0.075398,0.135373,0.001277,0.144378,-0.349937,0.896645,0.764565,0.059931,0.066204,-0.026735,-0.149085,0.446633,0.757275,-0.844160,0.148678,-0.010347
-7.852988,4.661065,0.769891,0.023435,0.044996,-0.031325,0.998221,-0.411316,0.075026,0.111274,0.571550,-0.261399,-0.024925,0.050723,-0.115656,-0.094263,0.321596,-0.397816,0.073622,0.030978,-0.069628,0.148977,0.000431,0.140137,-0.352052,0.882659,0.775237,0.064699,0.081711,-0.028169,-0.152420,0.439284,0.762140,-0.833357,0.156856,-0.022195
-7.854284,4.657862,0.769743,0.021031,0.051025,-0.027057,0.998109,-0.428955,0.081682,0.104926,0.574000,-0.254759,-0.024873,0.033367,-0.105109,-0.100711,0.330316,-0.398348,0.066947,0.031671,-0.064450,0.161743,-0.001167,0.142733,-0.364357,0.866045,0.793489,0.064757,0.079635,-0.028349,-0.152541,0.428284,0.774460,-0.821911,0.171920,-0.036407
-7.855057,4.655288,0.769722,0.019559,0.057884,-0.024794,0.997824,-0.440825,0.085468,0.098697,0.565798,-0.252446,-0.027355,0.014894,-0.097642,-0.104388,0.337423,-0.399148,0.061280,0.034192,-0.060191,0.172943,0.002487,0.154501,-0.380121,0.848397,0.815251,0.056730,0.079441,-0.026377,-0.151131,0.419398,0.790117,-0.811363,0.190348,-0.048634
-7.855114,4.653293,0.769843,0.018943,0.065209,-0.024617,0.997388,-0.446969,0.088165,0.095814,0.549173,-0.252737,-0.030910,-0.001735,-0.092746,-0.105727,0.339724,-0.398790,0.056518,0.037531,-0.056931,0.182312,0.005812,0.161162,-0.390902,0.830033,0.832602,0.054386,0.079791,-0.028632,-0.142381,0.422612,0.812782,-0.804491,0.211058,-0.058374
-7.854334,4.651780,0.769875,0.018815,0.072611,-0.025784,0.996849,-0.449854,0.090685,0.095742,0.530122,-0.256078,-0.035222,-0.014458,-0.089352,-0.105781,0.336405,-0.398468,0.052460,0.040681,-0.054756,0.190069,0.008575,0.165626,-0.396319,0.819596,0.835120,0.053015,0.082762,-0.028741,-0.146580,0.433396,0.827419,-0.801872,0.217790,-0.054862
-7.852701,4.650682,0.769467,0.018829,0.079911,-0.027046,0.996257,-0.453809,0.093155,0.096383,0.516801,-0.263629,-0.041306,-0.023347,-0.086768,-0.105727,0.329855,-0.400876,0.049315,0.043021,-0.053644,0.196807,0.014101,0.167394,-0.396008,0.813178,0.829180,0.054768,0.091061,-0.028639,-0.152981,0.452378,0.838788,-0.804642,0.216023,-0.047236
-7.850309,4.649969,0.768356,0.019014,0.087247,-0.027545,0.995624,-0.462822,0.094859,0.096091,0.515287,-0.276331,-0.047373,-0.029999,-0.085373,-0.107217,0.323057,-0.408202,0.047163,0.044329,-0.053425,0.203142,0.019701,0.167034,-0.390801,0.811101,0.818024,0.059284,0.106138,-0.025831,-0.160401,0.472754,0.842860,-0.808765,0.209759,-0.039961
-7.847271,4.649674,0.766388,0.019595,0.095092,-0.027124,0.994906,-0.478658,0.094876,0.094666,0.526584,-0.295476,-0.050245,-0.036727,-0.085920,-0.110707,0.318224,-0.422463,0.046142,0.044642,-0.053735,0.209353,0.024162,0.164546,-0.381379,0.811350,0.801930,0.063806,0.125129,-0.018930,-0.168001,0.487953,0.837722,-0.809073,0.201745,-0.035981
-7.843619,4.649848,0.763578,0.020766,0.104164,-0.025853,0.994007,-0.501692,0.092776,0.093008,0.548429,-0.320047,-0.048741,-0.045204,-0.089162,-0.116649,0.315252,-0.443377,0.046820,0.044152,-0.054254,0.215349,0.026762,0.161371,-0.370920,0.810426,0.783875,0.065229,0.144189,-0.008618,-0.175361,0.494669,0.824421,-0.802719,0.194610,-0.037505
-7.839321,4.650515,0.759977,0.022401,0.115183,-0.023775,0.992807,-0.532318,0.089481,0.092218,0.578387,-0.346391,-0.049112,-0.057858,-0.095038,-0.124865,0.315651,-0.469572,0.049514,0.043182,-0.054832,0.221022,0.027383,0.159730,-0.363657,0.805891,0.770202,0.062502,0.162727,0.003374,-0.181209,0.492742,0.806423,-0.789140,0.192622,-0.047657
-7.834409,4.651636,0.755290,0.024686,0.128106,-0.021810,0.991213,-0.573536,0.086303,0.093341,0.621937,-0.370741,-0.052547,-0.082107,-0.104220,-0.132164,0.333020,-0.504472,0.053714,0.042148,-0.055338,0.227259,0.029021,0.159218,-0.357264,0.796478,0.759835,0.053728,0.186725,0.014914,-0.185872,0.488857,0.789226,-0.770280,0.191700,-0.057064
-7.828779,4.653346,0.748560,0.027831,0.141099,-0.021553,0.989369,-0.627112,0.085142,0.098395,0.691160,-0.399914,-0.061811,-0.130494,-0.119696,-0.133783,0.399437,-0.556931,0.059860,0.041928,-0.054734,0.237136,0.038102,0.157333,-0.341655,0.778952,0.739059,0.031975,0.228235,0.022486,-0.199294,0.501402,0.775609,-0.760258,0.174146,-0.035269
-7.821893,4.655909,0.739217,0.031821,0.150712,-0.021547,0.987831,-0.691720,0.083870,0.104365,0.797484,-0.432516,-0.079961,-0.210784,-0.145274,-0.126610,0.549372,-0.607487,0.071459,0.043963,-0.050544,0.256051,0.057416,0.150514,-0.308530,0.749036,0.690609,-0.012823,0.290149,0.021527,-0.238515,0.538826,0.756750,-0.780603,0.128875,0.023432
-7.811881,4.658677,0.730582,0.040830,0.154105,-0.016553,0.987072,-0.772505,0.071177,0.105666,0.952645,-0.440954,-0.109312,-0.298911,-0.188042,-0.115659,0.755259,-0.639297,0.089721,0.048518,-0.041217,0.288551,0.082332,0.129443,-0.259045,0.711043,0.599777,-0.083364,0.344475,0.007352,-0.312511,0.568019,0.717503,-0.829477,0.073122,0.056428
-7.797824,4.661870,0.721936,0.050319,0.151019,-0.002038,0.987247,-0.866881,0.051522,0.100644,1.116336,-0.449636,-0.133196,-0.357932,-0.237638,-0.111030,0.947712,-0.644377,0.113408,0.052069,-0.025255,0.332934,0.118610,0.098041,-0.207838,0.674906,0.474120,-0.149619,0.338055,-0.029093,-0.390533,0.544457,0.668754,-0.871409,0.046783,0.009116
-7.780458,4.665743,0.707823,0.055743,0.144004,0.015342,0.987887,-0.966424,0.063349,0.111172,1.250257,-0.442774,-0.137936,-0.359694,-0.277501,-0.118706,1.068114,-0.676694,0.136711,0.048702,-0.004888,0.382967,0.161257,0.093449,-0.190810,0.678242,0.363754,-0.162163,0.257370,-0.093451,-0.446280,0.465904,0.609135,-0.889421,0.062537,-0.090630
-7.759685,4.671226,0.691328,0.051457,0.137248,0.020628,0.988984,-1.070153,0.129600,0.122053,1.332548,-0.438008,-0.122590,-0.320920,-0.293110,-0.132712,1.117520,-0.744725,0.161874,0.038354,0.012579,0.432523,0.225920,0.145977,-0.237997,0.735773,0.351029,-0.125382,0.147346,-0.207603,-0.461274,0.375256,0.518576,-0.904464,0.077590,-0.187271
-7.735056,4.678629,0.674622,0.040786,0.134757,0.006128,0.990020,-1.181928,0.219690,0.085774,1.364030,-0.423231,-0.123433,-0.273642,-0.295656,-0.143207,1.122318,-0.830376,0.188569,0.027012,0.017935,0.476653,0.312396,0.224633,-0.366007,0.839346,0.438479,-0.091243,0.038671,-0.355763,-0.427959,0.301179,0.359398,-0.922868,0.045700,-0.254614
-7.704801,4.688083,0.660658,0.023869,0.138008,-0.018454,0.989971,-1.292193,0.308012,-0.004076,1.349944,-0.408296,-0.104592,-0.224414,-0.292251,-0.150684,1.085867,-0.856534,0.223404,0.023351,0.010221,0.503302,0.446892,0.296954,-0.476452,0.931104,0.516188,-0.115253,-0.036225,-0.498565,-0.347684,0.265988,0.143583,-0.898336,-0.036039,-0.310432
-7.667368,4.698461,0.648129,0.005482,0.152596,-0.036543,0.987598,-1.390969,0.384095,-0.107421,1.302553,-0.400138,-0.108349,-0.166815,-0.275305,-0.153741,1.009716,-0.857240,0.246227,0.033428,-0.003562,0.505424,0.601853,0.329152,-0.482968,0.962444,0.506364,-0.155879,-0.044409,-0.592114,-0.276677,0.280299,-0.083699,-0.807211,-0.125386,-0.354945
-7.623379,4.708277,0.637157,-0.005817,0.159871,-0.038270,0.986379,-1.428286,0.422325,-0.180616,1.240444,-0.402316,-0.130359,-0.064144,-0.253672,-0.159725,0.908429,-0.846832,0.247619,0.058396,-0.015923,0.504934,0.731599,0.344577,-0.391842,0.913876,0.427849,-0.196325,-0.027472,-0.591561,-0.302540,0.330922,-0.245072,-0.703109,-0.146907,-0.362781
-7.572604,4.717310,0.630772,-0.005539,0.163375,-0.020564,0.986334,-1.386453,0.435842,-0.179609,1.189538,-0.407362,-0.143429,0.060223,-0.236565,-0.158828,0.795039,-0.703761,0.247434,0.088946,-0.027210,0.500156,0.759827,0.375289,-0.275288,0.843998,0.340542,-0.222073,-0.012409,-0.445993,-0.422883,0.362389,-0.258741,-0.662248,-0.080072,-0.333551
-7.514773,4.726405,0.624641,0.003967,0.166542,0.010749,0.985968,-1.284290,0.431387,-0.123150,1.186029,-0.414258,-0.201385,0.152276,-0.234673,-0.142755,0.758568,-0.423233,0.241770,0.113630,-0.044138,0.485313,0.656401,0.426268,-0.198281,0.769674,0.300701,-0.179330,0.024329,-0.216504,-0.559170,0.399244,-0.066321,-0.682486,0.072924,-0.255451
-7.451489,4.733676,0.627171,0.018684,0.170399,0.048026,0.984027,-1.174976,0.421396,-0.045530,1.192870,-0.455993,-0.245365,0.159264,-0.215433,-0.161463,0.887592,-0.151854,0.246744,0.132213,-0.064554,0.471217,0.418429,0.468921,-0.178513,0.723820,0.326513,-0.115014,0.085709,0.016105,-0.609607,0.463438,0.264741,-0.695496,0.228940,-0.130971
-7.385200,4.740828,0.626329,0.039546,0.172792,0.095867,0.979484,-1.065116,0.355527,0.013725,1.193593,-0.517604,-0.247622,0.051611,-0.127452,-0.086366,1.207045,-0.184488,0.230419,0.131330,-0.083424,0.472616,0.098897,0.456336,-0.210755,0.679961,0.405646,-0.079716,0.134063,0.260594,-0.541253,0.506236,0.576093,-0.631387,0.316716,-0.093095
-7.316892,4.747905,0.626622,0.060534,0.173967,0.139735,0.972906,-0.964141,0.286547,0.045263,1.191265,-0.587738,-0.247730,-0.121930,-0.196345,-0.172377,1.608852,-0.277423,0.211724,0.113888,-0.097199,0.487234,-0.212531,0.381482,-0.271877,0.587516,0.495471,-0.099844,0.153947,0.538355,-0.416839,0.439696,0.721421,-0.507775,0.314367,-0.153824
-7.245703,4.755749,0.627091,0.077507,0.170588,0.175919,0.966408,-0.843248,0.229751,0.049813,1.169579,-0.662520,-0.247753,-0.373758,-0.261465,-0.202691,1.942679,-0.440578,0.048232,0.060920,-0.112994,0.503037,-0.459329,0.297269,-0.321434,0.439674,0.561191,-0.174393,0.161684,0.859577,-0.290653,0.321736,0.673915,-0.383234,0.197346,-0.277652
-7.170913,4.766064,0.629903,0.081938,0.166817,0.187469,0.964528,-0.688163,0.212281,0.045559,1.116802,-0.731699,-0.247744,-0.726086,-0.256812,-0.195853,2.099728,-0.549487,-0.036288,-0.007859,-0.128002,0.505536,-0.607757,0.255072,-0.330462,0.239316,0.595235,-0.254831,0.160284,1.127599,-0.223255,0.274411,0.553191,-0.309815,0.040078,-0.340687
-7.090416,4.777741,0.634155,0.090138,0.156876,0.172546,0.968242,-0.469918,0.199285,0.055480,1.030390,-0.748253,-0.247695,-1.068342,-0.228920,-0.197317,2.034637,-0.564318,-0.107829,-0.062316,-0.141672,0.505471,-0.641804,0.239861,-0.316404,0.070545,0.610585,-0.290745,0.143312,1.283593,-0.239371,0.303990,0.438203,-0.291601,-0.031413,-0.340253
-7.003200,4.789651,0.634556,0.111853,0.143554,0.141369,0.973086,-0.216486,0.150104,0.038325,0.926858,-0.631334,-0.247708,-1.279160,-0.190671,-0.228730,1.761176,-0.552009,-0.096936,-0.082645,-0.154587,0.503212,-0.552743,0.232999,-0.311467,0.016056,0.643113,-0.272422,0.111536,1.281629,-0.287730,0.353201,0.358002,-0.297169,-0.009937,-0.326740
-6.910801,4.798788,0.633050,0.141928,0.131821,0.104843,0.975442,-0.013143,0.067679,-0.027210,0.866309,-0.347923,-0.247842,-1.303275,-0.183814,-0.334774,1.362132,-0.547678,-0.090173,-0.075772,-0.166902,0.493464,-0.401329,0.225755,-0.328284,0.115077,0.707999,-0.213164,0.069137,1.132967,-0.312463,0.372028,0.315147,-0.309266,0.058448,-0.335131
-6.816553,4.803344,0.644371,0.175030,0.115268,0.078571,0.974630,0.090640,-0.033594,-0.064020,0.960125,-0.095242,-0.247540,-1.203466,-0.148138,-0.422417,0.990970,-0.486336,-0.059719,-0.071513,-0.186775,0.482101,-0.266857,0.216304,-0.353862,0.324586,0.773155,-0.128727,0.025197,0.907541,-0.290125,0.325819,0.307120,-0.315456,0.134983,-0.379691
-6.725017,4.800821,0.651275,0.204506,0.091228,0.059611,0.972780,0.053921,-0.044719,-0.061043,1.237955,-0.136483,-0.243170,-1.044830,-0.100373,-0.428653,0.804542,-0.398918,-0.201195,-0.073400,-0.210257,0.478038,-0.153185,0.201798,-0.347781,0.547580,0.798345,-0.047824,-0.004969,0.687608,-0.236262,0.223041,0.291224,-0.324040,0.178683,-0.448148
-6.638059,4.792445,0.654424,0.221457,0.062500,0.044626,0.972142,-0.114262,0.103606,-0.031858,1.627838,-0.248141,-0.146490,-0.881142,-0.169312,-0.357766,0.880594,-0.407399,-0.245805,-0.080962,-0.219521,0.486469,-0.040060,0.204731,-0.280318,0.695405,0.764800,-0.007481,-0.010603,0.481652,-0.218686,0.132677,0.221412,-0.347164,0.166140,-0.476172
-6.556703,4.780580,0.657423,0.231245,0.045632,0.012963,0.971738,-0.394948,0.131664,-0.104775,1.919606,-0.387532,0.001694,-0.776139,-0.157359,-0.322764,1.017233,-0.547970,-0.247634,-0.066757,-0.226847,0.501027,0.070198,0.226249,-0.186807,0.728138,0.708690,-0.013952,0.003339,0.275818,-0.271891,0.135526,0.105345,-0.389941,0.085294,-0.440708
-6.476067,4.764705,0.654864,0.246856,0.047729,-0.023072,0.967601,-0.769485,0.072165,-0.168029,1.994777,-0.446008,0.032383,-0.674099,-0.141320,-0.294760,1.101002,-0.707917,-0.247704,-0.039834,-0.238960,0.505392,0.166569,0.266222,-0.134358,0.690666,0.682289,-0.058494,0.001211,0.121060,-0.382033,0.193914,-0.065219,-0.439624,-0.030407,-0.376514
-6.393487,4.744661,0.650071,0.260175,0.055798,-0.047018,0.962801,-1.080732,-0.002540,-0.166215,1.797688,-0.426409,0.027385,-0.532746,-0.130483,-0.289633,1.100875,-0.829694,-0.247657,-0.008045,-0.255687,0.505424,0.258243,0.326755,-0.138882,0.617575,0.695366,-0.109430,-0.025950,0.066442,-0.479640,0.242228,-0.225100,-0.449573,-0.084269,-0.343339
-6.307130,4.719644,0.642440,0.269365,0.056547,-0.057008,0.959685,-1.199255,-0.061884,-0.112535,1.386664,-0.367219,-0.073826,-0.349972,-0.095147,-0.289190,1.053767,-0.846063,-0.247387,0.022096,-0.273905,0.502636,0.300698,0.387180,-0.158674,0.572962,0.676280,-0.159095,-0.057740,0.149018,-0.546323,0.264958,-0.273921,-0.420769,-0.038536,-0.349360
-6.218818,4.689350,0.625553,0.269641,0.043964,-0.064267,0.959808,-1.153130,-0.099070,-0.029515,0.955466,-0.254973,-0.239441,-0.183055,0.007048,-0.243986,1.057534,-0.714622,-0.241034,0.044788,-0.285903,0.489973,0.309981,0.414681,-0.157936,0.516909,0.599566,-0.191552,-0.063681,0.310831,-0.559961,0.314984,-0.152385,-0.441960,0.092118,-0.343533
-6.131519,4.657073,0.608204,0.256241,0.025423,-0.088413,0.962225,-1.028590,-0.056145,0.060200,0.741435,-0.171877,-0.247381,-0.080622,0.159437,-0.215460,1.194313,-0.532677,-0.101280,0.067505,-0.285600,0.468456,0.256332,0.410771,-0.151478,0.435851,0.532544,-0.219907,-0.030664,0.448866,-0.551052,0.439253,0.100167,-0.523690,0.253129,-0.276595
-6.048504,4.621116,0.586082,0.242791,-0.000272,-0.121166,0.962482,-0.891389,-0.053313,0.048608,0.810208,-0.113681,-0.247792,-0.077954,0.151795,-0.176987,1.519289,-0.538194,-0.003608,0.069873,-0.281074,0.454902,0.110441,0.374299,-0.174527,0.316293,0.537613,-0.236401,0.016356,0.553271,-0.543248,0.566450,0.383569,-0.565239,0.359522,-0.193843
-5.973020,4.580157,0.583961,0.232748,-0.028582,-0.147405,0.960876,-0.770841,0.004019,0.046894,0.972079,-0.263557,-0.247805,-0.188575,0.053251,-0.141435,1.926460,-0.634295,-0.123892,0.039210,-0.283394,0.457829,-0.122783,0.308445,-0.213949,0.173542,0.602936,-0.249152,0.046226,0.686346,-0.566238,0.566259,0.532200,-0.527449,0.367189,-0.192244
-5.897693,4.535246,0.587599,0.221524,-0.056336,-0.163004,0.959783,-0.605491,0.041683,0.057086,1.066429,-0.436004,-0.247757,-0.424989,0.009648,-0.055800,2.237175,-0.698310,-0.194321,-0.021680,-0.291840,0.469609,-0.372718,0.250702,-0.248811,0.028852,0.654445,-0.279252,0.058711,0.832937,-0.612863,0.425193,0.514588,-0.457270,0.274246,-0.278259
-5.822019,4.483974,0.596510,0.215021,-0.074481,-0.190030,0.955043,-0.368756,0.067415,0.059513,1.027127,-0.543941,-0.247688,-0.767796,-0.016924,0.049426,2.309764,-0.687115,-0.190440,-0.081883,-0.301683,0.473962,-0.534642,0.222347,-0.283436,-0.101780,0.664442,-0.310656,0.057051,0.962184,-0.647370,0.242371,0.347896,-0.422162,0.147850,-0.349104
-5.743504,4.423065,0.607473,0.225102,-0.080573,-0.242581,0.940208,-0.076193,0.049109,0.031933,0.882336,-0.466685,-0.247664,-1.075054,-0.033320,0.107400,2.123588,-0.652544,-0.208980,-0.109660,-0.309394,0.455550,-0.537753,0.228145,-0.316052,-0.159365,0.667361,-0.302917,0.033584,0.994605,-0.658036,0.145600,0.140097,-0.457516,0.071439,-0.343362
-5.664529,4.352696,0.613595,0.244155,-0.077818,-0.314148,0.914136,0.187471,0.006367,-0.042660,0.713539,-0.151070,-0.247998,-1.202972,-0.083276,0.019578,1.768964,-0.632664,-0.213467,-0.095738,-0.305550,0.416363,-0.387846,0.233051,-0.320337,-0.083093,0.693738,-0.234787,-0.002455,0.868372,-0.651659,0.175760,-0.020318,-0.531983,0.058073,-0.284726
-5.587932,4.278462,0.636360,0.260665,-0.077312,-0.378037,0.884966,0.319263,-0.051110,-0.017653,0.704478,0.197279,-0.247704,-1.149377,-0.062751,-0.093746,1.388021,-0.564792,-0.148404,-0.075870,-0.298857,0.380947,-0.194120,0.215037,-0.277537,0.118334,0.734351,-0.112822,-0.040836,0.570751,-0.571471,0.287550,-0.075809,-0.587972,0.084342,-0.227307
-5.518384,4.201759,0.652826,0.276409,-0.079044,-0.429454,0.856107,0.284093,-0.129229,0.052250,0.930372,0.159205,-0.247164,-1.000790,-0.073658,-0.207268,1.136924,-0.474604,-0.229427,-0.059072,-0.296724,0.361333,-0.027543,0.200594,-0.223393,0.364839,0.778622,-0.003273,-0.064712,0.225515,-0.382172,0.374696,-0.065918,-0.600638,0.114799,-0.246967
-5.455841,4.123918,0.663376,0.287491,-0.085496,-0.463926,0.833554,0.122762,0.011223,0.208576,1.373697,0.023596,-0.234195,-0.812481,-0.201893,-0.197130,1.132819,-0.528779,-0.246968,-0.055435,-0.286960,0.362183,0.112738,0.199365,-0.203090,0.536946,0.803590,0.048557,-0.100339,-0.080734,-0.164470,0.391445,-0.077291,-0.597732,0.097446,-0.333013
-5.399335,4.045247,0.668630,0.293940,-0.081178,-0.500214,0.810429,-0.176290,0.060035,0.203232,1.817151,-0.155137,-0.066765,-0.672472,-0.220469,-0.196490,1.186237,-0.685653,-0.247658,-0.024488,-0.277023,0.379262,0.300084,0.232088,-0.205727,0.570134,0.794452,-0.011266,-0.113038,-0.351710,0.000855,0.399744,-0.135728,-0.602435,0.006576,-0.422962
-5.347505,3.963898,0.667293,0.299346,-0.073782,-0.530928,0.789344,-0.579152,0.057124,0.142915,2.093702,-0.310149,0.017389,-0.529081,-0.242281,-0.223022,1.212696,-0.770897,-0.247706,0.028565,-0.271924,0.401877,0.536174,0.285928,-0.210914,0.501701,0.750154,-0.145941,-0.094818,-0.611795,0.042334,0.419550,-0.233099,-0.609733,-0.099921,-0.463311
-5.298376,3.875656,0.663400,0.299324,-0.064250,-0.548310,0.778224,-0.989597,0.047087,0.082539,2.108527,-0.365356,0.016940,-0.339119,-0.246185,-0.277629,1.148424,-0.759394,-0.247559,0.091189,-0.271768,0.414725,0.715560,0.355286,-0.225738,0.422744,0.658461,-0.253490,-0.091233,-0.805972,-0.045592,0.396884,-0.313339,-0.602897,-0.149036,-0.418988
-5.250787,3.777089,0.657511,0.287792,-0.052328,-0.553821,0.779564,-1.246966,0.060782,0.086273,1.893292,-0.388426,0.022946,-0.090108,-0.180581,-0.316857,0.959645,-0.626042,-0.243308,0.146405,-0.274274,0.404111,0.784205,0.406467,-0.235852,0.372011,0.545313,-0.286855,-0.110528,-0.850369,-0.220425,0.372068,-0.304213,-0.586099,-0.101882,-0.336802
-5.206849,3.670312,0.649349,0.266181,-0.040953,-0.554687,0.787269,-1.310298,0.066013,0.143864,1.557033,-0.390436,-0.085517,0.151970,-0.041984,-0.249684,0.731243,-0.313359,-0.148284,0.180151,-0.278434,0.377884,0.704620,0.421243,-0.237851,0.366700,0.451208,-0.251644,-0.116507,-0.725013,-0.397961,0.399192,-0.183855,-0.597248,0.008340,-0.255654
-5.166384,3.559367,0.649021,0.235642,-0.033100,-0.549154,0.801129,-1.226496,0.063984,0.209214,1.202892,-0.352126,-0.236165,0.304826,0.139525,-0.045610,0.738549,-0.069699,0.120491,0.187617,-0.282385,0.356289,0.489548,0.425389,-0.240022,0.371919,0.423889,-0.160630,-0.094812,-0.494024,-0.505431,0.454879,0.021821,-0.598668,0.139148,-0.202297
-5.130354,3.448793,0.645287,0.201225,-0.024174,-0.543993,0.814246,-1.085381,0.055575,0.256082,0.977509,-0.285401,-0.247240,0.288166,0.200740,-0.063282,1.096204,-0.087580,0.232060,0.190006,-0.271268,0.351417,0.211137,0.420629,-0.268846,0.414342,0.481378,-0.096912,-0.045817,-0.209826,-0.516753,0.474548,0.250596,-0.577666,0.254252,-0.198164
-5.098614,3.340877,0.638968,0.189688,-0.024411,-0.530911,0.825564,-0.956998,0.035499,0.189404,1.007973,-0.278839,-0.247652,0.113591,0.022860,-0.192984,1.649589,-0.207491,0.153872,0.176892,-0.265349,0.373047,-0.075809,0.347581,-0.309077,0.449035,0.589455,-0.084315,0.004746,0.109630,-0.489349,0.414451,0.407000,-0.514453,0.315658,-0.258640
-5.070114,3.231356,0.639122,0.182699,-0.034696,-0.510497,0.839530,-0.800729,0.016916,0.139104,1.083588,-0.420626,-0.247698,-0.154129,-0.069558,-0.154534,2.122150,-0.354136,-0.000929,0.130002,-0.266082,0.405387,-0.312418,0.267508,-0.311330,0.415983,0.667622,-0.124513,0.043001,0.460764,-0.441250,0.284224,0.435391,-0.440662,0.275599,-0.336282
-5.041773,3.118265,0.649032,0.162143,-0.042684,-0.509667,0.843876,-0.579615,0.043838,0.101231,1.094010,-0.567585,-0.247740,-0.508447,-0.078974,-0.035343,2.362460,-0.451477,-0.072552,0.070878,-0.263588,0.428245,-0.461598,0.237796,-0.276473,0.300305,0.694375,-0.191889,0.075633,0.812224,-0.408914,0.163791,0.350151,-0.394588,0.166018,-0.364025
-5.012471,3.001087,0.661076,0.131855,-0.048555,-0.533481,0.834059,-0.284907,0.102667,0.086659,1.011151,-0.609870,-0.247683,-0.885046,-0.088046,0.141170,2.315836,-0.452787,-0.068026,0.010364,-0.258921,0.431719,-0.496369,0.272473,-0.217608,0.154883,0.674415,-0.244662,0.085036,1.084453,-0.417213,0.088079,0.228417,-0.410268,0.076396,-0.339156
-4.983670,2.877689,0.671189,0.108498,-0.051459,-0.576307,0.808363,0.034677,0.144882,0.075970,0.870447,-0.443418,-0.247737,-1.145443,-0.115757,0.209454,2.025938,-0.442003,-0.060430,-0.032065,-0.252777,0.410669,-0.399785,0.339856,-0.158363,0.064594,0.640290,-0.247237,0.068074,1.231472,-0.474548,0.024334,0.095917,-0.475952,0.036813,-0.290663
-4.955275,2.750691,0.685787,0.093864,-0.047783,-0.626338,0.772403,0.286990,0.106884,-0.004140,0.775617,-0.100627,-0.247605,-1.219738,-0.100373,0.145840,1.590330,-0.462950,0.001678,-0.048128,-0.237979,0.374409,-0.213874,0.396595,-0.127976,0.096562,0.633455,-0.196632,0.034068,1.210965,-0.546458,-0.016934,-0.026861,-0.552023,0.029717,-0.235127
-4.929348,2.623898,0.696530,0.084442,-0.041626,-0.666050,0.739942,0.380439,-0.068994,-0.162587,0.874786,0.011950,-0.246438,-1.138878,-0.011434,0.153062,1.109865,-0.454731,0.184225,-0.049790,-0.215925,0.342550,-0.036657,0.420696,-0.161846,0.256158,0.669615,-0.117253,-0.022462,1.028517,-0.590620,0.003036,-0.108408,-0.618574,0.034673,-0.179838
-4.907515,2.501102,0.704366,0.080376,-0.043767,-0.679038,0.728376,0.282068,-0.020642,0.006658,1.184481,-0.046398,-0.218307,-0.991066,0.006656,0.207396,0.808129,-0.410150,0.237260,-0.055637,-0.202755,0.332209,0.073322,0.419716,-0.254418,0.479495,0.741244,-0.043449,-0.103030,0.745325,-0.561998,0.095512,-0.122310,-0.691585,0.038838,-0.138723
-4.888742,2.383625,0.709521,0.074068,-0.042732,-0.677375,0.730651,0.044839,0.087148,0.129961,1.553908,-0.193761,-0.062165,-0.880504,-0.055516,0.142631,0.829106,-0.246947,0.130214,-0.037785,-0.184227,0.344774,0.139457,0.408564,-0.346955,0.658167,0.810431,-0.000929,-0.170296,0.435217,-0.464880,0.221233,-0.069605,-0.768722,0.032739,-0.125967
-4.871666,2.268142,0.710269,0.060460,-0.040868,-0.669210,0.739481,-0.280764,0.093776,0.155043,1.803677,-0.290095,-0.034345,-0.784950,-0.089741,0.073642,1.000302,-0.296528,-0.008493,0.000227,-0.154293,0.371186,0.197495,0.395463,-0.378858,0.736796,0.828057,-0.009567,-0.185492,0.161383,-0.356474,0.335446,-0.009427,-0.828238,0.003987,-0.142411
-4.855792,2.152565,0.709450,0.047280,-0.044145,-0.660127,0.748364,-0.625490,0.071826,0.191265,1.842735,-0.339648,-0.019511,-0.652841,-0.147548,-0.010180,1.175677,-0.489324,-0.043237,0.047052,-0.120850,0.395924,0.289508,0.395949,-0.357916,0.698529,0.784674,-0.063048,-0.164721,-0.062045,-0.296483,0.420511,0.016015,-0.844532,-0.048724,-0.176530
-4.839464,2.033145,0.704228,0.031254,-0.041311,-0.652286,0.756201,-0.876781,0.088443,0.259248,1.632922,-0.335220,0.020760,-0.490075,-0.173585,-0.070410,1.323513,-0.563248,-0.008870,0.092522,-0.089601,0.405140,0.406867,0.416782,-0.327726,0.609657,0.714785,-0.125635,-0.144623,-0.223261,-0.279134,0.475444,-0.008865,-0.820220,-0.110228,-0.219281
-4.821825,1.909438,0.695979,0.005055,-0.029370,-0.643828,0.764589,-0.955186,0.078452,0.332934,1.229910,-0.250274,-0.014105,-0.341294,-0.124612,-0.076062,1.462281,-0.393014,0.143302,0.126723,-0.056334,0.396156,0.534597,0.454581,-0.304548,0.512411,0.652424,-0.169562,-0.142018,-0.303850,-0.280758,0.508341,-0.063802,-0.789738,-0.148984,-0.264720
-4.803242,1.783953,0.692809,-0.033086,-0.018920,-0.641074,0.766532,-0.889028,0.034173,0.379789,0.817465,-0.026835,-0.182263,-0.241125,-0.062631,-0.066231,1.612903,-0.299898,0.242614,0.147215,-0.014794,0.377097,0.691252,0.500437,-0.277600,0.401585,0.590472,-0.215437,-0.142828,-0.309396,-0.294878,0.524849,-0.102901,-0.776403,-0.160183,-0.286788
-4.782754,1.662151,0.686019,-0.069914,-0.018014,-0.639094,0.765732,-0.765214,0.017608,0.431891,0.623577,0.128242,-0.149306,-0.250554,-0.118079,0.018502,1.762996,-0.334339,0.239235,0.139833,0.027318,0.363720,0.830871,0.516883,-0.241549,0.273096,0.532011,-0.255689,-0.150010,-0.259326,-0.318496,0.539452,-0.097739,-0.796402,-0.153355,-0.271724
-4.760551,1.545075,0.675403,-0.095121,-0.025816,-0.637526,0.764098,-0.633882,0.055118,0.434690,0.778964,-0.109745,0.225838,-0.399815,-0.202883,0.127029,1.814018,-0.386444,0.083246,0.128685,0.057210,0.366669,0.899509,0.496393,-0.200010,0.142612,0.476946,-0.274073,-0.146288,-0.184159,-0.351116,0.549660,-0.056425,-0.829263,-0.126926,-0.232128
-4.736698,1.434449,0.668811,-0.097132,-0.038189,-0.630648,0.769019,-0.616490,0.043892,0.411500,1.109906,-0.289634,0.245904,-0.616771,-0.270278,0.215065,1.646223,-0.415915,0.018997,0.117979,0.074900,0.389844,0.866486,0.444157,-0.172100,0.049807,0.422994,-0.256975,-0.108250,-0.094305,-0.396560,0.542742,-0.021657,-0.857928,-0.094492,-0.187829
-4.712558,1.325310,0.661198,-0.088888,-0.039555,-0.614643,0.782782,-0.633275,0.043452,0.430900,1.442514,-0.233505,0.226723,-0.753001,-0.355168,0.194835,1.227746,-0.408506,0.072182,0.100672,0.080755,0.414741,0.785428,0.393171,-0.154208,0.004482,0.386622,-0.215118,-0.038583,0.000453,-0.425193,0.533877,-0.023793,-0.866889,-0.084809,-0.153463
-4.690491,1.217098,0.660196,-0.076022,-0.038255,-0.598232,0.796791,-0.651502,0.129568,0.433680,1.720866,-0.054597,0.068512,-0.741488,-0.377037,0.162896,0.738006,-0.337880,0.215664,0.080501,0.072152,0.430565,0.732837,0.356511,-0.166122,-0.002067,0.365802,-0.178147,0.009413,0.067445,-0.441514,0.556895,-0.058038,-0.862464,-0.112568,-0.119502
-4.668634,1.112956,0.654367,-0.080526,-0.035589,-0.573128,0.814723,-0.722448,0.170596,0.409977,1.910089,-0.079929,0.021092,-0.655751,-0.395443,0.081725,0.475922,-0.254388,0.246327,0.054886,0.062854,0.446057,0.746070,0.357756,-0.201674,0.021384,0.351028,-0.147089,0.004368,0.073358,-0.442392,0.613539,-0.097828,-0.862903,-0.154895,-0.091168
-4.645417,1.014158,0.644567,-0.098629,-0.032963,-0.530071,0.841552,-0.849168,0.238104,0.397637,1.980014,-0.111942,0.040919,-0.579603,-0.397448,0.111328,0.560638,-0.061163,0.247056,0.024679,0.064875,0.469809,0.788629,0.395896,-0.248980,0.085150,0.360927,-0.102371,-0.026109,0.007473,-0.418757,0.666642,-0.119189,-0.893435,-0.177420,-0.084810
-4.618789,0.919771,0.630257,-0.122594,-0.028719,-0.494322,0.860112,-0.989419,0.279855,0.433926,1.891927,-0.163664,0.096731,-0.533826,-0.325643,0.072914,0.838206,-0.082479,0.247727,0.024063,0.079484,0.497731,0.828387,0.449351,-0.297778,0.189449,0.405016,-0.047065,-0.042025,-0.125880,-0.372586,0.702166,-0.113422,-0.959779,-0.178890,-0.099587
-4.588229,0.829414,0.617963,-0.138416,-0.006074,-0.475274,0.868861,-1.116025,0.247984,0.499708,1.627765,-0.151525,0.066395,-0.502746,-0.306424,0.012234,1.116418,-0.323958,0.247707,0.041290,0.105519,0.505324,0.850279,0.474275,-0.361740,0.312340,0.434630,-0.027515,-0.042459,-0.306610,-0.327506,0.728920,-0.104771,-1.023991,-0.183088,-0.125182
-4.548904,0.743399,0.610497,-0.160461,0.022975,-0.470495,0.867386,-1.134907,0.212078,0.565476,1.250036,-0.093393,0.046298,-0.447213,-0.277573,-0.052329,1.315239,-0.413897,0.247779,0.068367,0.131258,0.505580,0.896030,0.465189,-0.404197,0.373885,0.416139,-0.072410,-0.038565,-0.464405,-0.277547,0.740173,-0.126915,-1.026579,-0.206537,-0.169931
-4.501835,0.663277,0.607710,-0.192525,0.039697,-0.460364,0.865692,-1.021334,0.177107,0.621072,0.936754,0.002408,0.039994,-0.385735,-0.187321,-0.021200,1.477855,-0.235806,0.247940,0.087729,0.155181,0.504048,0.953659,0.436855,-0.403451,0.367351,0.354983,-0.148180,-0.042783,-0.539971,-0.233938,0.712862,-0.171160,-0.956947,-0.222524,-0.223605
-4.448851,0.589585,0.625623,-0.224031,0.038159,-0.446234,0.865580,-0.865009,0.111834,0.566401,0.810879,0.097288,0.166610,-0.353566,-0.140138,0.033414,1.642855,-0.030959,0.247624,0.102930,0.171487,0.498789,0.981150,0.405149,-0.360122,0.347543,0.274168,-0.179772,-0.048690,-0.525552,-0.224833,0.641601,-0.199434,-0.880564,-0.203987,-0.255825
-4.391930,0.521781,0.638182,-0.251190,0.026980,-0.434878,0.864324,-0.680205,0.122255,0.349402,0.851525,-0.191054,0.244129,-0.385723,-0.202987,0.138775,1.769651,-0.083998,0.245202,0.119697,0.175949,0.492409,0.933352,0.388514,-0.288425,0.352909,0.224231,-0.141899,-0.010430,-0.460890,-0.259289,0.546499,-0.170272,-0.859383,-0.151971,-0.248844
-4.332468,0.459521,0.643147,-0.273007,0.035122,-0.404184,0.872278,-0.455282,0.242312,0.494004,0.967620,-0.605442,0.247585,-0.532308,-0.195539,0.239950,1.812890,-0.195722,0.189420,0.104241,0.196306,0.487083,0.800203,0.393666,-0.234526,0.344419,0.249383,-0.077761,0.077460,-0.386151,-0.348223,0.459679,-0.074938,-0.900883,-0.082899,-0.208053
-4.271070,0.400021,0.642787,-0.277821,0.046485,-0.379775,0.881150,-0.317033,0.253984,0.519279,1.026663,-0.802498,0.247637,-0.737819,-0.150146,0.271635,1.698181,-0.292516,0.099716,0.093336,0.216441,0.494939,0.613707,0.408618,-0.235008,0.301281,0.334556,-0.051235,0.157163,-0.309483,-0.458576,0.393185,0.048341,-0.968209,-0.019042,-0.151679
-4.206215,0.344918,0.639430,-0.276660,0.069012,-0.356725,0.889632,-0.211466,0.216636,0.502898,1.010475,-0.855361,0.247621,-0.910457,-0.078453,0.230557,1.417908,-0.320414,0.063946,0.074759,0.232597,0.500790,0.443526,0.445628,-0.266498,0.193007,0.440584,-0.093084,0.191454,-0.205735,-0.527273,0.323854,0.136354,-1.002076,0.026068,-0.122009
-4.137268,0.291412,0.632475,-0.274338,0.096056,-0.338723,0.894862,-0.127552,0.149901,0.459944,0.981245,-0.845175,0.247681,-1.011388,0.089992,0.239887,1.066058,-0.319846,0.173992,0.041002,0.241346,0.500818,0.323156,0.488164,-0.286096,0.047980,0.517507,-0.173882,0.199707,-0.063786,-0.522733,0.231716,0.146961,-0.986657,0.044043,-0.134658
-4.064620,0.242930,0.619400,-0.270458,0.113999,-0.328240,0.897839,-0.074623,0.039546,0.374838,0.980577,-0.681669,0.247873,-1.042144,0.268237,0.228862,0.791039,-0.271147,0.244498,-0.001165,0.236026,0.496024,0.263626,0.491854,-0.290028,-0.058424,0.523153,-0.219388,0.198473,0.101023,-0.448058,0.142012,0.086226,-0.951961,0.029971,-0.169239
-3.991832,0.196762,0.606613,-0.255956,0.115346,-0.306784,0.909431,-0.054874,-0.115333,0.317041,1.094276,-0.499811,0.247698,-1.028634,0.255819,0.091327,0.711957,-0.196814,0.247594,-0.051561,0.215034,0.486402,0.257908,0.445072,-0.315625,-0.065043,0.475421,-0.190798,0.177723,0.249420,-0.340571,0.101432,-0.009483,-0.948483,-0.009057,-0.195150
-3.919562,0.157266,0.588334,-0.238691,0.103192,-0.268503,0.927515,-0.053306,-0.137372,0.272501,1.380672,-0.476170,0.247530,-0.957772,0.285993,0.103174,0.872600,-0.177898,0.247805,-0.087631,0.194005,0.475558,0.297684,0.384728,-0.362541,0.030718,0.431712,-0.098532,0.148618,0.330256,-0.222702,0.139554,-0.105333,-0.993104,-0.065083,-0.207786
-3.849314,0.128600,0.591968,-0.218773,0.087268,-0.235586,0.942879,-0.138524,-0.118408,0.221376,1.743809,-0.533448,0.247329,-0.874398,0.218801,0.111070,1.040953,-0.340641,0.247758,-0.087534,0.177262,0.473192,0.371767,0.357406,-0.415871,0.192213,0.431533,-0.005670,0.149614,0.284981,-0.124801,0.265580,-0.170133,-1.068332,-0.141365,-0.229836
-3.778658,0.109505,0.602569,-0.199012,0.077475,-0.217138,0.952493,-0.328622,-0.067541,0.187791,2.052634,-0.596913,0.247084,-0.766327,0.128562,0.096359,1.103440,-0.450430,0.247753,-0.059608,0.164609,0.478757,0.482731,0.388086,-0.452846,0.329926,0.474219,0.024820,0.150413,0.087074,-0.077600,0.427314,-0.215600,-1.121704,-0.215134,-0.241850
-3.705940,0.099329,0.620421,-0.183537,0.073563,-0.205458,0.958483,-0.626098,0.007164,0.151851,2.203649,-0.611477,0.247374,-0.618781,0.048962,0.094305,1.049143,-0.473113,0.247728,-0.017696,0.160550,0.486989,0.602455,0.459149,-0.478544,0.409246,0.526048,-0.022259,0.140432,-0.174261,-0.093234,0.549148,-0.268590,-1.113419,-0.261737,-0.260600
-3.627686,0.095948,0.642501,-0.176726,0.074423,-0.180630,0.964677,-0.957839,0.065280,0.141392,2.155795,-0.551480,0.244399,-0.440476,-0.020906,0.089096,0.942093,-0.402888,0.247700,0.018360,0.169560,0.489525,0.706905,0.547084,-0.468137,0.435338,0.534108,-0.115974,0.117512,-0.379079,-0.165782,0.565701,-0.323783,-1.058646,-0.245494,-0.290773
-3.542822,0.097526,0.657967,-0.185138,0.081910,-0.140949,0.969096,-1.191829,0.100601,0.165247,1.903125,-0.467098,0.238080,-0.278677,-0.060951,0.073275,0.866584,-0.178403,0.247789,0.037132,0.189085,0.481599,0.809799,0.609762,-0.412821,0.391546,0.470799,-0.185085,0.100182,-0.458970,-0.260966,0.454025,-0.325611,-0.997683,-0.159279,-0.322128
-3.452659,0.101829,0.672775,-0.202641,0.091653,-0.096307,0.970186,-1.238928,0.112632,0.239684,1.501130,-0.382268,0.217161,-0.173310,-0.067387,0.086158,0.911728,0.024623,0.247723,0.035934,0.211099,0.463297,0.872596,0.614538,-0.345501,0.304900,0.384811,-0.214238,0.105182,-0.422545,-0.327764,0.262253,-0.221809,-0.963089,-0.027107,-0.326633
-3.359268,0.109751,0.682520,-0.218242,0.088560,-0.056807,0.970206,-1.139629,0.096765,0.322596,1.098210,-0.259426,0.179437,-0.139609,-0.010412,0.098132,1.157307,0.017738,0.247720,0.029707,0.229042,0.442578,0.875247,0.585024,-0.301914,0.179796,0.350844,-0.216562,0.123351,-0.323378,-0.374166,0.088463,-0.021557,-0.957475,0.102154,-0.283399
-3.266239,0.121995,0.688481,-0.219589,0.072501,-0.026309,0.972539,-0.952108,0.055467,0.344898,0.839464,-0.120480,0.244720,-0.195834,-0.100062,0.064278,1.479935,-0.082547,0.247564,0.028939,0.235102,0.425106,0.797173,0.529440,-0.282662,0.045722,0.388598,-0.225190,0.134713,-0.195793,-0.418976,-0.012327,0.227723,-0.954265,0.172200,-0.210605
-3.173818,0.138360,0.690270,-0.218290,0.049899,0.003191,0.974602,-0.726983,0.055800,0.285784,0.850656,-0.291056,0.247676,-0.324674,-0.180511,0.142051,1.789686,-0.225207,0.243819,0.023561,0.229107,0.408851,0.689247,0.474739,-0.258578,-0.119061,0.454986,-0.245229,0.138585,-0.037460,-0.432029,-0.044432,0.419205,-0.934116,0.175519,-0.160004
-3.082140,0.158133,0.693453,-0.217815,0.038333,0.037353,0.974521,-0.526124,0.042347,0.320227,0.882869,-0.466784,0.247665,-0.571058,-0.207358,0.232786,1.990121,-0.352607,0.161734,-0.003431,0.232628,0.398282,0.552565,0.433587,-0.251947,-0.301213,0.496617,-0.276322,0.155560,0.140116,-0.407944,-0.064752,0.487996,-0.882902,0.130071,-0.169789
-2.991452,0.182863,0.691124,-0.215210,0.037413,0.066063,0.973612,-0.330790,-0.011599,0.328079,0.834735,-0.531013,0.247634,-0.859002,-0.142249,0.256842,1.994575,-0.399151,0.099391,-0.041994,0.242817,0.390453,0.415101,0.422793,-0.268059,-0.453424,0.503220,-0.307377,0.181355,0.292246,-0.351804,-0.096517,0.439327,-0.811107,0.089608,-0.187917
-2.900387,0.213059,0.682879,-0.208474,0.041569,0.083937,0.973532,-0.134263,-0.112670,0.290646,0.700651,-0.443966,0.246886,-1.071192,-0.025110,0.194683,1.818948,-0.420206,0.091505,-0.083247,0.255278,0.377107,0.334351,0.449850,-0.306702,-0.543811,0.503144,-0.307434,0.184852,0.427151,-0.266467,-0.119959,0.341473,-0.767656,0.064473,-0.205647
-2.810274,0.249859,0.666046,-0.196729,0.046862,0.093859,0.974829,0.035476,-0.257563,0.214491,0.558957,-0.206080,0.229636,-1.173282,0.080927,0.082977,1.545241,-0.431421,0.167201,-0.124979,0.261907,0.356628,0.318957,0.501877,-0.358996,-0.524852,0.493652,-0.255222,0.149152,0.490724,-0.191148,-0.117566,0.267965,-0.768958,0.059923,-0.210131
-2.721554,0.288666,0.650939,-0.171908,0.045750,0.095880,0.979368,0.139123,-0.405814,0.154871,0.597372,0.032929,-0.095318,-1.155663,0.181579,-0.057574,1.256772,-0.371598,0.241074,-0.154308,0.246369,0.333882,0.346455,0.530225,-0.415632,-0.379466,0.466603,-0.152967,0.084808,0.479921,-0.142844,-0.088843,0.232555,-0.791963,0.049521,-0.220596
-2.637807,0.329822,0.632400,-0.157406,0.038589,0.102141,0.981479,0.118772,-0.398773,0.176132,0.917661,0.013446,-0.202223,-1.040237,0.189054,-0.096748,1.087370,-0.232978,0.184477,-0.173410,0.224403,0.321929,0.379809,0.520974,-0.455445,-0.148086,0.467679,-0.007259,0.012970,0.423577,-0.091994,-0.009263,0.224056,-0.829421,-0.006324,-0.251044
-2.560384,0.371702,0.635247,-0.141212,0.020481,0.117752,0.982738,0.009116,-0.250959,0.244167,1.429370,-0.072682,-0.192675,-0.900443,0.161303,-0.028146,1.175443,-0.386248,0.216817,-0.176933,0.196425,0.322008,0.399809,0.514407,-0.498957,0.137301,0.518144,0.124335,-0.056525,0.315777,-0.083910,0.097691,0.193960,-0.864687,-0.062473,-0.229883
-2.483371,0.414710,0.640440,-0.116410,0.003640,0.135282,0.983938,-0.180827,-0.123390,0.175860,1.868291,-0.260176,-0.053213,-0.739212,0.092145,0.020160,1.261961,-0.548355,0.218440,-0.153149,0.159179,0.329868,0.409532,0.528849,-0.550126,0.401571,0.567489,0.159055,-0.106863,0.226638,-0.140304,0.221859,0.125588,-0.880870,-0.134438,-0.221696
-2.406857,0.458785,0.649393,-0.084987,-0.002320,0.156065,0.984081,-0.461464,0.021973,0.003542,2.080913,-0.378596,0.014741,-0.588609,-0.019603,0.032078,1.323773,-0.636038,0.200333,-0.108143,0.109919,0.341657,0.427073,0.575898,-0.557584,0.520872,0.584357,0.094453,-0.130822,0.198746,-0.253639,0.290245,0.011760,-0.835683,-0.174887,-0.224556
-2.329743,0.504675,0.655970,-0.063589,-0.000061,0.179388,0.981721,-0.761483,0.146774,-0.188059,1.965980,-0.400456,0.051706,-0.489514,-0.120545,0.021407,1.421877,-0.553759,0.169023,-0.052080,0.057302,0.355497,0.449237,0.647476,-0.502451,0.490066,0.558988,-0.006112,-0.112592,0.289110,-0.377573,0.303543,-0.070841,-0.735707,-0.138919,-0.253330
-2.249845,0.554420,0.663779,-0.047918,0.006505,0.194331,0.979743,-0.943912,0.312600,-0.253007,1.592950,-0.379743,0.025938,-0.437063,-0.246664,-0.036211,1.573040,-0.489361,0.199791,0.002379,0.007337,0.365470,0.445854,0.706233,-0.409598,0.392330,0.520330,-0.086780,-0.063979,0.461038,-0.488573,0.305402,-0.046245,-0.657609,-0.036126,-0.272314
-2.168669,0.606958,0.665909,-0.039941,0.011371,0.195953,0.979734,-0.955598,0.428968,-0.265145,1.118146,-0.267640,-0.119361,-0.436188,-0.305612,-0.071935,1.750581,-0.520171,0.221895,0.047611,-0.033690,0.370512,0.415480,0.740777,-0.308750,0.261893,0.522917,-0.131559,-0.003250,0.623344,-0.562290,0.367488,0.094813,-0.680926,0.095525,-0.231747
-2.088804,0.659836,0.663225,-0.029314,0.009927,0.178712,0.983415,-0.848832,0.481546,-0.332175,0.790556,-0.143898,-0.241733,-0.514155,-0.414112,-0.131924,1.929911,-0.581864,0.213803,0.081765,-0.066820,0.379456,0.324847,0.722216,-0.234275,0.118268,0.575707,-0.156249,0.028116,0.714332,-0.589624,0.497333,0.332666,-0.787697,0.226688,-0.138486
-2.011919,0.708202,0.656746,-0.018841,0.000132,0.163131,0.986424,-0.732589,0.464539,-0.254515,0.864328,-0.200786,-0.247453,-0.694320,-0.510767,-0.224032,2.060926,-0.597217,0.151657,0.077995,-0.088759,0.408323,0.183666,0.654600,-0.200816,-0.030640,0.658763,-0.181476,0.031298,0.769935,-0.559059,0.606523,0.605674,-0.846647,0.307387,-0.080146
-1.937563,0.748656,0.646053,0.004493,-0.011009,0.145233,0.989326,-0.657175,0.509635,-0.154754,1.069594,-0.346463,-0.247757,-0.923198,-0.530866,-0.328902,2.047850,-0.594077,0.121572,0.057275,-0.121492,0.456044,-0.007428,0.556372,-0.200911,-0.152946,0.751157,-0.205560,0.021896,0.828643,-0.520211,0.573227,0.775971,-0.802781,0.344929,-0.079196
-1.863781,0.786398,0.637704,0.020984,-0.011263,0.140381,0.989811,-0.530392,0.498646,-0.086742,1.180367,-0.538421,-0.247717,-1.128112,-0.504903,-0.435033,1.859696,-0.530429,0.113356,0.020481,-0.158528,0.495264,-0.223095,0.460836,-0.219559,-0.235542,0.835048,-0.222778,0.014924,0.897782,-0.470521,0.462564,0.787790,-0.714607,0.317755,-0.163883
-1.784813,0.818559,0.636109,0.045057,0.007687,0.144667,0.988424,-0.381721,0.446391,-0.022241,1.195198,-0.644408,-0.247743,-1.262544,-0.399403,-0.475200,1.513951,-0.475564,0.152824,-0.025797,-0.195119,0.505062,-0.404992,0.368650,-0.242990,-0.268743,0.871304,-0.227739,0.026067,0.954759,-0.424822,0.372628,0.703271,-0.651719,0.231049,-0.263880
-1.701678,0.845286,0.637863,0.075589,0.026888,0.144177,0.986294,-0.230792,0.362735,-0.003268,1.170824,-0.569591,-0.247828,-1.272399,-0.265087,-0.465074,1.132471,-0.370130,0.193146,-0.058218,-0.223948,0.505332,-0.492306,0.287067,-0.256212,-0.248433,0.879168,-0.214972,0.044952,0.993735,-0.395482,0.335703,0.571548,-0.641119,0.153080,-0.310676
-1.616351,0.867324,0.648560,0.114670,0.036431,0.134255,0.983615,-0.120047,0.253253,-0.073381,1.184116,-0.281495,-0.247707,-1.153266,-0.181426,-0.478177,0.897273,-0.292069,0.153281,-0.064330,-0.243960,0.502405,-0.466188,0.234324,-0.258842,-0.175363,0.890656,-0.194573,0.047708,0.987288,-0.379124,0.305096,0.438807,-0.654951,0.121277,-0.317398
-1.530314,0.884738,0.655237,0.156551,0.033614,0.129867,0.978518,-0.082755,0.140140,-0.120041,1.252909,-0.005360,-0.247602,-1.000086,-0.137550,-0.431325,0.878797,-0.259683,-0.105219,-0.064715,-0.256290,0.497718,-0.375125,0.226196,-0.264855,-0.049173,0.919303,-0.168054,0.021923,0.925708,-0.370921,0.250518,0.314447,-0.670528,0.123260,-0.319119
-1.446802,0.897814,0.658131,0.178414,0.030591,0.129358,0.974935,-0.141909,0.109718,-0.141247,1.351699,-0.039743,-0.244907,-0.872002,-0.224152,-0.386260,0.959467,-0.305760,-0.241165,-0.067959,-0.258936,0.495869,-0.275138,0.269990,-0.267540,0.109871,0.956676,-0.125897,-0.020232,0.800704,-0.371111,0.192233,0.164756,-0.686384,0.118684,-0.322702
-1.366123,0.905803,0.666210,0.188637,0.035778,0.113392,0.974822,-0.306657,0.126325,-0.146377,1.467824,-0.118392,-0.184812,-0.803000,-0.226845,-0.365340,1.075839,-0.446444,-0.247444,-0.057606,-0.260204,0.499165,-0.188684,0.339837,-0.257391,0.278580,0.995372,-0.074301,-0.064282,0.611336,-0.391981,0.155911,-0.005968,-0.692490,0.073950,-0.315321
-1.285810,0.910768,0.673277,0.191898,0.049999,0.082251,0.976683,-0.539459,0.133636,-0.134550,1.542006,-0.257682,-0.027964,-0.726850,-0.188188,-0.352432,1.150164,-0.570456,-0.247718,-0.029110,-0.263144,0.502250,-0.105887,0.405789,-0.252656,0.433410,1.042533,-0.030506,-0.112526,0.399563,-0.452104,0.162462,-0.204072,-0.676371,0.000287,-0.291581
-1.204815,0.912442,0.678246,0.189371,0.067483,0.044419,0.978576,-0.794562,0.098564,-0.129615,1.539887,-0.321703,0.041032,-0.613603,-0.130794,-0.354203,1.147858,-0.659390,-0.247677,0.014555,-0.272655,0.502122,-0.026005,0.444415,-0.262279,0.551165,1.073556,-0.014953,-0.165796,0.182669,-0.540273,0.199832,-0.395453,-0.648723,-0.068246,-0.276781
-1.121186,0.909584,0.681103,0.174790,0.081776,0.012068,0.981130,-1.007749,0.013825,-0.140318,1.441442,-0.298411,0.010313,-0.477534,-0.039031,-0.359301,1.097137,-0.648807,-0.246856,0.063440,-0.282196,0.498557,0.047573,0.459307,-0.272909,0.602569,1.064036,-0.033628,-0.225329,-0.011605,-0.623452,0.239668,-0.511169,-0.612788,-0.100356,-0.287892
-1.034350,0.901324,0.681527,0.154261,0.088967,-0.008251,0.983982,-1.144118,-0.088469,-0.114805,1.257724,-0.207883,-0.080540,-0.337242,0.087010,-0.331320,1.025757,-0.547783,-0.227178,0.105760,-0.280099,0.491563,0.140252,0.444300,-0.284521,0.608818,1.026945,-0.073905,-0.246055,-0.138243,-0.681939,0.273012,-0.515277,-0.582399,-0.071967,-0.295497
-0.944205,0.890067,0.685562,0.124554,0.087610,-0.015157,0.988221,-1.209713,-0.087928,0.074444,1.025779,-0.054052,-0.158479,-0.200269,0.214135,-0.273024,0.999367,-0.403123,0.132671,0.136488,-0.255186,0.479308,0.253963,0.404349,-0.284189,0.576975,0.981404,-0.106601,-0.244000,-0.191158,-0.690752,0.321826,-0.400188,-0.583427,0.012682,-0.281690
-0.853701,0.876539,0.684783,0.091364,0.078633,-0.033471,0.992144,-1.198061,-0.045947,0.342159,0.851180,0.089016,-0.240712,-0.114306,0.324863,-0.258595,1.110075,-0.314864,0.242469,0.172109,-0.207284,0.459217,0.375657,0.344355,-0.271836,0.548613,0.908209,-0.131278,-0.224933,-0.234004,-0.659835,0.375650,-0.188182,-0.615854,0.125674,-0.229989
-0.764225,0.863450,0.681523,0.051233,0.061114,-0.053358,0.995386,-1.107581,-0.029398,0.497679,0.767529,0.264146,-0.187508,-0.075982,0.196153,-0.199383,1.365000,-0.358002,0.245995,0.187125,-0.146485,0.437413,0.508009,0.269732,-0.251455,0.522069,0.812121,-0.151055,-0.191452,-0.304996,-0.572432,0.464575,0.090387,-0.689320,0.241124,-0.177838
-0.676713,0.852065,0.675633,0.019684,0.036305,-0.077946,0.996102,-0.947730,0.021982,0.529221,0.857458,-0.080345,0.223339,-0.145677,-0.009405,-0.056096,1.667990,-0.466919,0.211890,0.184915,-0.091939,0.426659,0.645191,0.207156,-0.239727,0.512171,0.719484,-0.183686,-0.142335,-0.381308,-0.462034,0.560718,0.368862,-0.757789,0.326559,-0.148463
-0.593129,0.843406,0.666114,0.008725,0.018761,-0.088984,0.995818,-0.859620,0.054796,0.512650,1.054955,-0.273367,0.246633,-0.384499,-0.152921,0.145410,1.840288,-0.548091,0.034865,0.164988,-0.039429,0.443566,0.684674,0.168903,-0.271421,0.534914,0.644521,-0.206080,-0.100386,-0.424572,-0.380599,0.597711,0.543666,-0.797753,0.341982,-0.171384
-0.511673,0.835570,0.665829,0.001236,0.014722,-0.078740,0.996786,-0.826465,0.064361,0.515310,1.258420,-0.306187,0.246003,-0.685734,-0.244073,0.312475,1.762800,-0.580367,-0.076451,0.130912,0.008405,0.472645,0.658007,0.181369,-0.314487,0.552889,0.613193,-0.208669,-0.063103,-0.437084,-0.344885,0.571432,0.556431,-0.803498,0.278864,-0.239678
-0.429924,0.825140,0.670914,0.001424,0.022942,-0.049918,0.998489,-0.817077,0.116001,0.554994,1.461714,-0.160547,0.207265,-0.921906,-0.389335,0.334475,1.431656,-0.529497,-0.102542,0.082287,0.042805,0.495202,0.592483,0.223622,-0.349329,0.562500,0.602833,-0.190640,-0.033890,-0.403244,-0.341896,0.508256,0.437042,-0.793107,0.168677,-0.297199
-0.346309,0.811645,0.686148,0.006903,0.031744,-0.012191,0.999398,-0.835838,0.188793,0.542263,1.673266,-0.033955,0.044493,-0.996983,-0.520406,0.260612,0.973710,-0.455076,-0.012891,0.025568,0.054750,0.502306,0.546406,0.262654,-0.363767,0.568972,0.540820,-0.156923,-0.025965,-0.313295,-0.353851,0.451037,0.254049,-0.788234,0.061661,-0.309672
-0.262705,0.797616,0.697936,-0.001049,0.031032,0.035100,0.998901,-0.866705,0.288996,0.472129,1.868702,-0.079360,-0.037022,-0.923206,-0.537433,0.273731,0.621466,-0.343817,0.214974,-0.032466,0.056669,0.502700,0.542957,0.286192,-0.357274,0.564532,0.378388,-0.122537,-0.053982,-0.202366,-0.350438,0.409125,0.068980,-0.814641,-0.016991,-0.287906
-0.181613,0.785439,0.707480,-0.013189,0.020255,0.091224,0.995537,-0.972740,0.372831,0.382230,2.024579,-0.191014,0.013816,-0.795307,-0.588214,0.218170,0.505245,-0.252381,0.236913,-0.075980,0.049981,0.503129,0.562216,0.319378,-0.373122,0.523481,0.146699,-0.091962,-0.124394,-0.077084,-0.343631,0.376049,-0.124758,-0.869829,-0.068286,-0.263476
-0.104185,0.778317,0.715075,-0.032222,0.005167,0.156091,0.987203,-1.143372,0.414439,0.334682,2.086605,-0.279578,0.041119,-0.669965,-0.574327,0.197053,0.621739,-0.114457,0.247258,-0.104220,0.046395,0.504799,0.584649,0.394258,-0.430320,0.439922,-0.072434,-0.065728,-0.203661,0.016141,-0.340473,0.349478,-0.297887,-0.916367,-0.097526,-0.244919
-0.030850,0.779343,0.720259,-0.053331,-0.002337,0.200982,0.978139,-1.324728,0.427713,0.381525,2.014051,-0.299393,0.054219,-0.591865,-0.483991,0.110049,0.867719,-0.236395,0.247709,-0.097504,0.051416,0.505511,0.608896,0.478257,-0.497895,0.345875,-0.233575,-0.059831,-0.243547,0.028716,-0.371971,0.325614,-0.395663,-0.937922,-0.101823,-0.225785
0.037686,0.792605,0.722032,-0.089747,0.000767,0.219472,0.971482,-1.419187,0.401348,0.481804,1.766010,-0.265085,0.025246,-0.549493,-0.447771,0.008899,1.081089,-0.415144,0.247729,-0.072865,0.071554,0.505487,0.643831,0.517572,-0.539263,0.279880,-0.328463,-0.085374,-0.225029,-0.058486,-0.447291,0.310031,-0.366739,-0.951435,-0.081327,-0.198670
0.101616,0.816390,0.720179,-0.131193,0.005850,0.217746,0.967130,-1.390365,0.359466,0.581208,1.410146,-0.143899,-0.010199,-0.482332,-0.407184,-0.084003,1.177732,-0.482575,0.247730,-0.041304,0.094160,0.505330,0.670850,0.501057,-0.569130,0.260154,-0.343700,-0.124325,-0.178276,-0.205793,-0.547400,0.328199,-0.205341,-0.996350,-0.042825,-0.155688
0.161916,0.847804,0.714767,-0.173752,-0.003781,0.211575,0.961786,-1.249894,0.324237,0.637888,1.102942,-0.042611,-0.003674,-0.375518,-0.320598,-0.097739,1.213317,-0.397900,0.247729,-0.011763,0.114958,0.505064,0.663790,0.472660,-0.602831,0.292049,-0.301171,-0.151871,-0.131752,-0.338130,-0.614859,0.399040,0.036294,-1.087446,0.000933,-0.107282
0.219564,0.882979,0.706463,-0.202496,-0.028216,0.205239,0.957119,-1.096589,0.216886,0.418817,0.957524,-0.140360,0.235045,-0.289193,-0.233845,-0.005286,1.268581,-0.152711,0.247726,0.022169,0.119828,0.503893,0.625008,0.458633,-0.613237,0.350676,-0.239581,-0.143884,-0.092632,-0.398364,-0.617031,0.468643,0.271779,-1.161687,0.046494,-0.074611
0.274086,0.919328,0.695621,-0.221128,-0.051740,0.205938,0.951848,-0.950851,0.298681,0.372262,1.035604,-0.312016,0.247199,-0.274947,-0.196566,0.080788,1.372284,0.005665,0.247719,0.049498,0.127490,0.502223,0.544803,0.458556,-0.583860,0.429484,-0.189859,-0.109096,-0.044854,-0.378748,-0.574042,0.462940,0.443393,-1.137686,0.091975,-0.069352
0.325517,0.955948,0.681777,-0.225262,-0.061541,0.220396,0.947045,-0.849845,0.304721,0.376367,1.142153,-0.507148,0.247705,-0.349114,-0.211386,0.189345,1.493108,-0.045505,0.247587,0.062385,0.130949,0.502988,0.416917,0.470910,-0.519549,0.496282,-0.137788,-0.063266,0.032652,-0.291951,-0.516271,0.360140,0.535510,-0.998534,0.131912,-0.101720
0.374772,0.994169,0.663981,-0.223148,-0.060153,0.250476,0.940132,-0.750815,0.253543,0.368680,1.210041,-0.611443,0.247867,-0.494631,-0.186319,0.289957,1.612117,-0.150657,0.244556,0.060598,0.129686,0.503851,0.266818,0.498324,-0.438510,0.514233,-0.067417,-0.036208,0.123367,-0.163984,-0.464777,0.220478,0.575900,-0.835970,0.151015,-0.177292
0.421353,1.037652,0.659876,-0.221942,-0.054004,0.291309,0.928959,-0.630507,0.182984,0.376387,1.213152,-0.689737,0.247805,-0.677730,-0.141435,0.334079,1.668852,-0.265536,0.175911,0.043309,0.131882,0.503543,0.147915,0.535509,-0.357575,0.435051,0.008876,-0.060288,0.180669,-0.011145,-0.423056,0.113716,0.594665,-0.737838,0.156799,-0.250507
0.465271,1.087778,0.660677,-0.224258,-0.047194,0.333852,0.914343,-0.481719,0.116222,0.380344,1.157308,-0.723313,0.247758,-0.861718,-0.102884,0.289869,1.628315,-0.346676,0.134747,0.014596,0.140334,0.500093,0.082425,0.587148,-0.302742,0.266475,0.063547,-0.135915,0.180405,0.142683,-0.363231,0.048880,0.583413,-0.690481,0.167188,-0.269032
0.506171,1.145771,0.661973,-0.230263,-0.041520,0.371055,0.898651,-0.312826,0.042530,0.355115,1.033782,-0.693894,0.247692,-1.011095,-0.048000,0.205732,1.492727,-0.371354,0.100763,-0.020407,0.156520,0.490688,0.092340,0.654427,-0.264639,0.036042,0.118906,-0.216867,0.150437,0.319498,-0.269000,0.003627,0.522015,-0.655566,0.158662,-0.257250
0.543259,1.211601,0.660022,-0.235657,-0.040505,0.394921,0.887053,-0.131502,-0.059250,0.283720,0.847565,-0.571162,0.247240,-1.106307,0.026151,0.110879,1.282296,-0.356151,0.131176,-0.054430,0.177781,0.475208,0.163514,0.715587,-0.214777,-0.179260,0.176226,-0.265311,0.127154,0.467059,-0.172800,-0.027298,0.452377,-0.631265,0.137435,-0.226799
0.576020,1.284030,0.652987,-0.239926,-0.044440,0.405247,0.881042,0.039159,-0.181244,0.170850,0.662016,-0.322813,0.236706,-1.143142,0.119186,0.006983,1.022904,-0.333220,0.233307,-0.086402,0.194970,0.452967,0.284424,0.723990,-0.161039,-0.318188,0.212640,-0.261190,0.114252,0.571171,-0.098214,-0.043090,0.385527,-0.644030,0.117796,-0.192853
0.607705,1.357940,0.649314,-0.226713,-0.045605,0.415735,0.879594,0.172303,-0.370532,0.076602,0.611602,-0.071406,0.020065,-1.134596,0.251014,-0.083252,0.806178,-0.280950,0.247132,-0.117739,0.190522,0.425902,0.390844,0.673522,-0.155287,-0.355269,0.221965,-0.213206,0.092449,0.636880,-0.049363,-0.059602,0.309401,-0.688369,0.096249,-0.162891
0.634654,1.429943,0.642749,-0.213394,-0.045552,0.445408,0.868332,0.216466,-0.394672,0.070842,0.813586,-0.048367,-0.162421,-1.092728,0.291916,-0.043827,0.698860,-0.098047,0.247706,-0.148847,0.180776,0.404763,0.414919,0.615309,-0.205902,-0.295708,0.241168,-0.134844,0.051652,0.665272,-0.004393,-0.075707,0.222192,-0.733475,0.066082,-0.137741
0.657152,1.499911,0.633320,-0.195900,-0.048154,0.491328,0.847290,0.173578,-0.271995,0.177331,1.229515,-0.120326,-0.180293,-1.012398,0.248369,0.037934,0.828018,-0.046969,0.247729,-0.173051,0.171795,0.392581,0.369528,0.560596,-0.291705,-0.157862,0.297927,-0.043185,0.008845,0.652149,0.015073,-0.084692,0.146815,-0.776179,0.043949,-0.111472
0.673188,1.568285,0.638428,-0.177312,-0.053738,0.534833,0.824395,0.055959,-0.140758,0.216996,1.681559,-0.258682,-0.045579,-0.923712,0.160214,0.055848,0.978763,-0.192460,0.247760,-0.174241,0.163947,0.390058,0.334802,0.506162,-0.371892,0.011136,0.370985,0.042354,-0.009913,0.577017,-0.020846,-0.083039,0.087726,-0.830992,0.053778,-0.058422
0.684050,1.636522,0.649534,-0.162816,-0.055883,0.564541,0.807256,-0.141325,-0.041317,0.227827,2.021955,-0.376962,0.031851,-0.797316,0.080763,0.048590,1.036218,-0.327044,0.247742,-0.160539,0.155505,0.390502,0.357503,0.461573,-0.408572,0.153678,0.404504,0.095221,0.004148,0.484321,-0.098907,-0.061189,0.076808,-0.887697,0.015929,-0.052969
0.688857,1.704964,0.665749,-0.155286,-0.055747,0.588056,0.791813,-0.420795,0.041530,0.213978,2.187341,-0.432074,0.035548,-0.641960,0.018012,0.043096,0.995635,-0.383616,0.247750,-0.140733,0.147902,0.389849,0.426131,0.453160,-0.414922,0.240556,0.398628,0.079459,0.019094,0.375753,-0.172364,-0.047681,0.046601,-0.900479,-0.033919,-0.071760
0.688725,1.775682,0.684987,-0.147186,-0.054854,0.612000,0.775102,-0.709568,0.110296,0.162685,2.156528,-0.409220,0.027387,-0.462923,-0.033555,0.038872,0.900727,-0.360140,0.247725,-0.114931,0.143217,0.383465,0.502745,0.484823,-0.433358,0.268368,0.383468,0.025709,0.008789,0.300929,-0.216892,-0.057043,-0.018399,-0.860550,-0.074267,-0.104701
0.683867,1.850705,0.703880,-0.139304,-0.054259,0.638250,0.755174,-0.919675,0.159963,0.106935,1.957944,-0.370179,0.041087,-0.278781,-0.079176,0.039247,0.792029,-0.218807,0.247736,-0.085196,0.142860,0.367654,0.558726,0.535368,-0.462682,0.269651,0.376118,-0.024181,-0.013216,0.271038,-0.246167,-0.072466,-0.086910,-0.807278,-0.095777,-0.131764
0.675866,1.930167,0.719812,-0.134113,-0.055532,0.666128,0.731576,-1.012722,0.187804,0.096415,1.644638,-0.324053,0.058836,-0.109001,-0.120491,0.039546,0.705341,-0.021753,0.247710,-0.056895,0.147081,0.341494,0.587338,0.575201,-0.481811,0.270258,0.363531,-0.050918,-0.032458,0.277472,-0.276124,-0.073599,-0.125092,-0.776332,-0.095975,-0.146879
0.665476,2.013008,0.728658,-0.129002,-0.058533,0.691686,0.708168,-1.008276,0.166579,0.102087,1.263617,-0.296987,0.060608,0.026177,-0.145407,0.024496,0.693133,0.103991,0.247714,-0.030784,0.151985,0.309434,0.592209,0.588036,-0.482268,0.273033,0.330060,-0.060951,-0.045509,0.306409,-0.304111,-0.055685,-0.116410,-0.759991,-0.074447,-0.152685
0.653143,2.097012,0.732007,-0.122487,-0.066128,0.711273,0.688996,-0.936122,0.130423,0.092913,0.879262,-0.299295,0.052843,0.119631,-0.148187,0.019620,0.806908,0.070946,0.247717,-0.008867,0.153367,0.277692,0.583165,0.582130,-0.467633,0.272559,0.291045,-0.065110,-0.046869,0.342402,-0.322576,-0.022090,-0.060164,-0.743681,-0.033967,-0.147358
0.639626,2.178627,0.731424,-0.110814,-0.074092,0.723707,0.677110,-0.840132,0.099249,0.077292,0.612244,-0.249844,0.117963,0.147227,-0.173552,-0.009919,1.021374,0.009683,0.247716,0.009307,0.148222,0.254105,0.547014,0.561438,-0.459489,0.270299,0.287680,-0.067148,-0.037491,0.373008,-0.332218,0.012740,0.026877,-0.736796,0.021278,-0.129694
0.625402,2.256398,0.727469,-0.092174,-0.076014,0.739302,0.662690,-0.773508,0.086795,0.139085,0.625059,-0.094130,0.197864,0.118868,-0.222089,-0.028821,1.279357,-0.050177,0.247722,0.011866,0.131636,0.240748,0.465978,0.529757,-0.472104,0.277622,0.347299,-0.061450,-0.013893,0.401469,-0.326850,0.031094,0.123670,-0.746688,0.086748,-0.112703
0.610053,2.331696,0.718753,-0.068707,-0.074371,0.755150,0.647685,-0.726820,0.039456,0.125727,0.801357,-0.153472,0.245603,0.044734,-0.235305,0.003155,1.554048,-0.120692,0.247709,0.007367,0.099506,0.237741,0.351645,0.493411,-0.489022,0.297729,0.452810,-0.041591,0.049170,0.430337,-0.298375,0.034364,0.219738,-0.760436,0.159481,-0.116381
0.594263,2.404035,0.713816,-0.049758,-0.067757,0.772478,0.629453,-0.665900,-0.007398,0.141760,0.960814,-0.320710,0.247640,-0.079713,-0.177028,0.080711,1.804886,-0.202616,0.247414,-0.008646,0.062016,0.239566,0.217001,0.438356,-0.487006,0.330900,0.553940,-0.019474,0.168775,0.466949,-0.247656,0.033451,0.302073,-0.767701,0.227160,-0.144404
0.576584,2.475231,0.712752,-0.036625,-0.056756,0.785833,0.614739,-0.567953,-0.048946,0.157277,1.031798,-0.459891,0.247706,-0.251926,-0.112200,0.149694,1.973044,-0.270794,0.241168,-0.030069,0.025343,0.239431,0.113414,0.375088,-0.452489,0.325498,0.612190,-0.020914,0.314976,0.490794,-0.194964,0.042762,0.386277,-0.771749,0.267031,-0.158532
0.556347,2.545613,0.717129,-0.027609,-0.043942,0.794256,0.605362,-0.434629,-0.083984,0.174882,1.016354,-0.549129,0.247711,-0.450744,-0.054961,0.195768,2.026234,-0.323116,0.196725,-0.055611,-0.004937,0.232895,0.052222,0.323705,-0.410460,0.265703,0.632189,-0.068158,0.429094,0.506051,-0.156602,0.073928,0.462942,-0.777806,0.274801,-0.134094
0.532566,2.616449,0.729461,-0.023517,-0.033812,0.800015,0.598565,-0.271808,-0.125682,0.168183,0.923124,-0.566013,0.247697,-0.612888,0.006269,0.205114,1.948486,-0.355547,0.147217,-0.079138,-0.022463,0.218325,0.024304,0.302292,-0.391353,0.166138,0.644707,-0.145635,0.474741,0.521777,-0.125478,0.115139,0.523393,-0.778960,0.260240,-0.092487
0.505744,2.687917,0.742351,-0.021760,-0.024918,0.804779,0.592653,-0.096349,-0.169955,0.145813,0.774961,-0.483579,0.247280,-0.710693,0.077754,0.190583,1.761651,-0.346601,0.135803,-0.098798,-0.025833,0.198022,0.020254,0.304451,-0.397261,0.058140,0.665102,-0.217505,0.461992,0.540366,-0.099998,0.150855,0.570666,-0.775742,0.240454,-0.058510
0.476031,2.759586,0.754655,-0.024606,-0.018800,0.810173,0.585373,0.072595,-0.207946,0.111248,0.607380,-0.305391,0.237391,-0.740633,0.154438,0.177835,1.492435,-0.310798,0.228489,-0.114910,-0.018379,0.172596,0.030361,0.322484,-0.419568,-0.034561,0.684343,-0.259978,0.418840,0.556447,-0.076199,0.175697,0.612817,-0.777111,0.223827,-0.027167
0.445260,2.830840,0.766263,-0.027262,-0.008674,0.816643,0.576434,0.211993,-0.222743,0.105979,0.482894,-0.117404,0.037213,-0.734201,0.182137,0.136262,1.169388,-0.241807,0.246911,-0.128053,-0.009598,0.142683,0.047273,0.343061,-0.454005,-0.100868,0.686115,-0.274133,0.369832,0.568933,-0.055495,0.174485,0.642539,-0.782241,0.210869,0.007245
0.413156,2.900739,0.771598,-0.030071,0.005155,0.825966,0.562893,0.312308,-0.220106,0.122826,0.441220,-0.017809,-0.232943,-0.704099,0.160950,0.079340,0.816459,-0.201434,0.247698,-0.140749,-0.004597,0.109996,0.076497,0.357980,-0.489094,-0.144307,0.676525,-0.275720,0.321112,0.583250,-0.024836,0.134158,0.649420,-0.776265,0.199641,0.030194
0.380417,2.969299,0.771907,-0.028731,0.021589,0.837953,0.544558,0.375180,-0.219030,0.133471,0.507220,-0.037648,-0.247034,-0.661445,0.115939,0.026093,0.495109,-0.216801,0.247712,-0.154278,-0.006166,0.079739,0.104585,0.373305,-0.522971,-0.155408,0.654399,-0.265041,0.282064,0.595276,0.013709,0.060323,0.636412,-0.746358,0.193545,0.033075
0.347792,3.036563,0.768426,-0.022001,0.037072,0.847717,0.528694,0.412437,-0.180383,0.150233,0.653372,-0.089839,-0.245959,-0.618040,0.042538,-0.094507,0.287217,-0.214193,0.247339,-0.160553,-0.014296,0.056438,0.141473,0.387608,-0.542841,-0.138356,0.639735,-0.243288,0.252904,0.597489,0.050658,-0.013820,0.616753,-0.706119,0.190134,0.021334
0.316105,3.102500,0.761833,-0.010582,0.047352,0.855412,0.515671,0.433106,-0.128418,0.164013,0.852366,-0.121538,-0.211045,-0.600107,0.006789,-0.139526,0.271214,-0.201262,0.238493,-0.163627,-0.021587,0.043655,0.190316,0.399371,-0.540649,-0.101501,0.647407,-0.209626,0.227614,0.583898,0.066665,-0.052871,0.602526,-0.683699,0.184641,0.016269
0.286499,3.166100,0.752260,-0.002237,0.043863,0.859144,0.509846,0.415889,-0.064275,0.163193,1.078489,-0.114507,-0.144969,-0.618770,-0.004702,-0.146973,0.447902,-0.047212,0.056489,-0.160917,-0.021762,0.045413,0.242822,0.408973,-0.510683,-0.050626,0.677714,-0.159460,0.201500,0.541382,0.061587,-0.040239,0.602640,-0.699525,0.177890,0.026104
0.259507,3.227277,0.738004,0.002626,0.031491,0.860297,0.508812,0.355899,-0.004950,0.131537,1.326907,-0.154440,-0.103563,-0.636939,0.023439,-0.149107,0.689947,-0.126043,-0.150371,-0.147466,-0.010492,0.060876,0.284032,0.406981,-0.466984,0.032289,0.720019,-0.088761,0.183299,0.473674,0.037420,0.001134,0.617787,-0.756981,0.184361,0.028727
0.235083,3.285251,0.729241,0.006730,0.020487,0.860966,0.508205,0.233427,-0.009372,0.048190,1.569252,-0.211517,-0.040019,-0.608158,0.042056,-0.165528,0.869051,-0.296305,-0.175197,-0.124927,0.007781,0.082895,0.300697,0.378863,-0.425927,0.163407,0.753296,0.003229,0.182830,0.379356,-0.008794,0.044455,0.640698,-0.849323,0.220177,0.013227
0.211564,3.340351,0.727658,0.007350,0.011605,0.863488,0.504182,0.050820,-0.030918,-0.037163,1.752553,-0.263068,0.022421,-0.529019,0.054351,-0.189871,0.930255,-0.410528,-0.165439,-0.099486,0.025730,0.103792,0.315093,0.335039,-0.379998,0.301078,0.763402,0.078406,0.190625,0.280484,-0.058541,0.076934,0.648484,-0.963176,0.263781,-0.012230
0.188364,3.393674,0.733431,0.007493,0.005363,0.865405,0.500989,-0.155817,-0.052996,-0.106234,1.824095,-0.280561,0.072265,-0.421213,0.069402,-0.205487,0.913747,-0.458551,-0.155602,-0.072786,0.039409,0.118894,0.347903,0.303501,-0.339608,0.381183,0.742936,0.101563,0.192467,0.189004,-0.105598,0.084073,0.621171,-1.043101,0.272018,-0.041052
0.164470,3.447678,0.746800,0.008878,0.002380,0.863063,0.505013,-0.330969,-0.056942,-0.134117,1.761278,-0.292498,0.125483,-0.296875,0.089801,-0.201285,0.852280,-0.451822,-0.137425,-0.044063,0.046716,0.125987,0.400832,0.303782,-0.320227,0.401795,0.705541,0.069469,0.191872,0.131329,-0.132062,0.074239,0.538925,-1.042397,0.233465,-0.077339
0.139531,3.503063,0.759379,0.010802,0.001330,0.857806,0.513859,-0.449869,-0.046365,-0.118347,1.579221,-0.289221,0.141760,-0.161519,0.105732,-0.183014,0.763061,-0.404273,-0.102488,-0.014876,0.047872,0.124739,0.467460,0.331206,-0.319303,0.394275,0.682818,0.021373,0.195355,0.104654,-0.150480,0.067206,0.433126,-0.977089,0.166285,-0.095260
0.113893,3.560741,0.769643,0.011893,0.001705,0.851746,0.523817,-0.498294,-0.035619,-0.077317,1.298641,-0.281109,0.143737,-0.031537,0.110609,-0.163728,0.680565,-0.313434,-0.029252,0.012338,0.044940,0.114327,0.525860,0.356733,-0.323626,0.390923,0.681986,-0.000345,0.196330,0.095754,-0.178124,0.086535,0.333473,-0.917070,0.110776,-0.091353
0.088416,3.620288,0.774973,0.010070,-0.000004,0.845810,0.533389,-0.496837,-0.012437,-0.017011,0.953743,-0.265622,0.114476,0.076210,0.110577,-0.151599,0.639546,-0.215835,0.114907,0.035289,0.041399,0.096481,0.592008,0.379624,-0.316673,0.389735,0.678492,-0.009224,0.192244,0.095899,-0.212215,0.125252,0.248259,-0.887599,0.076472,-0.088396
0.064223,3.680239,0.778294,0.006808,-0.001828,0.837027,0.547117,-0.458561,0.005205,0.041809,0.584325,-0.250702,0.020888,0.160746,0.108120,-0.179149,0.647890,-0.156850,0.241637,0.057385,0.041059,0.074145,0.660850,0.393894,-0.300640,0.381036,0.665408,-0.019479,0.184969,0.098314,-0.239533,0.168218,0.185779,-0.864932,0.059428,-0.095327
0.041402,3.738975,0.774292,0.003716,-0.007508,0.826636,0.562675,-0.426376,0.024481,0.094928,0.308223,-0.224943,-0.076540,0.209747,0.106306,-0.222377,0.729702,-0.140593,0.247496,0.076737,0.045398,0.054462,0.730299,0.410124,-0.283343,0.355513,0.658910,-0.035450,0.180221,0.101940,-0.255378,0.207674,0.151696,-0.837531,0.058229,-0.099737
0.020174,3.794801,0.764823,0.008347,-0.007352,0.819979,0.572286,-0.434669,0.027052,0.121798,0.261473,-0.130988,-0.038191,0.227663,0.072770,-0.221831,0.865947,-0.163146,0.247715,0.087262,0.045704,0.045116,0.779610,0.420095,-0.283014,0.316368,0.662533,-0.058562,0.177457,0.103734,-0.271812,0.233077,0.138534,-0.823820,0.072828,-0.088359
-0.000160,3.848384,0.750443,0.021533,-0.005572,0.817751,0.575142,-0.471887,0.000949,0.083445,0.474114,-0.048089,0.025931,0.219113,0.014087,-0.204070,1.059335,-0.207016,0.247379,0.092132,0.033783,0.050160,0.797081,0.436082,-0.302154,0.292057,0.667733,-0.079811,0.173337,0.106583,-0.281243,0.237192,0.146043,-0.830936,0.101325,-0.073671
-0.018831,3.898675,0.740695,0.038750,-0.001252,0.819839,0.571280,-0.483457,-0.029846,0.076957,0.695586,-0.182039,0.036613,0.170280,-0.038698,-0.154909,1.271282,-0.238900,0.239239,0.089187,0.011057,0.065442,0.758457,0.459920,-0.338273,0.314522,0.693094,-0.084438,0.160910,0.108291,-0.270604,0.224233,0.189666,-0.846393,0.146520,-0.083768
-0.036179,3.947840,0.732856,0.055384,0.006010,0.819444,0.570445,-0.443488,-0.053151,0.095377,0.825183,-0.319120,0.032639,0.074321,-0.057379,-0.101722,1.463393,-0.296363,0.155698,0.087104,-0.015401,0.082563,0.664688,0.478177,-0.378034,0.388251,0.775134,-0.063869,0.138069,0.103528,-0.244749,0.215987,0.288316,-0.861688,0.206286,-0.115435
-0.051224,3.995417,0.730253,0.070293,0.015010,0.816855,0.572347,-0.367493,-0.080450,0.102985,0.864902,-0.396310,0.023388,-0.053021,-0.067889,-0.055611,1.587409,-0.331086,0.116010,0.087114,-0.040049,0.095029,0.548271,0.465311,-0.391433,0.479006,0.891779,-0.034820,0.120840,0.092723,-0.227704,0.235875,0.435606,-0.881107,0.260083,-0.111031
-0.063723,4.041991,0.732461,0.081709,0.023381,0.817877,0.569083,-0.287604,-0.109617,0.090435,0.867224,-0.416459,0.000411,-0.183802,-0.083227,-0.035878,1.620888,-0.354750,0.116677,0.086174,-0.060527,0.101937,0.441265,0.409662,-0.340343,0.545582,0.962688,-0.013204,0.129314,0.085151,-0.237273,0.295527,0.586128,-0.911861,0.287016,-0.013984
-0.074782,4.089186,0.741942,0.088506,0.029482,0.826112,0.555731,-0.209988,-0.137072,0.048715,0.851829,-0.390682,-0.027751,-0.301768,-0.127008,-0.050177,1.564068,-0.369594,0.106727,0.082080,-0.075840,0.105095,0.364130,0.324688,-0.227506,0.545078,0.940532,-0.006013,0.168919,0.093512,-0.264263,0.371859,0.716142,-0.955299,0.259451,0.125208
-0.084670,4.137039,0.750254,0.092080,0.035407,0.838215,0.536342,-0.127631,-0.157622,-0.004957,0.813994,-0.348420,-0.046309,-0.394256,-0.202594,-0.086812,1.426480,-0.372757,0.068319,0.074211,-0.086202,0.105529,0.297573,0.237670,-0.122184,0.509618,0.842738,-0.031603,0.232675,0.128385,-0.295102,0.442733,0.779676,-0.998717,0.212805,0.238963
-0.093589,4.185501,0.756432,0.093636,0.041934,0.850714,0.515518,-0.039983,-0.166785,-0.059853,0.760694,-0.310385,-0.054018,-0.462581,-0.270692,-0.112737,1.225788,-0.361080,0.036597,0.063413,-0.092257,0.103366,0.241283,0.186482,-0.084995,0.448493,0.750211,-0.073363,0.271538,0.176344,-0.323362,0.484841,0.802134,-1.025331,0.166895,0.300789
-0.101303,4.234066,0.759442,0.091491,0.046899,0.863646,0.493504,0.042155,-0.159627,-0.117196,0.705626,-0.275300,-0.053051,-0.508834,-0.308892,-0.100796,0.970051,-0.316145,0.044683,0.050016,-0.094463,0.098080,0.192699,0.182143,-0.111728,0.372241,0.717447,-0.115624,0.272286,0.233773,-0.340041,0.501093,0.795965,-1.030191,0.134656,0.322434
-0.107272,4.282313,0.757947,0.085793,0.052518,0.877818,0.468313,0.103314,-0.139657,-0.174367,0.669273,-0.248786,-0.042855,-0.528951,-0.336591,-0.063314,0.681871,-0.304709,0.079666,0.034761,-0.095591,0.089186,0.145973,0.201892,-0.165791,0.286955,0.737886,-0.160182,0.254818,0.299026,-0.349184,0.496659,0.765100,-1.016278,0.113262,0.321956
-0.111365,4.330025,0.752966,0.076411,0.056654,0.895564,0.434646,0.139989,-0.105109,-0.237657,0.654528,-0.229726,-0.022750,-0.532021,-0.357473,0.002116,0.430569,-0.286662,0.099837,0.016249,-0.097843,0.077610,0.093223,0.219856,-0.226399,0.207581,0.756528,-0.208333,0.235527,0.372834,-0.346669,0.476526,0.712994,-0.988007,0.099265,0.305560
-0.113451,4.377377,0.745087,0.065822,0.060756,0.915902,0.391280,0.156373,-0.055669,-0.304780,0.655903,-0.227277,0.000717,-0.526610,-0.400031,0.031943,0.298176,-0.266925,0.212840,-0.001423,-0.103686,0.064510,0.029178,0.228441,-0.296581,0.148609,0.731723,-0.255630,0.211577,0.453265,-0.329586,0.453053,0.650783,-0.954877,0.089885,0.272556
-0.114272,4.422539,0.737241,0.051246,0.058939,0.935320,0.345074,0.156888,0.015420,-0.366830,0.647178,-0.217497,0.025870,-0.541792,-0.435953,-0.026329,0.339416,-0.134717,0.246052,-0.012195,-0.109434,0.052753,-0.042444,0.236960,-0.367318,0.106686,0.678747,-0.296054,0.177083,0.511897,-0.290194,0.456466,0.602731,-0.931579,0.072696,0.232041
-0.114595,4.465365,0.729609,0.035128,0.052123,0.950780,0.303426,0.153500,0.108240,-0.394855,0.621593,-0.224626,0.053101,-0.583778,-0.465507,-0.112508,0.477204,0.074246,0.243347,-0.017145,-0.106701,0.045065,-0.094135,0.237100,-0.411816,0.080851,0.645104,-0.323908,0.141052,0.519619,-0.251958,0.506693,0.604921,-0.931005,0.041675,0.212360
-0.113964,4.505036,0.729107,0.019855,0.046104,0.962170,0.267785,0.133755,0.224808,-0.310504,0.608946,-0.235024,0.086865,-0.637479,-0.493854,-0.182306,0.666938,-0.008834,0.152589,-0.020684,-0.094612,0.043637,-0.098512,0.209305,-0.413157,0.079020,0.661498,-0.329986,0.127425,0.459277,-0.236898,0.594947,0.671182,-0.960496,0.009327,0.244462
-0.113089,4.541964,0.727567,0.005888,0.045339,0.971745,0.231564,0.088750,0.337481,-0.112971,0.600129,-0.287551,0.108398,-0.662262,-0.530438,-0.260450,0.812302,-0.115507,0.100579,-0.020907,-0.080482,0.045887,-0.064764,0.153319,-0.399615,0.117069,0.710881,-0.310302,0.148675,0.350615,-0.245988,0.694674,0.773404,-1.024806,-0.005743,0.331088
-0.112212,4.574791,0.729063,-0.006994,0.046555,0.981255,0.186874,0.035952,0.377002,0.031577,0.595751,-0.344553,0.074775,-0.648571,-0.572018,-0.341926,0.892392,-0.195970,0.070811,-0.012523,-0.068311,0.048828,-0.038182,0.101179,-0.418093,0.198536,0.752998,-0.270390,0.167593,0.238315,-0.269467,0.780491,0.856686,-1.116929,0.007160,0.434957
-0.110963,4.604361,0.735477,-0.016766,0.049743,0.989567,0.134172,-0.024530,0.345559,0.100131,0.610882,-0.369036,0.040097,-0.594391,-0.615341,-0.442950,0.912278,-0.243734,0.048553,0.002960,-0.061545,0.050905,-0.049636,0.085361,-0.480078,0.315447,0.776755,-0.230465,0.132727,0.160407,-0.305004,0.836835,0.886136,-1.214395,0.042463,0.503707
-0.109597,4.631763,0.745524,-0.024241,0.054177,0.995131,0.078681,-0.070660,0.321260,0.225616,0.638664,-0.377129,0.078385,-0.515033,-0.648852,-0.559305,0.891449,-0.267692,0.029516,0.015153,-0.057696,0.051366,-0.087080,0.105200,-0.562718,0.450608,0.818742,-0.198464,0.052540,0.123201,-0.356169,0.852731,0.864898,-1.287931,0.076008,0.513681
-0.108833,4.657666,0.757105,-0.030979,0.058305,0.997402,0.028828,-0.090165,0.285952,0.354321,0.664069,-0.383883,0.072402,-0.428805,-0.661330,-0.678193,0.846018,-0.278677,0.014626,0.024391,-0.054388,0.049941,-0.126947,0.137093,-0.638825,0.584897,0.904872,-0.157131,-0.020208,0.115560,-0.416004,0.823564,0.818755,-1.301115,0.088422,0.481516
-0.108925,4.682418,0.768510,-0.036826,0.061069,0.997308,-0.017087,-0.087694,0.236521,0.466168,0.682034,-0.383247,0.050641,-0.341840,-0.655900,-0.797216,0.788332,-0.282944,0.002141,0.030160,-0.052111,0.046749,-0.149622,0.158304,-0.688186,0.714849,1.005157,-0.088062,-0.055513,0.125835,-0.472995,0.762443,0.779545,-1.248020,0.074788,0.449801
-0.109872,4.706043,0.778556,-0.041186,0.062089,0.995324,-0.061464,-0.072420,0.174326,0.536581,0.692110,-0.371735,0.025709,-0.257775,-0.637643,-0.913958,0.727779,-0.284192,-0.007632,0.033984,-0.050989,0.042214,-0.151067,0.163232,-0.689385,0.838435,1.067612,0.009660,-0.056238,0.143260,-0.521788,0.703752,0.761348,-1.175299,0.051505,0.446451
-0.111526,4.728573,0.786766,-0.044353,0.061593,0.991371,-0.106876,-0.041122,0.121277,0.600475,0.696392,-0.355968,0.032073,-0.178970,-0.610507,-1.027725,0.668422,-0.284180,-0.013701,0.034610,-0.050239,0.036349,-0.140975,0.161020,-0.630018,0.939985,1.065514,0.115175,-0.025199,0.161425,-0.561481,0.671793,0.754882,-1.132757,0.035283,0.462931
-0.113627,4.750002,0.792936,-0.046937,0.058380,0.985264,-0.153765,0.011578,0.087112,0.671227,0.688984,-0.347948,0.038189,-0.109412,-0.573334,-1.135900,0.611767,-0.284464,-0.016977,0.032297,-0.048508,0.029224,-0.132455,0.163295,-0.519311,1.005871,1.005417,0.199467,0.029197,0.183504,-0.586371,0.659685,0.749173,-1.130558,0.028021,0.484349
-0.116086,4.770275,0.797433,-0.048760,0.053447,0.976956,-0.200804,0.067242,0.065749,0.722045,0.676502,-0.326880,0.063418,-0.050867,-0.528068,-1.233117,0.556102,-0.281743,-0.016266,0.029042,-0.045377,0.021883,-0.128652,0.177677,-0.385700,1.033383,0.914251,0.243075,0.084100,0.207290,-0.591930,0.650319,0.747562,-1.139962,0.025446,0.505930
-0.118613,4.789188,0.800378,-0.049593,0.046812,0.966672,-0.246767,0.106389,0.041414,0.711101,0.650088,-0.268564,0.068938,-0.004980,-0.478244,-1.314592,0.504466,-0.273424,-0.010801,0.026618,-0.040872,0.015396,-0.132494,0.201213,-0.263899,1.034368,0.825077,0.252214,0.120147,0.232951,-0.576253,0.629321,0.752797,-1.137670,0.026136,0.522801
-0.120729,4.806708,0.801366,-0.049474,0.038117,0.954394,-0.291943,0.130622,0.010011,0.648001,0.589921,-0.206120,0.027361,0.025733,-0.430127,-1.375222,0.467668,-0.266267,-0.001375,0.023737,-0.035346,0.010280,-0.143450,0.231551,-0.180135,1.019283,0.763610,0.240205,0.140345,0.257605,-0.542631,0.595256,0.764283,-1.119888,0.030975,0.529039
-0.121944,4.822892,0.800036,-0.049432,0.027367,0.939962,-0.336569,0.165670,0.005587,0.625202,0.483690,-0.203042,-0.030916,0.042725,-0.388752,-1.427146,0.449256,-0.264484,0.005694,0.018085,-0.029682,0.005997,-0.158307,0.267818,-0.143263,0.993352,0.739469,0.214918,0.158667,0.277389,-0.496433,0.553505,0.777513,-1.095706,0.043622,0.520143
-0.122238,4.837663,0.795294,-0.049777,0.019069,0.925086,-0.375999,0.188069,0.013627,0.626502,0.374613,-0.204715,-0.037246,0.050192,-0.360872,-1.471354,0.443264,-0.266334,0.009370,0.013946,-0.024497,0.004406,-0.170446,0.301056,-0.141742,0.958554,0.742068,0.183235,0.184465,0.289019,-0.447481,0.509174,0.785586,-1.075531,0.069920,0.491387
-0.121691,4.850900,0.795279,-0.050481,0.013124,0.910905,-0.409307,0.193874,0.025153,0.628053,0.307508,-0.213152,-0.024499,0.050330,-0.345941,-1.504267,0.448807,-0.266991,0.009245,0.013098,-0.021416,0.006724,-0.176068,0.326879,-0.153600,0.916844,0.751222,0.153607,0.213207,0.291419,-0.399235,0.467023,0.782995,-1.064254,0.113050,0.436787
-0.120157,4.863114,0.795174,-0.051015,0.009426,0.897969,-0.436989,0.180808,0.040219,0.615888,0.286688,-0.230914,-0.025052,0.045365,-0.342727,-1.525834,0.462420,-0.266526,0.006845,0.015642,-0.021191,0.012597,-0.171756,0.341075,-0.161324,0.872017,0.748244,0.129103,0.232561,0.285720,-0.353280,0.430660,0.767948,-1.060985,0.169565,0.355351
-0.117815,4.874223,0.795154,-0.050237,0.007182,0.886780,-0.459398,0.158004,0.053705,0.570780,0.290282,-0.250819,-0.040988,0.040199,-0.345392,-1.538795,0.479013,-0.263066,0.004281,0.021585,-0.022874,0.020762,-0.154974,0.343069,-0.159435,0.829011,0.727252,0.107146,0.238272,0.274663,-0.310643,0.401711,0.741195,-1.059834,0.229705,0.255070
-0.114864,4.884036,0.795356,-0.047886,0.006640,0.877135,-0.477804,0.136983,0.062713,0.510697,0.298391,-0.262599,-0.071912,0.037744,-0.351196,-1.544967,0.494088,-0.257395,0.002141,0.028337,-0.025528,0.029781,-0.125284,0.334734,-0.150802,0.793598,0.695001,0.084152,0.238539,0.261498,-0.273572,0.379170,0.704111,-1.052459,0.282441,0.149048
-0.111294,4.892462,0.795698,-0.044492,0.007640,0.868924,-0.492883,0.124331,0.064865,0.454350,0.298886,-0.267381,-0.104401,0.037694,-0.358139,-1.545679,0.504150,-0.250493,-0.000202,0.034365,-0.028117,0.038517,-0.085318,0.318255,-0.140522,0.772212,0.662836,0.060709,0.241479,0.248770,-0.244315,0.361575,0.658672,-1.031538,0.317506,0.050454
-0.107022,4.899607,0.795946,-0.040788,0.009513,0.861925,-0.505303,0.120550,0.061169,0.418515,0.289426,-0.274195,-0.116983,0.038435,-0.367127,-1.542873,0.511977,-0.242316,-0.002923,0.039104,-0.029795,0.046289,-0.039748,0.295087,-0.133044,0.769552,0.639873,0.042558,0.247219,0.237740,-0.224576,0.349200,0.608596,-0.994403,0.327851,-0.028829
-0.102134,4.905689,0.795879,-0.037260,0.011850,0.855829,-0.515779,0.122079,0.054480,0.404779,0.274882,-0.282061,-0.112576,0.038832,-0.379289,-1.537236,0.521271,-0.235006,-0.005773,0.043010,-0.030426,0.052906,0.006826,0.267511,-0.131968,0.786194,0.633507,0.034069,0.253380,0.228411,-0.215277,0.342313,0.559247,-0.943711,0.315473,-0.080594
-0.096761,4.911060,0.794998,-0.033783,0.014110,0.850455,-0.524772,0.124414,0.045479,0.390978,0.258939,-0.290425,-0.102228,0.037811,-0.394225,-1.527074,0.534139,-0.229062,-0.007394,0.047008,-0.030424,0.058635,0.055175,0.243149,-0.135189,0.817437,0.648053,0.029764,0.259735,0.214369,-0.214481,0.341043,0.521750,-0.884137,0.293647,-0.105487
-0.090967,4.916275,0.791384,-0.030242,0.015986,0.845233,-0.533301,0.122669,0.035949,0.370195,0.241767,-0.301498,-0.092103,0.034380,-0.411105,-1.512051,0.550331,-0.225087,-0.006762,0.050787,-0.030241,0.063771,0.098501,0.211997,-0.142910,0.859405,0.680082,0.039279,0.272889,0.206493,-0.223629,0.335020,0.489926,-0.829658,0.269922,-0.108660
-0.085236,4.920765,0.790686,-0.026956,0.017500,0.839676,-0.542136,0.122691,0.026445,0.347010,0.230590,-0.314073,-0.082262,0.032581,-0.427197,-1.500327,0.565580,-0.219476,-0.007616,0.054054,-0.030392,0.068459,0.125869,0.170700,-0.144650,0.910918,0.712463,0.069727,0.282037,0.200475,-0.226815,0.332451,0.469427,-0.792515,0.264486,-0.104461
-0.079397,4.925016,0.790199,-0.024167,0.018951,0.833681,-0.551392,0.120827,0.017129,0.326043,0.223751,-0.327264,-0.071987,0.032058,-0.442956,-1.494074,0.578549,-0.214713,-0.010853,0.056844,-0.030736,0.072899,0.150689,0.127960,-0.136221,0.967776,0.731844,0.103919,0.278301,0.199892,-0.227799,0.330703,0.458543,-0.774987,0.273316,-0.096042
-0.073439,4.929057,0.789622,-0.021686,0.020530,0.827225,-0.561077,0.117289,0.007136,0.304074,0.220287,-0.337927,-0.061223,0.029205,-0.462647,-1.478423,0.596560,-0.209807,-0.011759,0.058791,-0.030821,0.077503,0.169503,0.091361,-0.130037,1.022099,0.745880,0.136162,0.242964,0.203440,-0.225715,0.327632,0.458812,-0.773599,0.290047,-0.084360
-0.067459,4.932888,0.788943,-0.019440,0.022251,0.820532,-0.570837,0.113262,-0.004087,0.279158,0.217907,-0.346173,-0.049380,0.024249,-0.486018,-1.452293,0.620635,-0.204291,-0.008545,0.060289,-0.030801,0.082194,0.181421,0.068802,-0.140406,1.066162,0.768624,0.158036,0.167634,0.209156,-0.220621,0.321835,0.470653,-0.780787,0.309115,-0.074703
-0.061515,4.936564,0.788163,-0.017105,0.024222,0.812933,-0.581602,0.108886,-0.015935,0.251704,0.216930,-0.350365,-0.036594,0.013690,-0.512930,-1.403118,0.652947,-0.197086,0.006879,0.059918,-0.030998,0.086941,0.187507,0.062360,-0.164152,1.092008,0.800071,0.162056,0.069134,0.214800,-0.213295,0.314109,0.494406,-0.791360,0.328827,-0.076009
-0.055641,4.940118,0.787352,-0.014889,0.026662,0.804355,-0.593363,0.102780,-0.028505,0.222739,0.219884,-0.349653,-0.023898,-0.001356,-0.538064,-1.337314,0.684339,-0.191104,0.027120,0.057646,-0.031981,0.091327,0.189122,0.069394,-0.187790,1.095185,0.831327,0.149347,-0.018860,0.218508,-0.204144,0.305695,0.530606,-0.802041,0.349389,-0.093386
-0.049826,4.943565,0.786986,-0.013340,0.029307,0.795843,-0.604646,0.094356,-0.042060,0.194866,0.226346,-0.345394,-0.011724,-0.013235,-0.555454,-1.281001,0.700275,-0.183180,0.040701,0.055439,-0.033981,0.094499,0.186430,0.086647,-0.210554,1.079201,0.864046,0.127474,-0.074767,0.219087,-0.192360,0.294236,0.577940,-0.806242,0.369057,-0.124087
-0.043991,4.946850,0.786732,-0.012093,0.031606,0.786985,-0.616044,0.085486,-0.056058,0.167168,0.232730,-0.340927,-0.000198,-0.027520,-0.567024,-1.216365,0.708590,-0.174127,0.055840,0.051570,-0.036025,0.096436,0.178554,0.111252,-0.241009,1.050935,0.906285,0.102219,-0.096744,0.215518,-0.178070,0.275033,0.632101,-0.797000,0.384296,-0.159151
-0.038220,4.949830,0.786081,-0.011246,0.033977,0.777371,-0.628023,0.077701,-0.071607,0.138476,0.237862,-0.336898,0.010988,-0.047697,-0.576068,-1.132543,0.719519,-0.168834,0.077525,0.045193,-0.037676,0.097076,0.165372,0.137655,-0.276496,1.017268,0.952712,0.077715,-0.091590,0.207663,-0.165450,0.249433,0.688249,-0.777084,0.393942,-0.185555
-0.032619,4.952382,0.784952,-0.010619,0.036709,0.766780,-0.640771,0.072074,-0.088867,0.108215,0.241786,-0.333018,0.021890,-0.073790,-0.583065,-1.028406,0.737677,-0.165694,0.103172,0.036522,-0.039135,0.096606,0.148477,0.163070,-0.300991,0.989555,0.984421,0.051458,-0.065564,0.198762,-0.157982,0.231398,0.741748,-0.758514,0.402545,-0.191855
-0.027300,4.954514,0.783290,-0.010208,0.040053,0.755558,-0.653776,0.067875,-0.107483,0.077544,0.247415,-0.330743,0.032276,-0.104555,-0.583126,-0.903193,0.758121,-0.167898,0.129928,0.026133,-0.040916,0.095760,0.129204,0.174628,-0.306833,0.964160,0.993608,0.037475,-0.033748,0.182769,-0.155044,0.228237,0.801175,-0.754110,0.408925,-0.171958
-0.022385,4.956371,0.781290,-0.010243,0.043841,0.744866,-0.665694,0.064205,-0.126534,0.049464,0.255474,-0.330375,0.041840,-0.137111,-0.571251,-0.764243,0.774144,-0.177146,0.147333,0.015549,-0.043603,0.095189,0.102714,0.176400,-0.298486,0.951769,0.980340,0.033517,-0.001996,0.167608,-0.167065,0.238697,0.851561,-0.765316,0.405017,-0.121892
-0.017919,4.958052,0.779440,-0.010450,0.046787,0.735684,-0.675626,0.062240,-0.143375,0.025656,0.259884,-0.328352,0.050473,-0.165418,-0.542230,-0.622638,0.778828,-0.193922,0.144842,0.006415,-0.047279,0.094732,0.075153,0.172376,-0.280746,0.944646,0.958781,0.041178,0.026953,0.149978,-0.176512,0.262559,0.893045,-0.789447,0.395332,-0.064825
-0.014218,4.959850,0.777987,-0.010693,0.048750,0.727941,-0.683821,0.060983,-0.157082,0.005789,0.260868,-0.323741,0.058030,-0.190376,-0.490518,-0.472177,0.774571,-0.222238,0.126593,-0.001274,-0.051143,0.094276,0.048127,0.164723,-0.258051,0.938443,0.936107,0.057551,0.053156,0.132782,-0.183111,0.292195,0.918249,-0.821134,0.380000,-0.017941
-0.010608,4.961471,0.777685,-0.011131,0.049323,0.721658,-0.690401,0.058225,-0.167473,-0.009972,0.260190,-0.317192,0.064445,-0.209741,-0.410107,-0.320919,0.760342,-0.282600,0.105542,-0.006702,-0.054703,0.092998,0.023114,0.153985,-0.233524,0.930144,0.912934,0.076623,0.076932,0.118586,-0.184791,0.316908,0.922680,-0.851829,0.363103,0.005720
-0.007456,4.963127,0.777439,-0.012457,0.048532,0.717595,-0.694656,0.051464,-0.175161,-0.019433,0.260234,-0.310717,0.069870,-0.213684,-0.326988,-0.211174,0.733858,-0.344935,0.101608,-0.007857,-0.057760,0.090112,0.001211,0.141611,-0.211623,0.919265,0.888111,0.091039,0.096232,0.109130,-0.180136,0.325281,0.907200,-0.870124,0.349429,0.003423
-0.004556,4.964788,0.777487,-0.014410,0.046346,0.715327,-0.697102,0.042148,-0.180273,-0.023230,0.258846,-0.304472,0.074815,-0.204153,-0.265124,-0.173033,0.696666,-0.391975,0.100290,-0.005391,-0.060261,0.086027,-0.017335,0.130821,-0.199016,0.907146,0.863945,0.095644,0.106972,0.104260,-0.168355,0.315713,0.876970,-0.870747,0.340376,-0.017520
-0.001781,4.966400,0.777648,-0.016502,0.043269,0.714114,-0.698496,0.033076,-0.184251,-0.027665,0.254226,-0.298380,0.079379,-0.189345,-0.220513,-0.192055,0.657251,-0.418702,0.095377,-0.001141,-0.062129,0.081693,-0.032513,0.124236,-0.201248,0.895180,0.845631,0.089271,0.106842,0.101459,-0.152278,0.299428,0.839745,-0.859621,0.331924,-0.045701
0.000904,4.967892,0.777296,-0.018853,0.040269,0.714305,-0.698421,0.025400,-0.189506,-0.035946,0.247853,-0.292614,0.084341,-0.173632,-0.182488,-0.242229,0.628597,-0.431563,0.075164,0.003938,-0.063685,0.077662,-0.043772,0.123384,-0.218621,0.883279,0.837492,0.074469,0.099865,0.096273,-0.137541,0.290577,0.804673,-0.846457,0.318650,-0.070682
0.003351,4.969162,0.775035,-0.020021,0.038452,0.714279,-0.698517,0.019643,-0.194635,-0.044692,0.246047,-0.290500,0.088747,-0.180377,-0.139743,-0.216260,0.623452,-0.427756,0.035332,0.004906,-0.063567,0.075806,-0.049763,0.126293,-0.245926,0.870785,0.840799,0.057936,0.095377,0.084585,-0.128028,0.297361,0.779656,-0.838069,0.300147,-0.085746
0.005159,4.970230,0.774989,-0.020174,0.037283,0.715512,-0.697314,0.017128,-0.196382,-0.042445,0.244298,-0.289480,0.094753,-0.191287,-0.127766,-0.192464,0.627099,-0.411647,0.022369,0.006002,-0.062657,0.075042,-0.050207,0.129288,-0.274959,0.859682,0.851264,0.047284,0.095945,0.066000,-0.123088,0.319949,0.767740,-0.835965,0.279427,-0.087513
0.006971,4.970643,0.775591,-0.018977,0.037561,0.717321,-0.695471,0.016177,-0.196884,-0.032952,0.248793,-0.291569,0.101127,-0.207807,-0.132860,-0.186404,0.658144,-0.398055,0.030978,0.008727,-0.060463,0.075944,-0.046803,0.125687,-0.298610,0.855599,0.860227,0.045656,0.093800,0.044749,-0.124398,0.353065,0.764804,-0.839493,0.259781,-0.074934
0.008205,4.970612,0.774769,-0.016845,0.039692,0.719184,-0.693480,0.014347,-0.198244,-0.023785,0.264588,-0.298829,0.106902,-0.228789,-0.143138,-0.184051,0.709935,-0.392772,0.041597,0.012814,-0.057713,0.078235,-0.045150,0.109439,-0.313505,0.865806,0.862666,0.053763,0.080206,0.028640,-0.133715,0.391201,0.758860,-0.852497,0.244211,-0.052160
0.008769,4.970177,0.773650,-0.013795,0.042104,0.721152,-0.691359,0.014507,-0.197486,-0.015659,0.281731,-0.307608,0.110576,-0.246671,-0.150267,-0.181706,0.760465,-0.387763,0.048661,0.017256,-0.056137,0.080466,-0.036115,0.096385,-0.317629,0.875100,0.858774,0.061141,0.051435,0.004416,-0.147454,0.433666,0.760985,-0.873895,0.232895,-0.031807
0.008779,4.969475,0.773029,-0.009969,0.043961,0.722759,-0.689628,0.018199,-0.193392,-0.009489,0.293220,-0.315384,0.106101,-0.256758,-0.150397,-0.177253,0.795492,-0.375859,0.051757,0.020891,-0.056418,0.081892,-0.026584,0.083383,-0.315457,0.882850,0.855123,0.069116,0.020522,-0.016673,-0.158169,0.472830,0.762476,-0.905990,0.229665,-0.022902
0.008449,4.968547,0.773038,-0.005433,0.045369,0.723380,-0.688936,0.025131,-0.187500,-0.006945,0.300071,-0.320638,0.101024,-0.260503,-0.145749,-0.171077,0.818396,-0.355643,0.058014,0.023533,-0.057816,0.082815,-0.011376,0.074316,-0.310830,0.881575,0.853968,0.073349,0.001686,-0.030183,-0.162780,0.489630,0.765930,-0.931060,0.229272,-0.021471
0.007959,4.967503,0.773260,-0.000657,0.046726,0.723196,-0.689060,0.033704,-0.181579,-0.007033,0.305285,-0.324853,0.097641,-0.262884,-0.140760,-0.164092,0.839204,-0.331645,0.072561,0.025468,-0.059437,0.083790,-0.000118,0.065986,-0.306368,0.875789,0.854300,0.079878,-0.002605,-0.034147,-0.151957,0.476449,0.768288,-0.930566,0.235708,-0.020306
0.007380,4.966574,0.773211,0.003616,0.048160,0.722885,-0.689279,0.041626,-0.176549,-0.007425,0.310339,-0.329132,0.095325,-0.267859,-0.135994,-0.151263,0.863547,-0.315124,0.105964,0.026678,-0.060842,0.084993,0.014695,0.065313,-0.301131,0.872333,0.855321,0.081273,0.009337,-0.027665,-0.136252,0.439359,0.764186,-0.903719,0.240063,-0.019634
0.006684,4.965931,0.773136,0.006917,0.049366,0.722663,-0.689401,0.047822,-0.172374,-0.007770,0.313947,-0.332548,0.093458,-0.276483,-0.127235,-0.125996,0.890886,-0.310114,0.149983,0.026753,-0.061985,0.086201,0.030341,0.067399,-0.293930,0.873402,0.856557,0.084951,0.027373,-0.016755,-0.124398,0.398184,0.756549,-0.870991,0.239380,-0.023392
0.005579,4.965566,0.775020,0.009082,0.049853,0.722061,-0.689971,0.051818,-0.168241,-0.009623,0.315000,-0.333630,0.091519,-0.288333,-0.110048,-0.082134,0.915755,-0.317057,0.186999,0.025514,-0.062862,0.087074,0.045451,0.068725,-0.282825,0.879357,0.854081,0.093031,0.042333,-0.005516,-0.121860,0.367970,0.749614,-0.852425,0.236990,-0.032279
0.004285,4.965490,0.775527,0.009325,0.049773,0.720956,-0.691128,0.051420,-0.165947,-0.012582,0.316052,-0.334093,0.089099,-0.294933,-0.092517,-0.039106,0.921835,-0.350255,0.186678,0.023963,-0.063998,0.087133,0.057863,0.069079,-0.269778,0.890214,0.846505,0.102710,0.050543,0.005228,-0.128015,0.350001,0.745456,-0.852637,0.237960,-0.044050
0.002899,4.965568,0.775981,0.008371,0.048397,0.719090,-0.693179,0.049266,-0.163694,-0.017950,0.312324,-0.331494,0.086063,-0.295632,-0.086042,-0.019279,0.901445,-0.386782,0.148527,0.022584,-0.065534,0.086001,0.065178,0.073727,-0.262835,0.905726,0.841962,0.110367,0.054350,0.016283,-0.136134,0.337737,0.745836,-0.862070,0.242803,-0.054814
0.001471,4.965685,0.776678,0.006751,0.045916,0.716268,-0.696280,0.046742,-0.161252,-0.026371,0.303868,-0.325812,0.082840,-0.288416,-0.086773,-0.016514,0.852083,-0.423087,0.102622,0.020778,-0.066860,0.083739,0.067160,0.085892,-0.269481,0.925188,0.850451,0.114036,0.056957,0.027928,-0.142166,0.325083,0.753018,-0.868834,0.249177,-0.060056
0.000021,4.965758,0.777478,0.004895,0.043004,0.712634,-0.700200,0.044583,-0.158950,-0.037239,0.293026,-0.318517,0.079806,-0.273910,-0.083540,-0.014761,0.781267,-0.452241,0.060041,0.018262,-0.067486,0.080850,0.065475,0.103355,-0.287844,0.946683,0.871786,0.115028,0.057094,0.039289,-0.146301,0.311474,0.768522,-0.868297,0.255087,-0.057467
-0.001438,4.965758,0.778032,0.003209,0.040009,0.708639,-0.704428,0.043166,-0.156520,-0.049071,0.281374,-0.310693,0.076810,-0.256142,-0.068816,-0.000484,0.703984,-0.459487,0.034713,0.015320,-0.067107,0.077841,0.062313,0.121105,-0.307283,0.966700,0.894829,0.115712,0.051269,0.048473,-0.150692,0.301923,0.792337,-0.865081,0.260138,-0.048031
-0.002975,4.965701,0.777329,0.001109,0.037614,0.705230,-0.707979,0.040715,-0.155157,-0.058836,0.272731,-0.304789,0.073765,-0.235991,-0.049966,0.020645,0.627204,-0.438528,0.039988,0.013016,-0.066068,0.074770,0.059746,0.135255,-0.318591,0.981354,0.909207,0.116923,0.041574,0.053503,-0.157946,0.302787,0.823109,-0.867890,0.264927,-0.033484
-0.004739,4.965788,0.778939,-0.000681,0.034928,0.702792,-0.710537,0.040057,-0.151915,-0.066407,0.260206,-0.296635,0.070688,-0.213485,-0.037337,0.028743,0.560066,-0.385919,0.049493,0.012154,-0.064777,0.071337,0.058633,0.147112,-0.320496,0.988415,0.913366,0.117572,0.035068,0.054090,-0.165392,0.316411,0.858222,-0.881301,0.269546,-0.015555
-0.006663,4.965596,0.779831,-0.001712,0.031803,0.701111,-0.712341,0.042223,-0.146355,-0.072284,0.243234,-0.286492,0.067644,-0.191627,-0.030862,0.018387,0.504034,-0.336967,0.009796,0.012362,-0.062968,0.067682,0.059038,0.158456,-0.315972,0.989236,0.909871,0.116363,0.035681,0.052185,-0.169937,0.337757,0.892935,-0.902096,0.273192,0.003990
-0.008806,4.965358,0.781666,-0.002277,0.028924,0.700059,-0.713496,0.044407,-0.139393,-0.076312,0.228851,-0.277364,0.064690,-0.173290,-0.027873,0.003574,0.456722,-0.313328,-0.000585,0.012932,-0.059918,0.064223,0.062590,0.173040,-0.306834,0.988973,0.901713,0.108717,0.042829,0.052767,-0.172501,0.357475,0.919081,-0.921188,0.275288,0.022821
-0.011141,4.965155,0.783323,-0.002146,0.026084,0.699578,-0.714077,0.045456,-0.130861,-0.078674,0.219368,-0.270611,0.061850,-0.156158,-0.022781,-0.007027,0.414390,-0.294348,-0.003069,0.013398,-0.055582,0.061221,0.060219,0.181119,-0.298485,0.991395,0.894999,0.107991,0.050654,0.054884,-0.165663,0.369939,0.933723,-0.931037,0.281709,0.037088
-0.013727,4.965142,0.784712,-0.001435,0.023358,0.699592,-0.714159,0.043720,-0.121292,-0.079900,0.217255,-0.267254,0.058841,-0.140368,-0.014819,-0.012465,0.376091,-0.275655,-0.002721,0.013627,-0.050292,0.058961,0.057704,0.186075,-0.292641,0.992375,0.892212,0.111548,0.058802,0.059723,-0.158161,0.371771,0.936977,-0.929732,0.283380,0.043351
-0.016480,4.965457,0.785846,-0.000335,0.020497,0.699577,-0.714263,0.037924,-0.111078,-0.081400,0.222842,-0.267002,0.055450,-0.125822,-0.005141,-0.015923,0.340290,-0.256904,-0.001492,0.013394,-0.044789,0.057447,0.055008,0.187437,-0.287044,0.990733,0.889647,0.114364,0.065680,0.067196,-0.150701,0.369157,0.930024,-0.922777,0.279176,0.039113
-0.019250,4.966244,0.786717,0.000803,0.017312,0.699012,-0.714900,0.026467,-0.100926,-0.083391,0.236887,-0.269126,0.051733,-0.113214,0.004682,-0.020716,0.306489,-0.237679,-0.000483,0.012462,-0.039623,0.056647,0.051702,0.185792,-0.280077,0.985218,0.882702,0.109621,0.071861,0.075563,-0.143901,0.366467,0.915862,-0.914224,0.269889,0.027583
-0.021907,4.967609,0.787080,0.001285,0.014236,0.697784,-0.716166,0.006835,-0.092874,-0.084626,0.263518,-0.275091,0.048024,-0.103719,0.012641,-0.026953,0.276245,-0.223609,-0.000438,0.010797,-0.034971,0.056847,0.046647,0.183989,-0.278888,0.974790,0.879568,0.096641,0.087853,0.082300,-0.137824,0.364409,0.898017,-0.904943,0.259262,0.015106
-0.024316,4.969654,0.786714,0.001183,0.011473,0.696017,-0.717932,-0.023237,-0.087532,-0.084183,0.307861,-0.286613,0.044416,-0.101307,0.018168,-0.034229,0.257742,-0.217417,-0.000279,0.008728,-0.030541,0.058978,0.038289,0.186207,-0.295987,0.958349,0.900792,0.086791,0.133322,0.085417,-0.131711,0.364043,0.879414,-0.896537,0.251308,0.005240
-0.026477,4.972432,0.785535,0.001107,0.009014,0.693675,-0.720231,-0.067734,-0.084601,-0.083195,0.378741,-0.301010,0.040088,-0.108491,0.021900,-0.042891,0.257300,-0.219467,0.001906,0.006591,-0.025740,0.064219,0.026630,0.190507,-0.329874,0.936951,0.950767,0.098428,0.212181,0.085226,-0.125673,0.367367,0.861055,-0.891719,0.246832,-0.002538
-0.028392,4.975797,0.783710,0.002168,0.006309,0.690485,-0.723315,-0.126653,-0.080904,-0.080543,0.477289,-0.313070,0.033223,-0.124246,0.026017,-0.053709,0.274711,-0.228060,0.005030,0.004321,-0.019835,0.072764,0.015187,0.187233,-0.356783,0.915622,0.996082,0.133973,0.290026,0.084989,-0.120581,0.374288,0.841553,-0.889906,0.242529,-0.009432
-0.030248,4.978911,0.783444,0.003905,0.003997,0.686672,-0.726945,-0.192639,-0.072981,-0.069519,0.589353,-0.310394,0.005350,-0.139776,0.029396,-0.066663,0.295451,-0.237611,0.009081,0.001823,-0.012837,0.082893,0.006139,0.162948,-0.355589,0.902658,0.995157,0.169881,0.328726,0.091710,-0.119924,0.382321,0.814114,-0.888371,0.235687,-0.015166
-0.031791,4.981660,0.781913,0.006922,0.001559,0.683041,-0.730346,-0.247135,-0.053358,-0.044984,0.678876,-0.321328,-0.032217,-0.151047,0.034093,-0.080107,0.311691,-0.246402,0.015091,-0.000357,-0.005049,0.091979,0.001725,0.133382,-0.325938,0.886654,0.943163,0.183196,0.312544,0.095311,-0.122103,0.389801,0.792625,-0.881561,0.224538,-0.021588
-0.032667,4.983050,0.782986,0.010026,0.000162,0.681076,-0.732144,-0.279154,-0.030223,-0.016849,0.720889,-0.357405,-0.027883,-0.151731,0.038526,-0.088989,0.314189,-0.249727,0.022796,-0.000735,0.002507,0.097941,0.001640,0.111431,-0.293583,0.864513,0.876714,0.180093,0.261602,0.090475,-0.126067,0.398586,0.786981,-0.869875,0.214416,-0.030237
-0.032949,4.983287,0.782573,0.013434,-0.000301,0.681288,-0.731892,-0.281830,-0.015745,-0.002953,0.705759,-0.394494,-0.006371,-0.146020,0.043744,-0.091696,0.310344,-0.251251,0.029177,0.001175,0.008728,0.100486,0.002310,0.096419,-0.284829,0.850389,0.835582,0.171927,0.213269,0.085209,-0.129579,0.409885,0.793202,-0.861119,0.212812,-0.038452
-0.032822,4.982437,0.781549,0.016046,0.000463,0.683208,-0.730048,-0.260586,-0.013170,-0.002052,0.637984,-0.398415,0.018599,-0.135911,0.048030,-0.088532,0.302017,-0.250997,0.031573,0.004192,0.013027,0.099937,0.005298,0.089975,-0.300662,0.842415,0.825679,0.155897,0.180531,0.078859,-0.132371,0.422788,0.808521,-0.858756,0.222811,-0.038480
-0.032412,4.980849,0.778313,0.018372,0.001556,0.685829,-0.727529,-0.220061,-0.014165,-0.007663,0.536429,-0.366886,0.014493,-0.125539,0.052329,-0.082502,0.294954,-0.251996,0.030160,0.006495,0.015324,0.097353,0.011257,0.089942,-0.328046,0.836497,0.831534,0.132487,0.160306,0.073266,-0.133652,0.435874,0.824842,-0.860331,0.238178,-0.024601
-0.031684,4.979254,0.779920,0.019747,0.003767,0.688428,-0.725026,-0.174783,-0.018973,-0.013677,0.453102,-0.336125,0.037098,-0.112765,0.053811,-0.074798,0.285962,-0.250524,0.025921,0.007192,0.015681,0.094267,0.018293,0.091069,-0.355481,0.832916,0.835895,0.105601,0.142003,0.070498,-0.135782,0.445808,0.834448,-0.859096,0.247331,0.002142
-0.030756,4.977163,0.781679,0.020224,0.007188,0.689777,-0.723704,-0.133675,-0.024700,-0.014606,0.388292,-0.316885,0.043826,-0.099346,0.051075,-0.068332,0.278026,-0.249001,0.020291,0.005833,0.013549,0.091623,0.022012,0.092275,-0.380765,0.837140,0.833805,0.081118,0.118031,0.072451,-0.139550,0.448547,0.835712,-0.849160,0.243730,0.033183
-0.029645,4.975152,0.783360,0.019305,0.011745,0.689698,-0.723745,-0.097370,-0.033269,-0.013484,0.330836,-0.291999,0.039685,-0.087030,0.042924,-0.064364,0.271820,-0.247233,0.013759,0.003528,0.008857,0.089037,0.018984,0.094917,-0.409638,0.853261,0.833543,0.063235,0.090766,0.079229,-0.144899,0.443698,0.832064,-0.832338,0.232157,0.059189
-0.028259,4.973295,0.784626,0.018088,0.016336,0.688832,-0.724512,-0.065458,-0.042700,-0.012244,0.280726,-0.269697,0.029463,-0.077913,0.032503,-0.062712,0.270691,-0.248016,0.009463,0.001277,0.002804,0.085856,0.010336,0.102248,-0.445854,0.877598,0.844364,0.051541,0.067240,0.088586,-0.150729,0.437973,0.826970,-0.817858,0.220998,0.075968
-0.026759,4.971557,0.785527,0.016971,0.020610,0.688302,-0.724932,-0.037791,-0.051669,-0.010478,0.238882,-0.250725,0.021785,-0.069604,0.022170,-0.061403,0.269470,-0.249750,0.009845,-0.000433,-0.002878,0.081855,0.000760,0.112383,-0.482872,0.901134,0.861660,0.042679,0.050880,0.096325,-0.158192,0.440355,0.820603,-0.815134,0.213919,0.083294
-0.025300,4.969955,0.786167,0.016225,0.024094,0.688330,-0.724816,-0.015001,-0.059029,-0.008347,0.205817,-0.235509,0.018461,-0.061445,0.013825,-0.059675,0.266268,-0.250700,0.012058,-0.001629,-0.007251,0.077620,-0.005823,0.122092,-0.508927,0.917262,0.872838,0.036141,0.041181,0.099928,-0.167419,0.453225,0.812266,-0.824456,0.209452,0.081035
-0.024011,4.968569,0.786570,0.015762,0.026504,0.688525,-0.724556,0.001086,-0.064540,-0.006765,0.183405,-0.225332,0.019277,-0.054912,0.007919,-0.058086,0.263055,-0.251221,0.014114,-0.002445,-0.010377,0.073866,-0.008438,0.130246,-0.519791,0.925607,0.872954,0.034095,0.038940,0.099931,-0.175827,0.470168,0.804272,-0.836901,0.206635,0.069574
-0.022923,4.967446,0.786765,0.015478,0.027941,0.688772,-0.724274,0.009796,-0.068345,-0.005549,0.172691,-0.220420,0.022113,-0.051067,0.004045,-0.056842,0.261887,-0.252234,0.015987,-0.002907,-0.012507,0.070846,-0.007666,0.137412,-0.520083,0.930183,0.866402,0.037580,0.045666,0.098062,-0.180058,0.483213,0.801842,-0.843462,0.207231,0.052399
-0.021980,4.966538,0.786822,0.015378,0.028776,0.689210,-0.723826,0.013354,-0.070858,-0.004050,0.170566,-0.219364,0.025565,-0.049051,0.001575,-0.055509,0.262224,-0.253623,0.018087,-0.002963,-0.013712,0.068418,-0.004530,0.143815,-0.515503,0.935428,0.857749,0.045438,0.057989,0.094993,-0.178858,0.489688,0.808878,-0.842916,0.213788,0.034757
-0.021135,4.965743,0.786826,0.015481,0.029299,0.689837,-0.723206,0.015050,-0.072479,-0.002243,0.171632,-0.219805,0.029397,-0.047428,0.000014,-0.054004,0.262604,-0.255050,0.020808,-0.002607,-0.014166,0.066362,-0.000403,0.149534,-0.509369,0.942960,0.848739,0.055814,0.068473,0.090280,-0.172980,0.492347,0.824657,-0.840314,0.227091,0.020182
-0.020387,4.964982,0.786832,0.015730,0.029630,0.690507,-0.722547,0.017072,-0.073472,-0.000471,0.171784,-0.219808,0.033195,-0.045716,-0.001001,-0.052677,0.262784,-0.256931,0.025212,-0.001962,-0.014226,0.064426,0.005786,0.155384,-0.503033,0.948124,0.843594,0.066956,0.071247,0.080551,-0.160106,0.495233,0.848578,-0.839381,0.246021,0.009540
-0.019767,4.964236,0.786936,0.015871,0.029845,0.691095,-0.721973,0.019722,-0.074303,0.001027,0.169962,-0.218852,0.036629,-0.044536,-0.001262,-0.050777,0.263142,-0.255949,0.021154,-0.001292,-0.014210,0.062374,0.009117,0.163139,-0.499671,0.954414,0.841078,0.074083,0.068090,0.074113,-0.149194,0.497874,0.868173,-0.838162,0.260839,0.002316
-0.019254,4.963499,0.787092,0.015750,0.029890,0.691537,-0.721550,0.022414,-0.075236,0.002087,0.166659,-0.217194,0.039491,-0.044021,-0.001271,-0.048879,0.263561,-0.253699,0.013288,-0.000735,-0.014169,0.060079,0.010855,0.172194,-0.498907,0.960556,0.841192,0.077254,0.064094,0.070488,-0.140268,0.499856,0.880780,-0.834727,0.269354,-0.004574
-0.018798,4.962765,0.787209,0.015418,0.029650,0.691720,-0.721392,0.024548,-0.076189,0.002366,0.162754,-0.215133,0.042186,-0.043738,-0.001765,-0.048260,0.263611,-0.253609,0.011923,-0.000353,-0.014063,0.057674,0.009542,0.181562,-0.500394,0.969284,0.840329,0.078206,0.062993,0.072886,-0.138250,0.501534,0.882819,-0.830106,0.270759,-0.013882
-0.018409,4.962044,0.787295,0.014979,0.029153,0.691575,-0.721561,0.025686,-0.077043,0.001677,0.159528,-0.213288,0.044759,-0.043527,-0.002484,-0.048761,0.263144,-0.254342,0.013150,-0.000251,-0.013953,0.055426,0.009644,0.189163,-0.500685,0.976106,0.839196,0.080367,0.064269,0.073832,-0.137310,0.505492,0.881772,-0.827436,0.271858,-0.024245
-0.018107,4.961345,0.787356,0.014525,0.028528,0.691185,-0.721968,0.025857,-0.077754,0.000313,0.157756,-0.212304,0.046676,-0.043537,-0.003085,-0.049875,0.262737,-0.255076,0.013685,-0.000321,-0.013888,0.053452,0.010522,0.195027,-0.499078,0.981153,0.836627,0.083106,0.065732,0.074339,-0.139005,0.512038,0.879539,-0.826517,0.271880,-0.032420
-0.017905,4.960658,0.787385,0.014086,0.027907,0.690758,-0.722410,0.025509,-0.078237,-0.001036,0.157189,-0.212170,0.048009,-0.043924,-0.003519,-0.051081,0.262999,-0.256132,0.013702,-0.000380,-0.013892,0.051726,0.011848,0.199522,-0.496568,0.984488,0.833219,0.085161,0.066731,0.074048,-0.142922,0.520295,0.878035,-0.825444,0.269728,-0.035216
-0.017776,4.959963,0.787394,0.013697,0.027292,0.690411,-0.722772,0.025095,-0.078497,-0.002162,0.157104,-0.212512,0.048935,-0.044458,-0.003765,-0.052130,0.263587,-0.257317,0.013781,-0.000271,-0.014006,0.050258,0.013192,0.202927,-0.494315,0.986042,0.830216,0.086122,0.067777,0.072123,-0.148047,0.529245,0.878647,-0.823410,0.265537,-0.032133
-0.017730,4.959247,0.787398,0.013356,0.026711,0.690152,-0.723048,0.024629,-0.078491,-0.003034,0.157531,-0.213261,0.049611,-0.044814,-0.003784,-0.053027,0.263989,-0.258319,0.014142,0.000022,-0.014254,0.049159,0.014335,0.205027,-0.492521,0.985730,0.827986,0.086349,0.069467,0.067870,-0.153302,0.538060,0.881941,-0.821096,0.260711,-0.024454
-0.017773,4.958512,0.787396,0.013051,0.026211,0.689956,-0.723259,0.023991,-0.078262,-0.003692,0.158724,-0.214441,0.050206,-0.045005,-0.003580,-0.053751,0.264332,-0.259150,0.014625,0.000409,-0.014596,0.048518,0.015416,0.205254,-0.490278,0.983800,0.825480,0.086386,0.072185,0.061028,-0.157672,0.545802,0.887776,-0.819467,0.257010,-0.014184
-0.017882,4.957773,0.787382,0.012803,0.025790,0.689795,-0.723432,0.023149,-0.077911,-0.004198,0.160746,-0.216013,0.050860,-0.045381,-0.003227,-0.054267,0.265287,-0.260029,0.015140,0.000826,-0.015012,0.048330,0.016390,0.203294,-0.487625,0.981070,0.822201,0.086536,0.075527,0.052015,-0.160538,0.551662,0.895145,-0.819544,0.256128,-0.003991
-0.018028,4.957037,0.787357,0.012601,0.025435,0.689670,-0.723567,0.022331,-0.077561,-0.004572,0.163026,-0.217682,0.051555,-0.046104,-0.002850,-0.054582,0.267134,-0.261116,0.015573,0.001295,-0.015507,0.048417,0.016635,0.199319,-0.485969,0.978762,0.819015,0.086817,0.077980,0.042085,-0.161698,0.554873,0.902110,-0.821637,0.259069,0.003091
-0.018213,4.956296,0.787342,0.012362,0.025119,0.689551,-0.723695,0.021813,-0.077269,-0.004896,0.164652,-0.218964,0.052257,-0.046958,-0.002515,-0.054830,0.269277,-0.262207,0.015812,0.001867,-0.016098,0.048435,0.015213,0.193957,-0.487071,0.977508,0.817287,0.086477,0.077209,0.032821,-0.161065,0.554181,0.906349,-0.823884,0.264844,0.004979
-0.018429,4.955527,0.787361,0.012047,0.024717,0.689374,-0.723884,0.021710,-0.076969,-0.005371,0.164935,-0.219499,0.052945,-0.047606,-0.002158,-0.055208,0.270696,-0.262889,0.015942,0.002513,-0.016817,0.048018,0.011849,0.188108,-0.491282,0.976643,0.817773,0.084956,0.072980,0.025012,-0.159038,0.549675,0.906420,-0.824045,0.270115,0.002509
-0.018684,4.954699,0.787424,0.011585,0.024151,0.689100,-0.724171,0.021829,-0.076643,-0.006108,0.163921,-0.219323,0.053564,-0.047908,-0.001768,-0.055846,0.270838,-0.263017,0.016048,0.003111,-0.017637,0.047010,0.007384,0.182287,-0.496827,0.974796,0.819822,0.081810,0.068727,0.018185,-0.156865,0.544064,0.902383,-0.822361,0.271544,-0.001439
-0.019007,4.953800,0.787528,0.010954,0.023397,0.688764,-0.724525,0.021648,-0.076182,-0.007010,0.162652,-0.219001,0.053980,-0.048082,-0.001159,-0.056595,0.269952,-0.262417,0.015149,0.003514,-0.018508,0.045607,0.003249,0.176179,-0.500374,0.971243,0.821139,0.077853,0.068785,0.011467,-0.155913,0.540442,0.895785,-0.820990,0.268128,-0.005344
-0.019408,4.952837,0.787657,0.010222,0.022510,0.688421,-0.724890,0.020711,-0.075507,-0.007917,0.162453,-0.219236,0.054114,-0.048341,-0.000116,-0.057175,0.268608,-0.260863,0.011847,0.003651,-0.019344,0.044151,0.002216,0.169178,-0.500339,0.964206,0.819859,0.075943,0.072876,0.005215,-0.159990,0.537062,0.891379,-0.820872,0.255828,-0.010560
-0.019850,4.951818,0.787793,0.009519,0.021610,0.688042,-0.725286,0.019264,-0.074703,-0.008867,0.163547,-0.220112,0.054032,-0.048488,0.001206,-0.057749,0.267136,-0.258691,0.006620,0.003592,-0.020082,0.042833,-0.000079,0.160916,-0.497585,0.958580,0.815768,0.076184,0.075743,-0.001497,-0.160153,0.535974,0.887682,-0.822339,0.247731,-0.015186
-0.020279,4.950745,0.787902,0.008910,0.020793,0.687571,-0.725764,0.017937,-0.073958,-0.009984,0.165060,-0.221160,0.053872,-0.048279,0.002303,-0.058717,0.265750,-0.257433,0.003603,0.003492,-0.020720,0.041666,-0.003719,0.152925,-0.495333,0.954050,0.811929,0.077459,0.075812,-0.007720,-0.158159,0.534273,0.884887,-0.823367,0.243879,-0.017341
-0.020688,4.949633,0.787992,0.008320,0.020104,0.687036,-0.726298,0.017018,-0.073431,-0.011200,0.166297,-0.222148,0.053658,-0.047953,0.003045,-0.059871,0.264703,-0.256690,0.001573,0.003428,-0.021284,0.040571,-0.008310,0.146236,-0.494569,0.949734,0.810282,0.078524,0.075231,-0.012717,-0.154582,0.529763,0.881807,-0.822818,0.243273,-0.017687
-0.021088,4.948479,0.788073,0.007644,0.019501,0.686562,-0.726770,0.016542,-0.073108,-0.012234,0.166817,-0.222962,0.053339,-0.047775,0.003488,-0.060911,0.263994,-0.256194,0.000082,0.003414,-0.021693,0.039473,-0.012647,0.140471,-0.492782,0.945283,0.808781,0.079116,0.075455,-0.015781,-0.149727,0.521831,0.877485,-0.820491,0.244303,-0.019628
-0.021475,4.947264,0.788145,0.006876,0.018946,0.686217,-0.727118,0.016505,-0.072908,-0.012934,0.166615,-0.223585,0.052908,-0.047648,0.003756,-0.061701,0.263424,-0.255994,-0.001008,0.003450,-0.021903,0.038391,-0.015682,0.135064,-0.488217,0.940613,0.805745,0.080260,0.076664,-0.016691,-0.144056,0.512219,0.872668,-0.817269,0.245578,-0.024612
-0.021832,4.945980,0.788203,0.006115,0.018438,0.685944,-0.727395,0.016910,-0.072780,-0.013458,0.165996,-0.224169,0.052470,-0.047279,0.003906,-0.062366,0.262866,-0.256246,-0.001775,0.003562,-0.021948,0.037462,-0.017191,0.130284,-0.482354,0.935572,0.802670,0.081913,0.079840,-0.015976,-0.138371,0.504275,0.868913,-0.815014,0.246281,-0.029895
-0.022166,4.944653,0.788237,0.005475,0.018035,0.685629,-0.727707,0.017574,-0.072683,-0.014062,0.165651,-0.224980,0.052026,-0.046443,0.003989,-0.063157,0.262339,-0.257036,-0.002335,0.003785,-0.021947,0.036823,-0.017650,0.126680,-0.477525,0.930590,0.801382,0.083090,0.084848,-0.014244,-0.133580,0.500708,0.866877,-0.815331,0.245739,-0.032167
-0.022486,4.943326,0.788248,0.005038,0.017766,0.685246,-0.728077,0.018326,-0.072537,-0.014816,0.166043,-0.226160,0.051562,-0.045096,0.004095,-0.064159,0.261869,-0.258149,-0.002795,0.004123,-0.021997,0.036448,-0.017784,0.124285,-0.474240,0.926927,0.800982,0.082998,0.088170,-0.011762,-0.130043,0.502150,0.866134,-0.818323,0.243964,-0.030688
-0.022803,4.942027,0.788246,0.004770,0.017631,0.684871,-0.728436,0.019218,-0.072324,-0.015554,0.166876,-0.227527,0.051053,-0.043304,0.004260,-0.065196,0.261286,-0.259328,-0.003256,0.004528,-0.022109,0.036140,-0.020449,0.123138,-0.471959,0.927929,0.800262,0.080891,0.087278,-0.009578,-0.124355,0.509385,0.863762,-0.822405,0.247198,-0.024474
-0.023126,4.940762,0.788241,0.004572,0.017587,0.684564,-0.728726,0.020318,-0.072065,-0.016121,0.167614,-0.228810,0.050483,-0.041273,0.004477,-0.066089,0.260539,-0.260448,-0.003744,0.004933,-0.022256,0.035736,-0.021767,0.123699,-0.471780,0.929328,0.801177,0.078948,0.084963,-0.006714,-0.122774,0.516811,0.863909,-0.824843,0.246935,-0.015575
-0.023449,4.939521,0.788236,0.004407,0.017611,0.684314,-0.728962,0.021699,-0.071798,-0.016536,0.167980,-0.229888,0.049871,-0.039106,0.004702,-0.066840,0.259744,-0.261561,-0.004296,0.005272,-0.022425,0.035236,-0.022226,0.124983,-0.472670,0.931137,0.803968,0.078527,0.084198,-0.004468,-0.123064,0.523261,0.866317,-0.825898,0.245730,-0.005132
-0.023757,4.938295,0.788229,0.004265,0.017730,0.684052,-0.729206,0.023480,-0.071654,-0.016974,0.167840,-0.230717,0.049290,-0.036825,0.004790,-0.067570,0.259130,-0.262815,-0.004916,0.005512,-0.022612,0.034806,-0.021669,0.125873,-0.472344,0.933687,0.806638,0.079737,0.085523,-0.003160,-0.124603,0.528504,0.870113,-0.827024,0.245408,0.003976
-0.024052,4.937096,0.788218,0.004139,0.017983,0.683756,-0.729477,0.025661,-0.071653,-0.017455,0.167244,-0.231306,0.048841,-0.034469,0.004643,-0.068316,0.258836,-0.264244,-0.005635,0.005609,-0.022811,0.034634,-0.020089,0.126005,-0.470062,0.937037,0.808202,0.082251,0.088453,-0.002483,-0.126855,0.532276,0.874466,-0.829028,0.246944,0.009350
-0.024348,4.935953,0.788198,0.004015,0.018334,0.683391,-0.729812,0.027774,-0.071806,-0.018139,0.166834,-0.231909,0.048575,-0.032231,0.004317,-0.069172,0.258942,-0.265772,-0.006577,0.005553,-0.023000,0.034829,-0.017697,0.125777,-0.467173,0.940858,0.809253,0.084632,0.091726,-0.001678,-0.129135,0.533548,0.878685,-0.831185,0.250706,0.010024
-0.024644,4.934882,0.788165,0.003931,0.018692,0.682922,-0.730241,0.029349,-0.072084,-0.019052,0.167329,-0.232814,0.048321,-0.030177,0.004018,-0.070253,0.259313,-0.267275,-0.007774,0.005356,-0.023176,0.035346,-0.014834,0.125755,-0.464884,0.945038,0.810093,0.085806,0.092564,0.000024,-0.130970,0.531724,0.882409,-0.832176,0.255854,0.006767
-0.024922,4.933871,0.788120,0.003928,0.019024,0.682377,-0.730742,0.030508,-0.072422,-0.020140,0.168640,-0.234075,0.048080,-0.028137,0.003819,-0.071563,0.259662,-0.268770,-0.008767,0.005093,-0.023349,0.036021,-0.011700,0.126156,-0.463171,0.949401,0.810555,0.085762,0.090315,0.002620,-0.132359,0.527835,0.885730,-0.831743,0.261067,0.001681
-0.025185,4.932904,0.788075,0.003961,0.019389,0.681828,-0.731244,0.031710,-0.072772,-0.021266,0.170035,-0.235427,0.047898,-0.025951,0.003597,-0.072879,0.259723,-0.270083,-0.009616,0.004874,-0.023487,0.036719,-0.008398,0.127147,-0.462024,0.953426,0.811615,0.085744,0.087596,0.005492,-0.133424,0.524012,0.888793,-0.830753,0.265001,-0.002397
-0.025435,4.931991,0.788039,0.004021,0.019786,0.681330,-0.731698,0.033079,-0.073032,-0.022317,0.171173,-0.236659,0.047773,-0.023614,0.003375,-0.074062,0.259379,-0.271099,-0.010345,0.004746,-0.023582,0.037434,-0.004754,0.128208,-0.460660,0.956840,0.812795,0.086471,0.085763,0.008201,-0.134461,0.521862,0.891559,-0.830329,0.266905,-0.004099
-0.025664,4.931154,0.788009,0.004128,0.020137,0.680845,-0.732139,0.034178,-0.073137,-0.023342,0.172543,-0.237899,0.047671,-0.021330,0.003277,-0.075206,0.258774,-0.271817,-0.011000,0.004710,-0.023658,0.038276,-0.000723,0.128752,-0.457794,0.959634,0.812412,0.087752,0.083627,0.010578,-0.135576,0.521455,0.893848,-0.830794,0.267132,-0.004283
-0.025851,4.930410,0.787976,0.004299,0.020426,0.680406,-0.732538,0.034707,-0.073148,-0.024175,0.174579,-0.239328,0.047605,-0.019309,0.003326,-0.076210,0.258234,-0.272366,-0.011635,0.004692,-0.023716,0.039235,0.003122,0.128828,-0.453803,0.961767,0.810464,0.088850,0.080811,0.012525,-0.136482,0.521886,0.895539,-0.831573,0.266653,-0.004109
-0.025947,4.929782,0.787959,0.004299,0.020426,0.680406,-0.732538,0.034863,-0.073104,-0.024285,0.175221,-0.239719,0.047619,-0.018824,0.003409,-0.076364,0.258219,-0.272493,-0.011750,0.004705,-0.023717,0.039413,0.003828,0.128972,-0.453505,0.962151,0.810538,0.088923,0.080586,0.012883,-0.136513,0.521916,0.895801,-0.831525,0.266600,-0.003886
-0.026016,4.929030,0.787871,0.004645,0.020823,0.679929,-0.732968,0.034633,-0.073106,-0.024810,0.180815,-0.243346,0.047853,-0.015937,0.003582,-0.077198,0.257854,-0.273542,-0.012642,0.004894,-0.023680,0.040785,0.009230,0.130790,-0.453593,0.965048,0.813459,0.088781,0.080458,0.015631,-0.136024,0.521877,0.897543,-0.830114,0.266388,-0.001144
-0.025991,4.928390,0.787793,0.005241,0.021434,0.679859,-0.733011,0.035685,-0.073109,-0.024718,0.184494,-0.245975,0.048201,-0.013115,0.003737,-0.077235,0.257759,-0.274235,-0.012996,0.005131,-0.023559,0.042191,0.012336,0.132302,-0.456731,0.966600,0.820222,0.087413,0.082770,0.017182,-0.135124,0.520791,0.897860,-0.827671,0.265548,0.000899
-0.025895,4.927777,0.787722,0.005953,0.022118,0.679915,-0.732933,0.037740,-0.073095,-0.024332,0.186603,-0.247924,0.048648,-0.010213,0.003875,-0.076952,0.257904,-0.275011,-0.013176,0.005414,-0.023449,0.043639,0.017696,0.132292,-0.458164,0.965473,0.824843,0.087521,0.084847,0.018727,-0.138239,0.517527,0.900224,-0.825893,0.258470,0.000042
-0.025751,4.927211,0.787656,0.006705,0.022850,0.680017,-0.732809,0.040490,-0.073136,-0.023870,0.187367,-0.249212,0.049175,-0.007467,0.003917,-0.076568,0.258549,-0.276007,-0.013258,0.005606,-0.023424,0.045142,0.021631,0.130046,-0.455030,0.964987,0.823798,0.088929,0.085106,0.018716,-0.138629,0.516122,0.901762,-0.827011,0.255064,-0.002355
-0.025569,4.926734,0.787598,0.007426,0.023535,0.680080,-0.732723,0.043369,-0.073242,-0.023546,0.187280,-0.249933,0.049763,-0.005213,0.003848,-0.076294,0.259769,-0.277155,-0.013257,0.005638,-0.023538,0.046593,0.024353,0.126873,-0.449806,0.964344,0.819701,0.091063,0.084278,0.018000,-0.138340,0.515661,0.902742,-0.829666,0.253705,-0.005018
-0.025366,4.926370,0.787550,0.008066,0.024118,0.680043,-0.732731,0.045901,-0.073420,-0.023503,0.186929,-0.250321,0.050351,-0.003536,0.003674,-0.076286,0.261270,-0.278214,-0.013210,0.005556,-0.023763,0.047827,0.025402,0.124520,-0.447186,0.963550,0.817893,0.093157,0.082796,0.017202,-0.137793,0.515039,0.903269,-0.832103,0.252876,-0.007004
-0.025146,4.926133,0.787521,0.008598,0.024530,0.679902,-0.732842,0.047811,-0.073593,-0.023750,0.186546,-0.250466,0.050860,-0.002356,0.003482,-0.076581,0.262531,-0.278863,-0.013138,0.005437,-0.024072,0.048755,0.024584,0.123946,-0.449418,0.962994,0.821172,0.093815,0.082010,0.016498,-0.137233,0.514160,0.903453,-0.833837,0.251693,-0.008303
-0.024908,4.926023,0.787519,0.009006,0.024730,0.679722,-0.732998,0.048986,-0.073709,-0.024122,0.186213,-0.250423,0.051306,-0.001642,0.003334,-0.077047,0.263243,-0.278868,-0.013023,0.005300,-0.024418,0.049396,0.022402,0.124936,-0.455299,0.963019,0.828482,0.092928,0.082482,0.015703,-0.136929,0.513743,0.903592,-0.835482,0.250231,-0.009004
-0.024649,4.926035,0.787539,0.009264,0.024708,0.679547,-0.733158,0.049245,-0.073780,-0.024486,0.186180,-0.250292,0.051708,-0.001524,0.003216,-0.077563,0.263577,-0.278314,-0.012821,0.005096,-0.024744,0.049796,0.019510,0.126419,-0.461597,0.963443,0.835721,0.090824,0.083049,0.014645,-0.137050,0.514258,0.903657,-0.837529,0.248700,-0.009015
-0.024361,4.926148,0.787570,0.009404,0.024512,0.679392,-0.733305,0.048751,-0.073835,-0.024781,0.186445,-0.250118,0.052101,-0.002020,0.003101,-0.078050,0.263891,-0.277489,-0.012496,0.004785,-0.025042,0.049905,0.016496,0.127602,-0.465751,0.963634,0.839347,0.088093,0.081942,0.013413,-0.137464,0.515335,0.903369,-0.839670,0.247034,-0.008544
-0.024042,4.926319,0.787607,0.009479,0.024249,0.679316,-0.733384,0.048138,-0.073908,-0.024874,0.186440,-0.249772,0.052505,-0.002902,0.002952,-0.078332,0.264318,-0.276601,-0.012021,0.004426,-0.025351,0.049579,0.013781,0.128567,-0.467680,0.962770,0.839128,0.085098,0.079441,0.012217,-0.137815,0.516249,0.902779,-0.841223,0.245295,-0.008111
-0.023688,4.926493,0.787649,0.009524,0.023973,0.679444,-0.733274,0.048036,-0.073969,-0.024489,0.185511,-0.249135,0.052929,-0.003935,0.002821,-0.078090,0.264758,-0.275733,-0.011403,0.004180,-0.025718,0.048809,0.011563,0.129925,-0.468946,0.960434,0.837427,0.082091,0.077485,0.011017,-0.137788,0.516949,0.902273,-0.842093,0.243838,-0.007757
-0.023319,4.926630,0.787690,0.009529,0.023691,0.679859,-0.732898,0.048553,-0.073952,-0.023449,0.183624,-0.248284,0.053333,-0.005008,0.002792,-0.077134,0.265110,-0.274961,-0.010708,0.004214,-0.026133,0.047821,0.009672,0.131762,-0.470411,0.957184,0.836023,0.079509,0.077462,0.009633,-0.137172,0.518212,0.901653,-0.842762,0.243009,-0.006945
-0.022966,4.926726,0.787721,0.009516,0.023413,0.680477,-0.732334,0.049316,-0.073825,-0.021904,0.181496,-0.247491,0.053649,-0.006041,0.002910,-0.075651,0.265431,-0.274427,-0.010026,0.004589,-0.026540,0.046921,0.005621,0.133247,-0.471369,0.956797,0.834513,0.077113,0.078930,0.007806,-0.132869,0.522612,0.897866,-0.843265,0.247770,-0.004791
-0.022658,4.926804,0.787727,0.009548,0.023201,0.681167,-0.731698,0.049859,-0.073577,-0.020137,0.180167,-0.247117,0.053829,-0.006976,0.003164,-0.073957,0.266002,-0.274271,-0.009437,0.005176,-0.026883,0.046283,0.003230,0.134649,-0.472445,0.956298,0.833067,0.075321,0.081250,0.006902,-0.131933,0.526515,0.893765,-0.842282,0.249064,-0.003438
-0.022401,4.926894,0.787706,0.009706,0.023115,0.681848,-0.731064,0.050069,-0.073209,-0.018344,0.180072,-0.247303,0.053866,-0.007702,0.003558,-0.072254,0.266846,-0.274452,-0.008981,0.005745,-0.027151,0.045903,0.001624,0.135543,-0.474373,0.956482,0.831930,0.073909,0.082650,0.006553,-0.132384,0.530239,0.890101,-0.840579,0.248923,-0.003276
-0.022172,4.926990,0.787664,0.009957,0.023121,0.682499,-0.730453,0.050006,-0.072800,-0.016618,0.180921,-0.247909,0.053829,-0.008203,0.004006,-0.070615,0.267931,-0.274886,-0.008625,0.006143,-0.027366,0.045714,0.000390,0.136173,-0.477661,0.957474,0.831301,0.072524,0.082108,0.006186,-0.133323,0.534227,0.887852,-0.839191,0.248840,-0.003577
-0.021938,4.927084,0.787617,0.010194,0.023172,0.683063,-0.729921,0.049765,-0.072551,-0.015102,0.182122,-0.248633,0.053827,-0.008531,0.004297,-0.069171,0.268983,-0.275386,-0.008299,0.006364,-0.027511,0.045655,-0.000741,0.136896,-0.482440,0.958825,0.831414,0.071202,0.080101,0.005508,-0.134146,0.538179,0.887306,-0.838301,0.249282,-0.003565
-0.021681,4.927174,0.787571,0.010374,0.023239,0.683470,-0.729535,0.049371,-0.072557,-0.013955,0.183414,-0.249325,0.053920,-0.008765,0.004317,-0.068082,0.269888,-0.275880,-0.007978,0.006406,-0.027593,0.045709,-0.001753,0.138003,-0.488426,0.959978,0.832275,0.069749,0.078203,0.004774,-0.134623,0.541232,0.887728,-0.837135,0.250124,-0.003348
-0.021399,4.927253,0.787524,0.010524,0.023300,0.683725,-0.729292,0.048858,-0.072733,-0.013186,0.184821,-0.250033,0.054092,-0.008981,0.004145,-0.067358,0.270750,-0.276412,-0.007642,0.006227,-0.027646,0.045892,-0.002112,0.139368,-0.494555,0.960511,0.833006,0.068111,0.077103,0.004446,-0.135323,0.543246,0.888254,-0.835446,0.250489,-0.003586
-0.021098,4.927309,0.787477,0.010657,0.023355,0.683898,-0.729126,0.048434,-0.072981,-0.012676,0.186112,-0.250738,0.054365,-0.009206,0.003864,-0.066839,0.271680,-0.276996,-0.007303,0.005871,-0.027664,0.046210,0.000862,0.140614,-0.499885,0.957859,0.832797,0.067762,0.076613,0.005225,-0.140146,0.542534,0.890856,-0.833749,0.244292,-0.005467
-0.020774,4.927340,0.787434,0.010762,0.023440,0.684056,-0.728974,0.048324,-0.073405,-0.012207,0.186933,-0.251283,0.054655,-0.009357,0.003446,-0.066341,0.272584,-0.277594,-0.006946,0.005450,-0.027578,0.046584,0.003090,0.141410,-0.503882,0.956220,0.831128,0.068131,0.075846,0.005746,-0.141897,0.542948,0.892774,-0.833381,0.240762,-0.007138
-0.020430,4.927364,0.787399,0.010860,0.023560,0.684198,-0.728835,0.048527,-0.073981,-0.011768,0.187243,-0.251586,0.054966,-0.009341,0.002915,-0.065879,0.273259,-0.278102,-0.006554,0.005059,-0.027375,0.046916,0.005036,0.142216,-0.507926,0.955769,0.829314,0.068980,0.074781,0.006393,-0.142708,0.544018,0.894506,-0.833525,0.238621,-0.007643
-0.020095,4.927391,0.787371,0.010972,0.023677,0.684284,-0.728749,0.048861,-0.074527,-0.011513,0.187263,-0.251738,0.055344,-0.009211,0.002381,-0.065565,0.273657,-0.278486,-0.006168,0.004725,-0.027135,0.047200,0.006579,0.143266,-0.512724,0.956279,0.827896,0.070186,0.072486,0.007251,-0.143268,0.545235,0.896139,-0.833517,0.237322,-0.007113
-0.019784,4.927414,0.787344,0.011089,0.023747,0.684302,-0.728728,0.049118,-0.074989,-0.011447,0.187299,-0.251904,0.055689,-0.009100,0.001926,-0.065430,0.273999,-0.278853,-0.005844,0.004439,-0.026942,0.047532,0.007782,0.144647,-0.517734,0.956994,0.826445,0.071266,0.069517,0.008256,-0.143926,0.546295,0.897208,-0.833286,0.236549,-0.006792
-0.019522,4.927434,0.787309,0.011165,0.023799,0.684294,-0.728732,0.049180,-0.075378,-0.011450,0.187567,-0.252193,0.055972,-0.009242,0.001535,-0.065367,0.274692,-0.279368,-0.005606,0.004181,-0.026790,0.048017,0.009023,0.146354,-0.522287,0.957267,0.824896,0.071915,0.068270,0.009467,-0.144729,0.546865,0.897563,-0.832990,0.236262,-0.007707
-0.019309,4.927453,0.787262,0.011209,0.023847,0.684320,-0.728705,0.049076,-0.075681,-0.011369,0.188065,-0.252588,0.056182,-0.009782,0.001223,-0.065227,0.276060,-0.280154,-0.005458,0.003887,-0.026660,0.048686,0.010671,0.148149,-0.526003,0.957310,0.823176,0.072447,0.069277,0.011075,-0.145367,0.546678,0.897778,-0.832592,0.236828,-0.009358
-0.019126,4.927472,0.787208,0.011257,0.023885,0.684412,-0.728618,0.048937,-0.075886,-0.011136,0.188626,-0.252997,0.056336,-0.010605,0.001007,-0.064934,0.277943,-0.281112,-0.005367,0.003517,-0.026552,0.049501,0.012693,0.149821,-0.528763,0.957644,0.820865,0.073375,0.070285,0.013073,-0.145484,0.545785,0.898441,-0.831918,0.238239,-0.010559
-0.018956,4.927479,0.787160,0.011291,0.023889,0.684549,-0.728488,0.048838,-0.076023,-0.010786,0.189045,-0.253327,0.056462,-0.011509,0.000871,-0.064523,0.279849,-0.281990,-0.005286,0.003098,-0.026478,0.050437,0.014694,0.151628,-0.531000,0.958092,0.818066,0.074487,0.069786,0.015109,-0.145066,0.544485,0.899465,-0.831010,0.239746,-0.010996
-0.018785,4.927477,0.787127,0.011308,0.023875,0.684696,-0.728350,0.048851,-0.076151,-0.010397,0.189209,-0.253536,0.056624,-0.012256,0.000758,-0.064088,0.281312,-0.282537,-0.005145,0.002710,-0.026411,0.051467,0.016370,0.153905,-0.533331,0.958208,0.815482,0.075291,0.068616,0.017022,-0.144399,0.542954,0.900289,-0.830087,0.240645,-0.011384
-0.018600,4.927473,0.787108,0.011331,0.023848,0.684851,-0.728205,0.048989,-0.076296,-0.009977,0.189144,-0.253631,0.056844,-0.012792,0.000689,-0.063655,0.282300,-0.282749,-0.004917,0.002391,-0.026337,0.052613,0.017687,0.156614,-0.535648,0.957906,0.813384,0.075664,0.068336,0.018935,-0.143775,0.541229,0.900344,-0.829378,0.240925,-0.012434
-0.018400,4.927484,0.787097,0.011366,0.023807,0.685001,-0.728064,0.049101,-0.076432,-0.009573,0.189068,-0.253679,0.057116,-0.013280,0.000597,-0.063243,0.283128,-0.282824,-0.004631,0.002129,-0.026263,0.053930,0.018626,0.159410,-0.537662,0.957598,0.811884,0.075970,0.069581,0.021005,-0.143417,0.539463,0.899422,-0.829061,0.241022,-0.013895
-0.018188,4.927525,0.787088,0.011380,0.023722,0.685080,-0.727992,0.048841,-0.076575,-0.009312,0.189373,-0.253795,0.057400,-0.013979,0.000390,-0.062998,0.284111,-0.282829,-0.004318,0.001941,-0.026172,0.055391,0.019111,0.161838,-0.538969,0.957799,0.810522,0.076620,0.071442,0.023215,-0.143355,0.537723,0.897848,-0.829045,0.241307,-0.015252
-0.017964,4.927604,0.787079,0.011337,0.023604,0.685084,-0.727993,0.048108,-0.076818,-0.009169,0.190152,-0.254000,0.057688,-0.014981,0.000050,-0.062942,0.285314,-0.282790,-0.003964,0.001830,-0.026005,0.056851,0.018997,0.163616,-0.539595,0.958619,0.808838,0.077747,0.072289,0.025502,-0.143446,0.535701,0.896319,-0.828718,0.241876,-0.016391
-0.017726,4.927696,0.787073,0.011246,0.023479,0.685053,-0.728028,0.047247,-0.077174,-0.009080,0.190949,-0.254150,0.058034,-0.016102,-0.000379,-0.062983,0.286537,-0.282692,-0.003557,0.001822,-0.025742,0.058180,0.018281,0.164874,-0.539959,0.959495,0.806951,0.079076,0.071987,0.027671,-0.143639,0.533505,0.895138,-0.827854,0.242399,-0.017426
-0.017467,4.927767,0.787079,0.011157,0.023361,0.685050,-0.728036,0.046727,-0.077550,-0.008976,0.191192,-0.254081,0.058472,-0.017039,-0.000840,-0.062967,0.287501,-0.282455,-0.003146,0.001913,-0.025428,0.059386,0.017039,0.165989,-0.540521,0.959847,0.805503,0.080089,0.072124,0.029508,-0.143898,0.532127,0.893677,-0.827106,0.242806,-0.018250
-0.017190,4.927800,0.787100,0.011089,0.023257,0.685064,-0.728027,0.046667,-0.077938,-0.008862,0.190748,-0.253733,0.058940,-0.017614,-0.001306,-0.062925,0.288042,-0.282074,-0.002715,0.002055,-0.025099,0.060507,0.013356,0.166676,-0.540908,0.962134,0.804367,0.079488,0.073857,0.030523,-0.140548,0.534675,0.889027,-0.827021,0.249061,-0.017943
-0.016907,4.927808,0.787133,0.011032,0.023140,0.685047,-0.728048,0.046844,-0.078348,-0.008805,0.189855,-0.253153,0.059349,-0.017916,-0.001761,-0.062989,0.288192,-0.281560,-0.002224,0.002206,-0.024752,0.061487,0.011251,0.167975,-0.541506,0.962799,0.803631,0.077527,0.077253,0.032215,-0.140924,0.536989,0.884779,-0.826044,0.251883,-0.017837
-0.016633,4.927809,0.787172,0.010965,0.022960,0.684982,-0.728115,0.046917,-0.078688,-0.008854,0.188878,-0.252456,0.059684,-0.018266,-0.002142,-0.063192,0.288206,-0.280955,-0.001747,0.002334,-0.024405,0.062245,0.009713,0.169095,-0.542239,0.962711,0.803048,0.075178,0.080441,0.034077,-0.142100,0.538598,0.881761,-0.824001,0.253554,-0.018293
-0.016374,4.927798,0.787207,0.010883,0.022703,0.684898,-0.728204,0.046746,-0.078876,-0.008930,0.188109,-0.251826,0.060001,-0.018864,-0.002422,-0.063471,0.288433,-0.280433,-0.001286,0.002407,-0.024100,0.062797,0.008121,0.169802,-0.542872,0.962415,0.802335,0.073349,0.082277,0.035657,-0.142929,0.539324,0.880028,-0.821116,0.255131,-0.019601
-0.016119,4.927754,0.787227,0.010827,0.022437,0.684808,-0.728298,0.046512,-0.079018,-0.009068,0.187638,-0.251395,0.060280,-0.019606,-0.002660,-0.063768,0.289091,-0.280171,-0.000830,0.002433,-0.023863,0.063229,0.006417,0.169796,-0.543011,0.962004,0.800936,0.072716,0.082406,0.036716,-0.143238,0.539707,0.879184,-0.818201,0.256539,-0.021563
-0.015861,4.927660,0.787228,0.010829,0.022254,0.684700,-0.728405,0.046450,-0.079214,-0.009286,0.187462,-0.251230,0.060540,-0.020252,-0.002949,-0.064086,0.290185,-0.280254,-0.000371,0.002432,-0.023692,0.063610,0.004832,0.169055,-0.542636,0.961319,0.798622,0.073331,0.080979,0.037262,-0.143175,0.540315,0.878922,-0.815891,0.257752,-0.023492
-0.015602,4.927518,0.787211,0.010886,0.022166,0.684592,-0.728508,0.046637,-0.079456,-0.009459,0.187443,-0.251262,0.060789,-0.020775,-0.003302,-0.064375,0.291665,-0.280651,0.000077,0.002419,-0.023604,0.063973,0.003611,0.167931,-0.542289,0.960173,0.795976,0.074433,0.079289,0.037368,-0.142996,0.541390,0.878924,-0.814332,0.258858,-0.024924
-0.015347,4.927348,0.787186,0.010964,0.022109,0.684521,-0.728576,0.046877,-0.079687,-0.009527,0.187595,-0.251439,0.061013,-0.021308,-0.003640,-0.064583,0.293371,-0.281192,0.000502,0.002414,-0.023610,0.064328,0.002750,0.166956,-0.542722,0.958851,0.793954,0.074995,0.078462,0.037170,-0.142898,0.542831,0.878996,-0.813387,0.259980,-0.025931
-0.015097,4.927164,0.787164,0.011063,0.022020,0.684443,-0.728650,0.046986,-0.079819,-0.009536,0.188008,-0.251745,0.061193,-0.021760,-0.003877,-0.064772,0.294867,-0.281550,0.000877,0.002472,-0.023678,0.064629,0.002101,0.166331,-0.544252,0.957955,0.792988,0.074907,0.078526,0.036782,-0.142898,0.544650,0.879322,-0.813016,0.261114,-0.026574
-0.014858,4.926958,0.787155,0.011161,0.021854,0.684391,-0.728702,0.046929,-0.079809,-0.009542,0.188596,-0.252133,0.061316,-0.021982,-0.003964,-0.065002,0.295716,-0.281539,0.001196,0.002585,-0.023758,0.064841,0.001445,0.165915,-0.546652,0.957646,0.792674,0.074843,0.078128,0.036250,-0.142971,0.546943,0.880071,-0.813099,0.262114,-0.026758
-0.014636,4.926728,0.787158,0.011276,0.021672,0.684387,-0.728709,0.046970,-0.079696,-0.009495,0.189081,-0.252502,0.061380,-0.021884,-0.003930,-0.065197,0.296011,-0.281283,0.001445,0.002701,-0.023836,0.064941,0.000725,0.165604,-0.549105,0.957220,0.792169,0.075411,0.076933,0.035474,-0.143251,0.549863,0.880880,-0.813474,0.262541,-0.026660
-0.014433,4.926486,0.787167,0.011395,0.021526,0.684407,-0.728693,0.047273,-0.079568,-0.009341,0.189223,-0.252736,0.061398,-0.021685,-0.003871,-0.065282,0.296287,-0.281017,0.001600,0.002832,-0.023914,0.064952,0.000139,0.165487,-0.550943,0.956005,0.791082,0.076068,0.076275,0.034435,-0.143933,0.553391,0.881309,-0.813947,0.262135,-0.026500
-0.014251,4.926242,0.787175,0.011493,0.021374,0.684431,-0.728674,0.047671,-0.079429,-0.009194,0.189086,-0.252815,0.061377,-0.021656,-0.003807,-0.065379,0.296876,-0.280859,0.001634,0.003054,-0.024018,0.064924,-0.000100,0.165762,-0.552314,0.954348,0.789988,0.076040,0.077382,0.033442,-0.144887,0.556778,0.881540,-0.813929,0.261424,-0.026221
-0.014098,4.926012,0.787182,0.011570,0.021201,0.684370,-0.728734,0.047944,-0.079289,-0.009262,0.188947,-0.252809,0.061315,-0.021805,-0.003765,-0.065694,0.297700,-0.280808,0.001663,0.003367,-0.024168,0.064838,-0.000228,0.166500,-0.553814,0.953181,0.789687,0.075242,0.079716,0.032734,-0.145679,0.559021,0.881942,-0.812854,0.261253,-0.025717
-0.013976,4.925798,0.787185,0.011601,0.020984,0.684189,-0.728910,0.047864,-0.079159,-0.009626,0.189088,-0.252833,0.061212,-0.022164,-0.003770,-0.066322,0.298665,-0.280855,0.001785,0.003645,-0.024387,0.064728,-0.000548,0.167454,-0.555527,0.952922,0.790092,0.074103,0.081747,0.032227,-0.146125,0.560153,0.882445,-0.811177,0.261783,-0.025157
-0.013880,4.925605,0.787182,0.011564,0.020723,0.683945,-0.729148,0.047360,-0.079062,-0.010144,0.189632,-0.252979,0.061087,-0.022818,-0.003825,-0.067084,0.299802,-0.280979,0.001973,0.003796,-0.024665,0.064631,-0.001048,0.168223,-0.556614,0.953215,0.790055,0.073392,0.082692,0.031648,-0.146310,0.561106,0.882738,-0.809945,0.262601,-0.024953
-0.013800,4.925427,0.787179,0.011486,0.020454,0.683751,-0.729339,0.046696,-0.078979,-0.010545,0.190328,-0.253206,0.060962,-0.023647,-0.003883,-0.067700,0.300931,-0.281047,0.002208,0.003834,-0.024948,0.064518,-0.001551,0.168801,-0.556894,0.953610,0.789283,0.073364,0.082769,0.030913,-0.146305,0.562385,0.882788,-0.809475,0.263409,-0.025251
-0.013730,4.925240,0.787183,0.011420,0.020184,0.683641,-0.729450,0.046295,-0.078825,-0.010765,0.190651,-0.253357,0.060844,-0.024285,-0.003841,-0.068124,0.301617,-0.280925,0.002420,0.003860,-0.025209,0.064373,-0.001971,0.169403,-0.556955,0.954008,0.788492,0.074020,0.082669,0.030132,-0.146222,0.563933,0.882702,-0.809567,0.264124,-0.025641
-0.013673,4.925021,0.787197,0.011425,0.019919,0.683602,-0.729494,0.046371,-0.078501,-0.010839,0.190433,-0.253394,0.060704,-0.024498,-0.003600,-0.068377,0.301749,-0.280656,0.002511,0.003940,-0.025474,0.064219,-0.002151,0.170021,-0.556994,0.954473,0.787881,0.075025,0.082533,0.029466,-0.146218,0.565569,0.882466,-0.810114,0.264759,-0.025565
-0.013633,4.924777,0.787210,0.011494,0.019673,0.683671,-0.729435,0.046720,-0.078017,-0.010666,0.190079,-0.253509,0.060545,-0.024466,-0.003154,-0.068364,0.301668,-0.280368,0.002504,0.004071,-0.025741,0.064074,-0.002009,0.170561,-0.556820,0.955218,0.786947,0.075860,0.082050,0.029027,-0.146159,0.566854,0.882249,-0.810570,0.265396,-0.025041
-0.013604,4.924530,0.787215,0.011595,0.019475,0.683898,-0.729225,0.047088,-0.077472,-0.010083,0.189959,-0.253809,0.060405,-0.024447,-0.002605,-0.067932,0.301740,-0.280149,0.002441,0.004212,-0.025976,0.063860,-0.001885,0.171326,-0.557379,0.956564,0.786440,0.076001,0.081060,0.028436,-0.145866,0.567689,0.882570,-0.810297,0.265892,-0.024259
-0.013592,4.924288,0.787213,0.011713,0.019364,0.684289,-0.728860,0.047542,-0.076934,-0.009078,0.189905,-0.254163,0.060300,-0.024439,-0.002020,-0.067042,0.302007,-0.280000,0.002328,0.004273,-0.026168,0.063426,-0.002333,0.172731,-0.560120,0.958625,0.788000,0.075395,0.079962,0.026758,-0.145724,0.569177,0.883619,-0.809901,0.265619,-0.022785
-0.013618,4.924021,0.787206,0.011803,0.019271,0.684811,-0.728370,0.048088,-0.076327,-0.007736,0.189691,-0.254503,0.060142,-0.024467,-0.001315,-0.065758,0.302377,-0.279954,0.002094,0.004118,-0.026356,0.062762,-0.003423,0.174577,-0.564618,0.960922,0.791374,0.074381,0.079263,0.023380,-0.146361,0.572429,0.884694,-0.810710,0.264197,-0.020497
-0.013695,4.923700,0.787187,0.011855,0.019140,0.685443,-0.727778,0.048664,-0.075551,-0.006140,0.189457,-0.255001,0.059860,-0.024639,-0.000408,-0.064197,0.303005,-0.280133,0.001674,0.003718,-0.026566,0.061999,-0.004763,0.176153,-0.568887,0.963015,0.794338,0.073356,0.079015,0.019065,-0.147584,0.576357,0.884975,-0.812444,0.262425,-0.018585
-0.013817,4.923324,0.787148,0.011894,0.018999,0.686123,-0.727140,0.049272,-0.074656,-0.004435,0.189416,-0.255790,0.059475,-0.025041,0.000640,-0.062494,0.304231,-0.280657,0.001021,0.003216,-0.026803,0.061313,-0.006125,0.177138,-0.571835,0.964886,0.795666,0.072779,0.078812,0.015245,-0.148300,0.578371,0.884523,-0.813143,0.261623,-0.018318
-0.013968,4.922926,0.787084,0.011991,0.018922,0.686773,-0.726527,0.049868,-0.073734,-0.002787,0.189868,-0.256914,0.059053,-0.025542,0.001712,-0.060835,0.306128,-0.281548,0.000242,0.002731,-0.027108,0.060842,-0.007567,0.177661,-0.573636,0.966681,0.795866,0.073197,0.078322,0.012409,-0.147734,0.577774,0.884121,-0.812026,0.261946,-0.019170
-0.014135,4.922539,0.787004,0.012148,0.018954,0.687372,-0.725956,0.050265,-0.072885,-0.001216,0.191100,-0.258371,0.058638,-0.025962,0.002703,-0.059279,0.308366,-0.282626,-0.000594,0.002206,-0.027499,0.060634,-0.008872,0.177809,-0.574273,0.967867,0.795456,0.074750,0.077891,0.009866,-0.146489,0.576526,0.884257,-0.810915,0.262077,-0.019391
-0.014314,4.922173,0.786924,0.012328,0.019104,0.687940,-0.725411,0.050566,-0.072183,0.000325,0.192797,-0.259975,0.058242,-0.026078,0.003552,-0.057779,0.310343,-0.283560,-0.001459,0.001555,-0.027913,0.060611,-0.007587,0.177693,-0.573883,0.965217,0.794909,0.077787,0.078703,0.007540,-0.149120,0.574086,0.887203,-0.811639,0.255420,-0.019424
-0.014506,4.921816,0.786865,0.012520,0.019361,0.688492,-0.724877,0.051325,-0.071600,0.001832,0.193917,-0.261301,0.057874,-0.025704,0.004291,-0.056291,0.311609,-0.284133,-0.002328,0.000840,-0.028256,0.060656,-0.007032,0.177128,-0.572092,0.962314,0.793579,0.080120,0.080551,0.004616,-0.148235,0.573221,0.889158,-0.814646,0.252083,-0.019116
-0.014703,4.921462,0.786832,0.012736,0.019647,0.689051,-0.724334,0.052855,-0.071019,0.003313,0.193728,-0.262042,0.057547,-0.024998,0.005019,-0.054832,0.312314,-0.284423,-0.003189,0.000206,-0.028527,0.060765,-0.006324,0.176217,-0.569174,0.959484,0.791390,0.081352,0.082746,0.002307,-0.146517,0.571212,0.889951,-0.816821,0.249969,-0.019467
-0.014913,4.921129,0.786812,0.012887,0.019915,0.689628,-0.723775,0.054680,-0.070492,0.004832,0.192677,-0.262320,0.057241,-0.024457,0.005701,-0.053320,0.312987,-0.284651,-0.004009,-0.000278,-0.028710,0.060996,-0.005415,0.174458,-0.564828,0.957015,0.788165,0.082934,0.084030,0.000661,-0.144899,0.566801,0.890174,-0.816632,0.247947,-0.020503
-0.015150,4.920844,0.786795,0.012924,0.020094,0.690192,-0.723231,0.056023,-0.069974,0.006354,0.191798,-0.262519,0.056947,-0.024436,0.006362,-0.051848,0.313910,-0.284910,-0.004804,-0.000610,-0.028824,0.061276,-0.004360,0.171454,-0.559077,0.954782,0.784231,0.085839,0.084298,-0.000817,-0.143755,0.560663,0.890446,-0.814961,0.246204,-0.021657
-0.015421,4.920601,0.786779,0.012889,0.020185,0.690689,-0.722755,0.056729,-0.069401,0.007749,0.191524,-0.262854,0.056652,-0.024696,0.007049,-0.050574,0.314788,-0.285111,-0.005554,-0.000810,-0.028866,0.061408,-0.002932,0.167524,-0.552832,0.952533,0.780507,0.089488,0.084313,-0.002034,-0.143091,0.554129,0.890922,-0.813329,0.244814,-0.021906
-0.015715,4.920359,0.786765,0.012837,0.020262,0.691087,-0.722373,0.057229,-0.068845,0.008899,0.191517,-0.263262,0.056378,-0.024766,0.007694,-0.049588,0.315286,-0.285220,-0.006149,-0.000900,-0.028803,0.061337,-0.000951,0.163330,-0.546875,0.950309,0.777362,0.092643,0.084339,-0.002379,-0.142709,0.547995,0.891278,-0.812397,0.243055,-0.020135
-0.016019,4.920089,0.786752,0.012829,0.020332,0.691331,-0.722138,0.057794,-0.068301,0.009632,0.191536,-0.263682,0.056131,-0.024487,0.008283,-0.049050,0.315504,-0.285376,-0.006598,-0.000874,-0.028718,0.061226,0.001295,0.159393,-0.541953,0.948364,0.775218,0.094533,0.084332,-0.001670,-0.142583,0.542524,0.891196,-0.812296,0.240537,-0.016207
-0.016333,4.919792,0.786727,0.012860,0.020425,0.691395,-0.722074,0.058336,-0.067802,0.009878,0.191796,-0.264193,0.055928,-0.024033,0.008755,-0.049002,0.315878,-0.285815,-0.006989,-0.000728,-0.028694,0.061290,0.003241,0.156103,-0.539098,0.946865,0.775247,0.094635,0.085118,-0.000266,-0.142802,0.537967,0.890510,-0.813369,0.237594,-0.011681
-0.016659,4.919498,0.786682,0.012922,0.020632,0.691340,-0.722119,0.058843,-0.067483,0.009828,0.192468,-0.264829,0.055739,-0.023571,0.009012,-0.049269,0.316809,-0.286677,-0.007431,-0.000501,-0.028744,0.061667,0.004670,0.153348,-0.538433,0.946084,0.777608,0.093191,0.086820,0.001494,-0.143240,0.534480,0.889293,-0.815735,0.234809,-0.008286
-0.017006,4.919239,0.786621,0.013004,0.021029,0.691216,-0.722225,0.059405,-0.067435,0.009609,0.193471,-0.265474,0.055600,-0.023114,0.008988,-0.049678,0.318338,-0.287930,-0.008037,-0.000182,-0.028846,0.062398,0.005723,0.150426,-0.538288,0.946247,0.780102,0.091823,0.087411,0.003578,-0.143369,0.531156,0.887667,-0.818303,0.232826,-0.007045
-0.017388,4.919036,0.786560,0.013088,0.021574,0.691031,-0.722385,0.059967,-0.067579,0.009233,0.194642,-0.265950,0.055559,-0.022589,0.008782,-0.050220,0.320025,-0.289262,-0.008953,0.000220,-0.029004,0.063381,0.006395,0.147061,-0.537693,0.947149,0.781269,0.091930,0.085262,0.005866,-0.142763,0.526683,0.885976,-0.819569,0.232185,-0.007991
-0.017812,4.918907,0.786517,0.013152,0.022151,0.690803,-0.722584,0.060327,-0.067753,0.008718,0.195900,-0.266218,0.055573,-0.021948,0.008557,-0.050932,0.321280,-0.290268,-0.010206,0.000619,-0.029221,0.064439,0.006555,0.144052,-0.537956,0.948109,0.782742,0.092717,0.082284,0.007721,-0.141674,0.521446,0.884759,-0.819712,0.232695,-0.009892
-0.018261,4.918859,0.786498,0.013190,0.022702,0.690541,-0.722817,0.060470,-0.067918,0.008078,0.197075,-0.266265,0.055607,-0.021099,0.008357,-0.051754,0.321738,-0.290800,-0.011673,0.000845,-0.029487,0.065517,0.006360,0.142014,-0.539796,0.948685,0.785952,0.092813,0.081773,0.008500,-0.140650,0.517180,0.884212,-0.820318,0.233516,-0.011092
-0.018715,4.918889,0.786497,0.013196,0.023225,0.690200,-0.723125,0.060527,-0.068147,0.007217,0.197941,-0.266104,0.055645,-0.020126,0.008104,-0.052711,0.321598,-0.291026,-0.013163,0.000807,-0.029791,0.066746,0.006123,0.140546,-0.541452,0.948968,0.789442,0.092508,0.084106,0.008232,-0.139874,0.514817,0.883973,-0.822243,0.233876,-0.010251
-0.019181,4.919008,0.786496,0.013137,0.023710,0.689760,-0.723531,0.060465,-0.068460,0.006101,0.198503,-0.265863,0.055594,-0.019440,0.007824,-0.053776,0.321468,-0.291219,-0.014582,0.000613,-0.030134,0.068266,0.005834,0.139272,-0.541348,0.949268,0.791461,0.092681,0.086910,0.007482,-0.139391,0.514280,0.883497,-0.825057,0.232292,-0.005724
-0.019663,4.919224,0.786482,0.012996,0.024156,0.689315,-0.723943,0.060296,-0.068811,0.004951,0.198745,-0.265645,0.055371,-0.019429,0.007510,-0.054760,0.321918,-0.291611,-0.015832,0.000453,-0.030475,0.070041,0.005259,0.138421,-0.540090,0.949800,0.792141,0.093126,0.087755,0.006505,-0.139887,0.516152,0.882904,-0.828950,0.225966,0.004836
-0.020154,4.919528,0.786454,0.012814,0.024588,0.689021,-0.724211,0.060105,-0.069127,0.004135,0.198768,-0.265476,0.055076,-0.019956,0.007238,-0.055340,0.322862,-0.292227,-0.016794,0.000363,-0.030743,0.071961,0.004213,0.137904,-0.538796,0.950425,0.792044,0.093699,0.085654,0.004601,-0.142281,0.521134,0.883188,-0.835504,0.212885,0.022018
-0.020654,4.919893,0.786424,0.012645,0.025004,0.688909,-0.724306,0.059941,-0.069308,0.003736,0.198637,-0.265311,0.054708,-0.020477,0.007132,-0.055475,0.323543,-0.292840,-0.017461,0.000256,-0.030882,0.073957,0.000846,0.133353,-0.539067,0.949654,0.791659,0.099869,0.080717,-0.000867,-0.145576,0.527274,0.887225,-0.845618,0.194832,0.042850
-0.021168,4.920304,0.786410,0.012484,0.025342,0.688913,-0.724293,0.059627,-0.069270,0.003607,0.198477,-0.265086,0.054223,-0.020637,0.007274,-0.055362,0.323165,-0.293237,-0.017926,0.000029,-0.030897,0.075961,-0.000542,0.132702,-0.539401,0.948405,0.790881,0.102476,0.077985,-0.006440,-0.150578,0.531194,0.891268,-0.857578,0.176420,0.063095
-0.021686,4.920752,0.786429,0.012271,0.025513,0.688923,-0.724281,0.058951,-0.069042,0.003492,0.198216,-0.264613,0.053646,-0.020505,0.007607,-0.055287,0.321435,-0.293165,-0.018198,-0.000290,-0.030838,0.077798,-0.001335,0.133353,-0.540772,0.947345,0.791025,0.103187,0.077896,-0.011493,-0.154800,0.530363,0.894615,-0.868875,0.162569,0.080553
-0.022185,4.921223,0.786491,0.011955,0.025470,0.688904,-0.724306,0.057910,-0.068727,0.003279,0.197623,-0.263703,0.053065,-0.020238,0.008016,-0.055349,0.318386,-0.292421,-0.018224,-0.000611,-0.030736,0.079245,-0.002251,0.134013,-0.542964,0.947152,0.791817,0.103431,0.078697,-0.015207,-0.157149,0.525217,0.896588,-0.878234,0.154613,0.093394
-0.022661,4.921685,0.786592,0.011557,0.025213,0.688843,-0.724380,0.056637,-0.068312,0.002930,0.196641,-0.262479,0.052512,-0.019902,0.008504,-0.055585,0.314310,-0.291002,-0.018035,-0.000837,-0.030607,0.080162,-0.003591,0.134215,-0.545204,0.947724,0.792528,0.104095,0.079065,-0.017185,-0.157324,0.517872,0.896880,-0.886129,0.152818,0.098266
-0.023138,4.922110,0.786713,0.011136,0.024783,0.688742,-0.724497,0.055184,-0.067696,0.002443,0.195576,-0.261228,0.051918,-0.019521,0.009181,-0.055993,0.309656,-0.289153,-0.017779,-0.000940,-0.030465,0.080542,-0.005223,0.134043,-0.547036,0.948454,0.793013,0.105001,0.079450,-0.017237,-0.155361,0.509973,0.895770,-0.893184,0.157465,0.092263
-0.023635,4.922482,0.786832,0.010716,0.024215,0.688586,-0.724671,0.053454,-0.066830,0.001807,0.194805,-0.260153,0.051212,-0.019209,0.010086,-0.056603,0.304940,-0.287270,-0.017577,-0.000977,-0.030351,0.080536,-0.006891,0.133711,-0.548657,0.949009,0.793569,0.105468,0.080223,-0.015401,-0.151564,0.502378,0.893986,-0.899235,0.167199,0.076882
-0.024153,4.922783,0.786930,0.010285,0.023603,0.688377,-0.724896,0.051537,-0.065862,0.001069,0.194422,-0.259315,0.050406,-0.019169,0.011062,-0.057364,0.300911,-0.285724,-0.017464,-0.001062,-0.030272,0.080389,-0.008449,0.133320,-0.550323,0.949418,0.794118,0.105503,0.080573,-0.011917,-0.146451,0.495161,0.892159,-0.903251,0.178919,0.057205
-0.024669,4.922999,0.786993,0.009857,0.023093,0.688188,-0.725098,0.049840,-0.064999,0.000437,0.194230,-0.258720,0.049567,-0.019493,0.011911,-0.058043,0.298262,-0.284821,-0.017449,-0.001262,-0.030194,0.080269,-0.009461,0.133494,-0.552055,0.949549,0.794281,0.104982,0.079912,-0.007279,-0.140766,0.488703,0.890741,-0.904577,0.189190,0.039590
-0.025156,4.923127,0.787015,0.009541,0.022789,0.688131,-0.725166,0.048759,-0.064228,0.000180,0.194173,-0.258440,0.048736,-0.020058,0.012662,-0.058343,0.297260,-0.284625,-0.017534,-0.001562,-0.030112,0.080170,-0.007250,0.139187,-0.552314,0.949958,0.793537,0.098193,0.080094,-0.000071,-0.135833,0.482983,0.888097,-0.902318,0.196372,0.028252
-0.025580,4.923188,0.787002,0.009392,0.022689,0.688295,-0.725015,0.048274,-0.063499,0.000529,0.194432,-0.258574,0.047971,-0.020692,0.013393,-0.058052,0.297529,-0.284927,-0.017715,-0.001869,-0.030022,0.079983,-0.005993,0.141578,-0.552847,0.949811,0.792746,0.094623,0.079891,0.005543,-0.130590,0.476639,0.887959,-0.895979,0.200783,0.024044
-0.025926,4.923203,0.786970,0.009357,0.022698,0.688684,-0.724646,0.048031,-0.062780,0.001540,0.195152,-0.259108,0.047316,-0.021321,0.014138,-0.057165,0.298355,-0.285309,-0.017988,-0.002074,-0.029925,0.079677,-0.004741,0.143191,-0.553027,0.949514,0.791568,0.092731,0.080155,0.009361,-0.126670,0.469902,0.889473,-0.887451,0.203163,0.023599
-0.026199,4.923176,0.786940,0.009339,0.022708,0.689224,-0.724132,0.047775,-0.062060,0.003106,0.196135,-0.259854,0.046784,-0.021858,0.014877,-0.055884,0.299023,-0.285433,-0.018340,-0.002147,-0.029833,0.079328,-0.003774,0.144617,-0.552836,0.949554,0.790230,0.092247,0.080588,0.011067,-0.125263,0.465375,0.891204,-0.881006,0.204134,0.023613
-0.026421,4.923098,0.786922,0.009346,0.022689,0.689820,-0.723565,0.047561,-0.061333,0.004768,0.197146,-0.260657,0.046290,-0.022051,0.015660,-0.054476,0.299164,-0.285250,-0.018791,-0.002177,-0.029775,0.078996,-0.003209,0.145882,-0.552761,0.949909,0.789117,0.092464,0.080874,0.010928,-0.126801,0.465839,0.892363,-0.879824,0.203353,0.023812
-0.026616,4.922979,0.786910,0.009438,0.022690,0.690377,-0.723032,0.047527,-0.060580,0.006227,0.198134,-0.261450,0.045775,-0.021826,0.016508,-0.053156,0.299013,-0.284953,-0.019390,-0.002314,-0.029769,0.078684,-0.002855,0.146976,-0.553527,0.950405,0.788462,0.092162,0.080640,0.009915,-0.130403,0.470843,0.892904,-0.882960,0.200737,0.024989
-0.026800,4.922840,0.786900,0.009597,0.022745,0.690838,-0.722588,0.047711,-0.059833,0.007496,0.198998,-0.262156,0.045234,-0.021432,0.017339,-0.052069,0.299022,-0.284727,-0.020074,-0.002599,-0.029797,0.078365,-0.002729,0.147946,-0.555466,0.951129,0.788289,0.091178,0.079457,0.009038,-0.134355,0.477023,0.893168,-0.886824,0.197636,0.026713
-0.026971,4.922690,0.786899,0.009733,0.022801,0.691179,-0.722258,0.048036,-0.059151,0.008567,0.199464,-0.262595,0.044765,-0.021101,0.018060,-0.051233,0.299151,-0.284513,-0.020804,-0.002964,-0.029831,0.078008,-0.003059,0.148849,-0.558343,0.952116,0.788575,0.090271,0.077525,0.008723,-0.137333,0.481412,0.893487,-0.888753,0.195608,0.028228
-0.027116,4.922528,0.786915,0.009789,0.022763,0.691414,-0.722034,0.048343,-0.058543,0.009359,0.199457,-0.262750,0.044347,-0.020795,0.018699,-0.050666,0.298880,-0.284083,-0.021487,-0.003333,-0.029860,0.077605,-0.003927,0.149734,-0.561568,0.953103,0.789093,0.089511,0.075677,0.008845,-0.139089,0.483521,0.893990,-0.888730,0.194980,0.029723
-0.027216,4.922356,0.786949,0.009809,0.022589,0.691608,-0.721853,0.048463,-0.057916,0.009984,0.199348,-0.262826,0.044012,-0.020416,0.019368,-0.050234,0.297968,-0.283308,-0.022037,-0.003696,-0.029883,0.077187,-0.005141,0.150559,-0.564660,0.953906,0.789677,0.088700,0.074685,0.009193,-0.140130,0.484396,0.894403,-0.888111,0.195245,0.031254
-0.027265,4.922178,0.786992,0.009805,0.022276,0.691821,-0.721659,0.048284,-0.057207,0.010631,0.199426,-0.262996,0.043751,-0.020054,0.020125,-0.049789,0.296603,-0.282282,-0.022425,-0.004067,-0.029895,0.076870,-0.006500,0.151176,-0.567028,0.954442,0.789796,0.088000,0.074657,0.009639,-0.140775,0.484928,0.894344,-0.887797,0.195884,0.031670
-0.027261,4.922003,0.787039,0.009818,0.021909,0.692081,-0.721420,0.047983,-0.056463,0.011396,0.199696,-0.263288,0.043559,-0.019679,0.020921,-0.049236,0.295056,-0.281153,-0.022602,-0.004427,-0.029863,0.076649,-0.007724,0.151500,-0.568777,0.954853,0.789366,0.087563,0.075278,0.010270,-0.141030,0.485557,0.894060,-0.887915,0.196773,0.030112
-0.027198,4.921839,0.787086,0.009827,0.021552,0.692418,-0.721108,0.047777,-0.055813,0.012389,0.199840,-0.263551,0.043475,-0.019349,0.021615,-0.048471,0.293524,-0.280010,-0.022475,-0.004713,-0.029728,0.076465,-0.008662,0.151726,-0.570716,0.955312,0.788903,0.086905,0.075973,0.010976,-0.140926,0.486681,0.894248,-0.888361,0.197821,0.027680
-0.027081,4.921696,0.787132,0.009817,0.021208,0.692917,-0.720638,0.047718,-0.055242,0.013813,0.199678,-0.263684,0.043500,-0.019238,0.022228,-0.047300,0.292220,-0.278902,-0.021976,-0.004922,-0.029488,0.076289,-0.009382,0.152128,-0.573267,0.955801,0.788787,0.085808,0.076249,0.011385,-0.140730,0.488590,0.895042,-0.889002,0.198668,0.026400
-0.026936,4.921568,0.787175,0.009816,0.020828,0.693561,-0.720030,0.047722,-0.054573,0.015604,0.199305,-0.263733,0.043544,-0.019360,0.022904,-0.045826,0.291223,-0.277943,-0.020876,-0.005090,-0.029209,0.076148,-0.009989,0.152730,-0.575832,0.955942,0.788582,0.084584,0.076224,0.011373,-0.140681,0.490874,0.895550,-0.889395,0.198645,0.026545
-0.026787,4.921450,0.787214,0.009858,0.020417,0.694226,-0.719400,0.047704,-0.053748,0.017460,0.198961,-0.263733,0.043534,-0.019597,0.023714,-0.044322,0.290445,-0.277074,-0.019677,-0.005308,-0.028939,0.076078,-0.010415,0.153312,-0.577774,0.955495,0.787620,0.083453,0.076202,0.011383,-0.140825,0.492371,0.894839,-0.888931,0.197846,0.026295
-0.026638,4.921331,0.787253,0.009940,0.020014,0.694811,-0.718845,0.047723,-0.052883,0.019128,0.198607,-0.263711,0.043497,-0.019826,0.024585,-0.042978,0.289961,-0.276181,-0.019096,-0.005694,-0.028704,0.076071,-0.010687,0.153819,-0.579549,0.954747,0.786031,0.082363,0.075813,0.012032,-0.140895,0.492051,0.893117,-0.887264,0.197488,0.024249
-0.026465,4.921226,0.787287,0.010033,0.019652,0.695324,-0.718357,0.047847,-0.052142,0.020616,0.198103,-0.263578,0.043513,-0.020278,0.025355,-0.041775,0.290110,-0.275440,-0.018935,-0.006264,-0.028534,0.076145,-0.010962,0.154458,-0.581920,0.954123,0.784510,0.081442,0.074532,0.013320,-0.140628,0.490130,0.891508,-0.884827,0.198443,0.021047
-0.026251,4.921156,0.787308,0.010108,0.019350,0.695853,-0.717853,0.048062,-0.051608,0.022147,0.197471,-0.263363,0.043630,-0.021211,0.025940,-0.040502,0.291175,-0.274975,-0.018963,-0.006934,-0.028449,0.076324,-0.011283,0.155404,-0.584876,0.953726,0.783346,0.080817,0.072758,0.014739,-0.140112,0.487847,0.890767,-0.882589,0.200206,0.018146
-0.025993,4.921123,0.787310,0.010148,0.019100,0.696467,-0.717263,0.048200,-0.051243,0.023926,0.197031,-0.263258,0.043836,-0.022671,0.026369,-0.038999,0.293106,-0.274790,-0.019109,-0.007596,-0.028441,0.076626,-0.011561,0.156702,-0.587700,0.953415,0.782257,0.080447,0.071441,0.015947,-0.139617,0.486311,0.890643,-0.881256,0.201686,0.016333
-0.025701,4.921128,0.787293,0.010166,0.018879,0.697189,-0.716567,0.048091,-0.050954,0.026024,0.197125,-0.263453,0.044093,-0.024560,0.026723,-0.037236,0.295672,-0.274840,-0.019342,-0.008134,-0.028497,0.077061,-0.011795,0.158268,-0.589726,0.953105,0.780922,0.080437,0.071077,0.017018,-0.139316,0.485874,0.890377,-0.880837,0.202330,0.015854
-0.025382,4.921166,0.787262,0.010168,0.018644,0.698031,-0.715752,0.047685,-0.050643,0.028460,0.197732,-0.263942,0.044375,-0.026790,0.027109,-0.035187,0.298557,-0.274941,-0.019628,-0.008420,-0.028630,0.077645,-0.012083,0.159969,-0.590874,0.952793,0.779425,0.081110,0.071459,0.018031,-0.139277,0.486398,0.889502,-0.881011,0.202079,0.016339
-0.025048,4.921221,0.787232,0.010163,0.018374,0.698980,-0.714833,0.047170,-0.050260,0.031163,0.198433,-0.264512,0.044661,-0.029042,0.027587,-0.032884,0.301192,-0.274912,-0.019919,-0.008398,-0.028830,0.078316,-0.012403,0.161701,-0.591353,0.952364,0.777918,0.082235,0.072353,0.019013,-0.139458,0.487393,0.888241,-0.881341,0.201254,0.016581
-0.024709,4.921261,0.787214,0.010192,0.018114,0.699965,-0.713874,0.046830,-0.049822,0.033954,0.198933,-0.265025,0.044937,-0.030804,0.028108,-0.030498,0.303063,-0.274640,-0.020150,-0.008148,-0.029014,0.078937,-0.012661,0.163487,-0.591678,0.951986,0.776583,0.083022,0.073342,0.020063,-0.139741,0.488321,0.887323,-0.881392,0.200598,0.015888
-0.024384,4.921267,0.787209,0.010308,0.017887,0.700927,-0.712935,0.046842,-0.049293,0.036664,0.199108,-0.265432,0.045161,-0.031854,0.028741,-0.028230,0.304100,-0.274182,-0.020273,-0.007810,-0.029164,0.079378,-0.012895,0.165540,-0.592433,0.951929,0.775844,0.082933,0.074095,0.021121,-0.139990,0.489004,0.887247,-0.880962,0.200609,0.015252
-0.024080,4.921238,0.787216,0.010442,0.017637,0.701855,-0.712025,0.047121,-0.048678,0.039246,0.198818,-0.265689,0.045357,-0.032520,0.029490,-0.026071,0.304570,-0.273619,-0.020266,-0.007458,-0.029298,0.079677,-0.013426,0.167777,-0.593422,0.952373,0.775596,0.082243,0.074528,0.021878,-0.139943,0.489638,0.887442,-0.880199,0.201505,0.015598
-0.023787,4.921181,0.787234,0.010563,0.017340,0.702732,-0.711165,0.047644,-0.048039,0.041637,0.197897,-0.265744,0.045537,-0.033019,0.030278,-0.023990,0.304673,-0.272961,-0.020200,-0.007108,-0.029438,0.079878,-0.016561,0.169179,-0.593269,0.955548,0.774660,0.081061,0.074667,0.021332,-0.135895,0.492352,0.884620,-0.879297,0.209075,0.017276
-0.023495,4.921103,0.787262,0.010714,0.017044,0.703508,-0.710402,0.048373,-0.047428,0.043734,0.196629,-0.265624,0.045738,-0.033195,0.031052,-0.022127,0.304378,-0.272191,-0.020092,-0.006794,-0.029580,0.079987,-0.018404,0.170828,-0.592180,0.957325,0.773097,0.080382,0.075311,0.021564,-0.135150,0.493545,0.882015,-0.877436,0.213892,0.017100
-0.023200,4.921016,0.787293,0.010928,0.016795,0.704189,-0.709730,0.049140,-0.046867,0.045566,0.195545,-0.265485,0.045976,-0.033052,0.031771,-0.020510,0.303891,-0.271392,-0.019905,-0.006610,-0.029715,0.080030,-0.019747,0.172209,-0.590990,0.958335,0.771844,0.080638,0.076183,0.021708,-0.135347,0.494295,0.880294,-0.875828,0.217712,0.016129
-0.022900,4.920936,0.787316,0.011173,0.016572,0.704793,-0.709132,0.049664,-0.046332,0.047202,0.195038,-0.265568,0.046233,-0.032936,0.032411,-0.019057,0.303631,-0.270681,-0.019711,-0.006596,-0.029854,0.080068,-0.020941,0.173411,-0.590374,0.959357,0.771499,0.081264,0.076837,0.021514,-0.135696,0.495361,0.879467,-0.874940,0.220843,0.015665
-0.022598,4.920867,0.787332,0.011347,0.016263,0.705350,-0.708582,0.049596,-0.045776,0.048709,0.195225,-0.265946,0.046491,-0.033216,0.033053,-0.017750,0.303637,-0.269992,-0.019482,-0.006717,-0.029997,0.080154,-0.022111,0.174284,-0.590043,0.960574,0.771565,0.081911,0.077005,0.021243,-0.135890,0.496333,0.878899,-0.874149,0.223131,0.015329
-0.022283,4.920798,0.787350,0.011460,0.015838,0.705869,-0.708072,0.049106,-0.045179,0.050103,0.195736,-0.266461,0.046776,-0.033750,0.033727,-0.016545,0.303552,-0.269138,-0.019207,-0.006917,-0.030122,0.080213,-0.023259,0.174652,-0.589302,0.961566,0.771278,0.082620,0.076826,0.021078,-0.135710,0.496537,0.878075,-0.872697,0.224770,0.014258
-0.021941,4.920704,0.787378,0.011536,0.015329,0.706361,-0.707592,0.048641,-0.044594,0.051409,0.195942,-0.266870,0.047124,-0.034251,0.034392,-0.015400,0.303112,-0.268087,-0.018846,-0.007163,-0.030212,0.080209,-0.024077,0.174481,-0.587816,0.961844,0.770494,0.083680,0.076909,0.020932,-0.135204,0.496268,0.876965,-0.870851,0.226057,0.012735
-0.021577,4.920566,0.787416,0.011623,0.014801,0.706850,-0.707113,0.048571,-0.044027,0.052695,0.195526,-0.267069,0.047521,-0.034543,0.035046,-0.014270,0.302407,-0.266974,-0.018405,-0.007440,-0.030280,0.080181,-0.024272,0.173774,-0.585562,0.961247,0.769206,0.084912,0.077581,0.020669,-0.134458,0.495973,0.875553,-0.869142,0.227053,0.011401
-0.021207,4.920391,0.787454,0.011764,0.014280,0.707374,-0.706597,0.048870,-0.043380,0.054044,0.194714,-0.267156,0.047905,-0.034622,0.035791,-0.013088,0.301609,-0.265918,-0.017954,-0.007783,-0.030345,0.080178,-0.023913,0.172800,-0.583321,0.960140,0.767880,0.085618,0.078400,0.020341,-0.133370,0.495625,0.873986,-0.867518,0.227653,0.010431
-0.020829,4.920197,0.787487,0.011966,0.013761,0.707936,-0.706041,0.049319,-0.042637,0.055469,0.193860,-0.267251,0.048285,-0.034620,0.036648,-0.011816,0.300914,-0.265002,-0.017510,-0.008224,-0.030416,0.080206,-0.023174,0.171857,-0.582104,0.958939,0.767139,0.085289,0.078619,0.020111,-0.132249,0.495020,0.872969,-0.865893,0.227609,0.009808
-0.020434,4.920007,0.787507,0.012166,0.013322,0.708513,-0.705467,0.049798,-0.042036,0.056963,0.193130,-0.267379,0.048734,-0.034727,0.037382,-0.010447,0.300630,-0.264346,-0.017024,-0.008741,-0.030454,0.080218,-0.020174,0.171240,-0.582302,0.955596,0.767483,0.085713,0.078224,0.021199,-0.135053,0.491868,0.875446,-0.864550,0.221364,0.007739
-0.020014,4.919824,0.787513,0.012324,0.012987,0.709071,-0.704910,0.050240,-0.041705,0.058463,0.192596,-0.267576,0.049239,-0.034995,0.037845,-0.009053,0.300815,-0.263953,-0.016445,-0.009288,-0.030453,0.080202,-0.018679,0.169993,-0.582210,0.953957,0.767592,0.087128,0.077067,0.021093,-0.134590,0.488865,0.877143,-0.864656,0.219259,0.006439
-0.019566,4.919639,0.787507,0.012522,0.012738,0.709567,-0.704412,0.050696,-0.041528,0.059844,0.192367,-0.267910,0.049815,-0.035110,0.038128,-0.007788,0.301145,-0.263729,-0.015774,-0.009897,-0.030439,0.080145,-0.017899,0.168087,-0.581075,0.953548,0.767124,0.089556,0.076542,0.020969,-0.133337,0.484571,0.877276,-0.864886,0.219004,0.004811
-0.019106,4.919442,0.787488,0.012765,0.012589,0.709985,-0.703989,0.051122,-0.041475,0.061063,0.192636,-0.268500,0.050435,-0.034931,0.038276,-0.006686,0.301475,-0.263661,-0.015086,-0.010694,-0.030352,0.080070,-0.017352,0.165549,-0.579329,0.953815,0.766453,0.092545,0.076596,0.021124,-0.131865,0.478482,0.876401,-0.864436,0.219170,0.002652
-0.018638,4.919248,0.787449,0.013024,0.012509,0.710370,-0.703596,0.051390,-0.041498,0.062222,0.193483,-0.269389,0.051052,-0.034810,0.038292,-0.005639,0.302209,-0.263853,-0.014391,-0.011711,-0.030166,0.080028,-0.016739,0.162562,-0.577775,0.954302,0.765855,0.095331,0.076228,0.021496,-0.130315,0.471304,0.875508,-0.863644,0.219497,0.000445
-0.018167,4.919077,0.787390,0.013235,0.012448,0.710828,-0.703132,0.051476,-0.041567,0.063582,0.194638,-0.270463,0.051649,-0.035243,0.038288,-0.004402,0.303768,-0.264352,-0.013701,-0.012819,-0.029923,0.080065,-0.015852,0.159505,-0.576716,0.954463,0.765230,0.096993,0.075016,0.022013,-0.128823,0.464243,0.874873,-0.863243,0.219872,-0.001328
-0.017681,4.918933,0.787318,0.013385,0.012362,0.711437,-0.702513,0.051533,-0.041644,0.065345,0.195662,-0.271529,0.052251,-0.036299,0.038320,-0.002781,0.306031,-0.265042,-0.012994,-0.013821,-0.029657,0.080189,-0.014651,0.156981,-0.576474,0.953955,0.764902,0.096862,0.073687,0.022598,-0.127494,0.458336,0.874264,-0.863572,0.219836,-0.002229
-0.017177,4.918806,0.787243,0.013496,0.012224,0.712223,-0.701717,0.051617,-0.041664,0.067564,0.196417,-0.272505,0.052866,-0.037723,0.038461,-0.000713,0.308559,-0.265751,-0.012266,-0.014637,-0.029388,0.080408,-0.013292,0.155283,-0.577225,0.952967,0.765348,0.095380,0.073029,0.023000,-0.126424,0.454079,0.873663,-0.864578,0.219099,-0.001891
-0.016667,4.918690,0.787173,0.013621,0.012068,0.713136,-0.700790,0.051796,-0.041607,0.070122,0.196950,-0.273375,0.053484,-0.039157,0.038727,0.001695,0.311003,-0.266376,-0.011532,-0.015311,-0.029148,0.080706,-0.012062,0.154109,-0.578698,0.952082,0.766524,0.093872,0.072994,0.022960,-0.125672,0.451165,0.873284,-0.866121,0.218139,-0.000835
-0.016168,4.918574,0.787117,0.013769,0.011927,0.714080,-0.699827,0.052178,-0.041525,0.072772,0.197115,-0.274033,0.054094,-0.040294,0.039044,0.004204,0.313013,-0.266823,-0.010805,-0.015946,-0.028979,0.081083,-0.011317,0.152934,-0.580298,0.951835,0.767884,0.093237,0.073197,0.022399,-0.125124,0.448898,0.873183,-0.868001,0.217552,-0.000148
-0.015702,4.918453,0.787082,0.013939,0.011819,0.714940,-0.698947,0.052828,-0.041460,0.075218,0.196793,-0.274386,0.054661,-0.040920,0.039336,0.006510,0.314284,-0.266981,-0.010118,-0.016612,-0.028873,0.081496,-0.011431,0.151393,-0.581980,0.952431,0.769316,0.093924,0.073258,0.021362,-0.124448,0.446836,0.873405,-0.869832,0.217343,0.000020
-0.015289,4.918330,0.787065,0.014135,0.011730,0.715686,-0.698181,0.053619,-0.041370,0.077351,0.196208,-0.274527,0.055107,-0.041133,0.039646,0.008487,0.314945,-0.266889,-0.009527,-0.017347,-0.028812,0.081884,-0.014145,0.145363,-0.585372,0.953143,0.771003,0.100526,0.072396,0.017845,-0.122732,0.444877,0.876272,-0.871450,0.216786,0.000674
-0.014930,4.918210,0.787047,0.014375,0.011677,0.716301,-0.697546,0.054349,-0.041237,0.079131,0.195899,-0.274731,0.055435,-0.041161,0.039968,0.010083,0.315536,-0.266798,-0.009038,-0.018125,-0.028781,0.082246,-0.016412,0.143487,-0.588022,0.954401,0.771844,0.103701,0.071655,0.015600,-0.122170,0.443763,0.878014,-0.872993,0.215021,0.002065
-0.014627,4.918087,0.787018,0.014684,0.011703,0.716761,-0.697066,0.055036,-0.041055,0.080459,0.196088,-0.275164,0.055746,-0.041041,0.040251,0.011258,0.316403,-0.266951,-0.008636,-0.018900,-0.028804,0.082652,-0.018871,0.143066,-0.589814,0.955887,0.771786,0.105005,0.070846,0.014178,-0.121930,0.443223,0.878846,-0.874606,0.213202,0.003473
-0.014372,4.917958,0.786975,0.015052,0.011807,0.717066,-0.696742,0.055782,-0.040856,0.081335,0.196579,-0.275760,0.056076,-0.040743,0.040461,0.012022,0.317496,-0.267372,-0.008299,-0.019660,-0.028913,0.083217,-0.021493,0.143099,-0.590442,0.956904,0.770737,0.105654,0.070468,0.013411,-0.121670,0.442483,0.878982,-0.875869,0.212018,0.003987
-0.014155,4.917845,0.786925,0.015424,0.011969,0.717284,-0.696507,0.056580,-0.040731,0.081980,0.197100,-0.276350,0.056357,-0.040441,0.040597,0.012544,0.318783,-0.267955,-0.008006,-0.020413,-0.029110,0.084012,-0.024055,0.143318,-0.590196,0.956915,0.769101,0.106092,0.071146,0.012985,-0.121257,0.441476,0.878761,-0.876717,0.211548,0.003809
-0.013968,4.917776,0.786870,0.015751,0.012141,0.717483,-0.696292,0.057251,-0.040682,0.082599,0.197637,-0.276870,0.056552,-0.040470,0.040691,0.013013,0.320446,-0.268638,-0.007796,-0.021096,-0.029398,0.084971,-0.026389,0.143801,-0.589832,0.955910,0.767609,0.106140,0.072661,0.012584,-0.120789,0.440590,0.878517,-0.877464,0.211415,0.003581
-0.013817,4.917758,0.786814,0.016012,0.012295,0.717706,-0.696054,0.057722,-0.040625,0.083260,0.198195,-0.277323,0.056716,-0.040881,0.040796,0.013528,0.322397,-0.269350,-0.007667,-0.021641,-0.029770,0.085931,-0.028398,0.144856,-0.589798,0.954570,0.766579,0.105169,0.074140,0.012462,-0.120388,0.439823,0.878114,-0.878035,0.211439,0.003445
-0.013699,4.917791,0.786762,0.016257,0.012442,0.717947,-0.695797,0.058070,-0.040486,0.083968,0.198829,-0.277766,0.056849,-0.041376,0.040964,0.014094,0.324243,-0.269943,-0.007575,-0.022007,-0.030210,0.086806,-0.028654,0.150830,-0.588565,0.954221,0.765731,0.098189,0.075357,0.015065,-0.120817,0.439565,0.874988,-0.878466,0.211936,0.003333
-0.013604,4.917885,0.786719,0.016512,0.012573,0.718246,-0.695479,0.058258,-0.040235,0.084849,0.199617,-0.278225,0.056912,-0.041906,0.041249,0.014802,0.325830,-0.270289,-0.007478,-0.022182,-0.030715,0.087681,-0.030027,0.152782,-0.588187,0.954408,0.765901,0.094838,0.075663,0.016424,-0.120892,0.439734,0.872802,-0.878896,0.212472,0.003430
-0.013542,4.918048,0.786686,0.016715,0.012627,0.718655,-0.695051,0.058075,-0.039787,0.086007,0.200568,-0.278659,0.056904,-0.042775,0.041711,0.015771,0.327293,-0.270356,-0.007415,-0.022146,-0.031289,0.088629,-0.031635,0.153331,-0.588067,0.954608,0.766439,0.093278,0.075534,0.016812,-0.121430,0.440668,0.871491,-0.879781,0.212117,0.003332
-0.013510,4.918257,0.786669,0.016796,0.012551,0.719161,-0.694527,0.057508,-0.039237,0.087424,0.201400,-0.278930,0.056799,-0.044052,0.042345,0.016976,0.328558,-0.270150,-0.007420,-0.021901,-0.031887,0.089493,-0.033115,0.153497,-0.588174,0.954518,0.766862,0.092158,0.074939,0.016460,-0.122260,0.441994,0.870979,-0.880794,0.211488,0.003028
-0.013499,4.918461,0.786672,0.016791,0.012415,0.719720,-0.693950,0.056997,-0.038709,0.088987,0.201690,-0.278907,0.056636,-0.045273,0.043034,0.018339,0.329293,-0.269685,-0.007455,-0.021504,-0.032415,0.089953,-0.034284,0.153981,-0.589212,0.954098,0.767422,0.090642,0.073948,0.015816,-0.122906,0.443142,0.871289,-0.881158,0.211448,0.002747
-0.013496,4.918624,0.786694,0.016808,0.012319,0.720301,-0.693349,0.056973,-0.038202,0.090586,0.201331,-0.278626,0.056473,-0.045946,0.043695,0.019786,0.329336,-0.269017,-0.007441,-0.021024,-0.032813,0.089867,-0.034811,0.155133,-0.591149,0.953515,0.768226,0.088735,0.073284,0.015263,-0.123178,0.444160,0.872415,-0.880789,0.211927,0.002640
-0.013487,4.918739,0.786722,0.016903,0.012276,0.720871,-0.692755,0.057307,-0.037707,0.092133,0.200795,-0.278336,0.056332,-0.046086,0.044342,0.021211,0.328983,-0.268297,-0.007458,-0.020490,-0.033108,0.089405,-0.034392,0.156662,-0.592673,0.953043,0.768676,0.087451,0.073649,0.014954,-0.123255,0.445363,0.874039,-0.880205,0.212252,0.002693
-0.013479,4.918826,0.786742,0.017025,0.012246,0.721345,-0.692258,0.057476,-0.037220,0.093434,0.200755,-0.278300,0.056195,-0.046050,0.044946,0.022401,0.328642,-0.267680,-0.007555,-0.019889,-0.033333,0.088818,-0.033171,0.157968,-0.592902,0.953034,0.768240,0.087602,0.074257,0.014985,-0.123411,0.446747,0.875666,-0.879772,0.212402,0.002855
-0.013473,4.918902,0.786744,0.017117,0.012212,0.721682,-0.691906,0.057146,-0.036783,0.094395,0.201571,-0.278658,0.056061,-0.046147,0.045433,0.023251,0.328607,-0.267258,-0.007698,-0.019224,-0.033471,0.088233,-0.031669,0.158938,-0.592551,0.953488,0.767370,0.088639,0.073989,0.015243,-0.123782,0.448337,0.876972,-0.879595,0.212336,0.002952
-0.013457,4.918971,0.786727,0.017202,0.012188,0.721937,-0.691637,0.056547,-0.036402,0.095145,0.202918,-0.279302,0.055950,-0.046457,0.045822,0.023884,0.329050,-0.267083,-0.007823,-0.018505,-0.033526,0.087671,-0.030216,0.160023,-0.593184,0.954122,0.767414,0.089254,0.073410,0.015449,-0.124387,0.450230,0.878147,-0.879743,0.212255,0.002816
-0.013425,4.919028,0.786696,0.017302,0.012242,0.722196,-0.691364,0.056172,-0.036161,0.095897,0.204158,-0.279987,0.055878,-0.046847,0.046079,0.024530,0.329953,-0.267158,-0.007865,-0.017759,-0.033496,0.087141,-0.028670,0.161699,-0.595132,0.954722,0.768870,0.088952,0.074133,0.015501,-0.124946,0.452434,0.879403,-0.880078,0.212109,0.002427
-0.013376,4.919075,0.786660,0.017442,0.012389,0.722462,-0.691079,0.056208,-0.036041,0.096665,0.204988,-0.280527,0.055861,-0.047146,0.046221,0.025229,0.331091,-0.267389,-0.007797,-0.017037,-0.033413,0.086699,-0.026764,0.163549,-0.596962,0.955456,0.770133,0.088526,0.075547,0.015484,-0.125326,0.454801,0.880797,-0.880453,0.212000,0.002115
-0.013307,4.919129,0.786622,0.017618,0.012568,0.722706,-0.690817,0.056407,-0.035998,0.097357,0.205625,-0.280958,0.055883,-0.047406,0.046314,0.025896,0.332350,-0.267665,-0.007699,-0.016375,-0.033311,0.086422,-0.024701,0.165003,-0.597510,0.956444,0.769631,0.088846,0.075336,0.015337,-0.125612,0.457298,0.882178,-0.880911,0.211706,0.002028
-0.013228,4.919203,0.786579,0.017774,0.012730,0.722947,-0.690558,0.056486,-0.035988,0.098112,0.206311,-0.281373,0.055937,-0.047834,0.046385,0.026508,0.333787,-0.268042,-0.007632,-0.015794,-0.033206,0.086363,-0.023053,0.165893,-0.597561,0.957326,0.768219,0.090157,0.073313,0.014664,-0.125940,0.460010,0.883558,-0.881738,0.211035,0.001931
-0.013147,4.919301,0.786535,0.017888,0.012859,0.723212,-0.690274,0.056425,-0.035998,0.098900,0.206983,-0.281753,0.055982,-0.048506,0.046464,0.027111,0.335413,-0.268480,-0.007632,-0.015286,-0.033105,0.086470,-0.023543,0.162286,-0.600049,0.957006,0.768011,0.096982,0.070779,0.011357,-0.125354,0.462340,0.887409,-0.882889,0.210228,0.001529
-0.013068,4.919423,0.786497,0.017957,0.012968,0.723482,-0.689988,0.056332,-0.036023,0.099696,0.207421,-0.281977,0.056034,-0.049283,0.046545,0.027854,0.336993,-0.268878,-0.007663,-0.014884,-0.033002,0.086596,-0.022942,0.162788,-0.603004,0.956724,0.768328,0.099649,0.069930,0.009385,-0.125669,0.464387,0.890245,-0.883942,0.209333,0.000780
-0.012989,4.919573,0.786473,0.017962,0.013076,0.723731,-0.689724,0.056217,-0.036169,0.100437,0.207526,-0.281962,0.056128,-0.050029,0.046541,0.028653,0.338218,-0.269096,-0.007661,-0.014617,-0.032864,0.086684,-0.022102,0.164639,-0.606176,0.957011,0.768745,0.100311,0.069661,0.008320,-0.125889,0.466151,0.892349,-0.884766,0.208784,0.000197
-0.012912,4.919724,0.786467,0.017913,0.013135,0.723921,-0.689525,0.056120,-0.036373,0.101017,0.207364,-0.281769,0.056253,-0.050617,0.046410,0.029184,0.338958,-0.269087,-0.007664,-0.014436,-0.032715,0.086737,-0.021530,0.166733,-0.608889,0.957660,0.768763,0.100475,0.069554,0.007611,-0.126106,0.467906,0.893728,-0.885536,0.208233,0.000059
-0.012857,4.919871,0.786469,0.017821,0.013115,0.724055,-0.689388,0.055834,-0.036489,0.101430,0.207331,-0.281632,0.056295,-0.051157,0.046339,0.029612,0.339352,-0.268912,-0.007717,-0.014318,-0.032573,0.086838,-0.021248,0.168596,-0.610670,0.958107,0.768138,0.100690,0.070036,0.007050,-0.126467,0.469737,0.894290,-0.886334,0.207612,0.000079
-0.012839,4.920049,0.786468,0.017775,0.013098,0.724189,-0.689248,0.055301,-0.036429,0.101820,0.207720,-0.281700,0.056204,-0.051735,0.046438,0.030003,0.339681,-0.268671,-0.007812,-0.014268,-0.032406,0.086977,-0.021165,0.170131,-0.611749,0.958196,0.766914,0.101006,0.070689,0.006847,-0.126749,0.471102,0.894365,-0.886766,0.207378,-0.000142
-0.012847,4.920250,0.786460,0.017772,0.013107,0.724355,-0.689073,0.054666,-0.036241,0.102282,0.208363,-0.281904,0.056014,-0.052395,0.046650,0.030419,0.340138,-0.268461,-0.007941,-0.014280,-0.032179,0.087135,-0.021262,0.171471,-0.612789,0.958062,0.765509,0.101474,0.070818,0.007193,-0.126697,0.471587,0.894522,-0.886540,0.207822,-0.000583
-0.012851,4.920431,0.786449,0.017767,0.013098,0.724553,-0.688865,0.054183,-0.036042,0.102831,0.208840,-0.282066,0.055831,-0.053067,0.046885,0.030909,0.340723,-0.268346,-0.008018,-0.014321,-0.031920,0.087346,-0.021420,0.172698,-0.613915,0.957748,0.764031,0.102174,0.070401,0.007940,-0.126334,0.471452,0.895014,-0.885924,0.208714,-0.001157
-0.012834,4.920607,0.786439,0.017810,0.013139,0.724801,-0.688603,0.054024,-0.035914,0.103519,0.209001,-0.282101,0.055730,-0.053618,0.047080,0.031549,0.341368,-0.268293,-0.008002,-0.014381,-0.031668,0.087620,-0.021489,0.173962,-0.615219,0.957152,0.762679,0.102579,0.070025,0.008798,-0.125903,0.471285,0.895702,-0.885351,0.209766,-0.001719
-0.012810,4.920779,0.786433,0.017877,0.013209,0.725140,-0.688243,0.054072,-0.035776,0.104451,0.208954,-0.282052,0.055684,-0.054060,0.047325,0.032442,0.341919,-0.268184,-0.007955,-0.014504,-0.031441,0.087915,-0.021614,0.175551,-0.617181,0.956387,0.762188,0.102220,0.070554,0.009581,-0.125538,0.471299,0.896233,-0.884872,0.210838,-0.002035
-0.012793,4.920945,0.786433,0.017944,0.013249,0.725579,-0.687777,0.054186,-0.035528,0.105632,0.208780,-0.281962,0.055656,-0.054467,0.047716,0.033600,0.342283,-0.267942,-0.007949,-0.014691,-0.031233,0.088208,-0.021852,0.177304,-0.619382,0.955684,0.762339,0.101501,0.071942,0.010254,-0.125294,0.471383,0.896255,-0.884407,0.211765,-0.002295
-0.012789,4.921103,0.786440,0.018005,0.013241,0.726091,-0.687236,0.054317,-0.035160,0.106968,0.208485,-0.281819,0.055715,-0.054885,0.048254,0.034933,0.342511,-0.267606,-0.008000,-0.014917,-0.031055,0.088517,-0.022104,0.178599,-0.620624,0.955253,0.761781,0.101271,0.073161,0.010959,-0.125156,0.471339,0.895696,-0.883920,0.212170,-0.003321
-0.012796,4.921263,0.786450,0.018052,0.013218,0.726593,-0.686704,0.054357,-0.034773,0.108288,0.208212,-0.281623,0.055813,-0.055328,0.048800,0.036236,0.342731,-0.267265,-0.008106,-0.015163,-0.030898,0.088812,-0.022490,0.179227,-0.620919,0.955179,0.760097,0.101533,0.073135,0.011929,-0.125073,0.470932,0.894940,-0.883119,0.211760,-0.005208
-0.012821,4.921424,0.786460,0.018071,0.013195,0.727025,-0.686246,0.054208,-0.034424,0.109443,0.208097,-0.281408,0.055908,-0.055823,0.049276,0.037369,0.342975,-0.266952,-0.008182,-0.015475,-0.030760,0.088991,-0.023389,0.179661,-0.621535,0.955324,0.758468,0.101676,0.072062,0.013068,-0.125108,0.470290,0.894411,-0.881891,0.210666,-0.006516
-0.012871,4.921562,0.786472,0.018053,0.013159,0.727394,-0.685857,0.053970,-0.034118,0.110443,0.207999,-0.281180,0.055928,-0.056310,0.049686,0.038349,0.343146,-0.266665,-0.008255,-0.015911,-0.030654,0.088968,-0.024929,0.180285,-0.622854,0.955208,0.757648,0.101402,0.071321,0.013837,-0.125464,0.469817,0.893943,-0.880668,0.209356,-0.006101
-0.012963,4.921637,0.786487,0.018024,0.013121,0.727737,-0.685494,0.054019,-0.033816,0.111358,0.207520,-0.280888,0.055821,-0.056601,0.050134,0.039261,0.343114,-0.266415,-0.008386,-0.016474,-0.030611,0.088701,-0.026677,0.180831,-0.623707,0.954425,0.756815,0.101182,0.071868,0.013956,-0.126107,0.469433,0.893101,-0.879753,0.208367,-0.004782
-0.013110,4.921630,0.786504,0.018010,0.013084,0.728064,-0.685148,0.054536,-0.033452,0.112201,0.206488,-0.280504,0.055535,-0.056630,0.050678,0.040102,0.342924,-0.266269,-0.008617,-0.017122,-0.030651,0.088182,-0.028146,0.180944,-0.623323,0.953083,0.755190,0.101325,0.073302,0.013773,-0.126578,0.468290,0.891942,-0.878566,0.208231,-0.003929
-0.013319,4.921546,0.786515,0.018016,0.013025,0.728330,-0.684866,0.055299,-0.032946,0.112826,0.205218,-0.280127,0.055111,-0.056524,0.051351,0.040738,0.342787,-0.266328,-0.008970,-0.017811,-0.030816,0.087459,-0.029363,0.180705,-0.622430,0.951767,0.753475,0.101657,0.074931,0.013893,-0.126401,0.465738,0.890801,-0.876405,0.209381,-0.003557
-0.013583,4.921400,0.786512,0.018053,0.012926,0.728492,-0.684695,0.055921,-0.032253,0.113118,0.204385,-0.280032,0.054577,-0.056373,0.052137,0.041049,0.342841,-0.266653,-0.009449,-0.018534,-0.031128,0.086663,-0.030480,0.180338,-0.621783,0.951009,0.752431,0.102009,0.076454,0.014623,-0.125558,0.462236,0.889523,-0.873624,0.211515,-0.003198
-0.013888,4.921202,0.786491,0.018133,0.012833,0.728518,-0.684666,0.056249,-0.031451,0.113029,0.204426,-0.280434,0.053952,-0.056021,0.052930,0.040951,0.342897,-0.267165,-0.009999,-0.019285,-0.031531,0.085914,-0.031384,0.180094,-0.621030,0.950970,0.751475,0.102197,0.077319,0.016040,-0.124471,0.458691,0.887611,-0.871155,0.213769,-0.003202
-0.014205,4.920963,0.786460,0.018277,0.012772,0.728415,-0.684773,0.056417,-0.030627,0.112596,0.205157,-0.281236,0.053285,-0.055300,0.053679,0.040532,0.342692,-0.267716,-0.010548,-0.020091,-0.031960,0.085227,-0.030513,0.184515,-0.618324,0.952101,0.749667,0.096727,0.077501,0.019888,-0.124150,0.455686,0.882813,-0.869155,0.215887,-0.003519
-0.014506,4.920696,0.786426,0.018458,0.012741,0.728260,-0.684934,0.056715,-0.029893,0.112038,0.205887,-0.282099,0.052626,-0.054346,0.054351,0.040029,0.342305,-0.268269,-0.011029,-0.020976,-0.032421,0.084527,-0.030969,0.184307,-0.616615,0.953122,0.748649,0.095417,0.076507,0.021766,-0.123182,0.452433,0.879336,-0.866744,0.217899,-0.002423
-0.014777,4.920409,0.786390,0.018625,0.012741,0.728175,-0.685020,0.057371,-0.029326,0.111637,0.206061,-0.282789,0.051995,-0.053466,0.054932,0.039708,0.342069,-0.268900,-0.011433,-0.021874,-0.032965,0.083761,-0.032895,0.178014,-0.617256,0.952793,0.748833,0.101189,0.075684,0.020004,-0.121816,0.449225,0.879315,-0.864660,0.218857,-0.000204
-0.015030,4.920110,0.786352,0.018724,0.012776,0.728205,-0.684984,0.058312,-0.028896,0.111631,0.205696,-0.283317,0.051409,-0.052828,0.055421,0.039708,0.342126,-0.269634,-0.011781,-0.022669,-0.033599,0.082934,-0.033284,0.174922,-0.616909,0.952435,0.748544,0.103960,0.076370,0.018994,-0.122364,0.447484,0.878566,-0.864966,0.218336,0.000303
-0.015283,4.919802,0.786312,0.018751,0.012855,0.728283,-0.684899,0.059259,-0.028604,0.111695,0.205265,-0.283831,0.050857,-0.052254,0.055789,0.039882,0.342241,-0.270413,-0.012138,-0.023335,-0.034254,0.082030,-0.032849,0.172315,-0.615590,0.952598,0.747555,0.105783,0.077025,0.018697,-0.123389,0.446521,0.877818,-0.867823,0.217642,-0.002132
-0.015539,4.919482,0.786274,0.018780,0.013019,0.728285,-0.684894,0.060226,-0.028447,0.111611,0.204958,-0.284369,0.050324,-0.051348,0.055980,0.039918,0.342120,-0.271222,-0.012512,-0.024016,-0.034865,0.081003,-0.032046,0.169428,-0.614128,0.953322,0.746238,0.107639,0.076437,0.018980,-0.123530,0.444400,0.877937,-0.870421,0.217502,-0.004636
-0.015791,4.919152,0.786240,0.018864,0.013293,0.728165,-0.685013,0.061454,-0.028465,0.111223,0.204505,-0.284811,0.049850,-0.049992,0.055964,0.039677,0.341774,-0.272089,-0.012869,-0.024817,-0.035424,0.079865,-0.031038,0.166391,-0.613244,0.954329,0.745253,0.109320,0.075276,0.019332,-0.122370,0.440612,0.878958,-0.870861,0.217942,-0.003732
-0.016039,4.918821,0.786216,0.018926,0.013592,0.727978,-0.685205,0.062887,-0.028636,0.110648,0.203598,-0.285015,0.049434,-0.048542,0.055803,0.039278,0.341275,-0.272926,-0.013213,-0.025700,-0.035947,0.078700,-0.029945,0.163458,-0.612941,0.955472,0.744888,0.110255,0.074698,0.019348,-0.120630,0.436134,0.880159,-0.869911,0.218521,0.000105
-0.016301,4.918491,0.786211,0.018880,0.013795,0.727809,-0.685381,0.064295,-0.028800,0.110087,0.202195,-0.284972,0.049005,-0.047207,0.055672,0.038912,0.340339,-0.273501,-0.013618,-0.026580,-0.036426,0.077559,-0.028900,0.160689,-0.612832,0.956719,0.744974,0.110410,0.074826,0.019137,-0.119008,0.431632,0.880843,-0.869046,0.219031,0.003529
-0.016583,4.918158,0.786230,0.018763,0.013863,0.727675,-0.685526,0.065640,-0.028800,0.109586,0.200401,-0.284739,0.048514,-0.045785,0.055713,0.038606,0.338604,-0.273669,-0.014135,-0.027438,-0.036828,0.076442,-0.027847,0.157991,-0.612743,0.957895,0.745303,0.110310,0.075114,0.018978,-0.117609,0.427368,0.880842,-0.868872,0.219340,0.004807
-0.016873,4.917833,0.786266,0.018656,0.013850,0.727549,-0.685662,0.066960,-0.028634,0.109102,0.198454,-0.284414,0.048013,-0.044180,0.055908,0.038297,0.336258,-0.273541,-0.014680,-0.028278,-0.037148,0.075361,-0.026661,0.155228,-0.612640,0.958782,0.745550,0.110220,0.075088,0.018790,-0.116469,0.424050,0.880430,-0.869707,0.219281,0.004803
-0.017146,4.917541,0.786302,0.018559,0.013799,0.727415,-0.685808,0.068062,-0.028451,0.108597,0.196721,-0.284109,0.047576,-0.042674,0.056100,0.037951,0.333887,-0.273357,-0.015190,-0.029075,-0.037365,0.074336,-0.025335,0.152519,-0.612661,0.959359,0.745643,0.110066,0.074526,0.018315,-0.115711,0.422158,0.879945,-0.871685,0.218971,0.004958
-0.017419,4.917289,0.786329,0.018392,0.013729,0.727265,-0.685973,0.068625,-0.028287,0.108058,0.195612,-0.283971,0.047207,-0.041520,0.056232,0.037570,0.331788,-0.273297,-0.015682,-0.029818,-0.037491,0.073380,-0.024176,0.150126,-0.613081,0.959850,0.745878,0.109861,0.073536,0.017580,-0.115200,0.420982,0.879413,-0.874082,0.218712,0.005449
-0.017697,4.917054,0.786348,0.018158,0.013597,0.727064,-0.686195,0.068638,-0.028072,0.107351,0.195121,-0.284036,0.046910,-0.040573,0.056350,0.037065,0.329713,-0.273380,-0.016194,-0.030530,-0.037573,0.072532,-0.023466,0.148114,-0.613887,0.960341,0.746433,0.109721,0.072593,0.016838,-0.114829,0.419756,0.878707,-0.876377,0.218682,0.005577
-0.017965,4.916806,0.786367,0.017910,0.013437,0.726752,-0.686535,0.068464,-0.027883,0.106344,0.194879,-0.284183,0.046680,-0.039488,0.056399,0.036297,0.327383,-0.273479,-0.016691,-0.031205,-0.037618,0.071806,-0.023176,0.146326,-0.614800,0.960805,0.747017,0.109529,0.071988,0.016427,-0.114554,0.418228,0.877801,-0.878430,0.218652,0.004852
-0.018207,4.916535,0.786389,0.017673,0.013308,0.726334,-0.686986,0.068472,-0.027875,0.105080,0.194430,-0.284186,0.046535,-0.038211,0.056275,0.035277,0.324907,-0.273532,-0.017108,-0.031779,-0.037600,0.071158,-0.023209,0.144777,-0.615742,0.961153,0.747519,0.109112,0.071742,0.016394,-0.114225,0.416594,0.877064,-0.880120,0.218333,0.003941
-0.018416,4.916250,0.786411,0.017419,0.013228,0.725883,-0.687471,0.068663,-0.028101,0.103744,0.193730,-0.284086,0.046474,-0.037087,0.055956,0.034157,0.322817,-0.273588,-0.017382,-0.032177,-0.037505,0.070511,-0.023644,0.143747,-0.616822,0.961320,0.748324,0.108796,0.071799,0.016445,-0.113696,0.415191,0.876954,-0.881428,0.217851,0.003960
-0.018614,4.915952,0.786425,0.017154,0.013193,0.725433,-0.687953,0.068906,-0.028402,0.102422,0.193067,-0.283975,0.046485,-0.036328,0.055526,0.033020,0.321553,-0.273739,-0.017538,-0.032383,-0.037358,0.069849,-0.024400,0.143185,-0.617390,0.961264,0.748991,0.108974,0.071966,0.016352,-0.113125,0.414492,0.877557,-0.882836,0.217391,0.005074
-0.018810,4.915634,0.786428,0.016916,0.013196,0.724933,-0.688485,0.069117,-0.028736,0.100946,0.192700,-0.283926,0.046559,-0.035846,0.055058,0.031740,0.321152,-0.274060,-0.017656,-0.032414,-0.037192,0.069251,-0.025249,0.142761,-0.616420,0.960870,0.748497,0.109811,0.072022,0.016189,-0.112721,0.414568,0.878584,-0.884645,0.216853,0.006470
-0.019014,4.915299,0.786416,0.016681,0.013224,0.724353,-0.689101,0.069171,-0.029104,0.099266,0.192766,-0.283982,0.046802,-0.035554,0.054537,0.030257,0.321393,-0.274693,-0.017793,-0.032303,-0.037039,0.068802,-0.026076,0.142394,-0.614048,0.959911,0.746820,0.110944,0.071872,0.016071,-0.112402,0.414695,0.879617,-0.886166,0.216307,0.007766
-0.019230,4.914975,0.786389,0.016448,0.013311,0.723738,-0.689751,0.069031,-0.029554,0.097464,0.193210,-0.284028,0.047390,-0.035387,0.053940,0.028672,0.322010,-0.275724,-0.017972,-0.032125,-0.036915,0.068486,-0.026953,0.142340,-0.611472,0.958343,0.745125,0.111752,0.072089,0.015933,-0.111944,0.414085,0.880314,-0.886417,0.216033,0.009346
-0.019454,4.914646,0.786352,0.016149,0.013389,0.723096,-0.690428,0.068771,-0.030085,0.095652,0.193701,-0.284203,0.047463,-0.035377,0.053258,0.026999,0.322826,-0.276899,-0.018220,-0.031951,-0.036829,0.068275,-0.027857,0.142971,-0.609910,0.956757,0.744563,0.111926,0.072811,0.015816,-0.111374,0.412860,0.880659,-0.885576,0.216235,0.011167
-0.019685,4.914322,0.786319,0.015838,0.013446,0.722401,-0.691162,0.068495,-0.030629,0.093742,0.194080,-0.284373,0.047208,-0.035444,0.052564,0.025169,0.323709,-0.277930,-0.018559,-0.031794,-0.036787,0.068138,-0.028740,0.143942,-0.609525,0.955850,0.745155,0.111671,0.073429,0.015636,-0.110982,0.412037,0.881020,-0.885108,0.216620,0.012188
-0.019925,4.914017,0.786289,0.015521,0.013465,0.721677,-0.691925,0.068052,-0.031138,0.091761,0.194592,-0.284615,0.046762,-0.035582,0.051926,0.023234,0.324502,-0.278758,-0.019010,-0.031653,-0.036782,0.068089,-0.029705,0.145017,-0.609662,0.955840,0.746187,0.111317,0.073509,0.015106,-0.110870,0.412356,0.881841,-0.885902,0.216524,0.011986
-0.020160,4.913729,0.786264,0.015210,0.013406,0.720953,-0.692687,0.067351,-0.031576,0.089766,0.195385,-0.285012,0.046243,-0.035731,0.051421,0.021291,0.324978,-0.279361,-0.019575,-0.031502,-0.036809,0.068171,-0.030738,0.146116,-0.609878,0.956319,0.747120,0.110982,0.073025,0.014210,-0.111026,0.413717,0.883011,-0.887527,0.215527,0.011360
-0.020389,4.913447,0.786248,0.014901,0.013293,0.720250,-0.693427,0.066675,-0.031937,0.087803,0.196025,-0.285387,0.045781,-0.035716,0.051027,0.019411,0.324915,-0.279780,-0.020210,-0.031297,-0.036852,0.068364,-0.031669,0.147315,-0.610045,0.956567,0.747710,0.110578,0.072491,0.013302,-0.111527,0.415536,0.884022,-0.889177,0.213968,0.011054
-0.020609,4.913162,0.786245,0.014559,0.013171,0.719598,-0.694114,0.066326,-0.032262,0.085924,0.195951,-0.285478,0.045493,-0.035486,0.050628,0.017701,0.324252,-0.280094,-0.020871,-0.030941,-0.036859,0.068555,-0.032216,0.148738,-0.610213,0.956126,0.747965,0.109941,0.072168,0.012686,-0.112258,0.417371,0.884857,-0.890549,0.212806,0.010974
-0.020798,4.912867,0.786248,0.014177,0.013017,0.719039,-0.694703,0.066230,-0.032581,0.084251,0.195268,-0.285373,0.045359,-0.035074,0.050232,0.016265,0.322998,-0.280412,-0.021529,-0.030366,-0.036767,0.068617,-0.032113,0.150459,-0.610159,0.954939,0.747885,0.109123,0.072223,0.012240,-0.112879,0.419114,0.886165,-0.891564,0.212729,0.011137
-0.020930,4.912544,0.786239,0.013769,0.012885,0.718548,-0.695222,0.066200,-0.033092,0.082761,0.194574,-0.285491,0.045379,-0.034268,0.049737,0.015083,0.321119,-0.280918,-0.022235,-0.029619,-0.036457,0.068498,-0.030973,0.152402,-0.609284,0.953316,0.747124,0.108394,0.072940,0.011811,-0.113137,0.420957,0.888402,-0.891938,0.213256,0.012230
-0.020997,4.912180,0.786204,0.013362,0.012886,0.718060,-0.695734,0.066262,-0.033894,0.081296,0.194190,-0.286028,0.045594,-0.032775,0.048953,0.014064,0.318646,-0.281865,-0.023023,-0.028899,-0.035900,0.068228,-0.028571,0.154434,-0.607791,0.951893,0.745940,0.107943,0.074347,0.011472,-0.113373,0.423512,0.891317,-0.892037,0.213243,0.014281
-0.020983,4.911779,0.786139,0.012893,0.013056,0.717474,-0.696343,0.066418,-0.035241,0.079589,0.193891,-0.286731,0.046043,-0.030598,0.047580,0.012905,0.315542,-0.283602,-0.023169,-0.028320,-0.035126,0.067858,-0.025559,0.156516,-0.607244,0.951486,0.745427,0.107276,0.075316,0.011474,-0.114322,0.427326,0.894205,-0.893244,0.212157,0.015541
-0.020875,4.911341,0.786045,0.012249,0.013276,0.716610,-0.697240,0.066317,-0.037232,0.077103,0.193578,-0.287360,0.046742,-0.027690,0.045351,0.010934,0.311082,-0.286251,-0.021830,-0.027770,-0.034150,0.067445,-0.023345,0.158715,-0.608993,0.952403,0.746569,0.106150,0.074474,0.012163,-0.116070,0.431797,0.896453,-0.896064,0.210180,0.014469
-0.020666,4.910843,0.785903,0.011304,0.013464,0.715197,-0.698701,0.065116,-0.040045,0.073000,0.194311,-0.288273,0.047715,-0.023500,0.041957,0.007386,0.303889,-0.290673,-0.018837,-0.026994,-0.033039,0.067137,-0.022694,0.160733,-0.611662,0.953833,0.748137,0.105136,0.071976,0.013932,-0.118057,0.435438,0.897738,-0.899050,0.207390,0.012306
-0.020340,4.910270,0.785733,0.010094,0.013573,0.713013,-0.700947,0.062503,-0.043716,0.066742,0.196657,-0.289630,0.049044,-0.018133,0.037504,0.001978,0.294233,-0.295993,-0.014732,-0.025848,-0.031896,0.067164,-0.022853,0.162485,-0.612014,0.954274,0.747535,0.104224,0.069522,0.017176,-0.119756,0.437597,0.897908,-0.900218,0.203600,0.012185
-0.019874,4.909621,0.785588,0.008767,0.013470,0.709986,-0.704032,0.058715,-0.047930,0.058381,0.200253,-0.291199,0.050751,-0.012804,0.032360,-0.005659,0.284305,-0.300109,-0.010057,-0.024232,-0.030809,0.067762,-0.021507,0.168747,-0.606960,0.953297,0.743524,0.097278,0.068132,0.023920,-0.121455,0.438995,0.894864,-0.898665,0.199609,0.014881
-0.019297,4.908909,0.785460,0.007353,0.013169,0.706261,-0.707791,0.053650,-0.052501,0.048590,0.205602,-0.293205,0.052746,-0.008527,0.026813,-0.015163,0.275975,-0.303032,-0.005581,-0.022053,-0.029775,0.069043,-0.020661,0.170717,-0.600236,0.951253,0.738257,0.092579,0.065398,0.029923,-0.121378,0.439419,0.892775,-0.893810,0.197482,0.018481
-0.018665,4.908128,0.785313,0.005781,0.012718,0.702096,-0.711945,0.047189,-0.057353,0.038277,0.213109,-0.295881,0.054901,-0.005998,0.021067,-0.025750,0.270586,-0.306020,-0.002230,-0.019316,-0.028757,0.070979,-0.021982,0.170296,-0.592800,0.951770,0.732460,0.088308,0.057020,0.033267,-0.116774,0.441483,0.889268,-0.886529,0.204264,0.022143
-0.018025,4.907265,0.785172,0.004068,0.012120,0.697701,-0.716275,0.040139,-0.062317,0.027882,0.221294,-0.298520,0.057044,-0.005565,0.015467,-0.036685,0.268886,-0.308653,-0.001631,-0.016235,-0.027760,0.073324,-0.021484,0.170011,-0.586746,0.951668,0.727890,0.084040,0.041460,0.036227,-0.115727,0.444255,0.888779,-0.879457,0.209509,0.021128
-0.017406,4.906322,0.785065,0.002223,0.011363,0.693259,-0.720595,0.033339,-0.067198,0.017805,0.228394,-0.300122,0.059034,-0.007375,0.010074,-0.047588,0.271132,-0.311189,-0.002213,-0.013171,-0.026872,0.075800,-0.016933,0.169526,-0.581998,0.947895,0.728383,0.079512,0.018734,0.033338,-0.114673,0.450890,0.895848,-0.877716,0.213258,0.016305
-0.016794,4.905313,0.785035,0.000256,0.010378,0.688886,-0.724795,0.026856,-0.071806,0.008271,0.234023,-0.300161,0.060838,-0.011281,0.004937,-0.058211,0.276659,-0.312862,-0.003300,-0.010448,-0.026166,0.078293,-0.012201,0.169655,-0.579785,0.945231,0.730426,0.071544,-0.006342,0.029014,-0.117352,0.462179,0.902121,-0.882080,0.213995,0.012972
-0.016126,4.904246,0.785115,-0.001755,0.009003,0.684532,-0.728925,0.020114,-0.075959,-0.000958,0.239052,-0.298850,0.062561,-0.016430,0.000177,-0.068772,0.283438,-0.312268,-0.004504,-0.008186,-0.025540,0.080893,-0.006318,0.170203,-0.578120,0.942468,0.732247,0.062523,-0.025331,0.023118,-0.121985,0.475924,0.906226,-0.889815,0.212528,0.013289
-0.015312,4.903151,0.785249,-0.003698,0.007190,0.679937,-0.733226,0.012094,-0.079799,-0.010604,0.245612,-0.297743,0.064400,-0.021381,-0.004280,-0.079940,0.289001,-0.309794,-0.005452,-0.006277,-0.024743,0.083762,0.000687,0.171806,-0.576733,0.938783,0.730161,0.055595,-0.031786,0.021175,-0.134178,0.486353,0.905076,-0.896990,0.203299,0.014715
-0.014275,4.902109,0.785344,-0.005500,0.005102,0.674845,-0.737921,0.001152,-0.083840,-0.021160,0.257401,-0.298270,0.066490,-0.025221,-0.008812,-0.092253,0.292279,-0.306720,-0.005792,-0.004532,-0.023539,0.087102,0.008230,0.172158,-0.571257,0.934854,0.723752,0.052307,-0.030746,0.017943,-0.141343,0.495372,0.901719,-0.903133,0.197108,0.016365
-0.012945,4.901231,0.785303,-0.007162,0.002852,0.669173,-0.743067,-0.014359,-0.088596,-0.032497,0.277752,-0.301247,0.068949,-0.028448,-0.013799,-0.105783,0.294286,-0.303882,-0.005004,-0.002743,-0.021794,0.091159,0.015393,0.171823,-0.559640,0.931798,0.709044,0.051003,-0.032956,0.016309,-0.147426,0.504430,0.896640,-0.907688,0.188403,0.019454
-0.011272,4.900559,0.784985,-0.009002,0.000548,0.663099,-0.748478,-0.035455,-0.094900,-0.043671,0.308094,-0.306598,0.071960,-0.030770,-0.019844,-0.120110,0.294003,-0.304158,-0.002289,-0.000630,-0.019477,0.095977,0.021515,0.171241,-0.542932,0.928386,0.686397,0.050687,-0.042422,0.015562,-0.155057,0.518088,0.891167,-0.913245,0.173506,0.028451
-0.009219,4.900054,0.784309,-0.011260,-0.001724,0.656869,-0.753919,-0.061695,-0.103278,-0.053550,0.347177,-0.312490,0.075599,-0.032173,-0.027285,-0.134469,0.291454,-0.309351,0.001946,0.001938,-0.016705,0.101335,0.026534,0.171687,-0.526292,0.921923,0.662272,0.049919,-0.053795,0.013640,-0.165849,0.539745,0.886012,-0.923430,0.152707,0.044577
-0.006800,4.899623,0.783265,-0.014012,-0.003885,0.650662,-0.759229,-0.090904,-0.113750,-0.061627,0.390836,-0.316743,0.079554,-0.033731,-0.036357,-0.148459,0.289252,-0.319487,0.007080,0.004954,-0.013706,0.106975,0.031216,0.173734,-0.514090,0.911669,0.641360,0.046592,-0.063982,0.009781,-0.179552,0.567114,0.880757,-0.938540,0.129780,0.064074
-0.004109,4.899144,0.781712,-0.017177,-0.005958,0.644588,-0.764314,-0.121578,-0.125829,-0.068027,0.436962,-0.321158,0.083693,-0.037043,-0.046826,-0.161765,0.291310,-0.337058,0.012500,0.008300,-0.010707,0.113028,0.036313,0.177264,-0.507010,0.898701,0.624244,0.040619,-0.073565,0.004782,-0.193722,0.592980,0.875033,-0.954228,0.109966,0.083349
-0.001239,4.898452,0.779662,-0.020167,-0.008212,0.638731,-0.769122,-0.151245,-0.137833,-0.073460,0.482631,-0.328132,0.088031,-0.043364,-0.057446,-0.174298,0.301224,-0.360887,0.018360,0.011790,-0.007635,0.119807,0.042639,0.181978,-0.502787,0.883912,0.609072,0.033654,-0.082645,-0.000309,-0.204777,0.610927,0.869438,-0.965390,0.097216,0.101905
0.001740,4.897308,0.777421,-0.022674,-0.010718,0.633372,-0.773441,-0.173981,-0.148370,-0.078939,0.518364,-0.339038,0.093396,-0.050208,-0.066982,-0.185858,0.314744,-0.386456,0.024098,0.015219,-0.004279,0.126980,0.050832,0.186881,-0.499231,0.868249,0.594532,0.028024,-0.088953,-0.005743,-0.211192,0.619959,0.865134,-0.971639,0.091987,0.119290
0.004917,4.895529,0.775384,-0.024455,-0.014054,0.628822,-0.777038,-0.182116,-0.156033,-0.087151,0.529851,-0.359544,0.100370,-0.055688,-0.073920,-0.196284,0.326806,-0.409421,0.029571,0.018460,-0.000587,0.133293,0.060543,0.192893,-0.495766,0.854103,0.580796,0.024879,-0.091823,-0.011530,-0.213386,0.620282,0.863567,-0.979868,0.089719,0.130556
0.008280,4.893085,0.774240,-0.027574,-0.018229,0.625711,-0.779354,-0.173305,-0.162684,-0.097352,0.505726,-0.376796,0.109538,-0.059636,-0.080598,-0.204118,0.329980,-0.423296,0.036967,0.021399,0.002788,0.136927,0.069386,0.193805,-0.495334,0.844306,0.571514,0.028489,-0.094159,-0.020020,-0.213017,0.616642,0.863108,-0.989435,0.091271,0.129997
0.011879,4.890269,0.773386,-0.032964,-0.024157,0.624488,-0.779965,-0.153453,-0.168443,-0.108205,0.450384,-0.390657,0.120375,-0.071535,-0.088749,-0.208025,0.336560,-0.438233,0.050719,0.023954,0.004998,0.137473,0.075673,0.191798,-0.500778,0.838628,0.569627,0.037307,-0.103673,-0.027774,-0.210568,0.602636,0.861045,-0.993925,0.095525,0.113069
0.015601,4.887360,0.771732,-0.040808,-0.031244,0.624942,-0.778978,-0.140896,-0.175334,-0.113871,0.398903,-0.399054,0.131120,-0.103018,-0.100924,-0.205766,0.372265,-0.466583,0.063486,0.025473,0.005139,0.137711,0.079193,0.189931,-0.513808,0.830926,0.578116,0.046359,-0.121950,-0.030330,-0.205711,0.569321,0.852344,-0.982976,0.100018,0.082971
0.019216,4.884309,0.768664,-0.051157,-0.037195,0.625750,-0.777455,-0.145813,-0.188326,-0.113264,0.378210,-0.411080,0.140248,-0.158341,-0.118922,-0.192381,0.455179,-0.511719,0.066376,0.025395,0.002236,0.141640,0.081875,0.190808,-0.532497,0.810401,0.604239,0.050010,-0.138486,-0.025980,-0.197404,0.517032,0.835272,-0.953499,0.099988,0.045141
0.023394,4.881351,0.766336,-0.061684,-0.042065,0.623906,-0.777925,-0.167026,-0.206925,-0.113273,0.391646,-0.426088,0.147961,-0.222836,-0.128808,-0.148952,0.588588,-0.531625,0.096341,0.023527,-0.002442,0.150605,0.079357,0.199598,-0.555215,0.776620,0.645935,0.044338,-0.139713,-0.012664,-0.190450,0.458026,0.801669,-0.913173,0.090774,0.006315
0.027900,4.878123,0.760477,-0.073255,-0.044604,0.618330,-0.781225,-0.206370,-0.235619,-0.112615,0.445549,-0.455202,0.155233,-0.276217,-0.134063,-0.091138,0.757414,-0.550863,0.122135,0.022454,-0.006088,0.162702,0.072415,0.209217,-0.574716,0.737784,0.689425,0.031328,-0.125141,0.007203,-0.191858,0.413778,0.756012,-0.874138,0.077655,-0.033878
0.032722,4.874266,0.752720,-0.084039,-0.047553,0.607876,-0.788139,-0.262146,-0.266429,-0.107218,0.533702,-0.490194,0.159729,-0.298427,-0.150014,-0.057547,0.915428,-0.520613,0.118443,0.023846,-0.006096,0.174335,0.062789,0.215729,-0.576648,0.706827,0.710983,0.010079,-0.105573,0.033680,-0.198745,0.391910,0.706740,-0.848348,0.060266,-0.066730
0.037342,4.868867,0.745520,-0.094735,-0.051396,0.590953,-0.799474,-0.345889,-0.291542,-0.075570,0.675184,-0.500944,0.144020,-0.275722,-0.178998,-0.046078,1.004490,-0.434220,0.086328,0.024278,-0.001531,0.184601,0.054810,0.206919,-0.542775,0.689048,0.693234,-0.019396,-0.079983,0.058269,-0.209520,0.398222,0.661541,-0.836502,0.042180,-0.071665
0.041374,4.861541,0.735429,-0.104669,-0.056249,0.568878,-0.813792,-0.470241,-0.304847,-0.029686,0.887552,-0.481126,0.046657,-0.214253,-0.207669,-0.045619,1.007581,-0.354605,0.065076,0.021657,0.005822,0.195324,0.067570,0.177697,-0.455113,0.668208,0.622790,-0.050724,-0.041798,0.069152,-0.234984,0.416690,0.629955,-0.840800,0.016606,-0.048400
0.045715,4.851469,0.723988,-0.115541,-0.058940,0.548047,-0.826330,-0.646439,-0.306593,0.023311,1.172919,-0.409344,-0.198294,-0.132374,-0.204025,-0.025031,0.933492,-0.420353,0.096334,0.013464,0.014400,0.210572,0.106831,0.122245,-0.318227,0.646012,0.487811,-0.069112,-0.006865,0.048646,-0.266555,0.431179,0.616195,-0.868042,0.003350,-0.042581
0.052039,4.838378,0.705950,-0.109513,-0.067024,0.527941,-0.839519,-0.836522,-0.280120,0.134715,1.461205,-0.371593,-0.245622,-0.057869,-0.190999,-0.063790,0.888538,-0.560007,0.126567,-0.007216,0.033948,0.235126,0.162171,0.098334,-0.191033,0.640563,0.351566,-0.050367,0.009426,-0.004639,-0.269504,0.416961,0.601494,-0.901918,0.000690,-0.093903
0.060364,4.821673,0.686242,-0.104496,-0.071866,0.525342,-0.841387,-1.010467,-0.176627,0.124044,1.661130,-0.396762,-0.247457,-0.014741,-0.200967,-0.113469,0.899944,-0.662752,0.146816,-0.022327,0.047233,0.275656,0.218577,0.138358,-0.147759,0.682576,0.322422,0.008347,0.008204,-0.097323,-0.228830,0.372935,0.549579,-0.925019,0.001319,-0.191428
0.071367,4.800251,0.668128,-0.104959,-0.074502,0.534419,-0.835362,-1.163032,-0.013308,0.045856,1.735350,-0.419603,-0.242955,0.019925,-0.208133,-0.110660,0.914469,-0.717881,0.159626,-0.031496,0.044843,0.326727,0.293599,0.241823,-0.218246,0.763488,0.404271,0.047909,-0.041946,-0.199103,-0.161563,0.315687,0.413339,-0.929242,-0.037841,-0.288545
0.086315,4.773235,0.652119,-0.106033,-0.079708,0.546029,-0.827198,-1.295224,0.165940,-0.009932,1.701120,-0.429284,-0.143497,0.081035,-0.209128,-0.095945,0.868284,-0.762370,0.178001,-0.029572,0.030536,0.371721,0.410972,0.364517,-0.321787,0.814977,0.493573,0.005995,-0.105587,-0.277306,-0.086525,0.276442,0.196281,-0.910103,-0.125291,-0.351690
0.106605,4.739261,0.639563,-0.107997,-0.087909,0.555190,-0.819984,-1.376450,0.291245,-0.040313,1.592533,-0.447788,-0.031474,0.184253,-0.217190,-0.103937,0.737089,-0.752673,0.198460,-0.006796,0.012183,0.394498,0.552318,0.463916,-0.360242,0.795445,0.515850,-0.079218,-0.121096,-0.317386,-0.023799,0.280391,-0.037899,-0.848071,-0.218708,-0.402169
0.130978,4.698705,0.632607,-0.120398,-0.095451,0.558457,-0.815181,-1.381222,0.310869,-0.077256,1.466655,-0.392648,-0.082658,0.281405,-0.236990,-0.112475,0.597148,-0.609640,0.216260,0.034553,-0.007414,0.393664,0.656163,0.520491,-0.324388,0.726344,0.484986,-0.151831,-0.112030,-0.323666,-0.030681,0.330583,-0.207793,-0.757664,-0.250105,-0.445379
0.157659,4.652206,0.629833,-0.142141,-0.102796,0.554183,-0.813701,-1.301102,0.274750,-0.098119,1.367327,-0.314033,-0.207125,0.317209,-0.264643,-0.125401,0.547365,-0.330202,0.204627,0.080265,-0.029775,0.378439,0.635152,0.532050,-0.270774,0.661730,0.424526,-0.162715,-0.100691,-0.278087,-0.121956,0.376529,-0.241063,-0.690680,-0.192681,-0.451807
0.186671,4.600261,0.626322,-0.150846,-0.111080,0.545108,-0.817169,-1.149976,0.259062,-0.044979,1.309538,-0.456864,-0.245994,0.287168,-0.279986,-0.198876,0.691574,-0.038225,0.245822,0.112887,-0.048685,0.360264,0.490264,0.520499,-0.242433,0.640518,0.379578,-0.121626,-0.055754,-0.181910,-0.238710,0.397970,-0.116364,-0.658691,-0.046149,-0.374623
0.214395,4.543638,0.627148,-0.160404,-0.110164,0.525642,-0.828151,-1.012758,0.232874,-0.002031,1.266140,-0.611317,-0.247642,0.157775,-0.214645,-0.139977,1.024080,-0.030132,0.247122,0.113998,-0.075475,0.358803,0.245587,0.478710,-0.262654,0.639494,0.403965,-0.069232,0.009121,-0.048346,-0.328368,0.431705,0.122653,-0.646501,0.132819,-0.258647
0.240080,4.484094,0.627437,-0.176594,-0.103116,0.502797,-0.839867,-0.910807,0.200394,0.040021,1.246965,-0.624506,-0.247719,-0.041116,-0.207505,-0.179659,1.447224,-0.118164,0.243706,0.097943,-0.103536,0.375865,-0.054321,0.407290,-0.316175,0.638321,0.478615,-0.052275,0.059910,0.151398,-0.370656,0.438512,0.336610,-0.603375,0.238792,-0.209295
0.267090,4.420754,0.626252,-0.193865,-0.092010,0.472378,-0.854874,-0.782725,0.140833,0.057028,1.194877,-0.695009,-0.247733,-0.284035,-0.260519,-0.217502,1.822168,-0.275854,0.170558,0.058783,-0.125859,0.398828,-0.344743,0.317281,-0.358731,0.598829,0.551761,-0.075117,0.090275,0.416190,-0.362804,0.394457,0.457494,-0.525482,0.240787,-0.248101
0.295905,4.353394,0.626539,-0.203823,-0.080196,0.452298,-0.864553,-0.615637,0.088438,0.045565,1.099707,-0.766705,-0.247732,-0.603346,-0.289514,-0.208320,2.046643,-0.413842,0.064128,0.000257,-0.136525,0.420801,-0.551333,0.260713,-0.356374,0.490673,0.584198,-0.130314,0.113861,0.723440,-0.351068,0.313757,0.477122,-0.438878,0.145915,-0.299554
0.326615,4.280346,0.631938,-0.204558,-0.071261,0.458414,-0.861936,-0.404263,0.074082,0.038157,0.967103,-0.765268,-0.247732,-0.959116,-0.243070,-0.159538,2.056452,-0.489157,-0.006921,-0.062536,-0.136983,0.434756,-0.654682,0.268990,-0.314820,0.342399,0.587355,-0.175234,0.128723,1.002630,-0.341536,0.248492,0.430518,-0.390067,0.043753,-0.313587
0.360231,4.200892,0.635766,-0.202354,-0.067951,0.484043,-0.848609,-0.157274,0.059111,0.020365,0.781966,-0.670783,-0.247705,-1.233611,-0.146540,-0.115206,1.862099,-0.529588,-0.072244,-0.108547,-0.128922,0.433858,-0.636071,0.334403,-0.275997,0.219434,0.588663,-0.181092,0.122005,1.149710,-0.345887,0.230185,0.373592,-0.393735,0.000980,-0.277024
0.394556,4.114246,0.639052,-0.209183,-0.062798,0.513259,-0.829979,0.065934,0.024567,-0.009747,0.607376,-0.365480,-0.247769,-1.345650,-0.101336,-0.114621,1.543945,-0.573602,-0.071637,-0.126231,-0.111493,0.421337,-0.508999,0.397834,-0.288265,0.197841,0.610138,-0.150367,0.090508,1.111201,-0.345826,0.248289,0.336451,-0.423845,0.013957,-0.217369
0.427588,4.023947,0.649363,-0.221916,-0.046181,0.532207,-0.815706,0.201029,-0.010709,0.039441,0.579485,0.020667,-0.247697,-1.315406,-0.112083,-0.149552,1.266772,-0.559783,-0.067853,-0.128733,-0.094397,0.410202,-0.351334,0.431925,-0.383273,0.316277,0.653255,-0.105097,0.028013,0.915955,-0.317913,0.262257,0.317690,-0.447137,0.053267,-0.189194
0.456400,3.933616,0.654438,-0.229282,-0.026888,0.548509,-0.803645,0.177970,-0.075794,0.057489,0.828205,0.118381,-0.247387,-1.183015,-0.167816,-0.216290,1.181353,-0.496083,-0.239033,-0.124056,-0.084542,0.409025,-0.212114,0.436690,-0.503002,0.519163,0.707164,-0.057448,-0.050799,0.642406,-0.257664,0.237281,0.304937,-0.464647,0.092902,-0.232260
0.480868,3.844312,0.663745,-0.226651,-0.010191,0.568150,-0.791032,0.033368,-0.022121,0.124791,1.287110,0.027291,-0.239863,-1.019059,-0.196411,-0.230251,1.238278,-0.624947,-0.247331,-0.124779,-0.078039,0.417538,-0.054425,0.448010,-0.558948,0.690851,0.712999,-0.023807,-0.096427,0.342564,-0.198990,0.182143,0.287390,-0.477479,0.091357,-0.315290
0.501152,3.756607,0.666119,-0.219272,-0.008559,0.597748,-0.771067,-0.220021,0.064945,0.134817,1.739904,-0.149763,-0.085114,-0.864704,-0.135031,-0.210079,1.273249,-0.746066,-0.247682,-0.110156,-0.071406,0.432356,0.138646,0.469823,-0.534702,0.762765,0.664501,-0.029898,-0.084102,0.057824,-0.146267,0.163659,0.227486,-0.489535,0.023575,-0.379398
0.519327,3.668888,0.666466,-0.219154,-0.009542,0.625943,-0.748382,-0.567799,0.087972,0.086695,2.028306,-0.311542,0.040511,-0.702204,-0.089685,-0.187424,1.255174,-0.829296,-0.247686,-0.072013,-0.064850,0.445684,0.346645,0.506891,-0.478560,0.717647,0.607869,-0.092948,-0.060088,-0.169859,-0.140556,0.198167,0.113721,-0.497017,-0.089945,-0.397907
0.536937,3.577096,0.668418,-0.227476,-0.003886,0.641734,-0.732405,-0.947484,0.065250,0.033774,2.076776,-0.374185,0.080209,-0.509611,-0.082885,-0.169237,1.174346,-0.857111,-0.247661,-0.017043,-0.061520,0.449355,0.529019,0.562308,-0.439958,0.616362,0.577491,-0.169732,-0.057017,-0.329188,-0.207413,0.245542,-0.036776,-0.511675,-0.181910,-0.383018
0.555151,3.478814,0.661051,-0.235560,0.003016,0.645071,-0.726901,-1.225346,0.048246,0.015457,1.887498,-0.391782,0.094435,-0.274955,-0.093851,-0.167479,1.045025,-0.848155,-0.246259,0.040733,-0.063672,0.433611,0.676108,0.632092,-0.409232,0.525259,0.560293,-0.231008,-0.056807,-0.401969,-0.318137,0.273751,-0.166009,-0.507703,-0.200432,-0.353808
0.555334,3.355516,0.695755,-0.237736,0.009076,0.641165,-0.729593,-1.352593,-0.001946,0.019405,1.547126,-0.390608,0.011972,-0.007359,-0.089025,-0.177313,0.855768,-0.681943,-0.213553,0.087016,-0.070091,0.400046,0.754957,0.686099,-0.379787,0.459491,0.540432,-0.258413,-0.066390,-0.360504,-0.419781,0.284933,-0.221082,-0.467718,-0.148027,-0.319882
0.564435,3.235102,0.678561,-0.231309,0.019882,0.634576,-0.737166,-1.318862,-0.034488,0.014772,1.138304,-0.344470,-0.210561,0.232011,-0.034183,-0.117563,0.761342,-0.323776,-0.072260,0.107077,-0.084853,0.358938,0.744139,0.725029,-0.358605,0.412331,0.534118,-0.258919,-0.070388,-0.202948,-0.456574,0.290920,-0.152690,-0.421136,-0.042017,-0.286814
0.572401,3.117586,0.659881,-0.214558,0.032488,0.631638,-0.744274,-1.202655,-0.054372,0.035252,0.813511,-0.284717,-0.246171,0.352814,0.088113,-0.001858,0.940572,-0.268131,0.058015,0.111404,-0.096805,0.330211,0.640697,0.734341,-0.353558,0.365605,0.550397,-0.234772,-0.069784,-0.025672,-0.426660,0.320321,0.003268,-0.421434,0.073462,-0.263313
0.578179,3.005819,0.640660,-0.199145,0.045566,0.637956,-0.742481,-1.070808,0.022490,0.083320,0.731138,-0.184424,-0.247626,0.306310,0.029674,-0.112686,1.414889,-0.315231,0.051178,0.115461,-0.106981,0.324383,0.449142,0.686658,-0.371126,0.339416,0.593079,-0.198817,-0.053366,0.127123,-0.355537,0.373987,0.226106,-0.448509,0.199009,-0.243476
0.580554,2.897533,0.619280,-0.197145,0.067971,0.640584,-0.739031,-0.960063,0.018420,0.110335,0.873418,-0.157174,-0.247762,0.136931,-0.066835,-0.175095,1.962524,-0.490268,-0.084499,0.097861,-0.131062,0.342606,0.198580,0.580195,-0.405668,0.354764,0.657523,-0.171762,-0.014962,0.280238,-0.281682,0.420443,0.453150,-0.436358,0.297188,-0.221081
0.577415,2.789902,0.613017,-0.194786,0.093597,0.638155,-0.738956,-0.834690,0.011869,0.120229,1.036652,-0.342419,-0.247784,-0.162170,-0.037587,-0.228623,2.347553,-0.600508,-0.082192,0.064929,-0.157587,0.374817,-0.074786,0.452990,-0.438735,0.357935,0.731035,-0.153468,0.013895,0.436623,-0.223753,0.462849,0.628843,-0.378980,0.290131,-0.209725
0.570810,2.679733,0.610315,-0.182934,0.117320,0.633234,-0.742823,-0.642094,0.002954,0.112814,1.116387,-0.537021,-0.247774,-0.602742,-0.080776,-0.255923,2.460532,-0.623495,-0.068305,0.018891,-0.172277,0.409313,-0.321954,0.346830,-0.459254,0.319528,0.788267,-0.162954,0.037486,0.594632,-0.226934,0.520717,0.699232,-0.322748,0.175788,-0.177003
0.560504,2.566739,0.610623,-0.168107,0.140926,0.632707,-0.742672,-0.386005,-0.005008,0.083137,1.095333,-0.653217,-0.247765,-1.031042,-0.168893,-0.171587,2.300304,-0.558981,-0.106639,-0.035456,-0.177191,0.429085,-0.513595,0.289256,-0.459886,0.241792,0.796556,-0.187974,0.053710,0.749611,-0.266826,0.577605,0.692775,-0.280920,0.052250,-0.149923
0.545338,2.447545,0.617222,-0.162435,0.164560,0.642039,-0.730972,-0.082983,-0.027999,0.040614,0.982405,-0.602292,-0.247765,-1.264348,-0.224931,-0.105736,1.934191,-0.541471,-0.198622,-0.083465,-0.184864,0.420180,-0.611579,0.285057,-0.444132,0.158406,0.779472,-0.209066,0.061035,0.870167,-0.307065,0.597514,0.678857,-0.230817,-0.015331,-0.153820
0.525472,2.324251,0.624776,-0.168460,0.181097,0.667559,-0.702274,0.225624,-0.091929,-0.080122,0.781344,-0.317761,-0.247837,-1.297965,-0.196453,-0.108548,1.426341,-0.510178,-0.178673,-0.104119,-0.194986,0.384353,-0.603788,0.334807,-0.444523,0.106240,0.767647,-0.208329,0.054353,0.936728,-0.327979,0.586204,0.651113,-0.197948,-0.034404,-0.185019
0.498811,2.201398,0.643817,-0.181409,0.201903,0.691464,-0.669480,0.445283,-0.145468,-0.156751,0.691967,0.011046,-0.247746,-1.176413,-0.161704,-0.148164,0.895833,-0.454305,-0.126893,-0.109619,-0.208216,0.339885,-0.517884,0.410669,-0.470552,0.115381,0.770380,-0.199246,0.022328,0.942183,-0.340604,0.572604,0.596788,-0.194329,-0.047462,-0.215808
0.465897,2.083862,0.657072,-0.191163,0.229936,0.702706,-0.645593,0.476446,-0.176969,-0.115486,0.902145,0.018277,-0.247463,-1.008686,-0.158058,-0.168260,0.614852,-0.398761,-0.153155,-0.113189,-0.227121,0.308562,-0.412955,0.478085,-0.527693,0.203030,0.783167,-0.187179,-0.026423,0.887736,-0.338416,0.547111,0.537393,-0.219212,-0.058818,-0.239515
0.429222,1.974012,0.665755,-0.187158,0.250596,0.711354,-0.629404,0.325257,0.020921,0.052747,1.369169,-0.087632,-0.240683,-0.868871,-0.188810,-0.180849,0.671937,-0.252988,-0.243530,-0.118168,-0.238106,0.302769,-0.310682,0.539944,-0.587999,0.335210,0.784595,-0.162116,-0.071562,0.764732,-0.310698,0.483830,0.491171,-0.246203,-0.031074,-0.284169
0.390544,1.870399,0.670206,-0.170982,0.252223,0.731734,-0.609684,0.077930,0.131703,0.013398,1.853562,-0.284730,-0.097418,-0.742563,-0.242295,-0.211557,0.841846,-0.261026,-0.247688,-0.114540,-0.227514,0.318585,-0.200298,0.603409,-0.609493,0.474923,0.773301,-0.125096,-0.101336,0.584397,-0.267666,0.383596,0.475884,-0.253219,0.017894,-0.365565
0.350829,1.769658,0.677798,-0.162996,0.253737,0.760196,-0.575459,-0.261610,0.094831,-0.055690,2.176508,-0.426362,0.017888,-0.572412,-0.253159,-0.263486,0.968702,-0.496564,-0.247698,-0.108355,-0.224536,0.343694,-0.060197,0.655887,-0.577743,0.588165,0.733693,-0.091716,-0.106553,0.378016,-0.261675,0.296147,0.433653,-0.272109,0.037156,-0.436071
0.308234,1.669535,0.679011,-0.166110,0.254392,0.790289,-0.532105,-0.670839,0.026816,-0.082800,2.227412,-0.458391,0.054935,-0.354362,-0.241455,-0.305007,0.977651,-0.702630,-0.247712,-0.091072,-0.235101,0.363103,0.111644,0.684229,-0.517419,0.646188,0.670165,-0.092214,-0.093766,0.184397,-0.312301,0.284465,0.325450,-0.333067,-0.005934,-0.430068
0.261575,1.566447,0.673760,-0.173789,0.252392,0.813236,-0.494715,-1.000889,0.001727,-0.057959,2.015028,-0.446654,0.061686,-0.117388,-0.216913,-0.310125,0.899849,-0.824689,-0.247730,-0.057026,-0.249074,0.361402,0.275094,0.689426,-0.459269,0.623147,0.622940,-0.107121,-0.106043,0.074198,-0.401378,0.316205,0.151676,-0.437451,-0.098558,-0.387497
0.207578,1.461172,0.664304,-0.188986,0.256299,0.827535,-0.462364,-1.168255,0.002010,0.038326,1.615126,-0.434465,0.050114,0.116130,-0.182790,-0.258927,0.765898,-0.817717,-0.247730,-0.008355,-0.260429,0.336708,0.412931,0.681178,-0.417170,0.562917,0.601768,-0.140157,-0.119314,0.069503,-0.525024,0.316104,-0.038473,-0.511364,-0.153867,-0.358273
0.147392,1.355304,0.660381,-0.196931,0.246064,0.840655,-0.440421,-1.177854,-0.006498,0.091232,1.119582,-0.325869,-0.129422,0.291393,-0.034732,-0.160000,0.718998,-0.608232,-0.244837,0.043791,-0.261727,0.301532,0.497682,0.679684,-0.371655,0.496718,0.592342,-0.166966,-0.123436,0.165612,-0.622606,0.306649,-0.162434,-0.528548,-0.122903,-0.348236
0.083597,1.253542,0.651221,-0.190971,0.225346,0.858605,-0.418982,-1.078596,0.030905,0.115878,0.730708,-0.221600,-0.224046,0.373931,0.042962,-0.088578,0.943792,-0.518267,-0.180752,0.078690,-0.251833,0.273062,0.489008,0.669067,-0.338115,0.469337,0.581012,-0.177486,-0.106788,0.300512,-0.675366,0.331592,-0.173670,-0.540318,-0.031388,-0.317690
0.018883,1.159411,0.638436,-0.176777,0.210037,0.877547,-0.393122,-0.950407,0.096547,0.147902,0.644425,-0.122625,-0.212083,0.311686,-0.002883,-0.108337,1.457689,-0.563153,-0.240245,0.085987,-0.242747,0.269312,0.395133,0.620811,-0.329873,0.466840,0.611199,-0.166600,-0.064526,0.396699,-0.664570,0.384908,-0.084718,-0.586039,0.092011,-0.250903
-0.048636,1.072073,0.621173,-0.158334,0.210633,0.887877,-0.377144,-0.845535,0.068949,0.187331,0.787908,-0.098571,-0.246247,0.137876,0.014563,-0.101087,2.028554,-0.657790,-0.220896,0.057007,-0.243815,0.291533,0.190874,0.544209,-0.345885,0.466075,0.673979,-0.134308,-0.042558,0.460256,-0.580555,0.433800,0.087632,-0.632583,0.229215,-0.208664
-0.123089,0.990580,0.620272,-0.142373,0.220423,0.888323,-0.376864,-0.720815,0.045326,0.182252,0.959806,-0.309381,-0.247692,-0.149560,0.022940,-0.162280,2.420538,-0.744434,-0.221990,0.016463,-0.253692,0.325060,-0.067865,0.456636,-0.368675,0.441254,0.738585,-0.128015,-0.023268,0.540272,-0.461070,0.433408,0.265891,-0.608825,0.313770,-0.200736
-0.204951,0.912823,0.629148,-0.127125,0.231770,0.883504,-0.386708,-0.526067,-0.003417,0.175833,1.011373,-0.511545,-0.247752,-0.611513,-0.037032,-0.208727,2.531595,-0.729994,-0.214142,-0.028675,-0.260410,0.360566,-0.322970,0.372004,-0.378553,0.361715,0.762954,-0.154726,0.000099,0.645903,-0.383447,0.445763,0.390044,-0.535483,0.280407,-0.177547
-0.295744,0.838403,0.651535,-0.117087,0.247436,0.882058,-0.383458,-0.256733,-0.059592,0.138650,0.939235,-0.618268,-0.247759,-1.072467,-0.083898,-0.143616,2.357676,-0.614062,-0.231100,-0.067495,-0.263677,0.378264,-0.493663,0.316295,-0.373109,0.226360,0.735094,-0.206598,0.028445,0.780261,-0.391758,0.522952,0.448417,-0.497379,0.173055,-0.109319
-0.393587,0.763233,0.668581,-0.114842,0.262588,0.887434,-0.360998,0.055456,-0.094808,0.084828,0.771923,-0.487839,-0.247759,-1.294138,-0.140662,-0.069891,1.974660,-0.564466,-0.246856,-0.092948,-0.261533,0.366322,-0.544388,0.313905,-0.379036,0.084559,0.681785,-0.252707,0.035633,0.902078,-0.453801,0.601041,0.459807,-0.504799,0.094420,-0.041110
-0.496084,0.688535,0.681308,-0.119884,0.270229,0.898401,-0.324776,0.315153,-0.100898,0.001910,0.607115,-0.124325,-0.247749,-1.295293,-0.159447,-0.104235,1.468110,-0.526635,-0.247091,-0.098496,-0.254174,0.337456,-0.480053,0.368768,-0.410444,0.005764,0.652679,-0.267290,0.011803,0.962590,-0.499586,0.615642,0.444989,-0.513160,0.082839,-0.018923
-0.600524,0.618225,0.689483,-0.123701,0.285800,0.902040,-0.298897,0.415334,-0.165966,0.009843,0.684815,0.155804,-0.247696,-1.158404,-0.143796,-0.150432,0.977225,-0.469153,-0.240666,-0.101341,-0.254431,0.311860,-0.366363,0.433526,-0.464464,0.053853,0.668553,-0.241730,-0.029171,0.950159,-0.487991,0.561997,0.432849,-0.490283,0.119399,-0.059402
-0.702771,0.554929,0.693700,-0.122847,0.299143,0.902495,-0.284473,0.338313,-0.121547,0.096512,1.074399,0.122433,-0.246224,-0.991525,-0.166285,-0.186247,0.750302,-0.339632,-0.247140,-0.101396,-0.258005,0.303669,-0.250999,0.490119,-0.524424,0.206993,0.707413,-0.178205,-0.070153,0.842951,-0.419314,0.478133,0.431149,-0.448381,0.181272,-0.149698
-0.802115,0.497009,0.694848,-0.107791,0.293230,0.909515,-0.274189,0.156877,0.027838,0.110744,1.612569,-0.066662,-0.211803,-0.847181,-0.211745,-0.122356,0.839158,-0.300782,-0.247722,-0.104538,-0.240575,0.318652,-0.139035,0.547368,-0.564880,0.401309,0.739966,-0.099113,-0.108172,0.660560,-0.342032,0.395829,0.429122,-0.426772,0.232761,-0.262515
-0.900457,0.443033,0.690899,-0.092883,0.280512,0.922613,-0.247933,-0.132564,0.053576,0.049335,2.081808,-0.255181,-0.066679,-0.690734,-0.220058,-0.166617,0.991226,-0.469117,-0.247788,-0.096000,-0.225226,0.348568,-0.010382,0.605761,-0.570676,0.571438,0.742670,-0.048172,-0.139377,0.432373,-0.297614,0.341794,0.399433,-0.438138,0.223057,-0.352334
-0.999794,0.391554,0.687124,-0.085125,0.274857,0.933803,-0.212650,-0.527641,0.023669,0.010904,2.321533,-0.383286,0.013169,-0.494692,-0.198714,-0.188451,1.053740,-0.683518,-0.247748,-0.080245,-0.219881,0.380006,0.142261,0.651650,-0.553677,0.655380,0.700923,-0.055905,-0.155665,0.204692,-0.309608,0.323435,0.309292,-0.451508,0.132095,-0.383130
-1.104055,0.341067,0.681428,-0.085485,0.272947,0.941004,-0.180843,-0.958052,0.006451,-0.002892,2.265623,-0.369140,0.012602,-0.254643,-0.181847,-0.209804,0.995149,-0.804097,-0.247741,-0.044869,-0.223998,0.394312,0.312786,0.688674,-0.526956,0.633670,0.643577,-0.111041,-0.158464,0.060384,-0.357176,0.328387,0.134853,-0.456675,0.002832,-0.374202
-1.217216,0.290666,0.672430,-0.091214,0.276382,0.944116,-0.154722,-1.200206,0.021151,0.057853,1.968703,-0.381678,0.029852,0.014511,-0.168449,-0.212071,0.850627,-0.780676,-0.247566,0.006873,-0.230853,0.376808,0.473262,0.721640,-0.497825,0.554552,0.581189,-0.176789,-0.159788,0.019222,-0.454049,0.325488,-0.075997,-0.454691,-0.090353,-0.351698
-1.337856,0.244327,0.659167,-0.097916,0.275701,0.946912,-0.133262,-1.257958,-0.000379,0.109848,1.522266,-0.375774,-0.083006,0.251646,-0.089687,-0.160478,0.701131,-0.548258,-0.244257,0.064298,-0.232801,0.339332,0.600894,0.751769,-0.458163,0.465381,0.522095,-0.221749,-0.164854,0.077716,-0.575078,0.318279,-0.242343,-0.444287,-0.101511,-0.340255
-1.461874,0.200363,0.653608,-0.098730,0.263591,0.952951,-0.112498,-1.175349,-0.013959,0.096709,1.041989,-0.313138,-0.231713,0.419944,0.001186,-0.092246,0.768579,-0.402893,-0.164111,0.109944,-0.226169,0.298040,0.663580,0.771924,-0.410021,0.392029,0.474542,-0.235442,-0.164579,0.206541,-0.665912,0.336715,-0.302819,-0.427929,-0.031689,-0.332706
-1.584354,0.162114,0.643874,-0.091441,0.244866,0.961062,-0.089657,-1.008783,0.016243,0.102375,0.713892,-0.248927,-0.247052,0.446214,-0.016166,-0.099083,1.172777,-0.427695,-0.203738,0.130750,-0.212764,0.272221,0.605756,0.769888,-0.390618,0.356033,0.448391,-0.228283,-0.142332,0.336764,-0.676571,0.390486,-0.240120,-0.423735,0.081665,-0.322228
-1.702632,0.130230,0.630676,-0.079811,0.235735,0.965982,-0.070274,-0.859525,0.092391,0.162856,0.695544,-0.127177,-0.247716,0.334119,-0.032023,-0.097500,1.758731,-0.550600,-0.232281,0.121110,-0.207330,0.276196,0.434093,0.719173,-0.411248,0.339636,0.476295,-0.208468,-0.096025,0.421574,-0.594106,0.443091,-0.085541,-0.455832,0.223987,-0.310537
-1.821450,0.104038,0.612691,-0.060025,0.236115,0.967650,-0.065574,-0.734539,0.090749,0.217547,0.873145,-0.210569,-0.247808,0.147189,0.009220,-0.143616,2.268477,-0.648600,-0.201973,0.085666,-0.211353,0.302139,0.153725,0.624628,-0.459501,0.331338,0.532456,-0.179127,-0.066873,0.497257,-0.455190,0.475843,0.123816,-0.480585,0.355478,-0.319414
-1.940847,0.083608,0.608305,-0.036238,0.238828,0.967386,-0.076244,-0.574695,0.069218,0.219625,1.026310,-0.440308,-0.247791,-0.193501,0.001470,-0.257444,2.554481,-0.718734,-0.223270,0.035568,-0.218057,0.340156,-0.160090,0.517179,-0.502014,0.301470,0.584537,-0.175022,-0.038993,0.597532,-0.344847,0.495470,0.307864,-0.444422,0.372464,-0.317668
-2.063330,0.067724,0.607296,-0.011622,0.242434,0.966354,-0.085150,-0.340734,0.027892,0.192429,1.056719,-0.614015,-0.247784,-0.720934,-0.085459,-0.281386,2.537038,-0.633512,-0.223826,-0.020245,-0.220104,0.375309,-0.443993,0.415733,-0.505111,0.219417,0.610833,-0.195869,-0.003925,0.721882,-0.327122,0.561067,0.427922,-0.370273,0.292592,-0.259036
-2.192984,0.056565,0.612395,0.004201,0.250664,0.965154,-0.075022,-0.033613,-0.030947,0.152892,0.951917,-0.641568,-0.247734,-1.130775,-0.121946,-0.176315,2.249004,-0.523287,-0.203736,-0.073285,-0.220654,0.379396,-0.635551,0.364175,-0.460297,0.086618,0.606888,-0.235434,0.028332,0.873367,-0.386978,0.635170,0.460307,-0.310412,0.189226,-0.207171
-2.330094,0.051015,0.618639,0.004383,0.259520,0.964915,-0.039620,0.305583,-0.078920,0.061658,0.713225,-0.395520,-0.247893,-1.275293,-0.121104,-0.118953,1.785440,-0.506395,-0.240955,-0.104167,-0.215181,0.347582,-0.693883,0.369099,-0.432410,-0.036575,0.594542,-0.258446,0.041849,1.009421,-0.449868,0.644383,0.447896,-0.267974,0.134552,-0.194676
-2.468262,0.051088,0.639730,-0.005016,0.266917,0.963705,-0.001775,0.547525,-0.112545,-0.019266,0.537762,0.065237,-0.247749,-1.210647,-0.085441,-0.137724,1.225016,-0.493985,-0.244797,-0.117742,-0.203463,0.305204,-0.622422,0.414925,-0.457403,-0.074263,0.596465,-0.244491,0.018624,1.055994,-0.461656,0.604287,0.422693,-0.230894,0.133886,-0.216753
-2.603219,0.057461,0.655293,-0.010157,0.283400,0.958795,0.017117,0.584426,-0.203975,-0.020134,0.695484,0.199566,-0.247625,-1.056629,-0.062887,-0.143109,0.813825,-0.427398,-0.198144,-0.123560,-0.201218,0.275773,-0.479982,0.446938,-0.536292,0.026486,0.630469,-0.192054,-0.025407,0.985318,-0.407154,0.548974,0.416074,-0.181505,0.169349,-0.261624
-2.731942,0.068514,0.666486,-0.006549,0.292329,0.955944,0.025927,0.420719,-0.042703,0.178988,1.206046,0.142073,-0.244622,-0.901674,-0.139746,-0.151537,0.791485,-0.289327,-0.245619,-0.132265,-0.201455,0.275421,-0.328703,0.454628,-0.618096,0.241321,0.676814,-0.104477,-0.070536,0.791181,-0.315275,0.481542,0.428667,-0.117571,0.210588,-0.332936
-2.855222,0.082265,0.673108,-0.002854,0.275254,0.960150,0.048372,0.147113,0.071705,0.158481,1.785567,-0.059380,-0.176456,-0.781272,-0.159401,-0.151809,0.956476,-0.353228,-0.247685,-0.130691,-0.183096,0.302602,-0.173060,0.480665,-0.656859,0.477166,0.705924,-0.015711,-0.107382,0.533218,-0.233284,0.403261,0.420679,-0.089869,0.211344,-0.434441
-2.976230,0.096632,0.677056,-0.001518,0.262528,0.960782,0.089307,-0.220828,0.073453,0.124738,2.211962,-0.256340,-0.050544,-0.627202,-0.140061,-0.151628,1.107830,-0.581278,-0.247691,-0.125320,-0.171029,0.339921,0.025007,0.524381,-0.648868,0.639771,0.685223,0.013860,-0.123548,0.238849,-0.224717,0.347865,0.353582,-0.133117,0.143947,-0.496612
-3.098421,0.114489,0.677182,-0.006128,0.261821,0.955766,0.133877,-0.693810,0.066479,0.086501,2.363091,-0.347087,0.004497,-0.417319,-0.146438,-0.160017,1.137252,-0.772992,-0.247715,-0.099906,-0.171617,0.366901,0.234721,0.550740,-0.644607,0.687196,0.638862,-0.024942,-0.136662,-0.019715,-0.278549,0.329415,0.202025,-0.243252,0.029088,-0.483913
-3.226752,0.137559,0.672458,-0.014243,0.270144,0.948612,0.164176,-1.109241,0.064188,0.055089,2.214080,-0.348745,-0.020426,-0.157591,-0.188902,-0.202000,1.045752,-0.833617,-0.247692,-0.044241,-0.178012,0.363853,0.439663,0.596306,-0.653216,0.638982,0.602220,-0.117370,-0.144903,-0.172476,-0.372556,0.293970,-0.010992,-0.370282,-0.087351,-0.451719
-3.362775,0.168366,0.664419,-0.023851,0.278545,0.943823,0.176190,-1.324149,0.047382,0.075618,1.868959,-0.373806,0.004731,0.131922,-0.182469,-0.228227,0.837892,-0.688383,-0.246673,0.031026,-0.180249,0.327011,0.625148,0.674665,-0.643275,0.560800,0.564723,-0.213504,-0.138108,-0.199069,-0.487255,0.214595,-0.218960,-0.428913,-0.138352,-0.436554
-3.502995,0.204530,0.659004,-0.032700,0.280059,0.942982,0.176867,-1.372726,-0.023059,0.083202,1.419583,-0.365063,-0.078563,0.401738,-0.079635,-0.189179,0.615435,-0.306732,-0.219982,0.101155,-0.177923,0.273900,0.732536,0.747433,-0.592535,0.496140,0.500564,-0.255609,-0.144443,-0.094210,-0.583897,0.143445,-0.323602,-0.406593,-0.102618,-0.431508
-3.641884,0.245289,0.648580,-0.032640,0.272161,0.945935,0.173406,-1.263743,-0.088684,0.066600,0.978885,-0.317495,-0.239472,0.562642,0.026962,-0.007031,0.684978,-0.131648,-0.028598,0.136471,-0.177489,0.226996,0.717475,0.772513,-0.532030,0.449866,0.433029,-0.227758,-0.146862,0.073524,-0.599879,0.155368,-0.266444,-0.343052,-0.004335,-0.407869
-3.774908,0.288431,0.635366,-0.025536,0.253622,0.950709,0.176567,-1.078954,-0.061844,0.131409,0.762531,-0.267859,-0.247386,0.543604,0.011333,-0.061444,1.171198,-0.155923,0.006863,0.149015,-0.166841,0.205468,0.576211,0.739834,-0.518562,0.423230,0.425513,-0.176960,-0.105678,0.200711,-0.516603,0.243281,-0.058077,-0.281677,0.139062,-0.358325
-3.901276,0.334365,0.619020,-0.011690,0.250311,0.953861,0.165397,-0.927422,-0.063497,0.208952,0.816835,-0.155536,-0.247737,0.384109,-0.033111,-0.114586,1.817182,-0.303692,-0.098232,0.132597,-0.169113,0.219673,0.313871,0.651345,-0.565985,0.408904,0.488117,-0.150272,-0.046239,0.296689,-0.393156,0.335410,0.225551,-0.245333,0.290355,-0.323013
-4.024152,0.386273,0.610893,0.005388,0.258991,0.956628,0.133258,-0.796503,-0.111197,0.207603,0.985993,-0.327585,-0.247764,0.147102,-0.012799,-0.186079,2.368856,-0.452742,-0.114846,0.103124,-0.183255,0.253318,-0.039768,0.511081,-0.629485,0.385566,0.566051,-0.157209,-0.014499,0.438710,-0.276941,0.431659,0.479060,-0.192107,0.343568,-0.309016
-4.147585,0.443624,0.608068,0.022412,0.258754,0.960804,0.096952,-0.606387,-0.155805,0.145189,1.094352,-0.557357,-0.247791,-0.240202,-0.049702,-0.264484,2.653249,-0.572821,-0.179933,0.065749,-0.190446,0.291434,-0.369349,0.373931,-0.633642,0.323059,0.622838,-0.197289,0.015834,0.618484,-0.216526,0.554717,0.585904,-0.108634,0.242020,-0.258753
-4.271853,0.505380,0.611168,0.043829,0.248755,0.963954,0.083619,-0.328006,-0.146581,0.071863,1.080990,-0.682567,-0.247761,-0.834566,-0.154773,-0.139392,2.606387,-0.477887,-0.179526,0.010408,-0.187701,0.323870,-0.607836,0.299222,-0.542776,0.204955,0.670130,-0.230137,0.050486,0.815864,-0.242205,0.707737,0.581446,-0.015556,0.086533,-0.192752
-4.400660,0.571918,0.614608,0.056917,0.242315,0.962306,0.109599,0.022913,-0.100493,0.020332,0.927465,-0.638730,-0.247774,-1.239100,-0.146547,-0.019469,2.277645,-0.424900,-0.183072,-0.041099,-0.189945,0.319571,-0.727679,0.311930,-0.403723,0.063556,0.727186,-0.249418,0.080161,0.989697,-0.353498,0.805093,0.523577,0.074233,-0.020142,-0.148565
-4.533019,0.642929,0.621159,0.054964,0.235356,0.956756,0.161875,0.376097,-0.086495,-0.053292,0.662760,-0.292964,-0.247848,-1.384533,-0.088247,-0.010699,1.777955,-0.421159,-0.185522,-0.072619,-0.185579,0.286028,-0.716499,0.386865,-0.302959,-0.051242,0.765764,-0.251540,0.072304,1.083429,-0.473795,0.807728,0.467342,0.130326,-0.057578,-0.144653
-4.664228,0.719348,0.643267,0.049680,0.238266,0.947103,0.209184,0.621117,-0.135012,-0.156449,0.524123,0.169301,-0.247744,-1.312488,-0.035574,-0.034756,1.184439,-0.427654,-0.210812,-0.088532,-0.174323,0.248361,-0.567386,0.471631,-0.269255,-0.080036,0.773164,-0.236982,0.025189,1.072460,-0.548528,0.736891,0.418529,0.154217,-0.052553,-0.168626
-4.788085,0.798934,0.660662,0.052838,0.249553,0.941040,0.222205,0.652046,-0.217103,-0.129167,0.758014,0.170330,-0.247603,-1.142461,0.001648,0.031177,0.726251,-0.393481,-0.201379,-0.102393,-0.174132,0.229296,-0.369700,0.522185,-0.326171,0.017177,0.791133,-0.206449,-0.049959,0.967433,-0.545398,0.641368,0.407168,0.158498,-0.013258,-0.212242
-4.904220,0.879360,0.674655,0.063031,0.255149,0.936629,0.231629,0.471026,-0.000806,0.109874,1.309909,0.093377,-0.244042,-0.975491,-0.020467,-0.007545,0.662518,-0.246883,-0.232022,-0.103599,-0.179839,0.236356,-0.195740,0.543034,-0.435172,0.223189,0.832734,-0.162186,-0.133481,0.760728,-0.494722,0.554566,0.436706,0.129887,0.056743,-0.285133
-5.014377,0.958248,0.686440,0.063623,0.227958,0.937596,0.254757,0.197814,0.081845,0.084430,1.881356,-0.098391,-0.163828,-0.864057,-0.066189,-0.082055,0.816499,-0.104616,-0.247095,-0.092614,-0.155241,0.264068,-0.046104,0.566271,-0.531008,0.453972,0.878418,-0.115928,-0.214546,0.499513,-0.429637,0.488050,0.471948,0.065180,0.104742,-0.377710
-5.121861,1.037440,0.694045,0.060704,0.208758,0.931166,0.292684,-0.152905,0.117532,0.036534,2.288959,-0.272681,-0.063264,-0.710484,-0.098401,-0.157371,1.000326,-0.314823,-0.247741,-0.081677,-0.135352,0.295574,0.132074,0.581204,-0.571979,0.616812,0.868600,-0.095098,-0.255887,0.219526,-0.397722,0.426461,0.447539,-0.022443,0.081478,-0.431534
-5.229255,1.117838,0.697231,0.054736,0.202933,0.919547,0.332048,-0.625301,0.084800,-0.046094,2.411010,-0.345668,-0.012077,-0.508162,-0.087347,-0.175973,1.093322,-0.569367,-0.247686,-0.059533,-0.133596,0.320386,0.312334,0.562178,-0.573291,0.662811,0.814222,-0.108074,-0.270720,-0.009652,-0.396618,0.395092,0.323121,-0.133165,-0.013583,-0.423327
-5.338146,1.204171,0.693079,0.054356,0.214697,0.908045,0.355535,-1.034214,-0.002989,-0.062222,2.227361,-0.337833,0.035228,-0.246614,-0.076156,-0.140256,1.049186,-0.746657,-0.247682,-0.020513,-0.147388,0.320816,0.470310,0.542473,-0.577536,0.625107,0.764665,-0.160516,-0.265773,-0.143006,-0.457868,0.377418,0.127114,-0.263138,-0.117904,-0.380778
-5.449289,1.299568,0.685867,0.053152,0.231696,0.899353,0.366956,-1.241925,-0.016051,0.005464,1.832148,-0.356003,0.081118,0.045168,-0.057769,-0.124947,0.896614,-0.670695,-0.247043,0.040811,-0.167158,0.291064,0.592480,0.556082,-0.573095,0.546580,0.737915,-0.214475,-0.253128,-0.175146,-0.557450,0.352425,-0.078955,-0.371796,-0.177706,-0.352352
-5.562298,1.400315,0.682402,0.045928,0.235074,0.893403,0.380082,-1.277018,-0.068617,0.038556,1.319230,-0.324698,-0.000342,0.327782,0.033555,-0.124805,0.741649,-0.490024,-0.227971,0.112945,-0.172032,0.242582,0.705528,0.593313,-0.512527,0.445057,0.713656,-0.248693,-0.228754,-0.118541,-0.652868,0.338170,-0.240247,-0.415205,-0.175843,-0.339213
-5.672356,1.504758,0.674764,0.040640,0.223046,0.886934,0.402427,-1.175872,-0.099223,-0.015323,0.779502,-0.294894,-0.226087,0.548419,0.010988,-0.108196,0.808394,-0.452598,-0.177756,0.169437,-0.166903,0.192134,0.835406,0.615829,-0.381755,0.320769,0.676096,-0.259953,-0.195306,-0.008578,-0.701956,0.354002,-0.321322,-0.412272,-0.124768,-0.330458
-5.775203,1.607648,0.664747,0.038824,0.202987,0.879761,0.428146,-1.015981,-0.057531,0.001069,0.426748,-0.180292,-0.246820,0.627807,-0.044521,-0.100195,1.176312,-0.479650,-0.185831,0.199444,-0.152086,0.158889,0.924986,0.606231,-0.250677,0.184450,0.647467,-0.255733,-0.172942,0.116497,-0.668855,0.379373,-0.308315,-0.404652,-0.042604,-0.331080
-5.870211,1.708215,0.652596,0.042382,0.182980,0.874361,0.447454,-0.907883,0.029310,0.117998,0.447877,-0.047481,-0.247643,0.586945,-0.052287,-0.055687,1.714787,-0.589024,-0.203191,0.197965,-0.137532,0.151122,0.909509,0.600335,-0.193216,0.082231,0.658222,-0.236208,-0.172859,0.231971,-0.553322,0.379031,-0.201217,-0.403908,0.065250,-0.344330
-5.959514,1.808661,0.637713,0.053722,0.175344,0.874393,0.449228,-0.852554,0.012443,0.153298,0.701356,0.051015,-0.247723,0.447728,-0.038548,-0.075908,2.224732,-0.684137,-0.160820,0.166180,-0.135479,0.165846,0.749797,0.607509,-0.233835,0.041122,0.714638,-0.213149,-0.186969,0.324623,-0.406199,0.329974,-0.023334,-0.402318,0.204987,-0.365142
-6.041783,1.911550,0.640065,0.066702,0.166444,0.876659,0.446449,-0.755792,0.025374,0.155471,0.974094,-0.229360,-0.247769,0.176329,-0.031412,-0.156434,2.545071,-0.794213,-0.154986,0.118704,-0.142827,0.192009,0.521031,0.620594,-0.299621,0.052474,0.771756,-0.210919,-0.173629,0.409711,-0.306758,0.295907,0.181772,-0.403843,0.324992,-0.351172
-6.123057,2.017932,0.645548,0.084311,0.152555,0.876335,0.449060,-0.557477,0.043178,0.157978,1.128198,-0.456504,-0.247753,-0.330126,-0.076751,-0.182489,2.568652,-0.732058,-0.165670,0.066762,-0.150674,0.225043,0.297559,0.620658,-0.317543,0.031273,0.771763,-0.215370,-0.130385,0.484640,-0.277716,0.358655,0.381057,-0.407885,0.350948,-0.284216
-6.203314,2.128259,0.649971,0.107242,0.143475,0.867852,0.463407,-0.306683,0.050537,0.158365,1.205257,-0.479380,-0.247763,-0.793945,-0.108201,-0.099050,2.313784,-0.591166,-0.178827,0.021378,-0.154365,0.243090,0.155188,0.603120,-0.273453,-0.050864,0.722908,-0.224083,-0.046490,0.595482,-0.343559,0.459830,0.474334,-0.403113,0.278246,-0.186023
-6.283645,2.242919,0.654359,0.129247,0.141109,0.854396,0.483105,-0.064198,-0.008420,0.116231,1.223108,-0.291873,-0.247755,-1.003314,-0.126083,-0.027040,1.868726,-0.533858,-0.201299,-0.012834,-0.156739,0.237813,0.104117,0.608353,-0.203051,-0.193272,0.655421,-0.240404,0.022820,0.761563,-0.459770,0.514083,0.454827,-0.376359,0.165412,-0.124880
-6.361446,2.359847,0.667346,0.145197,0.140263,0.845170,0.494906,0.140124,-0.041017,0.114710,1.218691,-0.134924,-0.247652,-1.009056,-0.147801,-0.013951,1.291849,-0.475298,-0.185360,-0.044683,-0.162221,0.218176,0.133992,0.655929,-0.144290,-0.361818,0.593325,-0.272391,0.040212,0.954862,-0.562900,0.482462,0.365868,-0.348355,0.073500,-0.098578
-6.434671,2.475173,0.675152,0.155830,0.138260,0.843046,0.495857,0.257213,-0.029923,0.058796,1.275063,-0.200147,-0.245285,-0.901876,-0.109206,0.078454,0.726597,-0.391495,-0.069280,-0.066353,-0.160379,0.193920,0.218561,0.726610,-0.120315,-0.501996,0.541519,-0.312419,0.012651,1.143141,-0.616566,0.390335,0.251063,-0.350427,0.021203,-0.088109
-6.502283,2.584952,0.678511,0.160482,0.127147,0.849762,0.485781,0.219898,0.050725,0.048894,1.460131,-0.295626,-0.191695,-0.808124,-0.091512,0.181398,0.521620,-0.147546,-0.072614,-0.077303,-0.150375,0.186194,0.319133,0.791664,-0.132628,-0.565462,0.498742,-0.331656,-0.028768,1.234122,-0.612918,0.327148,0.152304,-0.389778,0.007707,-0.064485
-6.565099,2.689496,0.677757,0.165159,0.106738,0.857616,0.475210,0.051707,0.116263,0.046188,1.687427,-0.380698,-0.104852,-0.793575,-0.087880,0.142975,0.740722,0.218815,-0.239092,-0.070666,-0.135021,0.206213,0.410602,0.827585,-0.162832,-0.524261,0.472433,-0.302845,-0.060722,1.162897,-0.589880,0.351336,0.127068,-0.464564,0.038102,-0.018280
-6.623477,2.788943,0.681415,0.170112,0.083870,0.860588,0.472668,-0.203737,0.104303,0.027231,1.812048,-0.434519,-0.083541,-0.769327,-0.086479,0.083903,1.057720,0.006192,-0.247367,-0.056069,-0.111767,0.244718,0.473623,0.808744,-0.188584,-0.387520,0.479972,-0.225460,-0.080441,0.944866,-0.571923,0.432334,0.172084,-0.570912,0.090422,0.024253
-6.681337,2.887182,0.682022,0.176058,0.067507,0.857104,0.479395,-0.463588,0.058540,0.052509,1.735489,-0.462551,-0.106938,-0.678429,-0.062475,0.057766,1.309704,-0.235150,-0.247473,-0.045681,-0.090408,0.280284,0.505796,0.749676,-0.208992,-0.206368,0.526128,-0.141655,-0.099017,0.690669,-0.564662,0.490744,0.210604,-0.664304,0.119320,0.024484
-6.739519,2.985301,0.681696,0.174511,0.049937,0.848605,0.496913,-0.627371,0.113667,0.159072,1.439749,-0.420391,-0.047639,-0.572813,-0.036675,0.008884,1.498652,-0.293872,-0.241882,-0.031559,-0.076146,0.298395,0.542101,0.700194,-0.236360,-0.057872,0.567289,-0.106304,-0.124780,0.496440,-0.558257,0.492941,0.163655,-0.698093,0.096680,-0.021162
-6.798440,3.085490,0.681140,0.165766,0.024114,0.835832,0.522805,-0.649596,0.140296,0.239506,0.997345,-0.372751,-0.106188,-0.482156,-0.027973,-0.050949,1.668124,-0.190696,-0.129722,-0.013412,-0.061296,0.296349,0.635569,0.681251,-0.254115,-0.009946,0.559358,-0.131659,-0.155518,0.397527,-0.567306,0.472348,0.020716,-0.661250,0.029165,-0.085856
-6.856477,3.186285,0.674863,0.163516,0.003918,0.814996,0.555903,-0.591443,0.123869,0.235167,0.604744,-0.274772,-0.238958,-0.415304,-0.034320,-0.071475,1.820621,-0.178465,-0.045955,0.004196,-0.047474,0.283706,0.797767,0.667800,-0.240077,-0.054826,0.523017,-0.209288,-0.178458,0.408480,-0.621026,0.453022,-0.182599,-0.621060,-0.038555,-0.171229
-6.911871,3.284915,0.663699,0.170465,-0.010501,0.789855,0.589034,-0.510118,0.158222,0.277382,0.477464,-0.197207,-0.228583,-0.426577,-0.060986,-0.071853,1.934016,-0.278046,-0.080008,0.013907,-0.038086,0.275721,0.920781,0.641607,-0.228255,-0.119982,0.497540,-0.267040,-0.198317,0.488154,-0.676492,0.403564,-0.345288,-0.619443,-0.052522,-0.273837
-6.963480,3.380479,0.647417,0.195556,-0.008936,0.762450,0.616724,-0.485958,0.108292,0.187926,0.660545,0.124659,-0.204008,-0.540364,-0.123026,-0.060925,1.964890,-0.340559,-0.167412,0.022170,-0.049278,0.285471,0.915777,0.610091,-0.248983,-0.126315,0.509371,-0.267329,-0.212573,0.590988,-0.688425,0.326736,-0.382777,-0.633932,0.021808,-0.380471
-7.008311,3.470277,0.642493,0.223964,-0.001351,0.744013,0.629510,-0.450872,0.083818,0.220136,0.955751,-0.081742,-0.165695,-0.683313,-0.160852,-0.072377,1.843618,-0.368717,-0.189996,0.017223,-0.079659,0.301848,0.787179,0.593816,-0.289663,-0.060563,0.576271,-0.201181,-0.213880,0.660718,-0.619896,0.262926,-0.268748,-0.662842,0.166444,-0.420770
-7.049408,3.560241,0.639895,0.239649,0.002331,0.735519,0.633699,-0.355830,0.066526,0.267494,1.160552,-0.334563,-0.174331,-0.767184,-0.162577,-0.119021,1.541103,-0.366682,-0.151877,0.008345,-0.116135,0.309533,0.620480,0.586835,-0.313134,0.041057,0.665797,-0.145747,-0.182552,0.684643,-0.522340,0.261872,-0.071221,-0.691780,0.311726,-0.349887
-7.085483,3.648835,0.643516,0.248866,0.006374,0.735368,0.630284,-0.231341,0.044893,0.304716,1.288509,-0.494571,-0.165240,-0.744968,-0.160723,-0.165713,1.098081,-0.320587,-0.094733,-0.008174,-0.144114,0.303173,0.453272,0.542814,-0.310449,0.087004,0.696081,-0.134307,-0.129946,0.715886,-0.473749,0.322609,0.108878,-0.707204,0.360691,-0.210228
-7.117318,3.735063,0.649147,0.257753,0.006646,0.743365,0.617194,-0.133638,0.012024,0.294801,1.411613,-0.458799,-0.142879,-0.649612,-0.126065,-0.105885,0.660782,-0.306309,-0.086266,-0.031780,-0.158782,0.287956,0.349672,0.477285,-0.290101,0.019307,0.645969,-0.185161,-0.052307,0.792805,-0.486290,0.413000,0.197133,-0.709383,0.291041,-0.089500
-7.145426,3.816818,0.661295,0.266887,0.003436,0.757636,0.595606,-0.098756,-0.008268,0.254775,1.562105,-0.259966,-0.156415,-0.538703,-0.135339,-0.045541,0.464832,-0.243159,-0.102526,-0.050545,-0.166505,0.271752,0.285150,0.447958,-0.298496,-0.135971,0.566378,-0.269752,-0.006322,0.921573,-0.510239,0.482526,0.192395,-0.702522,0.169493,-0.001569
-7.171391,3.893505,0.666748,0.272096,-0.006605,0.769338,0.577961,-0.106250,0.016929,0.207365,1.694187,-0.148385,-0.239070,-0.502684,-0.167441,-0.071003,0.554867,0.009175,-0.155800,-0.053040,-0.168013,0.262959,0.239870,0.471408,-0.312071,-0.314503,0.507324,-0.352709,-0.010822,1.020484,-0.506479,0.542968,0.184860,-0.700847,0.071634,0.142009
-7.195700,3.965061,0.665706,0.269120,-0.026298,0.775877,0.569998,-0.174185,0.039914,0.142119,1.744695,-0.216247,-0.180909,-0.511595,-0.167458,-0.052063,0.745005,0.206305,-0.243671,-0.051870,-0.155887,0.268367,0.233603,0.497927,-0.291922,-0.430234,0.473863,-0.391601,-0.028845,0.996043,-0.490045,0.620358,0.242581,-0.742825,0.030459,0.348179
-7.218159,4.031005,0.668036,0.263657,-0.041459,0.774401,0.573645,-0.281357,0.065720,0.114540,1.685669,-0.276994,-0.113748,-0.524758,-0.153982,-0.058380,0.973991,0.063671,-0.247578,-0.047292,-0.136691,0.282055,0.274705,0.488083,-0.244723,-0.430883,0.480680,-0.364502,-0.022895,0.844437,-0.469561,0.691269,0.356683,-0.852632,0.035845,0.485789
-7.239475,4.093208,0.671313,0.252939,-0.053284,0.769968,0.583379,-0.386911,0.096994,0.128374,1.506745,-0.314910,-0.075811,-0.504862,-0.122879,-0.073032,1.137280,-0.094402,-0.247736,-0.040264,-0.115127,0.293000,0.335083,0.457931,-0.198134,-0.342039,0.540400,-0.276132,0.001675,0.643789,-0.426575,0.726757,0.494909,-0.993044,0.100693,0.470443
-7.260553,4.151942,0.677370,0.235974,-0.064514,0.762742,0.598648,-0.440334,0.149309,0.203999,1.209653,-0.266588,-0.063708,-0.455972,-0.092952,-0.101464,1.220159,-0.208686,-0.247737,-0.030774,-0.092305,0.292891,0.387609,0.429760,-0.175255,-0.198799,0.620230,-0.175409,0.019805,0.478158,-0.370676,0.672806,0.588609,-1.114103,0.229262,0.339297
-7.281373,4.208429,0.685195,0.215901,-0.074976,0.747514,0.623690,-0.443160,0.130338,0.232102,0.855568,-0.152156,-0.120336,-0.395518,-0.046481,-0.113437,1.260158,-0.288353,-0.247712,-0.017273,-0.070119,0.283335,0.443629,0.417224,-0.166691,-0.058158,0.661041,-0.103414,0.017968,0.373501,-0.320913,0.543503,0.562153,-1.147488,0.313380,0.174052
-7.301508,4.263420,0.693192,0.197901,-0.083585,0.724042,0.655448,-0.424853,0.063730,0.173998,0.576748,-0.047065,-0.241823,-0.329139,0.002780,-0.103356,1.287760,-0.346083,-0.247699,-0.004168,-0.052620,0.269325,0.524583,0.411009,-0.157008,0.045249,0.656249,-0.072083,0.005697,0.304311,-0.299182,0.441651,0.432204,-1.079631,0.261279,0.069178
-7.319996,4.316375,0.700573,0.183318,-0.091707,0.701750,0.682298,-0.384424,0.026869,0.200283,0.460592,0.060957,-0.247307,-0.270141,0.033010,-0.095273,1.318194,-0.337557,-0.247110,-0.003076,-0.038023,0.252620,0.612383,0.386886,-0.145047,0.114598,0.645420,-0.064604,-0.018281,0.252514,-0.333914,0.411738,0.276476,-0.991418,0.142339,0.023044
-7.336056,4.366638,0.705458,0.174873,-0.096619,0.675258,0.710008,-0.336055,0.033008,0.196537,0.483050,0.135955,-0.242473,-0.231230,0.052472,-0.083721,1.368329,-0.281779,-0.232877,0.006620,-0.025698,0.233777,0.681292,0.359893,-0.141851,0.192366,0.636559,-0.070240,-0.038496,0.226706,-0.399423,0.397374,0.108349,-0.958782,0.059145,-0.018305
-7.350937,4.413863,0.707160,0.169457,-0.099643,0.646497,0.737155,-0.286418,0.037507,0.146570,0.555550,0.070398,-0.131430,-0.219018,0.056258,-0.042439,1.437937,-0.205037,-0.094316,0.024234,-0.013754,0.215420,0.701878,0.322661,-0.155908,0.278082,0.637379,-0.054172,-0.058004,0.215169,-0.441103,0.366846,-0.027219,-0.950126,0.039132,-0.071458
-7.364204,4.455887,0.714514,0.164029,-0.099720,0.623906,0.757557,-0.257261,0.057991,0.197005,0.631647,-0.021499,-0.059320,-0.226715,0.033580,-0.007839,1.500416,-0.197072,0.055838,0.035319,-0.006308,0.200547,0.687663,0.298126,-0.188281,0.390787,0.645567,-0.041815,-0.068104,0.221222,-0.444974,0.322222,-0.115489,-0.932607,0.056315,-0.112990
-7.375186,4.494046,0.723828,0.156837,-0.097069,0.608952,0.771464,-0.230620,0.064507,0.223949,0.678479,-0.084140,-0.069497,-0.255321,-0.005198,0.003396,1.513236,-0.271753,-0.011296,0.044047,-0.007784,0.189273,0.623062,0.302336,-0.240639,0.542310,0.693042,-0.020194,-0.095717,0.242859,-0.413938,0.275711,-0.145521,-0.916744,0.089290,-0.146759
-7.383990,4.528282,0.736623,0.147019,-0.093125,0.603327,0.778273,-0.194139,0.059257,0.233080,0.670095,-0.104884,-0.101235,-0.283723,-0.042631,-0.014666,1.461202,-0.318989,-0.073133,0.047518,-0.014867,0.177968,0.515002,0.327772,-0.308840,0.721556,0.806798,0.030719,-0.150071,0.271720,-0.359885,0.239057,-0.108944,-0.905899,0.130126,-0.178190
-7.391392,4.559185,0.753694,0.136613,-0.088369,0.604870,0.779526,-0.149780,0.045682,0.233602,0.619454,-0.095139,-0.130361,-0.304033,-0.057570,-0.038290,1.351129,-0.298128,-0.102474,0.043401,-0.023688,0.165150,0.392706,0.343605,-0.362683,0.887060,0.937696,0.103209,-0.205385,0.283832,-0.306336,0.224950,-0.010884,-0.870869,0.176227,-0.190586
-7.397663,4.587453,0.768783,0.125183,-0.082866,0.610807,0.777417,-0.104488,0.029061,0.228591,0.549684,-0.071076,-0.153933,-0.310112,-0.057214,-0.057560,1.195665,-0.237498,-0.084071,0.033175,-0.031388,0.150721,0.290329,0.332656,-0.353491,0.989307,1.008682,0.171763,-0.216737,0.289875,-0.268705,0.222611,0.113619,-0.809453,0.204831,-0.170498
-7.403185,4.613640,0.781354,0.113297,-0.075650,0.619959,0.772717,-0.069211,0.009363,0.208600,0.485294,-0.045240,-0.181973,-0.309713,-0.038330,-0.053434,1.015935,-0.183527,-0.068585,0.019629,-0.037489,0.135688,0.219052,0.309332,-0.277651,1.000256,0.996485,0.195787,-0.176463,0.288830,-0.257776,0.230471,0.241570,-0.749466,0.216825,-0.132960
-7.408358,4.638256,0.790872,0.101982,-0.066467,0.632015,0.765336,-0.046668,-0.012643,0.178795,0.438931,-0.029056,-0.211288,-0.302762,-0.017852,-0.029878,0.824120,-0.141540,-0.056318,0.005697,-0.042568,0.120458,0.168568,0.292306,-0.202539,0.944228,0.947126,0.152815,-0.125758,0.289597,-0.269740,0.252437,0.359414,-0.723790,0.220363,-0.109796
-7.413515,4.661786,0.797397,0.091574,-0.057226,0.647538,0.754343,-0.030110,-0.036500,0.143706,0.407271,-0.030738,-0.226594,-0.287004,0.015832,0.042503,0.630470,-0.078472,-0.017548,-0.008412,-0.046814,0.105747,0.123888,0.306620,-0.197274,0.858484,0.938442,0.078207,-0.087425,0.304287,-0.289636,0.288127,0.455853,-0.734661,0.224359,-0.104254
-7.418889,4.684569,0.801460,0.082307,-0.049843,0.665950,0.739764,-0.013969,-0.061243,0.102877,0.387110,-0.045498,-0.224869,-0.257878,0.065888,0.192258,0.456762,0.014804,0.057286,-0.023307,-0.049734,0.092180,0.067652,0.335020,-0.248122,0.762223,0.992107,0.027268,-0.042141,0.330919,-0.297847,0.329402,0.527065,-0.759102,0.237554,-0.089516
-7.424568,4.706634,0.803303,0.076601,-0.043518,0.683521,0.724595,0.002869,-0.087483,0.065555,0.382011,-0.072563,-0.213434,-0.223039,0.100725,0.344498,0.339061,0.100024,0.165248,-0.035559,-0.052601,0.080229,0.024079,0.361193,-0.279090,0.661399,1.038818,-0.007614,-0.000085,0.358168,-0.299480,0.361049,0.588343,-0.771476,0.241758,-0.049557
-7.430549,4.727649,0.803488,0.074076,-0.038503,0.697669,0.711540,0.015468,-0.110470,0.042536,0.396640,-0.100592,-0.204878,-0.201816,0.111264,0.408775,0.307806,0.159156,0.212498,-0.042766,-0.056933,0.070818,-0.003693,0.349474,-0.258092,0.581132,1.018414,-0.027371,0.019543,0.390186,-0.298534,0.385257,0.631679,-0.773767,0.232969,0.004466
-7.436527,4.747316,0.801688,0.074308,-0.034274,0.709988,0.699443,0.004140,-0.127938,0.035531,0.463652,-0.131702,-0.228394,-0.193888,0.100495,0.381875,0.350335,0.140469,0.105959,-0.047780,-0.062270,0.065250,-0.017067,0.309771,-0.202481,0.522242,0.933111,-0.040846,0.017794,0.418044,-0.297966,0.408949,0.664031,-0.778906,0.218127,0.057061
-7.442261,4.765520,0.804243,0.075943,-0.030896,0.723847,0.685072,-0.044136,-0.152977,0.044444,0.596125,-0.134734,-0.246974,-0.185302,0.076125,0.332819,0.399124,0.066842,0.034257,-0.057353,-0.067054,0.063891,-0.023762,0.266275,-0.150174,0.477839,0.833657,-0.050694,0.010344,0.438056,-0.295578,0.434667,0.691719,-0.794664,0.205686,0.099800
-7.448330,4.782307,0.804293,0.076685,-0.029818,0.740517,0.666981,-0.110822,-0.194763,0.071950,0.747809,-0.112324,-0.247757,-0.170842,0.048613,0.287560,0.432676,-0.001638,0.019918,-0.076646,-0.071417,0.065617,-0.025685,0.238799,-0.122274,0.444068,0.764566,-0.056004,0.007376,0.447474,-0.286386,0.462014,0.718567,-0.817507,0.199093,0.137359
-7.455167,4.797835,0.803637,0.074063,-0.031574,0.755120,0.650624,-0.166264,-0.228324,0.070838,0.850927,-0.131038,-0.247781,-0.157012,0.029661,0.250461,0.457831,-0.057967,0.017142,-0.098065,-0.073752,0.067226,-0.019763,0.230018,-0.117526,0.420540,0.737617,-0.055451,0.012259,0.442473,-0.273041,0.489005,0.746351,-0.841432,0.195873,0.177370
-7.462558,4.813051,0.804566,0.074132,-0.027936,0.758144,0.647258,-0.182636,-0.183535,0.014199,0.826044,-0.202309,-0.247687,-0.131837,0.009432,0.238934,0.448321,-0.086914,0.015117,-0.103222,-0.073635,0.063506,0.001025,0.215429,-0.126274,0.412672,0.738605,-0.051184,0.027671,0.416867,-0.268789,0.505560,0.771575,-0.866274,0.198123,0.214072
-7.470633,4.827623,0.806128,0.070824,-0.025396,0.753687,0.652913,-0.169358,-0.058212,0.008382,0.687054,-0.275305,-0.245442,-0.108534,0.001303,0.243010,0.427709,-0.091923,0.011477,-0.096168,-0.067716,0.057183,0.032165,0.197332,-0.139788,0.425708,0.752852,-0.042586,0.042017,0.378430,-0.263875,0.502377,0.792474,-0.891961,0.214576,0.231427
-7.479093,4.841297,0.806742,0.063843,-0.025720,0.744884,0.663634,-0.143520,0.023406,0.006799,0.503722,-0.247325,-0.193940,-0.087643,0.006112,0.258944,0.404012,-0.091158,0.007337,-0.082126,-0.055301,0.051397,0.066956,0.178761,-0.154399,0.461915,0.767796,-0.029056,0.044299,0.339693,-0.249788,0.470226,0.800426,-0.913673,0.252872,0.216925
-7.487708,4.853731,0.804733,0.055876,-0.028206,0.733068,0.677269,-0.117596,0.015677,-0.101456,0.350330,-0.145908,-0.202125,-0.070991,0.018302,0.286045,0.388818,-0.103883,0.003202,-0.064109,-0.041315,0.048341,0.097165,0.165972,-0.171228,0.519037,0.781437,-0.010300,0.034018,0.309154,-0.224767,0.412070,0.783181,-0.921950,0.297550,0.171804
-7.496091,4.864664,0.798150,0.050753,-0.030087,0.721950,0.689426,-0.088808,0.004995,-0.175805,0.292883,-0.098399,-0.203375,-0.055077,0.025489,0.316286,0.377493,-0.135556,-0.001383,-0.051680,-0.028496,0.047706,0.116055,0.157712,-0.197354,0.595303,0.798833,0.011258,0.019050,0.285746,-0.198320,0.342047,0.736881,-0.909186,0.319034,0.107765
-7.504386,4.874095,0.792933,0.047380,-0.032674,0.712991,0.698807,-0.069705,0.007558,-0.144166,0.288652,-0.126414,-0.137152,-0.040137,0.028758,0.340680,0.373575,-0.178286,-0.006283,-0.047267,-0.017642,0.048101,0.120889,0.156376,-0.239547,0.689751,0.829371,0.034570,-0.002329,0.266003,-0.173911,0.276471,0.674462,-0.874448,0.303552,0.037977
-7.512493,4.882696,0.789946,0.044841,-0.034374,0.704114,0.707836,-0.042106,0.013507,-0.094466,0.267206,-0.159454,-0.095033,-0.025970,0.028560,0.362141,0.368507,-0.213470,-0.010798,-0.044294,-0.010129,0.046272,0.114346,0.158511,-0.296725,0.800113,0.876319,0.060271,-0.040942,0.246835,-0.151612,0.221834,0.615157,-0.827823,0.265097,-0.030029
-7.519921,4.890620,0.789566,0.042478,-0.034778,0.694881,0.717026,-0.008432,0.015619,-0.059826,0.226840,-0.167228,-0.077781,-0.014456,0.025749,0.383782,0.359848,-0.225981,-0.012640,-0.040911,-0.005804,0.041785,0.105450,0.155170,-0.357992,0.913992,0.932248,0.093517,-0.099326,0.224613,-0.133194,0.176182,0.577929,-0.787532,0.221855,-0.088936
-7.526678,4.897627,0.789872,0.039605,-0.033782,0.685784,0.725941,0.020749,0.015067,-0.034238,0.185307,-0.164045,-0.070379,-0.007131,0.020880,0.404195,0.348983,-0.230244,-0.004986,-0.038158,-0.004053,0.035780,0.097511,0.149699,-0.402916,1.020117,0.980834,0.125803,-0.167094,0.200290,-0.116885,0.151248,0.557055,-0.770372,0.199229,-0.128060
-7.532846,4.903664,0.789948,0.036409,-0.031462,0.677719,0.733745,0.037167,0.011883,-0.012225,0.160037,-0.164809,-0.061607,-0.007263,0.015459,0.423045,0.344936,-0.235288,0.010258,-0.036488,-0.004252,0.029766,0.094254,0.143791,-0.425343,1.098529,1.012791,0.150465,-0.227007,0.175154,-0.109459,0.150606,0.544512,-0.779424,0.193938,-0.137866
-7.538390,4.908872,0.789664,0.033483,-0.028186,0.671798,0.739440,0.039282,0.006202,0.005358,0.156905,-0.173991,-0.053041,-0.010254,0.009058,0.440762,0.343810,-0.243124,0.026242,-0.035651,-0.005891,0.024454,0.096197,0.142736,-0.428430,1.137470,1.026861,0.156610,-0.265601,0.153840,-0.114401,0.169677,0.530593,-0.805137,0.187874,-0.120919
-7.543283,4.913500,0.789283,0.030961,-0.024761,0.668431,0.742717,0.032195,-0.000722,0.016606,0.169282,-0.188483,-0.045078,-0.010563,0.000797,0.453545,0.338105,-0.251417,0.036085,-0.035201,-0.008564,0.020054,0.104364,0.151076,-0.416334,1.138121,1.024876,0.140901,-0.273927,0.139791,-0.127666,0.191472,0.514932,-0.836519,0.164719,-0.090337
-7.547616,4.917745,0.789316,0.028225,-0.022018,0.666947,0.744245,0.024537,-0.006646,0.023276,0.182107,-0.201602,-0.037046,-0.008737,-0.007474,0.458233,0.328606,-0.253384,0.037897,-0.034791,-0.011686,0.016577,0.111266,0.164857,-0.393633,1.115432,1.009798,0.115436,-0.251794,0.134062,-0.141687,0.209529,0.501531,-0.859385,0.134090,-0.061213
-7.551476,4.921665,0.790653,0.025302,-0.019720,0.665973,0.745286,0.020024,-0.011244,0.028141,0.188808,-0.210531,-0.028693,-0.007650,-0.014604,0.459126,0.321947,-0.252792,0.036298,-0.034053,-0.014960,0.014013,0.113327,0.177380,-0.367260,1.084208,0.988435,0.094057,-0.203391,0.135514,-0.151386,0.220483,0.496500,-0.868532,0.114983,-0.038160
-7.554855,4.925270,0.790970,0.022356,-0.017694,0.664442,0.746796,0.018577,-0.014442,0.033781,0.189635,-0.217006,-0.021429,-0.011302,-0.017958,0.459542,0.322691,-0.252822,0.036319,-0.032715,-0.018582,0.012281,0.116025,0.189238,-0.342889,1.049356,0.967715,0.080659,-0.138065,0.139014,-0.154316,0.219897,0.508745,-0.870509,0.113956,-0.020730
-7.557887,4.928589,0.790950,0.019655,-0.015860,0.661995,0.749083,0.018229,-0.016668,0.041394,0.189076,-0.222918,-0.015169,-0.019007,-0.018726,0.461466,0.331290,-0.253765,0.041030,-0.031086,-0.022712,0.011266,0.117888,0.197052,-0.319791,1.015944,0.947366,0.077672,-0.073477,0.142178,-0.152296,0.214587,0.537066,-0.872936,0.130483,-0.010694
-7.560662,4.931627,0.790756,0.017218,-0.014216,0.658716,0.752060,0.017198,-0.018153,0.050890,0.190368,-0.229355,-0.009630,-0.027830,-0.018068,0.464122,0.342806,-0.256118,0.041680,-0.029942,-0.027097,0.010897,0.117737,0.198760,-0.294053,0.987617,0.921832,0.082137,-0.023089,0.142921,-0.148786,0.210671,0.578385,-0.880337,0.156899,-0.007088
-7.563207,4.934382,0.790471,0.015074,-0.012706,0.654383,0.755906,0.014927,-0.018800,0.062806,0.194741,-0.236918,-0.004788,-0.037924,-0.016904,0.463291,0.355865,-0.257872,0.038283,-0.029827,-0.031320,0.011316,0.114125,0.194252,-0.265804,0.966825,0.889389,0.089765,0.009802,0.140308,-0.145165,0.209870,0.629818,-0.892895,0.186616,-0.006031
-7.565533,4.936900,0.790094,0.013265,-0.011270,0.648516,0.761002,0.011778,-0.018242,0.078618,0.202201,-0.245956,-0.000744,-0.050253,-0.014653,0.460380,0.372433,-0.259817,0.034176,-0.031028,-0.035109,0.012524,0.106281,0.187329,-0.241833,0.954603,0.857388,0.098027,0.029285,0.133964,-0.141595,0.209866,0.689073,-0.907666,0.216611,-0.003683
-7.567763,4.939253,0.789667,0.011695,-0.010167,0.640286,0.767980,0.009483,-0.015858,0.100103,0.210624,-0.255851,0.002640,-0.066805,-0.011969,0.448321,0.394881,-0.260052,0.030508,-0.032819,-0.038322,0.014410,0.094875,0.182457,-0.231089,0.950191,0.837569,0.106399,0.039446,0.124213,-0.136953,0.208788,0.752351,-0.922215,0.245898,0.002301
-7.570061,4.941518,0.789138,0.010482,-0.009580,0.628914,0.777345,0.009534,-0.011758,0.128774,0.218471,-0.266282,0.005687,-0.089435,-0.012648,0.413442,0.423904,-0.257953,0.026456,-0.034054,-0.040882,0.016951,0.082051,0.181193,-0.236637,0.951006,0.834822,0.113484,0.041145,0.112506,-0.132100,0.208135,0.813073,-0.936734,0.272098,0.013491
-7.572454,4.943780,0.788312,0.010034,-0.009171,0.614386,0.788888,0.011331,-0.007046,0.164710,0.227438,-0.278211,0.008386,-0.116939,-0.017371,0.365685,0.458832,-0.257631,0.026238,-0.034778,-0.042677,0.020099,0.072768,0.179930,-0.251185,0.952275,0.847388,0.116991,0.033865,0.102240,-0.131709,0.210757,0.863113,-0.952348,0.288775,0.029170
-7.574981,4.946156,0.787107,0.010416,-0.008599,0.596228,0.802701,0.014296,-0.002280,0.208662,0.238204,-0.292037,0.010735,-0.149407,-0.029758,0.300444,0.497925,-0.259879,0.033263,-0.034158,-0.043914,0.023694,0.063055,0.179875,-0.270030,0.955392,0.861303,0.116341,0.011280,0.093816,-0.133336,0.218799,0.895546,-0.968960,0.295255,0.045150
-7.577675,4.948827,0.785601,0.011593,-0.007648,0.574040,0.818709,0.018286,0.002309,0.261084,0.250678,-0.307692,0.012588,-0.185713,-0.056275,0.206992,0.538294,-0.264288,0.041039,-0.031685,-0.044995,0.027389,0.055757,0.185279,-0.285008,0.959374,0.870596,0.106074,-0.037002,0.085488,-0.129128,0.233715,0.907140,-0.981628,0.297920,0.055558
-7.580586,4.952087,0.784261,0.012943,-0.006779,0.547983,0.836362,0.026614,0.006442,0.321086,0.258046,-0.321802,0.014166,-0.220779,-0.106973,0.056806,0.575188,-0.272909,0.024766,-0.027361,-0.046639,0.030555,0.049677,0.189540,-0.303630,0.963256,0.871009,0.092322,-0.111070,0.081481,-0.129133,0.245187,0.904363,-0.985057,0.283799,0.057055
-7.583202,4.955686,0.784622,0.015066,-0.005600,0.519362,0.854403,0.039143,0.008023,0.385582,0.259923,-0.333495,0.015607,-0.238986,-0.183410,-0.144931,0.603607,-0.294800,-0.026310,-0.023079,-0.049223,0.032393,0.046642,0.194676,-0.324498,0.967587,0.865913,0.068561,-0.196357,0.087406,-0.143407,0.249588,0.888730,-0.981550,0.252034,0.052756
-7.585410,4.959948,0.783502,0.018091,-0.004128,0.490023,0.871512,0.056138,0.005306,0.450435,0.255401,-0.343089,0.015763,-0.228191,-0.260101,-0.364456,0.620929,-0.320310,-0.138524,-0.021069,-0.052802,0.032464,0.045706,0.194905,-0.349248,0.966879,0.863758,0.047932,-0.268780,0.088749,-0.148690,0.255856,0.873092,-0.982249,0.234012,0.043061
-7.586928,4.964691,0.781814,0.021215,-0.003212,0.460597,0.887350,0.077097,0.000719,0.513274,0.246365,-0.352005,0.012493,-0.195541,-0.318329,-0.560252,0.631926,-0.329466,-0.228971,-0.022287,-0.056171,0.031211,0.045298,0.200026,-0.376207,0.963749,0.869572,0.031886,-0.307711,0.089823,-0.150137,0.264088,0.857336,-0.987762,0.229155,0.030631
-7.587619,4.969654,0.779077,0.023947,-0.003996,0.433190,0.900975,0.099337,-0.002246,0.569682,0.241342,-0.366056,0.006966,-0.162998,-0.335846,-0.656608,0.634744,-0.330992,-0.222595,-0.029578,-0.057546,0.029994,0.044217,0.206998,-0.407673,0.959701,0.889000,0.027597,-0.303712,0.090842,-0.147321,0.270927,0.844651,-0.992669,0.232637,0.018630
-7.587030,4.974724,0.777784,0.025984,-0.006765,0.407878,0.912642,0.120687,-0.000190,0.619345,0.245655,-0.380316,-0.000491,-0.148281,-0.324283,-0.658832,0.617471,-0.340864,-0.195383,-0.041352,-0.056329,0.029179,0.042502,0.213291,-0.442094,0.956938,0.920772,0.034543,-0.262409,0.092915,-0.140547,0.271281,0.836981,-0.988202,0.236710,0.009588
-7.586105,4.979708,0.776956,0.026637,-0.010909,0.384304,0.922758,0.136273,0.010479,0.663461,0.267081,-0.390824,-0.009988,-0.144157,-0.302663,-0.599715,0.598606,-0.334955,-0.128305,-0.054265,-0.052041,0.028367,0.040179,0.215256,-0.470570,0.959776,0.952855,0.050554,-0.200517,0.096962,-0.131506,0.263762,0.835060,-0.971544,0.237145,0.002243
-7.584942,4.984775,0.777806,0.025456,-0.015496,0.360994,0.932092,0.143073,0.031906,0.704198,0.310074,-0.394038,-0.021438,-0.138885,-0.276518,-0.540855,0.576137,-0.319246,-0.079167,-0.064176,-0.045490,0.027409,0.036918,0.210387,-0.481439,0.971387,0.968910,0.073454,-0.137746,0.102275,-0.122142,0.254354,0.840014,-0.951174,0.234975,-0.007378
-7.583958,4.989783,0.780783,0.022284,-0.020467,0.337238,0.940933,0.136433,0.068659,0.739345,0.388546,-0.388754,-0.037115,-0.129991,-0.244895,-0.488309,0.546855,-0.301794,-0.052752,-0.070528,-0.037032,0.028003,0.032438,0.199957,-0.471138,0.988732,0.962426,0.098808,-0.088078,0.106481,-0.115200,0.253087,0.852605,-0.941572,0.233460,-0.019099
-7.583618,4.994571,0.783300,0.019196,-0.025284,0.311181,0.949820,0.105654,0.123454,0.754257,0.516918,-0.350821,-0.062982,-0.116797,-0.210729,-0.437525,0.506473,-0.288484,-0.039068,-0.072343,-0.027639,0.031627,0.027207,0.187018,-0.448062,1.002323,0.940676,0.119374,-0.055797,0.107348,-0.113863,0.264741,0.870227,-0.948947,0.233595,-0.023834
-7.584259,4.999594,0.785080,0.015904,-0.029902,0.281962,0.958828,0.047590,0.181502,0.725074,0.676737,-0.299924,-0.034990,-0.100895,-0.178361,-0.392754,0.459486,-0.275140,-0.034922,-0.068647,-0.017537,0.038644,0.022456,0.181941,-0.423524,1.001233,0.915395,0.123109,-0.038821,0.106642,-0.118413,0.284394,0.884766,-0.963703,0.230877,-0.011276
-7.585761,5.006240,0.787128,0.012300,-0.034841,0.249392,0.967697,-0.053292,0.196314,0.589089,0.829629,-0.282970,0.004294,-0.088679,-0.146633,-0.330921,0.418082,-0.259533,-0.029955,-0.059583,-0.006743,0.049469,0.019283,0.177880,-0.407826,0.983527,0.892348,0.113502,-0.024954,0.099128,-0.123649,0.302680,0.895585,-0.973899,0.224807,0.017153
-7.588258,5.014663,0.787497,0.008447,-0.039315,0.215175,0.975747,-0.173020,0.109563,0.333825,0.903779,-0.308094,-0.046403,-0.083764,-0.121470,-0.261897,0.389153,-0.242511,-0.021617,-0.049540,0.003651,0.061728,0.018504,0.176174,-0.399221,0.953343,0.871429,0.094202,-0.009159,0.079940,-0.122157,0.319436,0.898927,-0.977666,0.229325,0.052643
-7.591141,5.024840,0.787726,0.006035,-0.040410,0.181894,0.982469,-0.230318,0.032510,0.135610,0.878793,-0.341727,-0.095691,-0.084890,-0.106372,-0.194019,0.361865,-0.221101,-0.010094,-0.045716,0.013358,0.070372,0.019905,0.173585,-0.398157,0.922303,0.850551,0.073807,0.006078,0.063130,-0.129935,0.332812,0.902410,-0.980272,0.229915,0.072408
-7.594114,5.036248,0.787255,0.002691,-0.040713,0.143618,0.988792,-0.241235,-0.014812,-0.039534,0.787426,-0.354487,-0.083413,-0.095884,-0.091046,-0.119565,0.346861,-0.202012,0.002633,-0.040208,0.022184,0.078520,0.021843,0.174007,-0.405761,0.899701,0.831590,0.058919,0.012054,0.050720,-0.143625,0.346065,0.907814,-0.986189,0.223591,0.081195
-7.596941,5.047836,0.785666,0.000258,-0.041465,0.096033,0.994514,-0.224875,-0.064522,-0.244906,0.681481,-0.315517,-0.082051,-0.114971,-0.070212,-0.028747,0.342837,-0.186480,0.016428,-0.028939,0.029059,0.088559,0.031695,0.176368,-0.416911,0.875290,0.816733,0.048202,0.006138,0.031382,-0.151110,0.364715,0.915129,-0.993972,0.216739,0.105816
-7.600148,5.059033,0.781203,-0.002493,-0.042137,0.040240,0.998298,-0.172574,-0.102244,-0.440093,0.598859,-0.303746,-0.139807,-0.149894,-0.039060,0.073948,0.361790,-0.178169,0.029766,-0.016366,0.031913,0.100354,0.053625,0.188419,-0.425921,0.836635,0.801884,0.035242,-0.001511,0.005519,-0.154948,0.384557,0.925088,-0.998673,0.194438,0.161968
-7.604344,5.069769,0.777267,-0.004802,-0.042351,-0.014981,0.998979,-0.124857,-0.061491,-0.397521,0.519538,-0.342209,-0.167344,-0.195316,-0.002535,0.171769,0.398051,-0.172128,0.045752,-0.015017,0.031218,0.113689,0.082235,0.200225,-0.429660,0.787693,0.783752,0.021416,0.002086,-0.031782,-0.148133,0.416859,0.931470,-1.000766,0.176428,0.248564
-7.608863,5.080440,0.776263,-0.002871,-0.040979,-0.071154,0.996619,-0.090672,-0.023311,-0.280765,0.449394,-0.350021,-0.138011,-0.242320,0.028715,0.260461,0.433393,-0.163619,0.067589,-0.014573,0.025710,0.125374,0.111742,0.202666,-0.432574,0.739901,0.757406,0.010909,0.014007,-0.076299,-0.147945,0.466064,0.934746,-1.005466,0.161713,0.339599
-7.613702,5.090866,0.777741,0.002590,-0.038131,-0.123149,0.991652,-0.071401,-0.008296,-0.177314,0.398644,-0.335175,-0.109303,-0.291240,0.031129,0.285544,0.461437,-0.165395,0.055382,-0.010982,0.015128,0.133679,0.125117,0.199687,-0.442885,0.714597,0.720492,0.006622,0.014069,-0.111779,-0.150447,0.528504,0.925607,-1.026302,0.153147,0.408221
-7.618709,5.100705,0.779815,0.006836,-0.034945,-0.167673,0.985199,-0.065613,0.001622,-0.089991,0.369521,-0.326141,-0.106688,-0.336268,-0.005689,0.210683,0.485677,-0.182708,-0.026978,-0.005793,0.001708,0.139479,0.124968,0.210942,-0.469617,0.720921,0.684571,0.001588,-0.008601,-0.124385,-0.153527,0.592480,0.897139,-1.054925,0.149265,0.444384
-7.622937,5.109106,0.780283,0.009852,-0.033026,-0.205482,0.978054,-0.063552,0.011012,-0.016577,0.355549,-0.319994,-0.103908,-0.364687,-0.054649,0.106013,0.500039,-0.215846,-0.119312,-0.002870,-0.011081,0.143358,0.103158,0.233613,-0.522564,0.761319,0.667600,-0.001999,-0.057044,-0.108531,-0.161530,0.645245,0.854440,-1.076970,0.153647,0.449932
-7.626255,5.116133,0.780272,0.013291,-0.033253,-0.240342,0.970027,-0.056467,0.018142,0.050832,0.344565,-0.314115,-0.097892,-0.377006,-0.104298,0.013157,0.500690,-0.254579,-0.135083,-0.001716,-0.021247,0.145590,0.073438,0.258138,-0.597093,0.814292,0.679194,-0.005631,-0.118425,-0.081324,-0.168739,0.687739,0.813030,-1.087037,0.178242,0.439175
-7.628934,5.122157,0.780480,0.016091,-0.034398,-0.273429,0.961142,-0.042870,0.024586,0.115695,0.326450,-0.302743,-0.087956,-0.380808,-0.151575,-0.069609,0.502210,-0.284735,-0.102657,-0.001320,-0.028753,0.146112,0.044157,0.274954,-0.670919,0.866967,0.700172,-0.007415,-0.175951,-0.053582,-0.178609,0.719196,0.781655,-1.082229,0.217708,0.420962
-7.631328,5.127112,0.780744,0.018965,-0.036106,-0.304131,0.951757,-0.028035,0.030012,0.177998,0.308195,-0.289740,-0.076829,-0.379326,-0.203348,-0.153364,0.526322,-0.300011,-0.085944,-0.001288,-0.034716,0.145223,0.023161,0.277335,-0.720912,0.917244,0.708684,-0.002955,-0.215915,-0.027562,-0.196357,0.741295,0.756826,-1.066879,0.255448,0.392827
-7.633504,5.131008,0.780854,0.021627,-0.037997,-0.332031,0.942255,-0.013185,0.035470,0.236976,0.292086,-0.280902,-0.074947,-0.366951,-0.258178,-0.238007,0.564385,-0.311144,-0.098694,-0.001604,-0.039904,0.142878,0.011459,0.274261,-0.743246,0.953665,0.699807,0.008342,-0.238306,-0.009929,-0.213348,0.751678,0.741078,-1.038269,0.282077,0.363932
-7.635468,5.133839,0.780709,0.024421,-0.040560,-0.357457,0.932729,0.000945,0.039591,0.290969,0.281859,-0.277212,-0.076157,-0.341749,-0.311746,-0.317787,0.610719,-0.316600,-0.126006,-0.001954,-0.044128,0.139204,0.008403,0.270369,-0.749173,0.974342,0.685046,0.018943,-0.243501,0.002096,-0.228960,0.748307,0.736335,-0.990489,0.295829,0.348144
-7.637378,5.135498,0.780332,0.027438,-0.043861,-0.380333,0.923401,0.013253,0.042766,0.338605,0.279810,-0.277921,-0.076981,-0.307771,-0.355098,-0.369701,0.657660,-0.312017,-0.140333,-0.002611,-0.046984,0.134377,0.012298,0.268791,-0.749570,0.978173,0.670037,0.026980,-0.240468,0.005814,-0.241862,0.751733,0.741655,-0.943000,0.302091,0.341875
-7.639496,5.135901,0.779767,0.030485,-0.046687,-0.402215,0.913846,0.025357,0.046795,0.382319,0.279019,-0.279950,-0.078764,-0.262198,-0.388944,-0.409734,0.689066,-0.303706,-0.113217,-0.001724,-0.049280,0.127934,0.019792,0.266134,-0.746939,0.976234,0.655267,0.033638,-0.233945,0.003894,-0.254913,0.771350,0.752828,-0.905593,0.302450,0.338339
-7.642139,5.134976,0.778273,0.032390,-0.049081,-0.422759,0.904332,0.039563,0.054574,0.422874,0.276513,-0.281260,-0.082706,-0.218053,-0.389399,-0.399335,0.687457,-0.319321,-0.014824,-0.001150,-0.050407,0.121128,0.029680,0.263779,-0.742358,0.970614,0.639442,0.040167,-0.226745,-0.003647,-0.261718,0.804888,0.769144,-0.879690,0.302265,0.337717
-7.645158,5.132333,0.777772,0.032390,-0.051177,-0.442597,0.894673,0.057667,0.067899,0.463129,0.271576,-0.280275,-0.088935,-0.190370,-0.344645,-0.339933,0.628472,-0.350670,0.019330,-0.001354,-0.049722,0.115180,0.044688,0.265971,-0.736858,0.961226,0.623349,0.044685,-0.215899,-0.011932,-0.256306,0.839626,0.791798,-0.865559,0.301983,0.339141
-7.648762,5.129423,0.780246,0.026543,-0.049018,-0.463752,0.884210,0.078258,0.093842,0.506061,0.256511,-0.271655,-0.095509,-0.165405,-0.290008,-0.307320,0.553625,-0.331351,0.017006,0.000637,-0.044459,0.109705,0.054116,0.267228,-0.730627,0.955316,0.608356,0.054173,-0.205434,-0.033362,-0.236614,0.876502,0.818042,-0.850764,0.302416,0.348210
-7.653326,5.126591,0.782885,0.018985,-0.044450,-0.483738,0.873877,0.086729,0.130243,0.546711,0.260348,-0.268931,-0.100120,-0.145965,-0.236323,-0.285952,0.487462,-0.297649,0.006816,0.000797,-0.034634,0.105643,0.063033,0.268696,-0.726129,0.953624,0.594613,0.062011,-0.196221,-0.056621,-0.215311,0.911196,0.841962,-0.846457,0.300986,0.357026
-7.658447,5.123989,0.784975,0.011559,-0.038280,-0.500323,0.864915,0.076439,0.176336,0.577079,0.295542,-0.267335,-0.106212,-0.125627,-0.185177,-0.270375,0.420897,-0.269241,0.003349,-0.001909,-0.022655,0.102286,0.066321,0.268201,-0.728303,0.956866,0.584996,0.067323,-0.193060,-0.077431,-0.200895,0.943946,0.854187,-0.854033,0.294177,0.362141
-7.663593,5.121706,0.786556,0.004112,-0.031029,-0.512719,0.857986,0.051557,0.230317,0.595008,0.355632,-0.263256,-0.111728,-0.104879,-0.137509,-0.259765,0.357055,-0.244344,0.001208,-0.006175,-0.009715,0.099340,0.059728,0.269512,-0.741964,0.961436,0.584325,0.069333,-0.193763,-0.089237,-0.193729,0.968907,0.853677,-0.863348,0.281664,0.360589
-7.668219,5.119700,0.788702,-0.002874,-0.023718,-0.523168,0.851895,0.015185,0.286086,0.595756,0.436152,-0.258443,-0.106153,-0.088210,-0.094881,-0.249448,0.303658,-0.224320,0.000168,-0.008898,0.003823,0.097693,0.043598,0.276027,-0.767211,0.962515,0.596740,0.068725,-0.189483,-0.089774,-0.189982,0.978333,0.850310,-0.860153,0.270176,0.355924
-7.672254,5.118292,0.789524,-0.007124,-0.017824,-0.534678,0.844838,-0.025157,0.334383,0.587096,0.521838,-0.247235,-0.079331,-0.082405,-0.061515,-0.232829,0.269427,-0.211753,-0.001159,-0.008077,0.016935,0.098168,0.023201,0.284944,-0.794535,0.958138,0.620101,0.069334,-0.173073,-0.084368,-0.187666,0.974154,0.853910,-0.841664,0.267118,0.352880
-7.675369,5.117418,0.790918,-0.009851,-0.013218,-0.548877,0.835741,-0.072879,0.360677,0.543899,0.599248,-0.252255,-0.058179,-0.092539,-0.035876,-0.207831,0.267154,-0.210929,-0.003708,-0.002080,0.028452,0.101737,0.006843,0.294032,-0.806312,0.950601,0.641861,0.076823,-0.144347,-0.080150,-0.185882,0.966163,0.863925,-0.818431,0.270540,0.346632
-7.677510,5.116973,0.790151,-0.011549,-0.010257,-0.564505,0.825285,-0.132409,0.339096,0.429811,0.656225,-0.269058,-0.074961,-0.113307,-0.016347,-0.177281,0.289671,-0.218563,-0.009287,0.007867,0.036807,0.107934,0.002638,0.299893,-0.790558,0.942352,0.643432,0.089309,-0.109362,-0.078051,-0.186301,0.955667,0.876430,-0.800142,0.269251,0.328454
-7.678685,5.116435,0.789109,-0.011749,-0.008760,-0.576976,0.816630,-0.186996,0.280293,0.287647,0.679593,-0.290748,-0.101480,-0.131457,-0.003813,-0.151134,0.313450,-0.226508,-0.013859,0.015068,0.041370,0.113785,0.006845,0.293492,-0.755996,0.937763,0.617950,0.100265,-0.080708,-0.075523,-0.189377,0.940270,0.880912,-0.780423,0.264792,0.305371
-7.678938,5.115473,0.788553,-0.011120,-0.007860,-0.584558,0.811237,-0.216894,0.217704,0.176033,0.657623,-0.315308,-0.114937,-0.140611,0.002740,-0.133995,0.325250,-0.230559,-0.016188,0.016461,0.043250,0.116922,0.013295,0.279744,-0.727202,0.937157,0.580319,0.100039,-0.066933,-0.067948,-0.193518,0.918250,0.879237,-0.754033,0.259302,0.284527
-7.678548,5.113905,0.788675,-0.009517,-0.007822,-0.589642,0.807571,-0.220038,0.170303,0.111752,0.590350,-0.330632,-0.111207,-0.140667,0.004956,-0.121449,0.322924,-0.229505,-0.017401,0.014556,0.043613,0.117116,0.016254,0.265293,-0.721762,0.937603,0.554061,0.091217,-0.063962,-0.056459,-0.197281,0.897124,0.875831,-0.725792,0.255170,0.267414
-7.677764,5.111805,0.788940,-0.008849,-0.007497,-0.594545,0.803979,-0.203876,0.140907,0.087681,0.489586,-0.340385,-0.111855,-0.137538,0.008459,-0.109865,0.317225,-0.227557,-0.018469,0.012502,0.043901,0.115270,0.014662,0.256078,-0.734964,0.934937,0.550096,0.085134,-0.059949,-0.044994,-0.198867,0.882356,0.872383,-0.702342,0.252708,0.248632
-7.677043,5.109262,0.789206,-0.008436,-0.007504,-0.600509,0.799538,-0.184970,0.110390,0.061934,0.392771,-0.315645,-0.093011,-0.130599,0.013771,-0.096191,0.306338,-0.223850,-0.020616,0.012762,0.044203,0.112379,0.009866,0.248388,-0.751114,0.928691,0.562542,0.089173,-0.053857,-0.036433,-0.200311,0.869527,0.867026,-0.684492,0.252588,0.226989
-7.676612,5.106528,0.788869,-0.007757,-0.008371,-0.606402,0.795076,-0.170858,0.076790,0.008937,0.337904,-0.258997,-0.059888,-0.120014,0.018690,-0.082381,0.290590,-0.218475,-0.023425,0.014860,0.043525,0.108976,0.001015,0.236871,-0.758777,0.924002,0.580279,0.103408,-0.054131,-0.032288,-0.204474,0.855817,0.853465,-0.669632,0.258249,0.210819
-7.676185,5.104014,0.789054,-0.009176,-0.008900,-0.609019,0.793053,-0.159729,0.069932,-0.007865,0.324149,-0.232591,-0.040228,-0.110165,0.024189,-0.076123,0.282295,-0.217228,-0.026022,0.013716,0.042332,0.105409,-0.010752,0.228889,-0.755749,0.922456,0.596234,0.118594,-0.060323,-0.031685,-0.209333,0.838391,0.837098,-0.663826,0.264309,0.204935
-7.675823,5.101255,0.788886,-0.010908,-0.009895,-0.609455,0.792684,-0.145278,0.075047,-0.004926,0.310250,-0.225087,-0.057108,-0.100073,0.027756,-0.074795,0.277623,-0.219020,-0.028439,0.010129,0.040248,0.101360,-0.026051,0.222441,-0.749087,0.924050,0.612026,0.130828,-0.062480,-0.035090,-0.213121,0.817847,0.823444,-0.668957,0.271206,0.205185
-7.675221,5.098347,0.787559,-0.011736,-0.011320,-0.608755,0.793191,-0.125259,0.079863,0.001938,0.288122,-0.213092,-0.083288,-0.091246,0.027873,-0.075548,0.275719,-0.223212,-0.030275,0.005308,0.036998,0.097069,-0.042894,0.217556,-0.748348,0.927565,0.634684,0.138080,-0.051126,-0.039532,-0.211607,0.789621,0.821236,-0.678313,0.282060,0.195359
-7.674300,5.095487,0.787641,-0.011356,-0.012971,-0.607152,0.794398,-0.106724,0.078638,0.005235,0.262574,-0.203688,-0.093554,-0.083601,0.024077,-0.077640,0.275491,-0.228385,-0.031171,0.000340,0.033253,0.093262,-0.055619,0.217756,-0.754458,0.932883,0.664486,0.134797,-0.022779,-0.039099,-0.202575,0.749799,0.833674,-0.684901,0.301726,0.163292
-7.672958,5.092715,0.787921,-0.010562,-0.014820,-0.604460,0.796427,-0.092049,0.072735,0.004024,0.243771,-0.198632,-0.092726,-0.075865,0.017781,-0.081743,0.275619,-0.233907,-0.031386,-0.003765,0.029933,0.090643,-0.067395,0.211296,-0.760282,0.940742,0.691804,0.132043,0.009365,-0.034792,-0.186283,0.702612,0.858680,-0.689940,0.329551,0.114717
-7.671427,5.090071,0.788164,-0.010046,-0.016820,-0.601257,0.798816,-0.081273,0.065066,-0.001861,0.233955,-0.197184,-0.088099,-0.067679,0.011161,-0.087140,0.275716,-0.238926,-0.031855,-0.006087,0.027396,0.089360,-0.078200,0.201441,-0.757173,0.950604,0.704845,0.125729,0.028377,-0.029644,-0.167129,0.661002,0.879944,-0.700468,0.363204,0.070614
-7.669880,5.087611,0.788343,-0.009821,-0.018699,-0.598415,0.800908,-0.073717,0.058526,-0.007228,0.231095,-0.197347,-0.083996,-0.060430,0.005404,-0.092188,0.276659,-0.243241,-0.032755,-0.006892,0.025389,0.089123,-0.084326,0.190547,-0.743346,0.952612,0.707738,0.115418,0.029059,-0.025603,-0.155603,0.629608,0.897510,-0.716606,0.377878,0.041670
-7.668334,5.085355,0.788470,-0.009667,-0.020357,-0.596422,0.802355,-0.068208,0.053384,-0.010168,0.231726,-0.198751,-0.081049,-0.054192,0.000470,-0.095742,0.277830,-0.246782,-0.033263,-0.006985,0.023765,0.089583,-0.087686,0.185874,-0.727489,0.941436,0.701268,0.098263,0.023394,-0.017584,-0.150543,0.613222,0.898704,-0.731098,0.374000,0.030459
-7.666765,5.083266,0.788579,-0.009690,-0.021943,-0.594990,0.803375,-0.063651,0.048967,-0.011892,0.234017,-0.200665,-0.078313,-0.047613,-0.003837,-0.098136,0.278037,-0.249319,-0.033321,-0.007213,0.022622,0.090553,-0.085116,0.183920,-0.710197,0.919910,0.693360,0.077807,0.027081,-0.013244,-0.152088,0.604106,0.894715,-0.738278,0.351412,0.037476
-7.665218,5.081323,0.788652,-0.010095,-0.023482,-0.593812,0.804197,-0.060064,0.045357,-0.013359,0.238518,-0.203622,-0.075704,-0.040733,-0.007292,-0.100035,0.278054,-0.251024,-0.033083,-0.008094,0.021986,0.091850,-0.077957,0.181347,-0.694072,0.897180,0.685250,0.059396,0.040936,-0.011714,-0.157523,0.600944,0.891515,-0.741391,0.323753,0.057082
-7.663760,5.079512,0.788660,-0.010879,-0.024838,-0.593127,0.804652,-0.057314,0.043067,-0.014135,0.245030,-0.207859,-0.073425,-0.035085,-0.009545,-0.101163,0.279900,-0.252491,-0.032866,-0.009644,0.021641,0.093153,-0.069944,0.177244,-0.684096,0.881569,0.680300,0.047779,0.053264,-0.013271,-0.164495,0.604752,0.890827,-0.748095,0.302899,0.081897
-7.662406,5.077783,0.788614,-0.011853,-0.026050,-0.593386,0.804409,-0.054131,0.042159,-0.013045,0.251461,-0.212581,-0.071517,-0.031101,-0.010656,-0.100585,0.283844,-0.254455,-0.032835,-0.011508,0.021311,0.094134,-0.064724,0.173475,-0.684809,0.875064,0.684899,0.043962,0.053615,-0.017979,-0.170898,0.614337,0.891390,-0.762233,0.291744,0.103129
-7.661129,5.076071,0.788578,-0.012777,-0.027253,-0.594855,0.803269,-0.048854,0.042212,-0.009189,0.254891,-0.216597,-0.069777,-0.027706,-0.010939,-0.097396,0.287793,-0.256652,-0.032951,-0.013247,0.020899,0.094626,-0.062415,0.171172,-0.693816,0.874208,0.699938,0.045081,0.044334,-0.024567,-0.174989,0.624257,0.891867,-0.780625,0.287892,0.114535
-7.659928,5.074351,0.788616,-0.013553,-0.028366,-0.597497,0.801254,-0.041288,0.043020,-0.002664,0.254351,-0.219336,-0.068114,-0.023922,-0.010360,-0.091453,0.289500,-0.257809,-0.033157,-0.014597,0.020491,0.094677,-0.059796,0.168400,-0.700194,0.875038,0.715250,0.048186,0.037288,-0.030857,-0.175196,0.627763,0.891509,-0.796869,0.289279,0.114672
-7.658855,5.072655,0.788715,-0.014274,-0.029225,-0.600817,0.798724,-0.033027,0.044633,0.005303,0.251826,-0.221291,-0.066726,-0.019409,-0.008741,-0.083798,0.288306,-0.257627,-0.033538,-0.015621,0.020168,0.094519,-0.054440,0.163471,-0.693562,0.876347,0.718595,0.052377,0.040215,-0.034758,-0.171242,0.620272,0.889662,-0.805782,0.293742,0.105578
-7.657956,5.071064,0.788804,-0.015102,-0.029865,-0.604088,0.796215,-0.025934,0.046894,0.013085,0.250379,-0.223466,-0.065728,-0.014527,-0.006363,-0.076127,0.285741,-0.256933,-0.034094,-0.016609,0.019940,0.094452,-0.046354,0.156189,-0.673227,0.877600,0.712505,0.057604,0.049365,-0.038060,-0.163178,0.599513,0.889721,-0.805682,0.296303,0.091768
-7.657213,5.069656,0.788821,-0.016059,-0.030484,-0.606919,0.794017,-0.020658,0.049292,0.019897,0.251515,-0.226462,-0.064946,-0.010148,-0.003928,-0.069427,0.284160,-0.256765,-0.034629,-0.017740,0.019802,0.094620,-0.039740,0.151620,-0.655115,0.878252,0.704656,0.063085,0.056067,-0.033454,-0.157054,0.569655,0.889377,-0.798235,0.289999,0.073466
-7.656565,5.068438,0.788770,-0.016975,-0.031109,-0.609511,0.791985,-0.016588,0.051474,0.026212,0.254182,-0.230023,-0.064164,-0.007014,-0.001810,-0.063232,0.284439,-0.257385,-0.034987,-0.018938,0.019773,0.094961,-0.039194,0.151975,-0.647002,0.881882,0.703138,0.064854,0.054378,-0.027807,-0.148319,0.540056,0.884517,-0.789737,0.284666,0.060097
-7.655974,5.067370,0.788690,-0.017711,-0.031605,-0.612167,0.789898,-0.012968,0.053490,0.032672,0.256623,-0.233490,-0.063379,-0.005170,0.000135,-0.056848,0.285853,-0.258397,-0.035188,-0.020064,0.019819,0.095316,-0.041853,0.155739,-0.646971,0.886576,0.707014,0.063473,0.046889,-0.021691,-0.140562,0.516652,0.877039,-0.784417,0.278385,0.051804
-7.655437,5.066411,0.788615,-0.018319,-0.031936,-0.614900,0.787745,-0.009340,0.055518,0.039314,0.258001,-0.236455,-0.062660,-0.003930,0.002133,-0.050265,0.287322,-0.259400,-0.035309,-0.021149,0.019839,0.095566,-0.044532,0.160223,-0.648686,0.890653,0.711294,0.061931,0.039018,-0.016055,-0.135134,0.502445,0.869403,-0.783547,0.270240,0.049778
-7.654961,5.065552,0.788542,-0.018949,-0.032241,-0.617560,0.785634,-0.005509,0.057573,0.045744,0.258593,-0.239003,-0.062058,-0.002693,0.004183,-0.043853,0.288673,-0.260403,-0.035372,-0.022275,0.019727,0.095756,-0.045610,0.163715,-0.648790,0.893559,0.713885,0.062286,0.034633,-0.011521,-0.132284,0.497060,0.863960,-0.786038,0.260536,0.056246
-7.654551,5.064816,0.788459,-0.019622,-0.032561,-0.620046,0.783644,-0.001825,0.059573,0.051626,0.259182,-0.241489,-0.061558,-0.001599,0.006178,-0.037887,0.290308,-0.261534,-0.035371,-0.023360,0.019446,0.096093,-0.044686,0.165671,-0.646614,0.895797,0.714430,0.063415,0.034790,-0.008353,-0.131689,0.497986,0.861998,-0.790811,0.250927,0.071039
-7.654223,5.064258,0.788360,-0.020308,-0.032828,-0.622235,0.781878,0.001101,0.061520,0.056789,0.260358,-0.244054,-0.061101,-0.000910,0.008101,-0.032677,0.292196,-0.262622,-0.035317,-0.024199,0.019013,0.096643,-0.042308,0.165900,-0.641962,0.898409,0.711988,0.063481,0.036838,-0.006029,-0.132405,0.501182,0.862778,-0.797170,0.243219,0.088038
-7.653995,5.063931,0.788258,-0.020938,-0.032894,-0.623961,0.780482,0.002507,0.063415,0.060718,0.262422,-0.246572,-0.060682,-0.000763,0.009963,-0.028632,0.293801,-0.263333,-0.035231,-0.024718,0.018475,0.097344,-0.040116,0.164551,-0.635841,0.901776,0.707325,0.062907,0.037201,-0.003747,-0.132878,0.502463,0.864495,-0.803937,0.238692,0.097814
-7.653870,5.063855,0.788165,-0.021421,-0.032655,-0.625096,0.779570,0.001888,0.065178,0.063110,0.265399,-0.248797,-0.060274,-0.001273,0.011669,-0.026067,0.294804,-0.263519,-0.035120,-0.025142,0.017906,0.098099,-0.042019,0.162238,-0.630298,0.907507,0.704504,0.061844,0.034992,-0.003366,-0.128590,0.501305,0.862634,-0.809440,0.244855,0.098558
-7.653815,5.063974,0.788092,-0.021675,-0.032116,-0.625704,0.779098,-0.000370,0.066680,0.064179,0.268688,-0.250548,-0.059863,-0.002464,0.013089,-0.024819,0.295266,-0.263269,-0.034974,-0.025754,0.017372,0.098840,-0.044323,0.160357,-0.628709,0.910433,0.706935,0.061302,0.034807,-0.000867,-0.126644,0.495635,0.863480,-0.812385,0.250171,0.089028
-7.653781,5.064189,0.788045,-0.021799,-0.031502,-0.626022,0.778864,-0.002763,0.067873,0.064587,0.271216,-0.251813,-0.059503,-0.003782,0.014197,-0.024291,0.295239,-0.262717,-0.034711,-0.026518,0.016905,0.099404,-0.046398,0.159070,-0.630587,0.911246,0.713363,0.059889,0.037826,0.001264,-0.125952,0.490597,0.867179,-0.816546,0.255902,0.077931
-7.653715,5.064432,0.788028,-0.021866,-0.030965,-0.626299,0.778661,-0.004246,0.068730,0.064987,0.272312,-0.252636,-0.059119,-0.004907,0.015020,-0.023812,0.294828,-0.261995,-0.034245,-0.027095,0.016515,0.099720,-0.047470,0.158436,-0.633736,0.911474,0.720136,0.057316,0.040194,0.002668,-0.126766,0.491189,0.873244,-0.826111,0.261744,0.068994
-7.653588,5.064707,0.788028,-0.021845,-0.030529,-0.626695,0.778360,-0.005007,0.069185,0.065762,0.272343,-0.253085,-0.058657,-0.006178,0.015504,-0.022938,0.294603,-0.261303,-0.033679,-0.027183,0.016212,0.099752,-0.047452,0.158422,-0.635931,0.911729,0.724429,0.054843,0.038882,0.003901,-0.128290,0.496926,0.881144,-0.839493,0.266420,0.062083
-7.653410,5.065013,0.788026,-0.021729,-0.030163,-0.627209,0.777964,-0.005668,0.069319,0.066888,0.272181,-0.253382,-0.058172,-0.007794,0.015697,-0.021672,0.294943,-0.260864,-0.033212,-0.026724,0.015961,0.099544,-0.046751,0.159082,-0.636236,0.912113,0.725428,0.053184,0.035586,0.005954,-0.128963,0.501875,0.889834,-0.848915,0.269130,0.058138
-7.653224,5.065305,0.788011,-0.021592,-0.029859,-0.627701,0.777582,-0.006459,0.069343,0.068010,0.272400,-0.253801,-0.057784,-0.009291,0.015792,-0.020374,0.295468,-0.260683,-0.032983,-0.025844,0.015710,0.099300,-0.047658,0.161072,-0.637174,0.914881,0.720993,0.051042,0.033579,0.013181,-0.130323,0.502369,0.894494,-0.848790,0.268820,0.056244
-7.653066,5.065553,0.787975,-0.021531,-0.029665,-0.628005,0.777346,-0.007457,0.069387,0.068734,0.273442,-0.254538,-0.057565,-0.010187,0.015915,-0.019410,0.295901,-0.260772,-0.033108,-0.024772,0.015462,0.099268,-0.047355,0.162838,-0.637628,0.916700,0.715719,0.049232,0.031838,0.017401,-0.130390,0.499074,0.897946,-0.842556,0.267758,0.056704
-7.652940,5.065778,0.787913,-0.021586,-0.029603,-0.628071,0.777293,-0.008808,0.069413,0.068814,0.275610,-0.255642,-0.057499,-0.010594,0.016009,-0.018968,0.296434,-0.261135,-0.033402,-0.023770,0.015267,0.099556,-0.047123,0.164568,-0.638555,0.917849,0.710514,0.047230,0.028141,0.020109,-0.131129,0.497027,0.899401,-0.837288,0.266143,0.055145
-7.652829,5.065999,0.787829,-0.021733,-0.029660,-0.627999,0.777345,-0.010296,0.069397,0.068579,0.278484,-0.256938,-0.057498,-0.010942,0.015951,-0.018966,0.297412,-0.261760,-0.033497,-0.022983,0.015164,0.100085,-0.047007,0.166474,-0.640781,0.918274,0.706442,0.044882,0.023494,0.021585,-0.132629,0.498423,0.899552,-0.835975,0.264714,0.051614
-7.652724,5.066200,0.787748,-0.021907,-0.029808,-0.627945,0.777378,-0.011290,0.069338,0.068450,0.280878,-0.258010,-0.057579,-0.011281,0.015786,-0.019017,0.298639,-0.262483,-0.033472,-0.022389,0.015124,0.100669,-0.046482,0.168726,-0.643978,0.917726,0.703804,0.041987,0.020978,0.022010,-0.133937,0.501860,0.899588,-0.836904,0.263635,0.048582
-7.652625,5.066374,0.787691,-0.022065,-0.029992,-0.627924,0.777383,-0.011527,0.069227,0.068487,0.282022,-0.258538,-0.057716,-0.011533,0.015565,-0.019030,0.299693,-0.263083,-0.033397,-0.021832,0.015063,0.101224,-0.045233,0.170973,-0.646970,0.916401,0.701730,0.038961,0.022272,0.021471,-0.134583,0.506056,0.899969,-0.838544,0.262812,0.047164
-7.652533,5.066528,0.787660,-0.022169,-0.030152,-0.627813,0.777464,-0.011468,0.068985,0.068332,0.282270,-0.258553,-0.057835,-0.011661,0.015252,-0.019243,0.300417,-0.263525,-0.033309,-0.021242,0.014928,0.101819,-0.043661,0.172650,-0.649201,0.915039,0.699574,0.037049,0.026083,0.019897,-0.134963,0.511679,0.900493,-0.842129,0.262490,0.045794
-7.652443,5.066680,0.787644,-0.022220,-0.030244,-0.627498,0.777713,-0.011760,0.068597,0.067688,0.282566,-0.258420,-0.057886,-0.011733,0.014820,-0.019890,0.300850,-0.263817,-0.033186,-0.020634,0.014746,0.102498,-0.042432,0.173480,-0.651155,0.914296,0.697595,0.036959,0.030401,0.017488,-0.135594,0.519627,0.900855,-0.849249,0.263045,0.042185
-7.652347,5.066840,0.787641,-0.022220,-0.030284,-0.627082,0.778047,-0.012426,0.068093,0.066773,0.283148,-0.258324,-0.057856,-0.011809,0.014269,-0.020787,0.300967,-0.263806,-0.032894,-0.020018,0.014620,0.103152,-0.041633,0.173686,-0.653383,0.914250,0.696253,0.038174,0.034966,0.014888,-0.136232,0.528607,0.901042,-0.858201,0.264008,0.036740
-7.652244,5.066994,0.787650,-0.022192,-0.030299,-0.626741,0.778322,-0.013004,0.067577,0.066013,0.283547,-0.258192,-0.057813,-0.011872,0.013708,-0.021546,0.300769,-0.263518,-0.032575,-0.019354,0.014577,0.103676,-0.040733,0.173559,-0.655668,0.914501,0.695643,0.039999,0.040283,0.012433,-0.135856,0.534998,0.901373,-0.863741,0.264172,0.033558
-7.652150,5.067125,0.787663,-0.022122,-0.030354,-0.626510,0.778508,-0.013297,0.067027,0.065530,0.283622,-0.257989,-0.057796,-0.011920,0.013103,-0.022084,0.300524,-0.263205,-0.032265,-0.018618,0.014615,0.104144,-0.037891,0.172601,-0.655527,0.912853,0.698003,0.042608,0.045242,0.006510,-0.131922,0.535476,0.904488,-0.862325,0.263432,0.037035
-7.652076,5.067227,0.787665,-0.022068,-0.030468,-0.626252,0.778712,-0.013554,0.066472,0.064998,0.283896,-0.257894,-0.057825,-0.011865,0.012479,-0.022681,0.300503,-0.263131,-0.031880,-0.017832,0.014694,0.104718,-0.036192,0.172220,-0.655296,0.911661,0.700331,0.043996,0.049459,0.003602,-0.128986,0.531733,0.904645,-0.854960,0.260535,0.044032
-7.652029,5.067316,0.787646,-0.022095,-0.030628,-0.625860,0.779020,-0.014039,0.065970,0.064108,0.284815,-0.258051,-0.057862,-0.011644,0.011886,-0.023610,0.300729,-0.263323,-0.031455,-0.017067,0.014774,0.105452,-0.035208,0.172168,-0.656552,0.910876,0.704327,0.044708,0.053954,0.001699,-0.127667,0.527923,0.902043,-0.847512,0.257395,0.049858
-7.652008,5.067403,0.787612,-0.022183,-0.030792,-0.625326,0.779441,-0.014849,0.065522,0.062825,0.286314,-0.258388,-0.057921,-0.011328,0.011337,-0.024910,0.301083,-0.263681,-0.031024,-0.016468,0.014836,0.106293,-0.034737,0.172068,-0.659917,0.910899,0.711137,0.046977,0.060580,0.000401,-0.127801,0.526661,0.898139,-0.844139,0.255234,0.050300
-7.652007,5.067491,0.787572,-0.022258,-0.030911,-0.624626,0.779995,-0.015995,0.065039,0.061142,0.288047,-0.258714,-0.057981,-0.011072,0.010780,-0.026600,0.301453,-0.264093,-0.030606,-0.016101,0.014872,0.107200,-0.033984,0.171215,-0.663634,0.911395,0.719167,0.052994,0.072920,-0.000135,-0.128130,0.526697,0.894523,-0.843700,0.254747,0.046633
-7.652007,5.067575,0.787539,-0.022291,-0.030978,-0.623842,0.780618,-0.017183,0.064491,0.059276,0.289551,-0.258898,-0.057999,-0.010906,0.010181,-0.028429,0.301707,-0.264431,-0.030233,-0.015905,0.014893,0.108139,-0.031950,0.169381,-0.664787,0.911151,0.725282,0.062276,0.093195,0.000054,-0.127822,0.526060,0.891906,-0.843289,0.255751,0.042791
-7.651988,5.067641,0.787518,-0.022311,-0.031067,-0.623191,0.781134,-0.017869,0.063935,0.057720,0.290433,-0.258935,-0.057957,-0.010751,0.009601,-0.029991,0.301865,-0.264651,-0.029875,-0.015704,0.014909,0.109073,-0.028454,0.167418,-0.662520,0.909861,0.727700,0.071345,0.116412,0.000785,-0.127308,0.525350,0.890279,-0.842595,0.256847,0.040117
-7.651932,5.067688,0.787503,-0.022346,-0.031202,-0.622765,0.781467,-0.018004,0.063427,0.056704,0.290849,-0.258949,-0.057829,-0.010659,0.009048,-0.031042,0.302170,-0.264857,-0.029538,-0.015256,0.014912,0.110025,-0.024546,0.166433,-0.659015,0.909055,0.726797,0.076650,0.130764,0.001974,-0.127381,0.526269,0.889647,-0.842973,0.256755,0.037460
-7.651848,5.067722,0.787485,-0.022374,-0.031323,-0.622506,0.781668,-0.018139,0.063002,0.056079,0.291430,-0.259076,-0.057623,-0.010736,0.008546,-0.031736,0.302693,-0.265131,-0.029240,-0.014497,0.014883,0.111037,-0.021585,0.166953,-0.657085,0.910322,0.724093,0.077387,0.128459,0.003538,-0.128014,0.528643,0.890056,-0.844084,0.255534,0.034602
-7.651750,5.067738,0.787466,-0.022354,-0.031374,-0.622316,0.781817,-0.018600,0.062658,0.055624,0.292343,-0.259301,-0.057357,-0.010897,0.008123,-0.032200,0.303116,-0.265382,-0.028982,-0.013572,0.014835,0.112057,-0.019915,0.168811,-0.657579,0.913201,0.721005,0.075227,0.114222,0.004915,-0.128803,0.531666,0.891435,-0.845167,0.254299,0.032313
-7.651633,5.067718,0.787458,-0.022273,-0.031365,-0.622198,0.781914,-0.019013,0.062312,0.055404,0.292903,-0.259508,-0.057109,-0.010995,0.007745,-0.032458,0.303201,-0.265530,-0.028779,-0.012688,0.014801,0.112952,-0.018757,0.171498,-0.659273,0.915837,0.718291,0.072581,0.100096,0.005473,-0.129582,0.535367,0.893599,-0.846519,0.253948,0.030947
-7.651490,5.067644,0.787466,-0.022137,-0.031340,-0.622164,0.781946,-0.018987,0.061908,0.055433,0.292607,-0.259475,-0.056843,-0.010989,0.007342,-0.032499,0.303065,-0.265640,-0.028620,-0.011930,0.014770,0.113652,-0.017334,0.174478,-0.660537,0.916829,0.716372,0.071434,0.094457,0.005145,-0.130438,0.539749,0.896054,-0.848434,0.254458,0.030081
-7.651310,5.067502,0.787484,-0.022001,-0.031340,-0.622196,0.781924,-0.018441,0.061475,0.055658,0.291638,-0.259287,-0.056562,-0.010826,0.006937,-0.032339,0.302910,-0.265829,-0.028486,-0.011294,0.014703,0.114131,-0.015462,0.177350,-0.660655,0.916181,0.715743,0.072202,0.097789,0.004499,-0.131391,0.543663,0.898187,-0.849751,0.255141,0.029483
-7.651086,5.067282,0.787503,-0.021948,-0.031409,-0.622276,0.781860,-0.017397,0.061109,0.055975,0.290453,-0.259192,-0.056236,-0.010276,0.006580,-0.032031,0.302668,-0.266103,-0.028438,-0.010732,0.014600,0.114276,-0.013554,0.179818,-0.660098,0.915349,0.716760,0.074292,0.105309,0.004081,-0.132312,0.545983,0.900017,-0.849308,0.255712,0.029347
-7.650808,5.066982,0.787517,-0.022001,-0.031584,-0.622352,0.781790,-0.015954,0.060719,0.056316,0.289351,-0.259304,-0.055921,-0.009173,0.006217,-0.031698,0.302243,-0.266474,-0.028484,-0.010265,0.014497,0.114002,-0.012277,0.181419,-0.659566,0.916078,0.718719,0.076951,0.110969,0.003975,-0.133167,0.546818,0.902078,-0.847689,0.256531,0.029752
-7.650464,5.066606,0.787520,-0.022075,-0.031801,-0.622340,0.781789,-0.014509,0.060134,0.056553,0.288576,-0.259652,-0.055660,-0.007813,0.005695,-0.031536,0.301884,-0.267059,-0.028470,-0.009971,0.014409,0.113441,-0.012183,0.181880,-0.658982,0.918909,0.720236,0.079826,0.111312,0.003913,-0.133979,0.546837,0.904344,-0.846402,0.258081,0.030218
-7.650059,5.066146,0.787509,-0.022083,-0.031984,-0.622217,0.781879,-0.013371,0.059343,0.056584,0.288289,-0.260289,-0.055389,-0.006585,0.004957,-0.031603,0.301920,-0.267972,-0.028274,-0.009913,0.014330,0.112808,-0.012946,0.181500,-0.657701,0.922470,0.720405,0.082176,0.107336,0.003826,-0.134533,0.545948,0.906064,-0.845521,0.260161,0.030012
-7.649593,5.065591,0.787492,-0.022075,-0.032137,-0.622037,0.782017,-0.012256,0.058496,0.056462,0.288203,-0.261158,-0.055047,-0.005349,0.004120,-0.031809,0.302132,-0.269065,-0.027855,-0.010045,0.014250,0.112039,-0.013476,0.180814,-0.655408,0.925007,0.719096,0.082777,0.102513,0.003826,-0.134683,0.544093,0.907004,-0.843989,0.261893,0.029581
-7.649064,5.064919,0.787490,-0.022112,-0.032330,-0.621887,0.782127,-0.010515,0.057656,0.056420,0.287560,-0.261969,-0.054670,-0.003662,0.003277,-0.031951,0.301959,-0.270066,-0.027314,-0.010287,0.014189,0.110788,-0.012940,0.180008,-0.652467,0.926039,0.716336,0.081396,0.098262,0.003721,-0.135123,0.542488,0.908075,-0.841933,0.261918,0.030787
-7.648460,5.064106,0.787521,-0.022166,-0.032511,-0.621847,0.782150,-0.007909,0.056857,0.056664,0.285784,-0.262464,-0.054298,-0.001374,0.002505,-0.031855,0.300963,-0.270800,-0.026689,-0.010651,0.014148,0.108811,-0.009704,0.179187,-0.650552,0.923433,0.712801,0.081076,0.093751,0.003970,-0.140965,0.540393,0.913072,-0.841128,0.252806,0.032502
-7.647769,5.063128,0.787588,-0.022124,-0.032604,-0.621895,0.782109,-0.004655,0.056004,0.057178,0.282838,-0.262625,-0.053911,0.001308,0.001716,-0.031535,0.299190,-0.271322,-0.026047,-0.011173,0.014140,0.106191,-0.008686,0.178059,-0.648954,0.921623,0.709311,0.081482,0.087872,0.001005,-0.143473,0.541962,0.917694,-0.844112,0.247287,0.035662
-7.646952,5.061986,0.787674,-0.021980,-0.032646,-0.621972,0.782050,-0.000896,0.054895,0.057841,0.279120,-0.262676,-0.053403,0.004247,0.000692,-0.031056,0.297087,-0.271858,-0.025358,-0.011823,0.014207,0.103145,-0.009297,0.177096,-0.647706,0.919893,0.707291,0.082552,0.083325,-0.003260,-0.144629,0.544841,0.921921,-0.849317,0.244623,0.036610
-7.645996,5.060703,0.787758,-0.021802,-0.032881,-0.622119,0.781928,0.003720,0.053286,0.058783,0.274902,-0.262799,-0.052669,0.007530,-0.000788,-0.030349,0.295263,-0.272671,-0.024401,-0.012457,0.014428,0.099773,-0.010597,0.176276,-0.646588,0.918207,0.706488,0.083863,0.081010,-0.007325,-0.144443,0.546789,0.926331,-0.854581,0.244634,0.034727
-7.644914,5.059295,0.787831,-0.021699,-0.033485,-0.622380,0.781697,0.009599,0.051186,0.060113,0.270213,-0.263041,-0.051742,0.011433,-0.002734,-0.029305,0.293860,-0.273803,-0.023213,-0.012878,0.014837,0.096058,-0.012212,0.175136,-0.645188,0.917823,0.705351,0.085277,0.078386,-0.010431,-0.142861,0.546877,0.931079,-0.858631,0.246635,0.031765
-7.643744,5.057771,0.787889,-0.021697,-0.034374,-0.622644,0.781449,0.016386,0.048790,0.061516,0.265328,-0.263425,-0.050725,0.016084,-0.004975,-0.028212,0.292504,-0.275124,-0.021930,-0.012987,0.015436,0.092053,-0.014623,0.173419,-0.643641,0.919583,0.703638,0.086849,0.073075,-0.012419,-0.139955,0.543924,0.935605,-0.859873,0.249320,0.030277
-7.642508,5.056149,0.787931,-0.021727,-0.035281,-0.622692,0.781369,0.023077,0.046255,0.062411,0.260824,-0.264018,-0.049644,0.021129,-0.007391,-0.027586,0.291056,-0.276597,-0.020634,-0.012872,0.016179,0.087951,-0.018188,0.171371,-0.642171,0.922532,0.702946,0.088296,0.066818,-0.013441,-0.135778,0.537297,0.938774,-0.857394,0.252157,0.031818
-7.641203,5.054448,0.787952,-0.021731,-0.036097,-0.622461,0.781516,0.029294,0.043544,0.062609,0.256822,-0.264803,-0.048425,0.026175,-0.010012,-0.027639,0.289850,-0.278374,-0.019234,-0.012728,0.016968,0.083956,-0.023918,0.168961,-0.639683,0.927437,0.704732,0.087962,0.063428,-0.014576,-0.127313,0.531169,0.936209,-0.852895,0.260978,0.037929
-7.639827,5.052680,0.787957,-0.021733,-0.036965,-0.622062,0.781793,0.035776,0.040512,0.062386,0.252509,-0.265483,-0.047013,0.031262,-0.012962,-0.028131,0.289206,-0.280592,-0.017660,-0.012678,0.017672,0.080163,-0.026754,0.166968,-0.636733,0.929102,0.708839,0.087137,0.064984,-0.013042,-0.122876,0.526349,0.932767,-0.849556,0.264212,0.041085
-7.638412,5.050856,0.787961,-0.021771,-0.038010,-0.621577,0.782128,0.043312,0.037151,0.061969,0.246906,-0.265636,-0.045462,0.036685,-0.016209,-0.028879,0.288833,-0.283055,-0.015962,-0.012646,0.018205,0.076620,-0.026896,0.164810,-0.632974,0.928705,0.713227,0.086144,0.069133,-0.009875,-0.120528,0.523719,0.928890,-0.848207,0.263883,0.041330
-7.637003,5.049011,0.787980,-0.021877,-0.039166,-0.621032,0.782500,0.051856,0.033718,0.061392,0.239855,-0.265038,-0.043738,0.042526,-0.019480,-0.029839,0.288195,-0.285374,-0.014296,-0.012510,0.018538,0.073408,-0.025270,0.162475,-0.627848,0.927908,0.715992,0.085066,0.073175,-0.006119,-0.119464,0.521122,0.924934,-0.846979,0.262689,0.040633
-7.635635,5.047188,0.788012,-0.022036,-0.040306,-0.620503,0.782857,0.060793,0.030467,0.060776,0.231979,-0.263871,-0.041947,0.048542,-0.022537,-0.030885,0.287142,-0.287367,-0.012713,-0.012298,0.018691,0.070601,-0.022642,0.160062,-0.620721,0.927401,0.716278,0.084551,0.076494,-0.003019,-0.119386,0.517055,0.921245,-0.844875,0.262711,0.040058
-7.634317,5.045428,0.788037,-0.022248,-0.041414,-0.620014,0.783181,0.069579,0.027468,0.060189,0.224180,-0.262612,-0.040398,0.054529,-0.025365,-0.031964,0.285965,-0.289155,-0.011237,-0.012150,0.018694,0.068211,-0.019165,0.157506,-0.611430,0.927071,0.714078,0.085116,0.080112,-0.001245,-0.120115,0.512519,0.918259,-0.842927,0.264239,0.039334
-7.633050,5.043767,0.788043,-0.022421,-0.042461,-0.619506,0.783522,0.077587,0.024589,0.059533,0.217220,-0.261669,-0.039397,0.060137,-0.028154,-0.033175,0.285022,-0.290917,-0.009831,-0.012245,0.018591,0.066152,-0.014999,0.154774,-0.601071,0.926864,0.710053,0.086358,0.084149,-0.000523,-0.121293,0.508780,0.916309,-0.841875,0.266380,0.038860
-7.631834,5.042238,0.788029,-0.022467,-0.043332,-0.618815,0.784019,0.084189,0.021745,0.058428,0.211548,-0.261149,-0.038840,0.065047,-0.031003,-0.034869,0.284329,-0.292621,-0.008459,-0.012610,0.018402,0.064330,-0.010509,0.151972,-0.591249,0.926764,0.705013,0.087547,0.087668,0.000100,-0.122953,0.505702,0.915423,-0.841590,0.267954,0.039002
-7.630666,5.040857,0.788008,-0.022368,-0.043925,-0.617832,0.784764,0.089069,0.018929,0.056501,0.207319,-0.260826,-0.037847,0.069110,-0.033858,-0.037331,0.283766,-0.294161,-0.007123,-0.013110,0.018125,0.062752,-0.004214,0.149423,-0.583869,0.924160,0.699796,0.089857,0.090695,0.002949,-0.128950,0.500754,0.918539,-0.842219,0.261661,0.036153
-7.629554,5.039620,0.787979,-0.022199,-0.044236,-0.616580,0.785735,0.092301,0.016315,0.053820,0.204705,-0.260856,-0.036689,0.072359,-0.036553,-0.040515,0.283373,-0.295522,-0.005878,-0.013559,0.017702,0.061498,-0.000245,0.147172,-0.577512,0.923037,0.694170,0.091919,0.092389,0.004943,-0.131267,0.497204,0.920930,-0.844504,0.258514,0.033761
-7.628501,5.038507,0.787935,-0.022049,-0.044378,-0.615236,0.786784,0.094409,0.014025,0.050822,0.203558,-0.261418,-0.035505,0.075006,-0.038963,-0.043998,0.283270,-0.296782,-0.004793,-0.013821,0.017123,0.060608,0.002167,0.145266,-0.571520,0.923090,0.688198,0.093770,0.092953,0.007442,-0.131361,0.493976,0.922636,-0.845843,0.257153,0.033054
-7.627500,5.037502,0.787880,-0.021955,-0.044469,-0.614004,0.787743,0.096098,0.012005,0.047963,0.203233,-0.262476,-0.034323,0.077298,-0.041076,-0.047244,0.283393,-0.297962,-0.003968,-0.013784,0.016465,0.060070,0.001388,0.143471,-0.565198,0.926229,0.682595,0.094305,0.092171,0.009102,-0.125569,0.491476,0.920400,-0.842971,0.263967,0.038053
-7.626540,5.036617,0.787830,-0.021840,-0.044500,-0.612975,0.788546,0.097647,0.010144,0.045562,0.202886,-0.263595,-0.033105,0.079198,-0.043027,-0.050029,0.283511,-0.298858,-0.003021,-0.013389,0.015828,0.059843,0.001506,0.142480,-0.560489,0.927534,0.679111,0.094240,0.092060,0.012573,-0.121827,0.485763,0.918243,-0.834403,0.268245,0.043763
-7.625616,5.035892,0.787799,-0.021590,-0.044342,-0.612108,0.789235,0.098655,0.008358,0.043578,0.202255,-0.264391,-0.031821,0.080254,-0.044898,-0.052381,0.283720,-0.299433,-0.002003,-0.012665,0.015245,0.059895,0.001979,0.141784,-0.557310,0.926968,0.677969,0.093744,0.093519,0.015643,-0.119493,0.480069,0.916025,-0.825361,0.271471,0.046573
-7.624731,5.035356,0.787786,-0.021195,-0.043961,-0.611424,0.789797,0.098800,0.006673,0.042041,0.201616,-0.264838,-0.030495,0.080142,-0.046673,-0.054223,0.284405,-0.299714,-0.000941,-0.011787,0.014703,0.060154,0.002931,0.140898,-0.554263,0.925466,0.677449,0.093056,0.095970,0.017302,-0.118937,0.478727,0.914656,-0.821772,0.273921,0.044238
-7.623893,5.035000,0.787775,-0.020632,-0.043423,-0.611020,0.790154,0.097940,0.005053,0.041167,0.201457,-0.265161,-0.029179,0.079152,-0.048376,-0.055347,0.285157,-0.300323,0.000086,-0.011001,0.014169,0.060478,0.004470,0.139623,-0.550787,0.924416,0.676147,0.092685,0.097954,0.017345,-0.119620,0.482337,0.915095,-0.823962,0.275375,0.039506
-7.623088,5.034779,0.787786,-0.019884,-0.042678,-0.610784,0.790396,0.096258,0.003493,0.040733,0.201270,-0.265122,-0.027910,0.077599,-0.049987,-0.055982,0.285356,-0.300782,0.001079,-0.010476,0.013637,0.060558,0.005895,0.138385,-0.548252,0.924835,0.674633,0.092543,0.098407,0.015991,-0.120625,0.488199,0.916919,-0.828095,0.275639,0.037243
-7.622274,5.034618,0.787844,-0.018871,-0.041658,-0.610552,0.790655,0.094194,0.001803,0.040417,0.199967,-0.264245,-0.026632,0.075827,-0.051677,-0.056521,0.284266,-0.300660,0.002146,-0.010268,0.013141,0.059928,0.006360,0.137699,-0.548259,0.926669,0.674172,0.092157,0.097138,0.013741,-0.121806,0.494076,0.918837,-0.831707,0.275046,0.038397
-7.621402,5.034439,0.787946,-0.017617,-0.040462,-0.610326,0.790920,0.092356,-0.000188,0.040236,0.197158,-0.262539,-0.025273,0.074054,-0.053636,-0.057003,0.282082,-0.299987,0.003408,-0.010306,0.012760,0.058292,0.005773,0.137850,-0.551133,0.929086,0.675398,0.091214,0.094794,0.011287,-0.123506,0.500234,0.920304,-0.835619,0.273938,0.039625
-7.620461,5.034190,0.788058,-0.016229,-0.039217,-0.610226,0.791090,0.090760,-0.002410,0.040432,0.193892,-0.260682,-0.023843,0.072028,-0.055843,-0.057155,0.280035,-0.299218,0.004860,-0.010408,0.012548,0.055819,0.004632,0.138982,-0.556194,0.931353,0.678425,0.089672,0.092582,0.009114,-0.125528,0.507163,0.921788,-0.840392,0.272469,0.039614
-7.619480,5.033838,0.788147,-0.014868,-0.037970,-0.610280,0.791135,0.088969,-0.004498,0.041050,0.191709,-0.259461,-0.022496,0.069728,-0.057972,-0.056931,0.278762,-0.298606,0.006333,-0.010413,0.012509,0.053056,0.003415,0.140862,-0.562439,0.933312,0.682887,0.087829,0.091176,0.006917,-0.127833,0.515729,0.923814,-0.847042,0.271470,0.041347
-7.618486,5.033354,0.788203,-0.013609,-0.036777,-0.610437,0.791094,0.087033,-0.006303,0.042001,0.190851,-0.258984,-0.021345,0.067491,-0.059883,-0.056481,0.278132,-0.298368,0.007685,-0.010276,0.012613,0.050523,0.002475,0.142761,-0.568885,0.934762,0.687816,0.086047,0.090363,0.003948,-0.131264,0.527056,0.926400,-0.858181,0.272620,0.046741
-7.617473,5.032732,0.788233,-0.012483,-0.035737,-0.610674,0.790977,0.085521,-0.007962,0.043257,0.190488,-0.258790,-0.020346,0.065673,-0.061699,-0.055868,0.277956,-0.298470,0.009010,-0.010065,0.012794,0.048461,0.004017,0.144336,-0.575944,0.932654,0.692457,0.086165,0.089892,0.001439,-0.139325,0.537155,0.931538,-0.873562,0.272000,0.048882
-7.616439,5.032004,0.788244,-0.011470,-0.034921,-0.610937,0.790825,0.084547,-0.009670,0.044717,0.190290,-0.258475,-0.019423,0.064105,-0.063631,-0.055205,0.278687,-0.298978,0.010404,-0.009884,0.012933,0.046900,0.004302,0.145495,-0.582828,0.930448,0.696380,0.086674,0.088510,-0.001750,-0.141915,0.544244,0.933753,-0.889138,0.282602,0.040349
-7.615392,5.031198,0.788237,-0.010566,-0.034297,-0.611115,0.790728,0.083745,-0.011427,0.046128,0.190650,-0.258119,-0.018568,0.062531,-0.065711,-0.054773,0.280654,-0.299878,0.011848,-0.009784,0.012918,0.045799,0.004011,0.146868,-0.590063,0.927855,0.700217,0.087007,0.086551,-0.002772,-0.140155,0.543608,0.931972,-0.898868,0.302013,0.012269
-7.614339,5.030313,0.788222,-0.009821,-0.033857,-0.611174,0.790711,0.083188,-0.013134,0.047388,0.191602,-0.257880,-0.017809,0.061195,-0.067838,-0.054708,0.283458,-0.300849,0.013305,-0.009786,0.012721,0.045035,0.003535,0.148662,-0.597585,0.925189,0.704135,0.086906,0.084338,-0.000841,-0.135464,0.535244,0.927017,-0.900944,0.324168,-0.033372
-7.613276,5.029338,0.788218,-0.009267,-0.033598,-0.611197,0.790711,0.083518,-0.014749,0.048633,0.192136,-0.257488,-0.017141,0.060460,-0.069904,-0.054862,0.286407,-0.301436,0.014759,-0.009910,0.012372,0.044467,0.003305,0.150671,-0.604561,0.923247,0.707773,0.086405,0.082540,0.003190,-0.129854,0.522294,0.921158,-0.896102,0.341089,-0.083146
-7.612204,5.028290,0.788236,-0.008853,-0.033444,-0.611247,0.790683,0.084973,-0.016279,0.049975,0.191407,-0.256599,-0.016501,0.060342,-0.071862,-0.055086,0.288991,-0.301559,0.016196,-0.010156,0.011903,0.044015,0.003557,0.152467,-0.610207,0.922649,0.710701,0.086018,0.081481,0.007598,-0.125189,0.509024,0.916377,-0.886741,0.348493,-0.122301
-7.611143,5.027214,0.788272,-0.008512,-0.033281,-0.611341,0.790621,0.087003,-0.017662,0.051421,0.189796,-0.255361,-0.015886,0.060587,-0.073637,-0.055341,0.290984,-0.301300,0.017560,-0.010507,0.011373,0.043650,0.004252,0.153712,-0.614375,0.923375,0.712546,0.086083,0.080776,0.010694,-0.122804,0.500408,0.913437,-0.877665,0.349003,-0.144062
-7.610114,5.026162,0.788306,-0.008200,-0.033072,-0.611515,0.790499,0.088860,-0.018864,0.053049,0.188426,-0.254336,-0.015311,0.060908,-0.075221,-0.055545,0.292463,-0.300873,0.018827,-0.010902,0.010889,0.043350,0.005242,0.154516,-0.617519,0.924831,0.713097,0.086129,0.080063,0.011771,-0.122850,0.498966,0.912030,-0.871964,0.347861,-0.148442
-7.609125,5.025165,0.788313,-0.007883,-0.032814,-0.611763,0.790321,0.090025,-0.019924,0.054843,0.188172,-0.254026,-0.014744,0.060970,-0.076692,-0.055678,0.293908,-0.300698,0.020007,-0.011196,0.010503,0.043144,0.005984,0.155520,-0.620608,0.926206,0.713193,0.085620,0.078963,0.011318,-0.124478,0.502297,0.910358,-0.868149,0.346675,-0.142906
-7.608173,5.024231,0.788289,-0.007576,-0.032504,-0.611947,0.790194,0.090451,-0.020893,0.056444,0.189053,-0.254472,-0.014149,0.060673,-0.078098,-0.055997,0.295716,-0.300875,0.021137,-0.011230,0.010151,0.043106,0.005761,0.157395,-0.624358,0.926467,0.714464,0.084709,0.076840,0.010636,-0.127193,0.505945,0.905768,-0.864355,0.342219,-0.146443
-7.607256,5.023340,0.788263,-0.007304,-0.032137,-0.611936,0.790220,0.090609,-0.021788,0.057551,0.190164,-0.255142,-0.013514,0.060411,-0.079427,-0.056783,0.297434,-0.300917,0.022244,-0.010958,0.009755,0.043340,0.004662,0.160271,-0.628333,0.924914,0.717525,0.083456,0.073702,0.011541,-0.130540,0.505839,0.897495,-0.858816,0.329323,-0.175360
-7.606376,5.022488,0.788266,-0.007106,-0.031771,-0.611761,0.790372,0.091156,-0.022611,0.058243,0.190464,-0.255369,-0.012853,0.060632,-0.080656,-0.057998,0.298433,-0.300350,0.023331,-0.010446,0.009304,0.043841,0.003564,0.163568,-0.631355,0.922066,0.721283,0.081711,0.070693,0.014915,-0.133790,0.500599,0.888765,-0.849756,0.306601,-0.224377
-7.605551,5.021706,0.788303,-0.006960,-0.031389,-0.611556,0.790547,0.091884,-0.023280,0.058864,0.190175,-0.255020,-0.012204,0.061049,-0.081719,-0.059328,0.298911,-0.299277,0.024355,-0.009814,0.008796,0.044546,0.002994,0.166535,-0.632712,0.919540,0.724359,0.079921,0.069081,0.019498,-0.136302,0.492145,0.883657,-0.836550,0.278822,-0.269918
-7.604794,5.021040,0.788353,-0.006806,-0.030930,-0.611400,0.790688,0.091868,-0.023734,0.059584,0.190614,-0.254455,-0.011594,0.060986,-0.082593,-0.060516,0.299611,-0.298117,0.025278,-0.009218,0.008203,0.045380,0.002854,0.168660,-0.632377,0.918567,0.726107,0.078861,0.069061,0.022774,-0.138398,0.484751,0.883061,-0.822459,0.253727,-0.294824
-7.604100,5.020509,0.788394,-0.006605,-0.030383,-0.611263,0.790816,0.090738,-0.024048,0.060351,0.192326,-0.254187,-0.010976,0.060278,-0.083351,-0.061541,0.300741,-0.297177,0.026122,-0.008816,0.007504,0.046284,0.002945,0.169910,-0.630704,0.919343,0.726289,0.078406,0.070097,0.023725,-0.140667,0.481118,0.884624,-0.810700,0.235163,-0.297306
-7.603441,5.020099,0.788411,-0.006340,-0.029751,-0.611049,0.791008,0.088845,-0.024369,0.061012,0.194718,-0.254451,-0.010229,0.059241,-0.084110,-0.062606,0.301830,-0.296505,0.026972,-0.008617,0.006719,0.047262,0.001052,0.170917,-0.629796,0.923688,0.723394,0.077022,0.071816,0.025807,-0.144912,0.481980,0.882693,-0.801411,0.222180,-0.282474
-7.602793,5.019794,0.788403,-0.006002,-0.028979,-0.610769,0.791255,0.086480,-0.024730,0.061443,0.197163,-0.255295,-0.009296,0.057833,-0.084861,-0.063696,0.302761,-0.296046,0.027889,-0.008505,0.005878,0.048343,0.000386,0.171396,-0.629479,0.927090,0.721286,0.075880,0.073428,0.024274,-0.148304,0.485318,0.881647,-0.794636,0.213600,-0.255759
-7.602154,5.019568,0.788387,-0.005573,-0.027994,-0.610554,0.791460,0.083800,-0.025048,0.061638,0.199237,-0.256384,-0.008285,0.055807,-0.085470,-0.064546,0.303612,-0.295628,0.028842,-0.008287,0.005000,0.049385,-0.000455,0.171667,-0.629962,0.929537,0.720154,0.074582,0.073619,0.021079,-0.151540,0.490944,0.880730,-0.791688,0.207793,-0.226023
-7.601530,5.019376,0.788386,-0.005078,-0.026775,-0.610490,0.791555,0.081345,-0.025159,0.061884,0.200072,-0.257246,-0.007322,0.053508,-0.085749,-0.065018,0.303746,-0.294926,0.029755,-0.007780,0.004098,0.050089,-0.001737,0.171777,-0.630873,0.931230,0.719488,0.072912,0.072277,0.017059,-0.154716,0.498809,0.879497,-0.793849,0.203066,-0.203538
-7.600907,5.019169,0.788417,-0.004551,-0.025375,-0.610601,0.791519,0.079588,-0.025044,0.062349,0.199117,-0.257547,-0.006470,0.051564,-0.085658,-0.065095,0.302398,-0.293651,0.030621,-0.006921,0.003231,0.050337,-0.003358,0.171682,-0.631490,0.932250,0.719104,0.071675,0.070325,0.012677,-0.157340,0.507635,0.878237,-0.800574,0.198075,-0.198197
-7.600264,5.018952,0.788462,-0.003963,-0.023928,-0.610875,0.791355,0.078180,-0.024966,0.063102,0.197294,-0.257518,-0.005642,0.049917,-0.085524,-0.064753,0.300205,-0.292132,0.031559,-0.005872,0.002518,0.050415,-0.004632,0.170841,-0.630325,0.932493,0.718665,0.072252,0.069878,0.008259,-0.158312,0.514152,0.878173,-0.808011,0.193270,-0.212405
-7.599587,5.018761,0.788486,-0.003272,-0.022580,-0.611264,0.791098,0.076296,-0.025205,0.064127,0.196326,-0.257702,-0.004738,0.047956,-0.085729,-0.063986,0.298737,-0.291065,0.032640,-0.004958,0.002021,0.050738,-0.004434,0.168358,-0.625626,0.932184,0.716995,0.074952,0.072310,0.004203,-0.156287,0.514285,0.881016,-0.810040,0.190163,-0.236262
-7.598874,5.018610,0.788476,-0.002547,-0.021382,-0.611648,0.790837,0.073650,-0.025711,0.065216,0.197013,-0.258331,-0.003761,0.045616,-0.086282,-0.063054,0.298463,-0.290636,0.033830,-0.004387,0.001665,0.051479,-0.002620,0.164034,-0.618081,0.932160,0.714006,0.078600,0.075930,0.000816,-0.150827,0.506478,0.887442,-0.803395,0.189822,-0.255188
-7.598106,5.018476,0.788453,-0.001923,-0.020304,-0.611922,0.790655,0.070816,-0.026283,0.066134,0.198674,-0.259116,-0.002752,0.043535,-0.086945,-0.062309,0.298421,-0.290363,0.035073,-0.004057,0.001330,0.052601,-0.000358,0.158729,-0.611102,0.933077,0.711589,0.081498,0.077317,-0.001852,-0.143061,0.493343,0.896077,-0.790821,0.192890,-0.260828
-7.597250,5.018351,0.788435,-0.001446,-0.019315,-0.612097,0.790545,0.068447,-0.026902,0.066915,0.200223,-0.259736,-0.001662,0.042026,-0.087661,-0.061812,0.297967,-0.289856,0.036405,-0.003694,0.000948,0.054098,0.001520,0.153487,-0.606514,0.934524,0.710494,0.082293,0.075791,-0.003734,-0.134747,0.479082,0.904273,-0.776823,0.199146,-0.250088
-7.596296,5.018270,0.788419,-0.001057,-0.018403,-0.612262,0.790440,0.066448,-0.027669,0.067831,0.201565,-0.260149,-0.000415,0.040545,-0.088553,-0.061319,0.297765,-0.289267,0.037861,-0.003116,0.000460,0.056034,0.003211,0.148906,-0.602159,0.935598,0.708800,0.081019,0.074391,-0.005001,-0.127687,0.467999,0.909772,-0.764785,0.207132,-0.220659
-7.595267,5.018276,0.788399,-0.000669,-0.017544,-0.612550,0.790237,0.064302,-0.028578,0.069264,0.203230,-0.260483,0.000971,0.038397,-0.089651,-0.060466,0.298629,-0.288824,0.039367,-0.002380,-0.000181,0.058421,0.004931,0.145411,-0.595385,0.935896,0.705309,0.079408,0.075876,-0.006578,-0.123878,0.465586,0.911913,-0.758990,0.214563,-0.172125
-7.594183,5.018379,0.788383,-0.000262,-0.016718,-0.613013,0.789896,0.061964,-0.029561,0.071384,0.205121,-0.260675,0.002448,0.035558,-0.090881,-0.059144,0.300434,-0.288301,0.040854,-0.001624,-0.000977,0.061206,0.006333,0.143334,-0.586699,0.935533,0.701761,0.078983,0.079523,-0.009438,-0.125017,0.476757,0.911296,-0.764848,0.219213,-0.110397
-7.593050,5.018581,0.788385,0.000189,-0.015914,-0.613538,0.789505,0.059537,-0.030706,0.073902,0.206858,-0.260524,0.004025,0.032347,-0.092306,-0.057653,0.302616,-0.287486,0.042355,-0.000893,-0.001903,0.064390,0.006893,0.142569,-0.578715,0.934756,0.700212,0.079097,0.082234,-0.013091,-0.130509,0.498631,0.907885,-0.781625,0.219482,-0.048596
-7.591880,5.018907,0.788400,0.000707,-0.015130,-0.613930,0.789215,0.056660,-0.032126,0.076297,0.208823,-0.260061,0.005728,0.028933,-0.094049,-0.056457,0.304902,-0.286520,0.043913,-0.000187,-0.002949,0.067969,0.006504,0.142699,-0.573401,0.933995,0.700428,0.077826,0.081021,-0.015145,-0.136923,0.518320,0.900929,-0.798435,0.216862,-0.000995
-7.590693,5.019379,0.788427,0.001356,-0.014301,-0.614166,0.789046,0.052661,-0.033794,0.078445,0.211865,-0.259379,0.007536,0.024959,-0.096103,-0.055541,0.307488,-0.285430,0.045515,0.000461,-0.004082,0.071908,0.005163,0.143368,-0.570987,0.933742,0.700883,0.074360,0.074601,-0.013791,-0.141032,0.524030,0.890976,-0.804441,0.215654,0.025289
-7.589500,5.019987,0.788455,0.002115,-0.013427,-0.614498,0.788801,0.047797,-0.035555,0.080794,0.215784,-0.258634,0.009368,0.020215,-0.098276,-0.054337,0.310577,-0.284260,0.047093,0.000970,-0.005257,0.076091,0.003131,0.144444,-0.570404,0.934049,0.700865,0.069673,0.064625,-0.009760,-0.142431,0.515453,0.880365,-0.799258,0.217888,0.034580
-7.588283,5.020695,0.788462,0.002853,-0.012573,-0.615132,0.788319,0.043388,-0.037307,0.083678,0.218915,-0.258265,0.011234,0.014877,-0.100370,-0.052374,0.314371,-0.283200,0.048655,0.001290,-0.006454,0.080427,0.000954,0.145813,-0.570287,0.934386,0.700939,0.065320,0.054939,-0.005439,-0.142898,0.501502,0.871399,-0.791409,0.222133,0.036750
-7.587042,5.021494,0.788452,0.003514,-0.011832,-0.616010,0.787642,0.039630,-0.039111,0.086929,0.221232,-0.257884,0.013151,0.009300,-0.102432,-0.049754,0.318733,-0.282302,0.050250,0.001416,-0.007717,0.084911,-0.000860,0.147154,-0.570208,0.934327,0.702000,0.061866,0.047836,-0.002329,-0.143681,0.489347,0.864793,-0.787185,0.226430,0.039306
-7.585802,5.022402,0.788437,0.004137,-0.011044,-0.616946,0.786917,0.035408,-0.040796,0.090148,0.224023,-0.257749,0.015107,0.003263,-0.104347,-0.046945,0.323537,-0.281453,0.051839,0.001309,-0.009034,0.089479,-0.002452,0.148283,-0.570668,0.934119,0.704189,0.058799,0.041569,-0.000465,-0.144624,0.480346,0.859752,-0.786311,0.229489,0.044651
-7.584576,5.023405,0.788460,0.004783,-0.009985,-0.617813,0.786247,0.029898,-0.042123,0.093093,0.228073,-0.258132,0.017067,-0.003517,-0.105927,-0.044299,0.328551,-0.280466,0.053359,0.001035,-0.010297,0.093895,-0.004260,0.149128,-0.571744,0.934281,0.706477,0.055606,0.033047,0.000547,-0.145566,0.474050,0.855352,-0.786904,0.230623,0.052016
-7.583337,5.024417,0.788701,0.005405,-0.008720,-0.618754,0.785518,0.024184,-0.043092,0.096080,0.232092,-0.258650,0.019028,-0.010445,-0.107130,-0.041564,0.333263,-0.279162,0.054845,0.000697,-0.011421,0.097877,-0.006101,0.149637,-0.572687,0.934943,0.707750,0.052449,0.021603,0.001006,-0.146795,0.470605,0.851443,-0.788870,0.229939,0.059369
-7.582030,5.025339,0.789988,0.005825,-0.007506,-0.619943,0.784589,0.019986,-0.043730,0.099557,0.234375,-0.258579,0.021010,-0.015763,-0.108188,-0.038269,0.337732,-0.277270,0.056377,0.000342,-0.012473,0.101373,-0.007407,0.150049,-0.573056,0.935713,0.708206,0.049692,0.009382,0.001251,-0.148101,0.469291,0.848319,-0.792103,0.228373,0.065024
-7.580679,5.026272,0.790354,0.006025,-0.006398,-0.621399,0.783445,0.017143,-0.044183,0.103667,0.235242,-0.258336,0.023054,-0.020880,-0.108698,-0.034586,0.340423,-0.275232,0.057966,-0.000027,-0.013583,0.104582,-0.008230,0.150703,-0.573270,0.935973,0.709210,0.047532,-0.000144,0.001307,-0.148863,0.468122,0.845913,-0.795310,0.227084,0.069541
-7.579283,5.027248,0.790456,0.006278,-0.005226,-0.623070,0.782123,0.013906,-0.044571,0.108414,0.236430,-0.258196,0.025257,-0.026670,-0.109120,-0.030377,0.343142,-0.273285,0.059626,-0.000360,-0.014830,0.107635,-0.009261,0.151602,-0.573983,0.935215,0.711909,0.046364,-0.004050,0.000816,-0.149101,0.465789,0.843372,-0.797871,0.226440,0.074037
-7.577843,5.028239,0.790461,0.006734,-0.003946,-0.624920,0.780649,0.009741,-0.045049,0.113769,0.238502,-0.258379,0.027707,-0.033672,-0.109679,-0.025603,0.346782,-0.271582,0.061497,-0.000534,-0.016211,0.110366,-0.010833,0.152517,-0.575771,0.933339,0.716218,0.046412,-0.002043,-0.000076,-0.149348,0.462804,0.839836,-0.800748,0.225916,0.077820
-7.576348,5.029123,0.790424,0.007139,-0.002832,-0.626914,0.779051,0.006042,-0.045660,0.119253,0.240634,-0.258925,0.029952,-0.040436,-0.110294,-0.020406,0.350783,-0.269904,0.063745,-0.000429,-0.017639,0.112509,-0.012401,0.153375,-0.579070,0.930887,0.721121,0.047018,0.003480,-0.000480,-0.149715,0.460302,0.835669,-0.804735,0.225145,0.079313
-7.574787,5.029795,0.790373,0.007130,-0.002119,-0.629061,0.777320,0.004467,-0.046195,0.124789,0.241730,-0.259706,0.031911,-0.045352,-0.110626,-0.014863,0.354215,-0.267992,0.065658,-0.000103,-0.018995,0.114017,-0.013110,0.154259,-0.583510,0.928827,0.725322,0.047387,0.009532,0.000256,-0.149733,0.458693,0.832179,-0.809304,0.224453,0.078106
-7.573180,5.030276,0.790302,0.006745,-0.001775,-0.631378,0.775444,0.004908,-0.046608,0.130641,0.241848,-0.260696,0.033886,-0.048917,-0.110651,-0.008909,0.357712,-0.266274,0.066963,0.000359,-0.020236,0.115125,-0.012769,0.155024,-0.587740,0.927933,0.727722,0.047744,0.013909,0.001923,-0.149284,0.457682,0.830041,-0.813755,0.224338,0.074278
-7.571571,5.030662,0.790192,0.006237,-0.001622,-0.633802,0.773469,0.006101,-0.047013,0.136768,0.241739,-0.261935,0.035952,-0.052633,-0.110551,-0.002584,0.362592,-0.265155,0.067885,0.000911,-0.021420,0.116064,-0.011948,0.155386,-0.590501,0.928356,0.727936,0.048742,0.015203,0.004021,-0.148701,0.456951,0.828742,-0.818094,0.224872,0.067410
-7.570006,5.031021,0.790033,0.005749,-0.001524,-0.636178,0.771520,0.007058,-0.047421,0.142808,0.242129,-0.263585,0.038022,-0.057269,-0.110393,0.003785,0.369492,-0.264717,0.068502,0.001475,-0.022579,0.116897,-0.011412,0.155339,-0.591791,0.929698,0.726434,0.050021,0.013046,0.006383,-0.148120,0.455964,0.827479,-0.821931,0.225714,0.057932
-7.568498,5.031378,0.789817,0.005256,-0.001441,-0.638420,0.769669,0.007633,-0.047769,0.148528,0.243159,-0.265925,0.040080,-0.062946,-0.110140,0.009936,0.378630,-0.264933,0.068921,0.001946,-0.023691,0.117598,-0.011452,0.155293,-0.592698,0.931543,0.724152,0.050330,0.007333,0.009176,-0.147358,0.453949,0.825991,-0.824120,0.226518,0.047979
-7.567040,5.031737,0.789551,0.004785,-0.001340,-0.640615,0.767846,0.007871,-0.048052,0.154113,0.244674,-0.268730,0.042120,-0.069958,-0.109776,0.016043,0.390303,-0.265738,0.069258,0.002280,-0.024793,0.118187,-0.011792,0.155759,-0.594176,0.933472,0.721726,0.048724,-0.002178,0.012437,-0.146424,0.450686,0.824314,-0.824178,0.227027,0.039594
-7.565621,5.032092,0.789251,0.004375,-0.001247,-0.642919,0.765921,0.007894,-0.048309,0.159935,0.246538,-0.271566,0.044110,-0.078455,-0.109286,0.022492,0.404569,-0.266930,0.069552,0.002491,-0.026018,0.118738,-0.012047,0.157144,-0.596479,0.934891,0.719539,0.045347,-0.014487,0.015773,-0.145749,0.447212,0.822577,-0.823434,0.227107,0.033112
-7.564232,5.032432,0.788944,0.004035,-0.001144,-0.645377,0.763853,0.007837,-0.048539,0.166104,0.248448,-0.274214,0.046036,-0.088119,-0.108609,0.029355,0.420671,-0.267942,0.069801,0.002625,-0.027471,0.119404,-0.012119,0.159552,-0.599461,0.935439,0.718150,0.041270,-0.026518,0.018653,-0.145510,0.444446,0.820808,-0.823195,0.226821,0.027664
-7.562873,5.032749,0.788658,0.003749,-0.001008,-0.647820,0.761784,0.007767,-0.048783,0.172284,0.250083,-0.276629,0.047922,-0.098157,-0.107894,0.035834,0.437198,-0.268272,0.069950,0.002760,-0.029134,0.120298,-0.012223,0.162471,-0.602859,0.935715,0.717844,0.037895,-0.035661,0.021144,-0.145433,0.441945,0.818836,-0.822970,0.226433,0.022651
-7.561550,5.033034,0.788413,0.003536,-0.000883,-0.649978,0.759945,0.007628,-0.049217,0.177929,0.251392,-0.278553,0.049796,-0.107836,-0.107410,0.041376,0.453142,-0.267815,0.070168,0.002902,-0.030920,0.121348,-0.012684,0.164963,-0.606163,0.937024,0.717773,0.036216,-0.042486,0.023944,-0.145314,0.438753,0.816253,-0.821588,0.226157,0.017477
-7.560250,5.033264,0.788233,0.003391,-0.000788,-0.651693,0.758475,0.007584,-0.050006,0.182629,0.252046,-0.279680,0.051712,-0.116383,-0.107318,0.045920,0.467196,-0.266367,0.070356,0.002982,-0.032694,0.122268,-0.013666,0.166524,-0.608881,0.940321,0.716551,0.036260,-0.049642,0.027700,-0.145311,0.435409,0.812995,-0.819278,0.226002,0.012261
-7.558962,5.033377,0.788126,0.003209,-0.000775,-0.652931,0.757411,0.007894,-0.051102,0.186199,0.252251,-0.280166,0.053670,-0.122869,-0.107536,0.049663,0.478319,-0.263990,0.070506,0.002865,-0.034302,0.122836,-0.015320,0.167672,-0.611930,0.945606,0.714497,0.036922,-0.059520,0.032718,-0.145829,0.433375,0.809017,-0.817134,0.225467,0.007289
-7.557683,5.033307,0.788078,0.002786,-0.000897,-0.653616,0.756821,0.008713,-0.052220,0.188371,0.252803,-0.280521,0.055590,-0.126353,-0.107954,0.052212,0.485962,-0.261008,0.070631,0.002466,-0.035607,0.123068,-0.017730,0.169323,-0.616948,0.951977,0.713345,0.036726,-0.072906,0.039113,-0.147254,0.433454,0.803993,-0.815629,0.223743,0.002494
-7.556425,5.033053,0.788064,0.002063,-0.001184,-0.653713,0.756739,0.009901,-0.053201,0.189086,0.254326,-0.280861,0.057393,-0.126852,-0.108599,0.053170,0.490481,-0.257878,0.070578,0.001806,-0.036530,0.123092,-0.020634,0.171696,-0.624010,0.958015,0.713461,0.034478,-0.088798,0.046569,-0.149730,0.435196,0.797745,-0.814466,0.220901,-0.002403
-7.555184,5.032683,0.788025,0.001157,-0.001570,-0.653415,0.756997,0.011543,-0.054170,0.188756,0.256037,-0.281615,0.059107,-0.125644,-0.109488,0.052840,0.493232,-0.255413,0.070250,0.001051,-0.037078,0.122941,-0.023475,0.174477,-0.631425,0.962505,0.713530,0.029699,-0.104678,0.054277,-0.152518,0.437726,0.790754,-0.813130,0.218515,-0.007398
-7.553960,5.032249,0.787908,0.000361,-0.002104,-0.653140,0.757234,0.013582,-0.055497,0.188437,0.257449,-0.282564,0.060763,-0.123856,-0.110884,0.052001,0.495142,-0.255061,0.069607,0.000492,-0.037409,0.122507,-0.027969,0.176430,-0.637107,0.967742,0.712094,0.022385,-0.118275,0.060450,-0.151048,0.443206,0.782639,-0.811241,0.223625,-0.012037
-7.552724,5.031747,0.787742,-0.000365,-0.002689,-0.653121,0.757248,0.016451,-0.057045,0.188677,0.257625,-0.283335,0.062356,-0.122022,-0.112497,0.051155,0.496897,-0.255646,0.068750,0.000305,-0.037704,0.121643,-0.029325,0.179228,-0.640234,0.970174,0.708956,0.014425,-0.128292,0.066236,-0.152391,0.447050,0.776872,-0.807454,0.226774,-0.015683
-7.551489,5.031176,0.787536,-0.001042,-0.003314,-0.653383,0.757019,0.019911,-0.058698,0.189549,0.256967,-0.284025,0.063851,-0.120129,-0.114228,0.050295,0.498658,-0.256950,0.067640,0.000403,-0.038097,0.120288,-0.028718,0.181645,-0.639971,0.971233,0.703353,0.008464,-0.137124,0.070636,-0.153840,0.449930,0.774223,-0.802955,0.229484,-0.018676
-7.550293,5.030562,0.787281,-0.001607,-0.004016,-0.653783,0.756669,0.023336,-0.060492,0.190809,0.256390,-0.284871,0.065248,-0.118466,-0.116154,0.049337,0.501048,-0.259183,0.066308,0.000603,-0.038695,0.118530,-0.027317,0.183554,-0.637685,0.971878,0.696440,0.005152,-0.146435,0.073438,-0.154641,0.451993,0.774018,-0.798540,0.232612,-0.021597
-7.549176,5.029917,0.786992,-0.002048,-0.004761,-0.654085,0.756403,0.026495,-0.062411,0.191923,0.256076,-0.285835,0.066507,-0.116956,-0.118237,0.048032,0.503873,-0.262174,0.064741,0.000896,-0.039562,0.116515,-0.026322,0.185492,-0.636287,0.972578,0.691222,0.003653,-0.156335,0.075262,-0.154787,0.453568,0.774974,-0.794753,0.235895,-0.024855
-7.548165,5.029237,0.786694,-0.002406,-0.005515,-0.654164,0.756329,0.029442,-0.064344,0.192539,0.255948,-0.286861,0.067509,-0.115472,-0.120571,0.045411,0.506914,-0.265594,0.062641,0.001393,-0.040697,0.114346,-0.026279,0.187633,-0.636766,0.973835,0.688751,0.002823,-0.166878,0.076652,-0.154703,0.455893,0.776308,-0.792502,0.238624,-0.028067
-7.547269,5.028509,0.786421,-0.002738,-0.006231,-0.654160,0.756326,0.032430,-0.066110,0.192891,0.255617,-0.287784,0.068211,-0.113884,-0.123605,0.039378,0.509868,-0.268733,0.059977,0.002121,-0.042062,0.111992,-0.026912,0.189821,-0.637675,0.975781,0.687695,0.002278,-0.177361,0.077230,-0.154819,0.460532,0.777965,-0.792710,0.240416,-0.030149
-7.546504,5.027726,0.786178,-0.003065,-0.006910,-0.654217,0.756269,0.035620,-0.067591,0.193271,0.254932,-0.288563,0.068578,-0.111988,-0.126811,0.031680,0.512511,-0.271690,0.057731,0.002825,-0.043589,0.109443,-0.027636,0.192179,-0.637956,0.977516,0.687635,0.001893,-0.184320,0.076280,-0.155373,0.467739,0.779789,-0.795249,0.241504,-0.030655
-7.545869,5.026916,0.785955,-0.003355,-0.007528,-0.654466,0.756047,0.038786,-0.068745,0.193976,0.254120,-0.289237,0.068648,-0.110270,-0.129975,0.023289,0.515224,-0.274573,0.055887,0.003344,-0.045251,0.106841,-0.027920,0.194800,-0.637293,0.978217,0.688758,0.001747,-0.184682,0.073532,-0.156553,0.476533,0.781027,-0.799270,0.241940,-0.029393
-7.545360,5.026125,0.785728,-0.003445,-0.008115,-0.654975,0.755599,0.041356,-0.069826,0.195240,0.253777,-0.289932,0.068565,-0.109759,-0.133332,0.014453,0.519133,-0.277517,0.053200,0.003650,-0.047059,0.104343,-0.027578,0.197049,-0.635006,0.978448,0.689460,0.002340,-0.181150,0.069727,-0.158259,0.484771,0.780874,-0.803443,0.242124,-0.026720
-7.544975,5.025343,0.785500,-0.003328,-0.008844,-0.655684,0.754977,0.043554,-0.071113,0.196978,0.253973,-0.290661,0.068404,-0.110285,-0.137122,0.005573,0.524268,-0.280138,0.050200,0.003850,-0.048947,0.101900,-0.027278,0.198432,-0.631351,0.979394,0.688332,0.003953,-0.179356,0.066235,-0.159772,0.490259,0.779441,-0.806233,0.242787,-0.023307
-7.544728,5.024509,0.785290,-0.003170,-0.009866,-0.656292,0.754435,0.046011,-0.072602,0.198504,0.254603,-0.291443,0.068043,-0.110371,-0.140298,0.000097,0.529338,-0.282675,0.048429,0.003937,-0.050779,0.099385,-0.028217,0.199619,-0.628628,0.981174,0.687674,0.006439,-0.179522,0.064046,-0.160191,0.492056,0.777900,-0.806572,0.244487,-0.019833
-7.544606,5.023587,0.785179,-0.003131,-0.010991,-0.656558,0.754189,0.048970,-0.073954,0.199213,0.255001,-0.291598,0.067453,-0.108803,-0.142804,-0.003667,0.532402,-0.284194,0.047399,0.004026,-0.052392,0.096748,-0.030937,0.201526,-0.628249,0.982661,0.691047,0.009314,-0.174728,0.063067,-0.159156,0.490733,0.777266,-0.804620,0.247058,-0.016966
-7.544593,5.022635,0.785218,-0.003098,-0.011803,-0.656408,0.754307,0.051641,-0.074882,0.198935,0.254771,-0.290818,0.066717,-0.106329,-0.144606,-0.006779,0.533064,-0.283568,0.047026,0.004044,-0.053590,0.093995,-0.034908,0.203669,-0.627961,0.983143,0.698533,0.013152,-0.158028,0.062323,-0.157025,0.487229,0.777452,-0.801391,0.249965,-0.015260
-7.544679,5.021726,0.785366,-0.002898,-0.012105,-0.655964,0.754690,0.053186,-0.075340,0.197971,0.254245,-0.289600,0.065927,-0.104067,-0.145705,-0.009131,0.531995,-0.281335,0.047352,0.003896,-0.054249,0.091042,-0.039271,0.204349,-0.624271,0.983203,0.707168,0.019477,-0.128716,0.060939,-0.154129,0.481754,0.778041,-0.797285,0.252951,-0.015076
-7.544831,5.020873,0.785526,-0.002592,-0.011934,-0.655393,0.755189,0.053563,-0.075302,0.196532,0.253955,-0.288925,0.065125,-0.102206,-0.146102,-0.010726,0.529927,-0.278955,0.048421,0.003628,-0.054301,0.087796,-0.043279,0.202412,-0.616147,0.983647,0.714538,0.028852,-0.091965,0.058416,-0.150539,0.474717,0.779754,-0.792326,0.256081,-0.015725
-7.545010,5.020029,0.785616,-0.002254,-0.011430,-0.654821,0.755695,0.053457,-0.074905,0.194937,0.253646,-0.289390,0.064379,-0.100577,-0.146013,-0.011935,0.527452,-0.277676,0.049876,0.003203,-0.053805,0.084384,-0.045984,0.198014,-0.604761,0.984212,0.719709,0.039910,-0.054196,0.054347,-0.146642,0.467706,0.783948,-0.787721,0.259467,-0.015763
-7.545183,5.019146,0.785600,-0.001814,-0.010854,-0.654447,0.756028,0.053904,-0.074657,0.193775,0.252255,-0.290475,0.063795,-0.098982,-0.145922,-0.012919,0.524834,-0.278311,0.051618,0.002591,-0.052939,0.081139,-0.046480,0.192029,-0.591539,0.983936,0.721981,0.050126,-0.019845,0.048728,-0.143276,0.462851,0.790728,-0.785832,0.262853,-0.014527
-7.545333,5.018226,0.785479,-0.001259,-0.010479,-0.654462,0.756021,0.055782,-0.074967,0.193528,0.248915,-0.291615,0.063352,-0.097043,-0.146315,-0.014004,0.521797,-0.280913,0.053618,0.001953,-0.051893,0.078351,-0.045036,0.185631,-0.578549,0.982481,0.721294,0.057018,0.007910,0.042352,-0.140985,0.461232,0.798576,-0.787772,0.265356,-0.012534
-7.545455,5.017316,0.785261,-0.000675,-0.010422,-0.654859,0.755679,0.058772,-0.075822,0.194174,0.244588,-0.292927,0.063139,-0.094823,-0.147203,-0.015084,0.518679,-0.284890,0.055688,0.001535,-0.050767,0.076176,-0.043338,0.180091,-0.569112,0.980510,0.719430,0.059168,0.025807,0.036203,-0.139817,0.462426,0.805731,-0.792280,0.265977,-0.010053
-7.545567,5.016466,0.784954,-0.000081,-0.010591,-0.655475,0.755143,0.061619,-0.076939,0.195325,0.241210,-0.294942,0.063179,-0.092893,-0.148454,-0.015984,0.516386,-0.289749,0.057792,0.001460,-0.049617,0.074625,-0.042911,0.176217,-0.565392,0.978747,0.718588,0.056680,0.031844,0.030818,-0.139723,0.465392,0.811031,-0.797429,0.264369,-0.006590
-7.545705,5.015696,0.784591,0.000543,-0.010789,-0.656132,0.754568,0.063776,-0.078025,0.196638,0.239009,-0.297492,0.063362,-0.091778,-0.149727,-0.016510,0.515470,-0.294967,0.059703,0.001652,-0.048563,0.073617,-0.043837,0.173855,-0.565976,0.977220,0.718851,0.050935,0.027357,0.026523,-0.140600,0.469202,0.813673,-0.802463,0.261084,-0.002368
-7.545916,5.015010,0.784205,0.001310,-0.010937,-0.656789,0.753994,0.065356,-0.079108,0.198040,0.237058,-0.299881,0.063555,-0.091690,-0.150831,-0.016298,0.515919,-0.300789,0.061057,0.001874,-0.047761,0.073075,-0.045165,0.171963,-0.567295,0.975553,0.718393,0.043944,0.016787,0.023647,-0.142120,0.472790,0.813387,-0.807299,0.257468,0.001154
-7.546230,5.014430,0.783835,0.002324,-0.010998,-0.657295,0.753549,0.066071,-0.080306,0.199198,0.235166,-0.301611,0.063740,-0.092638,-0.151946,-0.015843,0.517479,-0.307099,0.061433,0.001852,-0.047352,0.072964,-0.046299,0.169603,-0.567376,0.973669,0.716366,0.037345,0.005622,0.022460,-0.143443,0.474508,0.810872,-0.811150,0.255154,0.002343
-7.546652,5.013957,0.783550,0.003522,-0.010881,-0.657409,0.753447,0.065428,-0.081423,0.199586,0.233981,-0.302636,0.063939,-0.094732,-0.153019,-0.015655,0.520279,-0.312190,0.060772,0.001283,-0.047339,0.073314,-0.047414,0.166683,-0.567127,0.972168,0.714167,0.031883,-0.002260,0.022990,-0.143578,0.473058,0.807549,-0.812942,0.254937,0.000854
-7.547176,5.013543,0.783386,0.004733,-0.010592,-0.657147,0.753673,0.063624,-0.082127,0.199229,0.234011,-0.303167,0.064022,-0.097760,-0.153798,-0.015771,0.524177,-0.314915,0.059324,0.000121,-0.047570,0.074127,-0.048717,0.163516,-0.568235,0.972137,0.713408,0.027885,-0.007149,0.025031,-0.142123,0.468382,0.804567,-0.812314,0.256306,-0.002470
-7.547799,5.013118,0.783319,0.005871,-0.010277,-0.656886,0.753897,0.061403,-0.082419,0.198698,0.235165,-0.303068,0.063753,-0.101120,-0.154152,-0.015711,0.528431,-0.316076,0.057424,-0.001341,-0.047901,0.075338,-0.049993,0.160155,-0.570820,0.974215,0.713817,0.025527,-0.012767,0.027963,-0.139750,0.461968,0.802151,-0.810109,0.257840,-0.006360
-7.548519,5.012647,0.783287,0.006973,-0.009974,-0.656856,0.753918,0.059304,-0.082362,0.198664,0.236656,-0.302618,0.063069,-0.104362,-0.154141,-0.015311,0.532274,-0.317085,0.055447,-0.002755,-0.048253,0.076855,-0.051080,0.156556,-0.573834,0.977796,0.714046,0.024022,-0.022321,0.030834,-0.137772,0.455879,0.799688,-0.808021,0.258432,-0.010084
-7.549344,5.012144,0.783236,0.008135,-0.009651,-0.657027,0.753761,0.057335,-0.082136,0.199054,0.237926,-0.302217,0.062027,-0.107148,-0.153971,-0.014870,0.535003,-0.319114,0.053690,-0.003946,-0.048603,0.078568,-0.051882,0.153000,-0.576671,0.981425,0.713436,0.021516,-0.036003,0.033168,-0.137235,0.451455,0.796519,-0.807326,0.257728,-0.012885
-7.550266,5.011626,0.783154,0.009302,-0.009144,-0.657292,0.753523,0.055670,-0.081641,0.199453,0.238144,-0.302238,0.060681,-0.109368,-0.153368,-0.014311,0.536247,-0.321579,0.052616,-0.004943,-0.048933,0.080368,-0.052383,0.150281,-0.579749,0.984050,0.712304,0.016321,-0.052711,0.035041,-0.138084,0.448664,0.792407,-0.808027,0.255891,-0.014357
-7.551294,5.011117,0.782984,0.010410,-0.008381,-0.657622,0.753230,0.053995,-0.080652,0.199700,0.238009,-0.303921,0.059000,-0.111404,-0.152048,-0.013296,0.536555,-0.324380,0.052366,-0.005847,-0.049266,0.082256,-0.052714,0.149090,-0.583552,0.985524,0.711424,0.008744,-0.070960,0.036889,-0.139464,0.446651,0.787681,-0.809242,0.253538,-0.014707
-7.552461,5.010652,0.782613,0.011509,-0.007424,-0.658030,0.752867,0.051899,-0.079175,0.199818,0.238513,-0.308543,0.056833,-0.114162,-0.150179,-0.012072,0.537653,-0.328615,0.052126,-0.006695,-0.049682,0.084409,-0.052954,0.149161,-0.587423,0.986465,0.710828,0.001438,-0.089110,0.039283,-0.140525,0.444491,0.782659,-0.810085,0.251258,-0.014930
-7.553796,5.010247,0.781914,0.012663,-0.006274,-0.658659,0.752309,0.049818,-0.077445,0.199856,0.238648,-0.316431,0.055098,-0.118536,-0.147925,-0.010904,0.540934,-0.335462,0.051898,-0.007416,-0.050216,0.087045,-0.052833,0.149251,-0.590167,0.987539,0.709083,-0.003261,-0.108105,0.042618,-0.141270,0.442101,0.777290,-0.810642,0.248919,-0.016133
-7.555353,5.009899,0.780616,0.014229,-0.005009,-0.659821,0.751272,0.046941,-0.075873,0.200252,0.239558,-0.329949,0.054231,-0.124248,-0.145905,-0.010495,0.545419,-0.350504,0.051156,-0.007804,-0.050870,0.090235,-0.052195,0.148618,-0.593251,0.988090,0.705855,-0.007394,-0.132166,0.046955,-0.143312,0.440350,0.770778,-0.812181,0.244959,-0.018794
-7.557038,5.009534,0.778595,0.015873,-0.002929,-0.661381,0.749876,0.041838,-0.073110,0.200721,0.243266,-0.353496,0.053824,-0.131093,-0.143207,-0.012129,0.550326,-0.373204,0.048309,-0.007853,-0.051615,0.093909,-0.051878,0.149348,-0.600708,0.985330,0.704348,-0.016012,-0.161144,0.052237,-0.147123,0.439520,0.761929,-0.815221,0.237656,-0.022989
-7.558838,5.009014,0.775982,0.018228,-0.000495,-0.663144,0.748270,0.028280,-0.068895,0.202818,0.261877,-0.378160,0.052453,-0.137281,-0.141622,-0.016485,0.552120,-0.400897,0.045789,-0.007736,-0.053064,0.098133,-0.052500,0.151391,-0.612399,0.976912,0.706215,-0.030470,-0.184069,0.058783,-0.152411,0.437408,0.750840,-0.817229,0.227906,-0.027817
-7.560683,5.008159,0.772109,0.021500,0.002200,-0.665145,0.746401,0.008273,-0.063940,0.206700,0.292040,-0.404895,0.049908,-0.142908,-0.143337,-0.028004,0.550739,-0.436029,0.043400,-0.007151,-0.055817,0.102744,-0.054269,0.153844,-0.622076,0.964839,0.708917,-0.044430,-0.189306,0.068117,-0.156070,0.429550,0.740667,-0.810823,0.218026,-0.031952
-7.562569,5.006413,0.769437,0.025512,0.004864,-0.667722,0.743957,-0.011147,-0.059164,0.212491,0.321629,-0.429582,0.045947,-0.148465,-0.150473,-0.047308,0.552605,-0.472068,0.040178,-0.005803,-0.059726,0.107562,-0.057369,0.155205,-0.625590,0.953932,0.710727,-0.050990,-0.177592,0.081309,-0.155703,0.413270,0.735073,-0.790895,0.209672,-0.037260
-7.564278,5.003852,0.767415,0.029219,0.008113,-0.670664,0.741141,-0.023339,-0.053972,0.219450,0.338200,-0.447581,0.040540,-0.156901,-0.158599,-0.068361,0.562758,-0.494058,0.040393,-0.004113,-0.063741,0.112605,-0.062559,0.155696,-0.623972,0.945621,0.713102,-0.050820,-0.157390,0.097552,-0.152009,0.390324,0.732370,-0.761883,0.202017,-0.050077
-7.565963,5.000489,0.765784,0.033421,0.011416,-0.673577,0.738272,-0.031723,-0.049591,0.227161,0.347380,-0.460756,0.033952,-0.168305,-0.172098,-0.096756,0.581697,-0.506990,0.048346,-0.002333,-0.067626,0.118193,-0.069431,0.153622,-0.617207,0.937233,0.714017,-0.050203,-0.133627,0.116545,-0.150787,0.364184,0.724736,-0.734322,0.192538,-0.072910
-7.567744,4.996264,0.764501,0.038993,0.014436,-0.675328,0.736345,-0.041938,-0.047263,0.233365,0.358462,-0.472553,0.026690,-0.184500,-0.195685,-0.138225,0.617081,-0.512920,0.054970,-0.001214,-0.072220,0.124636,-0.075027,0.147465,-0.601325,0.924709,0.710475,-0.051935,-0.111453,0.136529,-0.151519,0.336520,0.712249,-0.713234,0.177538,-0.099982
-7.569600,4.992010,0.765551,0.046129,0.017899,-0.674946,0.736207,-0.055343,-0.047802,0.234898,0.369484,-0.485368,0.021125,-0.197735,-0.229463,-0.185584,0.679019,-0.505940,0.040115,-0.001645,-0.077839,0.131317,-0.087821,0.140340,-0.582927,0.918515,0.695886,-0.056915,-0.092711,0.174245,-0.163826,0.306930,0.668837,-0.692120,0.157577,-0.108324
-7.571270,4.987328,0.763365,0.055161,0.021777,-0.671933,0.738234,-0.073238,-0.053306,0.230089,0.383256,-0.498728,0.019803,-0.213034,-0.262475,-0.214021,0.766315,-0.492587,0.014351,-0.004479,-0.083775,0.137308,-0.100482,0.133549,-0.562056,0.909447,0.681444,-0.060534,-0.069134,0.223029,-0.175781,0.279202,0.611890,-0.667038,0.137273,-0.099016
-7.572978,4.982520,0.758629,0.067804,0.025037,-0.666465,0.742024,-0.106249,-0.064923,0.220634,0.418862,-0.518334,0.020029,-0.225973,-0.292546,-0.214410,0.865123,-0.487966,0.003768,-0.008462,-0.089453,0.141641,-0.104407,0.131569,-0.531929,0.880705,0.666114,-0.064901,-0.031039,0.276084,-0.194665,0.268078,0.560125,-0.634641,0.117106,-0.076654
-7.574850,4.977425,0.751648,0.082737,0.029483,-0.657310,0.748485,-0.163037,-0.076439,0.207600,0.493390,-0.549007,0.019638,-0.234172,-0.313412,-0.194247,0.963955,-0.463147,0.008023,-0.010764,-0.093120,0.145418,-0.092601,0.131687,-0.480661,0.831855,0.639392,-0.069362,0.021095,0.328180,-0.226555,0.290807,0.530123,-0.612004,0.098738,-0.039829
-7.577032,4.971689,0.743136,0.098265,0.036752,-0.643750,0.758010,-0.256680,-0.078872,0.198206,0.633263,-0.568857,0.012803,-0.222609,-0.325442,-0.179451,1.035938,-0.401695,0.009106,-0.007222,-0.092153,0.152406,-0.065268,0.125394,-0.401594,0.781345,0.589077,-0.062583,0.067721,0.355419,-0.272131,0.347117,0.537566,-0.626067,0.090987,0.002285
-7.579639,4.964532,0.736816,0.113930,0.045046,-0.627699,0.768756,-0.404029,-0.067907,0.200778,0.875131,-0.529995,-0.005940,-0.184340,-0.325731,-0.170941,1.051229,-0.314431,0.011994,0.003808,-0.085033,0.167727,-0.020964,0.113414,-0.312899,0.754380,0.523945,-0.032277,0.087903,0.315217,-0.315537,0.410015,0.583174,-0.672448,0.100522,0.005041
-7.582408,4.955490,0.730275,0.131759,0.049777,-0.616762,0.774446,-0.616541,-0.045169,0.208849,1.206078,-0.432820,-0.060074,-0.117744,-0.324170,-0.170068,0.975108,-0.266610,0.017292,0.019825,-0.074675,0.194439,0.044024,0.111062,-0.258600,0.773701,0.485761,0.024790,0.071067,0.199692,-0.337046,0.434727,0.614812,-0.717074,0.117545,-0.064487
-7.584669,4.943642,0.715344,0.142974,0.056419,-0.617406,0.771483,-0.858150,-0.006923,0.209091,1.520721,-0.425728,-0.060663,-0.044950,-0.308665,-0.155060,0.861511,-0.376691,0.110461,0.032343,-0.062385,0.232880,0.156814,0.154750,-0.274114,0.833365,0.503102,0.079803,0.011177,0.020885,-0.327093,0.401472,0.578353,-0.746509,0.106547,-0.182577
-7.584942,4.927206,0.698225,0.145251,0.068356,-0.630764,0.759188,-1.100895,0.068899,0.197216,1.747473,-0.434576,-0.058717,0.009606,-0.283569,-0.122244,0.781323,-0.532370,0.176265,0.037065,-0.051749,0.281294,0.324892,0.234724,-0.344836,0.916372,0.543408,0.076653,-0.082486,-0.199791,-0.278305,0.349408,0.449154,-0.758469,0.051203,-0.302443
-7.582991,4.904302,0.681827,0.143292,0.087998,-0.649377,0.741642,-1.303015,0.171369,0.174413,1.839717,-0.470521,-0.011714,0.056951,-0.262613,-0.121716,0.695268,-0.642306,0.196660,0.048160,-0.048107,0.328429,0.549701,0.314721,-0.401387,0.968362,0.547547,-0.008124,-0.144916,-0.399264,-0.204490,0.299664,0.223833,-0.751837,-0.050910,-0.388673
-7.579277,4.873328,0.670198,0.145716,0.111635,-0.659208,0.729211,-1.430854,0.243898,0.157594,1.812552,-0.476750,-0.006784,0.119323,-0.239077,-0.142615,0.564710,-0.648710,0.213474,0.076383,-0.053220,0.361252,0.763777,0.366600,-0.394795,0.932352,0.482784,-0.095806,-0.163017,-0.527532,-0.155396,0.272320,-0.027470,-0.693981,-0.152490,-0.417548
-7.574551,4.833892,0.666041,0.156677,0.136811,-0.655263,0.726200,-1.438261,0.274642,0.166567,1.697497,-0.440306,-0.052166,0.169818,-0.207703,-0.167502,0.440679,-0.467993,0.199251,0.113273,-0.068101,0.374539,0.878345,0.366321,-0.327286,0.862886,0.356112,-0.159582,-0.151699,-0.517221,-0.186281,0.285775,-0.179253,-0.639129,-0.164594,-0.387115
-7.569013,4.786107,0.666218,0.164011,0.162397,-0.647374,0.726385,-1.319150,0.274493,0.170760,1.538115,-0.358422,-0.078519,0.156118,-0.173818,-0.182232,0.448448,-0.137456,0.214451,0.138330,-0.091881,0.374030,0.858637,0.326658,-0.266742,0.777769,0.215712,-0.172696,-0.118206,-0.364191,-0.282600,0.326938,-0.130598,-0.625077,-0.076055,-0.315158
-7.562155,4.731926,0.668637,0.154123,0.186142,-0.640145,0.729254,-1.111071,0.256236,0.149496,1.379207,-0.632337,-0.107982,0.081412,-0.125578,-0.194370,0.712007,0.068170,0.246242,0.143867,-0.115208,0.370053,0.689507,0.298521,-0.260489,0.697949,0.145897,-0.131183,-0.047457,-0.161362,-0.361652,0.424372,0.128681,-0.619129,0.089459,-0.217940
-7.555472,4.673135,0.674145,0.159662,0.189349,-0.619847,0.744610,-0.969550,0.240268,0.177123,1.293617,-0.696021,-0.105259,-0.086466,-0.071141,-0.104966,1.156659,0.022233,0.246299,0.126084,-0.137976,0.383700,0.374226,0.295477,-0.296421,0.649932,0.183483,-0.087997,0.036936,0.062721,-0.385959,0.467773,0.422156,-0.573562,0.236888,-0.157105
-7.548911,4.610640,0.678855,0.181880,0.180042,-0.587209,0.767913,-0.868829,0.165049,0.169589,1.232620,-0.641673,-0.124734,-0.304319,-0.107554,-0.078456,1.639458,-0.079888,0.239304,0.105389,-0.159280,0.410372,-0.000124,0.271439,-0.307326,0.609448,0.276538,-0.084301,0.131795,0.366847,-0.367897,0.434789,0.622248,-0.489303,0.278079,-0.204878
-7.540598,4.543465,0.680955,0.195084,0.170831,-0.548683,0.794799,-0.730539,0.094971,0.128178,1.121157,-0.662353,-0.161119,-0.552722,-0.145517,-0.018108,2.026026,-0.229542,0.118479,0.067492,-0.170062,0.437979,-0.318525,0.232003,-0.252010,0.502352,0.353053,-0.120862,0.215984,0.721665,-0.337806,0.371522,0.668145,-0.410283,0.202990,-0.266157
-7.529309,4.472177,0.683662,0.186476,0.167333,-0.529962,0.810165,-0.536511,0.096798,0.094344,0.951745,-0.702231,-0.202275,-0.850380,-0.150140,0.086058,2.233426,-0.340353,0.026426,0.010400,-0.166321,0.458844,-0.537280,0.218266,-0.178030,0.310124,0.398433,-0.189463,0.250079,1.033057,-0.339456,0.318385,0.631409,-0.373024,0.081256,-0.297964
-7.514159,4.395550,0.688278,0.165685,0.172676,-0.539794,0.807065,-0.306194,0.138141,0.077163,0.739755,-0.650624,-0.221707,-1.151290,-0.102523,0.167684,2.199974,-0.374935,0.002585,-0.045814,-0.153387,0.465785,-0.638782,0.274991,-0.153559,0.101485,0.424433,-0.254750,0.210001,1.241781,-0.386764,0.238223,0.524865,-0.388208,0.004425,-0.296934
-7.494798,4.312069,0.693578,0.147566,0.183502,-0.566146,0.789956,-0.081074,0.167548,0.088578,0.544026,-0.426860,-0.205384,-1.342463,-0.046473,0.159824,1.952832,-0.426220,0.014166,-0.078349,-0.133689,0.453565,-0.578121,0.368034,-0.188155,-0.010293,0.459332,-0.254173,0.135165,1.270503,-0.434198,0.162534,0.392181,-0.449057,-0.003556,-0.277976
-7.473046,4.222589,0.700370,0.135845,0.189032,-0.597230,0.767548,0.095842,0.158129,0.149569,0.469062,-0.047734,-0.197447,-1.369809,-0.035180,0.092622,1.597919,-0.489139,0.109159,-0.086270,-0.110074,0.428171,-0.397448,0.410182,-0.267537,0.076897,0.517453,-0.164451,0.071003,1.088091,-0.452573,0.150243,0.270327,-0.533947,0.022681,-0.254136
-7.450559,4.130385,0.701754,0.121541,0.184249,-0.632731,0.742248,0.150866,0.005697,0.017178,0.649941,0.122896,-0.244874,-1.248192,-0.017666,0.020754,1.272248,-0.489024,0.211037,-0.077592,-0.091420,0.406143,-0.200380,0.356997,-0.347764,0.355834,0.576807,0.000533,0.005427,0.743906,-0.406854,0.203562,0.185465,-0.625780,0.042329,-0.240547
-7.429031,4.038503,0.700214,0.104445,0.171265,-0.661277,0.722823,0.088200,-0.051631,0.099232,1.084177,0.084397,-0.241562,-1.054984,-0.010710,-0.043171,1.105229,-0.450444,0.155833,-0.087770,-0.084330,0.399901,-0.016013,0.268774,-0.384940,0.667303,0.603378,0.162065,-0.057471,0.332542,-0.283697,0.264608,0.140501,-0.695550,0.036850,-0.243046
-7.408789,3.947490,0.694210,0.083522,0.160280,-0.689894,0.700985,-0.054437,0.051862,0.233370,1.619221,-0.065582,-0.119635,-0.858195,0.017566,-0.065662,1.080926,-0.555801,0.053806,-0.086938,-0.073582,0.408070,0.196828,0.189952,-0.397610,0.858518,0.594393,0.204327,-0.077906,-0.040438,-0.097009,0.298487,0.095816,-0.734989,0.001374,-0.290307
-7.389943,3.858462,0.692068,0.068871,0.152060,-0.713107,0.680892,-0.325059,0.066630,0.257215,2.056926,-0.219121,-0.022744,-0.688112,0.035907,-0.032842,1.072063,-0.647530,0.059721,-0.051210,-0.057558,0.429611,0.448858,0.176263,-0.419497,0.852953,0.581183,0.091881,-0.068876,-0.348934,0.076326,0.301930,0.008080,-0.734558,-0.069456,-0.362094
-7.372054,3.768149,0.693907,0.069063,0.139529,-0.722603,0.673503,-0.735862,0.084075,0.235446,2.273692,-0.310451,0.042872,-0.506892,0.000436,0.004407,1.003492,-0.695366,0.091274,0.015164,-0.047322,0.453802,0.674191,0.236167,-0.460186,0.728154,0.569518,-0.076987,-0.061096,-0.611667,0.140857,0.292086,-0.103550,-0.712390,-0.150227,-0.403922
-7.354536,3.669758,0.700114,0.070270,0.134780,-0.716130,0.681215,-1.145609,0.082800,0.196675,2.196269,-0.312120,0.111088,-0.267912,-0.048018,0.003279,0.832547,-0.669628,0.126061,0.083956,-0.043824,0.461455,0.796295,0.326211,-0.479865,0.627189,0.513734,-0.186505,-0.071019,-0.779471,0.080284,0.285334,-0.191260,-0.694186,-0.192961,-0.376872
-7.337919,3.561454,0.702778,0.065348,0.139277,-0.703547,0.693796,-1.360569,0.083690,0.199007,1.899363,-0.341409,0.103309,0.009009,-0.051366,-0.002164,0.597400,-0.453293,0.155001,0.125570,-0.048006,0.441001,0.813943,0.356517,-0.468055,0.588208,0.416103,-0.197509,-0.086576,-0.786725,-0.035960,0.299711,-0.203220,-0.685843,-0.164014,-0.311116
-7.320933,3.447387,0.706356,0.049318,0.149965,-0.689878,0.706503,-1.384513,0.096727,0.250910,1.516099,-0.349984,0.060254,0.241526,-0.006406,-0.002919,0.458674,-0.062982,0.243437,0.136083,-0.053013,0.406873,0.714818,0.320192,-0.433617,0.603618,0.308348,-0.142811,-0.071264,-0.638450,-0.114451,0.322644,-0.124283,-0.704831,-0.079432,-0.251319
-7.302055,3.331908,0.705872,0.022852,0.161276,-0.674682,0.719911,-1.259122,0.106720,0.345151,1.162284,-0.354259,0.013830,0.337485,0.103215,0.041457,0.646406,0.065775,0.247421,0.129708,-0.045471,0.376362,0.527725,0.268008,-0.374653,0.629852,0.243177,-0.071823,-0.008951,-0.419541,-0.129628,0.340377,0.044082,-0.731253,0.031517,-0.228522
-7.280207,3.218944,0.703404,-0.001877,0.165736,-0.660202,0.732571,-1.049509,0.120308,0.478334,0.969045,-0.318086,0.008585,0.260064,0.054191,-0.068456,1.157494,0.054792,0.244177,0.125125,-0.026909,0.359496,0.296088,0.229559,-0.308724,0.632150,0.244528,-0.017947,0.073775,-0.188928,-0.114503,0.329499,0.240460,-0.744618,0.129007,-0.233175
-7.255656,3.108057,0.698297,-0.007421,0.155122,-0.641898,0.750899,-0.834414,0.056842,0.489816,0.906229,-0.393611,0.235894,0.090026,-0.050806,-0.054710,1.735753,-0.112088,0.167128,0.113698,-0.027891,0.354720,0.066757,0.214921,-0.258091,0.594738,0.306913,-0.030704,0.135076,0.055799,-0.127678,0.290925,0.373709,-0.722105,0.171696,-0.246186
-7.228960,2.996310,0.698296,-0.003462,0.147125,-0.611213,0.777664,-0.632715,-0.000552,0.465656,0.931330,-0.610453,0.247217,-0.167282,-0.119444,0.022378,2.178866,-0.268137,0.102874,0.088406,-0.036787,0.356487,-0.166770,0.222059,-0.248676,0.502375,0.417292,-0.098152,0.156620,0.340380,-0.161803,0.247890,0.394390,-0.679033,0.140065,-0.270459
-7.197446,2.884523,0.694816,-0.002533,0.147611,-0.576366,0.803745,-0.450650,-0.071615,0.384710,0.934897,-0.728428,0.247710,-0.564187,-0.118056,0.132427,2.374428,-0.365339,0.010813,0.045809,-0.040163,0.365213,-0.367218,0.257605,-0.252711,0.341516,0.541335,-0.187516,0.163871,0.623180,-0.208276,0.212188,0.326979,-0.646120,0.069484,-0.282716
-7.160458,2.769673,0.690550,-0.011676,0.153574,-0.554527,0.817789,-0.224469,-0.099605,0.306189,0.855901,-0.741512,0.247486,-0.968706,-0.072808,0.201207,2.275216,-0.377808,-0.035986,-0.006030,-0.036734,0.363356,-0.494657,0.317836,-0.223806,0.154403,0.610731,-0.251409,0.161346,0.868595,-0.267159,0.178775,0.235264,-0.647694,0.006097,-0.266984
-7.116111,2.649989,0.686508,-0.025761,0.159405,-0.549899,0.819474,0.047562,-0.108698,0.249476,0.685206,-0.584497,0.241421,-1.221388,-0.073491,0.180858,1.948849,-0.394700,-0.037400,-0.058398,-0.025675,0.338257,-0.497459,0.382466,-0.183429,0.002182,0.607447,-0.270976,0.143657,1.016566,-0.327654,0.144114,0.160779,-0.683081,-0.010314,-0.213282
-7.065991,2.527312,0.687558,-0.038150,0.163725,-0.557414,0.813036,0.311610,-0.122411,0.184756,0.508384,-0.206800,0.119275,-1.283428,-0.070893,0.105331,1.470167,-0.398692,0.035876,-0.095495,-0.008259,0.295339,-0.369905,0.440621,-0.183060,-0.079226,0.575807,-0.250786,0.107501,1.056577,-0.387672,0.108999,0.104040,-0.728472,-0.002960,-0.142983
-7.012159,2.405040,0.684483,-0.045111,0.160468,-0.561486,0.810523,0.484253,-0.190863,0.006869,0.536379,-0.002999,-0.042312,-1.182789,-0.036427,0.105603,0.917759,-0.363034,0.184701,-0.111148,0.015202,0.253186,-0.168961,0.461155,-0.262466,-0.060101,0.563455,-0.206778,0.050063,0.998959,-0.431810,0.080962,0.064044,-0.763688,0.010596,-0.092384
-6.957875,2.287217,0.680056,-0.046494,0.149351,-0.550596,0.819986,0.498633,-0.172400,0.038907,0.919912,-0.016433,-0.062288,-1.000638,-0.017568,0.168032,0.522305,-0.290123,0.245012,-0.117971,0.028733,0.230475,0.014235,0.443538,-0.396884,0.073206,0.583126,-0.137398,-0.022377,0.838837,-0.443593,0.094303,0.045355,-0.794194,0.031741,-0.068802
-6.903796,2.175382,0.674649,-0.051476,0.134941,-0.540424,0.828905,0.381248,-0.086017,0.127549,1.518996,-0.165318,0.025328,-0.856166,-0.107663,0.055069,0.479581,-0.220382,0.247630,-0.100119,0.038242,0.235785,0.162230,0.416582,-0.494781,0.277243,0.605209,-0.029869,-0.087631,0.583829,-0.426882,0.159477,0.068712,-0.833211,0.038993,-0.071899
-6.848820,2.068330,0.667051,-0.063808,0.124489,-0.530283,0.836200,0.161277,-0.116294,0.181824,2.085394,-0.328368,0.051278,-0.757200,-0.142003,-0.012166,0.663560,-0.157071,0.247776,-0.071120,0.053507,0.265070,0.311051,0.398141,-0.498829,0.481842,0.611612,0.081225,-0.093528,0.262944,-0.368545,0.248025,0.106279,-0.892832,0.008904,-0.102603
-6.792077,1.966877,0.668071,-0.075820,0.113698,-0.527732,0.838345,-0.186985,-0.098112,0.328845,2.441173,-0.481644,0.091065,-0.642491,-0.152548,-0.019687,0.844446,-0.334990,0.247783,-0.034060,0.068288,0.307965,0.451776,0.409487,-0.416977,0.590059,0.596760,0.121289,-0.069559,-0.094647,-0.280823,0.327374,0.111404,-0.943100,-0.032608,-0.152031
-6.731925,1.866326,0.671740,-0.086502,0.100638,-0.528306,0.838619,-0.717785,0.015418,0.424197,2.472387,-0.473424,0.141073,-0.439626,-0.156111,-0.038706,0.872794,-0.497065,0.247760,0.024088,0.081756,0.350824,0.598294,0.465810,-0.344304,0.584554,0.582636,0.053735,-0.052012,-0.389153,-0.205679,0.356709,0.058079,-0.937953,-0.085026,-0.220687
-6.664076,1.761488,0.679282,-0.104363,0.099936,-0.516722,0.843872,-1.140167,0.091619,0.365106,2.189149,-0.381572,0.118043,-0.148563,-0.124395,-0.061546,0.743148,-0.513912,0.247733,0.090162,0.093581,0.363341,0.714328,0.559191,-0.321417,0.527551,0.554009,-0.055993,-0.053615,-0.574278,-0.157943,0.352298,-0.033932,-0.876803,-0.139165,-0.279106
-6.587398,1.650392,0.685124,-0.124406,0.109513,-0.492686,0.854278,-1.288285,0.093203,0.295136,1.727599,-0.352716,0.142100,0.176100,-0.077607,-0.066810,0.527850,-0.269578,0.247819,0.138859,0.101077,0.339781,0.802798,0.636956,-0.315900,0.441488,0.504395,-0.147568,-0.065324,-0.635641,-0.172199,0.361886,-0.113421,-0.813546,-0.171379,-0.294871
-6.504315,1.538266,0.698044,-0.149628,0.119123,-0.467028,0.863311,-1.232787,0.045231,0.254461,1.214043,-0.241840,0.103391,0.424631,-0.011980,-0.057152,0.464362,0.046213,0.247742,0.160428,0.103719,0.303373,0.837297,0.642259,-0.303173,0.366711,0.449309,-0.195367,-0.079691,-0.587454,-0.236597,0.410029,-0.124112,-0.803919,-0.153644,-0.258942
-6.417366,1.431037,0.706861,-0.178560,0.121004,-0.453927,0.864537,-1.071712,0.030821,0.249570,0.812162,-0.112390,0.086587,0.504292,0.088236,0.003382,0.778578,0.067390,0.247511,0.160425,0.110607,0.273796,0.813460,0.583928,-0.295706,0.324447,0.404942,-0.202702,-0.075871,-0.483557,-0.327596,0.488995,-0.024179,-0.845832,-0.113665,-0.185289
-6.328277,1.330256,0.712185,-0.204226,0.115085,-0.443888,0.864876,-0.858096,0.071168,0.358191,0.666058,0.013754,0.091947,0.440484,-0.080599,-0.113466,1.357740,-0.048355,0.241892,0.149888,0.120330,0.254223,0.721854,0.498065,-0.292363,0.294659,0.392966,-0.171998,-0.051090,-0.368430,-0.427225,0.585381,0.146093,-0.891227,-0.057679,-0.109361
-6.238055,1.233690,0.714462,-0.202866,0.098373,-0.431620,0.873426,-0.653888,0.003939,0.274369,0.673129,-0.053293,0.240421,0.304649,-0.221260,-0.060539,1.952224,-0.261946,0.125305,0.140066,0.099270,0.246266,0.557120,0.425931,-0.287240,0.289586,0.414946,-0.136924,-0.013740,-0.229581,-0.526847,0.647957,0.308894,-0.908909,-0.004228,-0.059662
-6.145024,1.138839,0.712492,-0.195112,0.092553,-0.399389,0.890985,-0.420746,-0.003386,0.274318,0.727868,-0.320993,0.247480,0.064757,-0.224155,0.008703,2.393407,-0.438646,0.018153,0.120236,0.078985,0.242023,0.344012,0.388436,-0.280864,0.272380,0.469855,-0.127359,0.023580,-0.030467,-0.614138,0.624234,0.403522,-0.858849,0.042451,-0.055779
-6.048415,1.044897,0.709165,-0.194225,0.096897,-0.361516,0.906749,-0.170428,-0.031878,0.251549,0.696880,-0.490099,0.247674,-0.369393,-0.164001,0.023229,2.560591,-0.483539,0.006659,0.090628,0.076351,0.243988,0.125030,0.371708,-0.281120,0.223420,0.542641,-0.152085,0.066524,0.231980,-0.656616,0.514070,0.395214,-0.756737,0.074283,-0.090097
-5.947073,0.952605,0.700036,-0.196207,0.100929,-0.329848,0.917887,0.090892,-0.071831,0.187811,0.584709,-0.456140,0.247590,-0.845665,-0.108887,0.031766,2.412644,-0.431920,0.028999,0.042091,0.082882,0.239240,-0.015448,0.382322,-0.269919,0.110387,0.606659,-0.206324,0.105219,0.509139,-0.643148,0.364930,0.325874,-0.677391,0.074178,-0.126342
-5.839321,0.861664,0.687484,-0.198534,0.109021,-0.296684,0.927727,0.335678,-0.108038,0.097623,0.449136,-0.232855,0.244519,-1.118368,-0.146268,-0.000359,2.035105,-0.404865,-0.051725,-0.030024,0.090485,0.213901,-0.072588,0.423661,-0.261131,-0.043233,0.621974,-0.266631,0.127919,0.763423,-0.584200,0.223708,0.225856,-0.654336,0.059236,-0.129566
-5.727309,0.772323,0.685196,-0.190235,0.118278,-0.266626,0.937407,0.526132,-0.116857,0.050380,0.421179,-0.010019,0.169427,-1.184143,-0.137263,-0.044003,1.502308,-0.396788,-0.019234,-0.106443,0.089263,0.177897,-0.046786,0.470562,-0.276624,-0.181160,0.569972,-0.300219,0.130874,0.955847,-0.499668,0.104879,0.107698,-0.665859,0.041032,-0.102706
-5.613221,0.688366,0.678919,-0.177247,0.122852,-0.233498,0.948140,0.612288,-0.046764,0.061089,0.637430,-0.025488,0.126360,-1.084496,-0.105336,0.003278,0.909537,-0.297405,0.140842,-0.166536,0.088916,0.146662,0.054892,0.497282,-0.331154,-0.235170,0.496919,-0.285648,0.107757,1.054759,-0.417711,0.027682,-0.007237,-0.689225,0.024305,-0.075751
-5.500041,0.611167,0.669806,-0.168617,0.114052,-0.203835,0.957607,0.574029,-0.037078,0.010916,1.115410,-0.135659,0.126519,-0.901447,-0.127805,0.061014,0.538511,-0.207164,0.238770,-0.188406,0.092970,0.136783,0.197544,0.485786,-0.400074,-0.170983,0.459535,-0.220189,0.066209,1.016267,-0.379552,0.024205,-0.079025,-0.732874,0.012460,-0.064730
-5.390183,0.541192,0.658492,-0.163764,0.094960,-0.186999,0.963948,0.444832,-0.064702,0.028570,1.693382,-0.279277,0.139037,-0.770615,-0.166813,-0.029601,0.591380,-0.052845,0.247381,-0.165087,0.092096,0.154275,0.336410,0.450306,-0.435474,-0.016992,0.474649,-0.104860,0.024158,0.813613,-0.392263,0.111230,-0.082495,-0.807519,0.002269,-0.060908
-5.282075,0.477954,0.643604,-0.167340,0.074188,-0.183202,0.965883,0.218159,-0.055095,0.146293,2.211635,-0.430802,0.162812,-0.682713,-0.117033,-0.076578,0.842762,-0.220167,0.247795,-0.110363,0.100053,0.193620,0.476327,0.426953,-0.423388,0.141187,0.509476,0.010844,0.001355,0.475227,-0.415965,0.252619,-0.021451,-0.898712,-0.037591,-0.070556
-5.175241,0.421485,0.638570,-0.168969,0.053864,-0.189668,0.965699,-0.170231,-0.025738,0.337214,2.493284,-0.574315,0.186349,-0.536598,-0.095058,-0.089663,1.019112,-0.478611,0.247763,-0.043403,0.118263,0.242028,0.593333,0.415479,-0.412852,0.268292,0.528935,0.047792,-0.009540,0.093771,-0.417567,0.393399,0.016335,-0.972440,-0.089728,-0.104823
-5.064608,0.371897,0.637364,-0.178410,0.037024,-0.184988,0.965701,-0.743327,0.058245,0.425645,2.431808,-0.470243,0.192043,-0.286683,-0.066625,-0.114047,1.003833,-0.621130,0.247717,0.027194,0.140903,0.283278,0.694593,0.469450,-0.425829,0.310440,0.533969,-0.012574,-0.032717,-0.237255,-0.380241,0.475245,0.001887,-0.975996,-0.134347,-0.172263
-4.941655,0.325441,0.638770,-0.200214,0.029534,-0.163626,0.965541,-1.096646,0.070720,0.329334,2.073761,-0.408616,0.191775,0.048305,-0.019826,-0.129022,0.834307,-0.559391,0.247735,0.089257,0.157497,0.284078,0.791290,0.586186,-0.437814,0.283424,0.519060,-0.115266,-0.038126,-0.461497,-0.337525,0.487648,-0.049216,-0.919759,-0.165758,-0.239872
-4.808841,0.282198,0.638066,-0.218359,0.030633,-0.135248,0.965965,-1.184906,0.079575,0.263025,1.578855,-0.354517,0.232267,0.356541,0.013697,-0.096013,0.626213,-0.213614,0.247938,0.127612,0.157295,0.255725,0.879786,0.673781,-0.413398,0.220523,0.491235,-0.189491,-0.019985,-0.589461,-0.348513,0.484352,-0.087063,-0.864325,-0.175332,-0.259660
-4.673981,0.243898,0.650917,-0.234642,0.032324,-0.122601,0.963777,-1.132331,-0.009300,0.163379,1.062579,-0.203761,0.118747,0.528155,0.048346,-0.109837,0.638496,0.028644,0.247756,0.153248,0.153935,0.225553,0.920779,0.672014,-0.367830,0.181440,0.451501,-0.219505,-0.001572,-0.639548,-0.429419,0.506067,-0.066712,-0.854593,-0.148717,-0.220366
-4.540483,0.212785,0.658623,-0.252527,0.028363,-0.118463,0.959892,-0.980143,0.009106,0.169315,0.748595,-0.046640,0.145245,0.511844,0.003633,-0.181258,0.998738,0.017599,0.247657,0.161446,0.157107,0.204002,0.887495,0.611110,-0.340560,0.171681,0.408448,-0.210689,0.008707,-0.620658,-0.554397,0.553923,0.038305,-0.880735,-0.097193,-0.150909
-4.410571,0.187595,0.662045,-0.247529,0.014606,-0.115270,0.961888,-0.809561,0.046605,0.129591,0.746504,-0.034658,0.243331,0.377579,-0.174568,-0.169527,1.551741,-0.118329,0.245455,0.166022,0.140963,0.202049,0.762659,0.543476,-0.340328,0.188965,0.397222,-0.168203,0.018057,-0.552482,-0.701378,0.617574,0.194290,-0.907269,-0.030064,-0.080204
-4.282499,0.166090,0.673492,-0.229103,0.004298,-0.089197,0.969297,-0.643546,0.051113,0.197712,0.910938,-0.330485,0.247518,0.144326,-0.242346,-0.060357,2.048728,-0.292240,0.197628,0.156138,0.117570,0.213199,0.542804,0.495851,-0.351640,0.232185,0.428210,-0.121472,0.043952,-0.411592,-0.842272,0.642164,0.347058,-0.891012,0.040666,-0.034709
-4.152273,0.147315,0.677717,-0.214862,0.003784,-0.048657,0.975424,-0.448312,0.006499,0.202708,1.017757,-0.571319,0.247669,-0.218802,-0.214235,0.051845,2.344703,-0.402183,0.135227,0.137350,0.100334,0.230394,0.288753,0.463555,-0.343239,0.253668,0.475137,-0.099484,0.088421,-0.190273,-0.933046,0.588531,0.455336,-0.795138,0.101831,-0.030539
-4.018914,0.131354,0.679568,-0.212451,0.008807,-0.011016,0.977070,-0.204310,-0.017305,0.187022,0.999443,-0.652503,0.247700,-0.664922,-0.145882,0.122003,2.360999,-0.398793,0.128431,0.105505,0.094394,0.240600,0.066111,0.444136,-0.309427,0.224134,0.505622,-0.110042,0.136435,0.086996,-0.936522,0.477509,0.484953,-0.657151,0.132244,-0.061407
-3.880129,0.117913,0.675351,-0.210651,0.015139,0.022328,0.977189,0.077205,-0.036926,0.159578,0.859171,-0.568696,0.247668,-0.983345,-0.137607,0.107181,2.128713,-0.357085,0.060639,0.054617,0.090977,0.227856,-0.059582,0.460448,-0.273781,0.113565,0.528347,-0.149560,0.170072,0.369308,-0.861064,0.346971,0.456212,-0.552192,0.125683,-0.094806
-3.738017,0.109732,0.667296,-0.209551,0.024446,0.058169,0.975760,0.354771,-0.065896,0.092079,0.630290,-0.297633,0.246394,-1.120295,-0.210015,0.018325,1.738143,-0.346514,0.023854,-0.010887,0.084980,0.194130,-0.111270,0.518370,-0.240320,-0.055212,0.543015,-0.200363,0.180541,0.636811,-0.724891,0.206216,0.383025,-0.498249,0.109363,-0.107708
-3.595175,0.105453,0.666444,-0.201818,0.035944,0.087122,0.974878,0.571778,-0.078494,-0.015761,0.506470,-0.054913,0.211818,-1.113164,-0.194953,-0.030022,1.230573,-0.318055,0.097577,-0.071055,0.076485,0.152202,-0.080883,0.565765,-0.205744,-0.229049,0.524439,-0.235272,0.186454,0.860100,-0.562724,0.065266,0.276366,-0.492405,0.096942,-0.102498
-3.455539,0.106528,0.661503,-0.191203,0.044866,0.112988,0.973993,0.666876,-0.037721,-0.051143,0.657683,-0.060963,0.175979,-0.999620,-0.143260,0.010665,0.722274,-0.212139,0.240686,-0.113759,0.069635,0.117348,0.044553,0.578611,-0.197726,-0.333368,0.481565,-0.226806,0.176782,0.992444,-0.432250,-0.027043,0.167988,-0.535156,0.091332,-0.091713
-3.321803,0.112227,0.653569,-0.181661,0.041694,0.127124,0.974218,0.614112,-0.032411,-0.048766,1.111492,-0.138631,0.167636,-0.845598,-0.130049,0.012478,0.487925,-0.110175,0.247459,-0.123272,0.065547,0.107462,0.236579,0.554457,-0.230554,-0.318316,0.456488,-0.171149,0.145186,0.969762,-0.385590,-0.026996,0.103422,-0.618673,0.093825,-0.084575
-3.195480,0.121812,0.642761,-0.178365,0.029618,0.131256,0.974721,0.456564,-0.022087,0.014022,1.690689,-0.275727,0.209861,-0.756898,-0.148193,-0.102343,0.625392,0.001472,0.247805,-0.096481,0.065406,0.130373,0.422990,0.512209,-0.267915,-0.192771,0.463774,-0.066859,0.088351,0.767883,-0.398890,0.069960,0.102387,-0.716759,0.094307,-0.086788
-3.075947,0.136320,0.642453,-0.183164,0.015559,0.126034,0.974846,0.202997,-0.017512,0.122275,2.199763,-0.392963,0.235145,-0.683756,-0.102978,-0.107705,0.862044,-0.223179,0.247774,-0.052390,0.078286,0.175358,0.569608,0.458316,-0.300262,0.003351,0.484557,0.049914,0.052546,0.444308,-0.402751,0.206819,0.118414,-0.805966,0.062136,-0.108218
-2.959773,0.155746,0.643001,-0.182315,0.003064,0.113129,0.976705,-0.206810,-0.001265,0.267292,2.490271,-0.490306,0.246965,-0.550445,-0.067863,-0.110420,1.008850,-0.456639,0.247757,0.003790,0.094578,0.228866,0.672373,0.414250,-0.347537,0.194679,0.489805,0.098310,0.024892,0.078413,-0.372293,0.318958,0.109597,-0.858198,0.016661,-0.158442
-2.843632,0.182447,0.646889,-0.183658,-0.008314,0.108938,0.976900,-0.768131,0.062933,0.328509,2.451580,-0.396952,0.245274,-0.316508,-0.039601,-0.106189,0.967750,-0.592146,0.247737,0.068282,0.108907,0.270600,0.768509,0.434568,-0.414880,0.288470,0.492366,0.050971,-0.011527,-0.252072,-0.308441,0.380499,0.062874,-0.852919,-0.030253,-0.232264
-2.719532,0.217060,0.655180,-0.194969,-0.014401,0.122564,0.973015,-1.130125,0.048838,0.269570,2.133770,-0.309279,0.244670,-0.005781,-0.010327,-0.109946,0.783955,-0.529301,0.247754,0.132827,0.118705,0.271317,0.876883,0.524442,-0.462139,0.288970,0.490100,-0.052010,-0.016490,-0.460503,-0.266630,0.405048,-0.035697,-0.814202,-0.087120,-0.310748
-2.588479,0.258109,0.662344,-0.205014,-0.012728,0.149816,0.967141,-1.254535,-0.011435,0.203901,1.678352,-0.247281,0.216441,0.305341,0.009658,-0.120481,0.539769,-0.196295,0.247864,0.181405,0.119105,0.240419,0.993774,0.602485,-0.437195,0.228330,0.467599,-0.136047,0.008422,-0.557313,-0.295316,0.436695,-0.119290,-0.788317,-0.128804,-0.349059
-2.456211,0.304208,0.679540,-0.221371,-0.013650,0.169616,0.960229,-1.211112,-0.055822,0.149886,1.163546,-0.120513,0.198499,0.532559,0.052127,-0.194690,0.485482,0.043992,0.247756,0.215854,0.118097,0.200954,1.081183,0.615171,-0.354283,0.183286,0.415439,-0.185790,0.037130,-0.554001,-0.379521,0.487674,-0.131044,-0.797279,-0.117052,-0.324502
-2.327790,0.355062,0.692331,-0.236743,-0.022124,0.176871,0.955081,-1.063868,-0.066987,0.121914,0.725554,-0.011161,0.194601,0.589718,0.082984,-0.165408,0.820583,0.059139,0.247710,0.226089,0.120017,0.171280,1.124119,0.571084,-0.280487,0.137208,0.351853,-0.194059,0.051054,-0.499781,-0.480387,0.563981,-0.034446,-0.805826,-0.048038,-0.243542
-2.205214,0.409076,0.701602,-0.246044,-0.034049,0.183582,0.951105,-0.880625,-0.020716,0.226214,0.537187,0.074926,0.212715,0.535633,-0.080827,-0.218006,1.395713,-0.085991,0.246672,0.217751,0.124558,0.156240,1.063578,0.527285,-0.253092,0.132222,0.296606,-0.178666,0.056346,-0.406061,-0.575440,0.645686,0.132940,-0.811400,0.036230,-0.152769
-2.086710,0.464831,0.708107,-0.230561,-0.042104,0.196852,0.952007,-0.719880,-0.045390,0.171586,0.577395,0.057979,0.246266,0.405104,-0.190542,-0.110933,1.996691,-0.291259,0.222362,0.206916,0.100960,0.161051,0.908817,0.526431,-0.258586,0.155614,0.279158,-0.150910,0.069843,-0.277728,-0.671298,0.702662,0.314013,-0.819991,0.112180,-0.086882
-1.969865,0.523430,0.710825,-0.216575,-0.040542,0.229909,0.947942,-0.545077,-0.024964,0.166988,0.716013,-0.217859,0.247754,0.201376,-0.175237,-0.046639,2.450777,-0.459966,0.164405,0.195362,0.080481,0.172062,0.672997,0.568688,-0.277507,0.165791,0.307600,-0.132418,0.088536,-0.082945,-0.751648,0.683993,0.465155,-0.781536,0.178502,-0.070046
-1.853687,0.585619,0.713883,-0.214517,-0.034775,0.273888,0.936888,-0.337905,-0.030631,0.167157,0.787054,-0.467565,0.247712,-0.188748,-0.153718,-0.032794,2.649896,-0.549111,0.175348,0.176544,0.078899,0.188203,0.391213,0.608122,-0.288640,0.142962,0.359531,-0.138134,0.115143,0.181801,-0.770089,0.573229,0.549856,-0.664443,0.220762,-0.117888
-1.739018,0.652886,0.712961,-0.215922,-0.034660,0.310624,0.925035,-0.078494,-0.041361,0.124333,0.720822,-0.535901,0.247716,-0.738108,-0.113918,0.017272,2.541908,-0.455175,0.162953,0.142474,0.088185,0.201978,0.168444,0.616155,-0.264045,0.066893,0.422837,-0.167991,0.160832,0.457872,-0.710238,0.419207,0.557514,-0.536306,0.214075,-0.189775
-1.623757,0.727578,0.709694,-0.221335,-0.034720,0.341275,0.912873,0.192213,-0.061710,0.048796,0.571986,-0.368324,0.247737,-1.067293,-0.139864,0.023661,2.205971,-0.382177,0.099286,0.083634,0.096367,0.189361,0.033831,0.620007,-0.204653,-0.060775,0.479990,-0.208130,0.197687,0.703125,-0.607319,0.291724,0.505778,-0.459266,0.174980,-0.240130
-1.507516,0.806888,0.712271,-0.218601,-0.025319,0.369163,0.902935,0.434251,-0.119235,0.012256,0.437775,-0.073037,0.244169,-1.173472,-0.185166,-0.060532,1.720829,-0.361684,0.034771,0.003758,0.086696,0.159016,-0.017277,0.622287,-0.143268,-0.222158,0.510313,-0.252511,0.223135,0.908096,-0.497446,0.193317,0.415297,-0.443943,0.133448,-0.251028
-1.394542,0.889942,0.710894,-0.211094,-0.011359,0.396627,0.893307,0.583399,-0.060164,0.010967,0.492922,0.017254,0.169176,-1.123177,-0.117739,-0.047050,1.128629,-0.318293,0.172044,-0.071612,0.071847,0.126118,0.015946,0.616885,-0.118449,-0.354920,0.499771,-0.271798,0.222884,1.080331,-0.390494,0.112674,0.307077,-0.476150,0.083340,-0.241492
-1.286964,0.975406,0.706256,-0.196812,-0.004023,0.423685,0.884160,0.626383,-0.001321,0.009828,0.801815,-0.014790,0.141995,-0.959848,-0.041875,0.071693,0.590900,-0.244841,0.244422,-0.119642,0.064319,0.103667,0.136014,0.599053,-0.158620,-0.378228,0.483015,-0.246711,0.189149,1.166364,-0.317751,0.069529,0.204200,-0.548819,0.054675,-0.209573
-1.187101,1.060525,0.699211,-0.179540,-0.009426,0.434864,0.882366,0.569332,-0.024899,-0.015967,1.286454,-0.118413,0.168977,-0.810895,-0.071286,0.045828,0.419798,-0.125447,0.247612,-0.124246,0.062082,0.105354,0.299696,0.567714,-0.242089,-0.265112,0.488931,-0.176686,0.128917,1.095779,-0.316608,0.092623,0.136811,-0.652208,0.061774,-0.160908
-1.094540,1.144431,0.689867,-0.165672,-0.024269,0.427648,0.888302,0.432659,-0.024381,0.053762,1.812968,-0.227317,0.204120,-0.755661,-0.075163,-0.075409,0.638906,-0.059026,0.247754,-0.091711,0.065242,0.133106,0.446163,0.527192,-0.316151,-0.068256,0.509270,-0.065756,0.061105,0.860528,-0.366716,0.182629,0.131335,-0.762911,0.068248,-0.124808
-1.008097,1.229168,0.676517,-0.159111,-0.040184,0.411089,0.896702,0.192841,-0.001075,0.169148,2.248931,-0.362059,0.231674,-0.691410,-0.022787,-0.074594,0.906989,-0.273163,0.247764,-0.045177,0.081273,0.177206,0.579402,0.487881,-0.365162,0.115784,0.521561,0.030269,0.010118,0.488866,-0.393458,0.287321,0.172302,-0.848234,0.055207,-0.117236
-0.927358,1.315933,0.672452,-0.148995,-0.053653,0.396387,0.904323,-0.213698,0.026285,0.306829,2.466854,-0.447836,0.246399,-0.532705,0.009055,-0.058216,1.035943,-0.514971,0.247765,0.007437,0.099675,0.225127,0.690516,0.461732,-0.428026,0.252669,0.522276,0.039871,-0.025009,0.145163,-0.372921,0.340904,0.162531,-0.884431,0.019825,-0.169559
-0.850564,1.409037,0.675871,-0.145297,-0.069659,0.402506,0.901124,-0.723235,0.100851,0.340931,2.378911,-0.349323,0.236560,-0.273054,0.019792,-0.050545,0.988076,-0.613968,0.247754,0.061436,0.120097,0.259062,0.790982,0.507606,-0.491432,0.284513,0.516011,-0.034110,-0.059655,-0.120878,-0.317253,0.334588,0.087898,-0.860105,-0.024446,-0.248856
-0.773301,1.511975,0.685545,-0.149620,-0.088490,0.421683,0.889925,-1.005716,0.108593,0.266120,2.038386,-0.286088,0.225601,0.039315,0.028499,-0.053235,0.836363,-0.470137,0.247805,0.112875,0.139811,0.256642,0.893226,0.600492,-0.510577,0.243897,0.489070,-0.130248,-0.067155,-0.286851,-0.286006,0.326010,-0.023906,-0.816762,-0.077712,-0.307835
-0.694862,1.622575,0.703657,-0.157643,-0.104965,0.443438,0.876068,-1.076397,0.086110,0.201096,1.567899,-0.247462,0.193066,0.344176,0.050415,-0.033071,0.652194,-0.137985,0.247758,0.148477,0.151486,0.229532,1.016060,0.681694,-0.460017,0.177079,0.437525,-0.205274,-0.042339,-0.356809,-0.333319,0.357757,-0.118640,-0.796373,-0.132668,-0.317654
-0.618281,1.737400,0.717426,-0.169310,-0.120650,0.451000,0.867973,-1.007653,0.079501,0.155774,1.006826,-0.215929,0.198257,0.558677,0.057760,-0.027550,0.596944,0.015187,0.247757,0.170054,0.152907,0.194381,1.150549,0.710040,-0.368405,0.083344,0.390943,-0.234675,-0.017185,-0.370697,-0.442160,0.429595,-0.146036,-0.796720,-0.140660,-0.275029
-0.546908,1.851864,0.727407,-0.177488,-0.137076,0.437677,0.870716,-0.874539,0.090844,0.066748,0.517513,-0.186347,0.168453,0.619368,0.034431,-0.030629,0.812944,-0.026034,0.247759,0.182075,0.149201,0.165948,1.234514,0.693236,-0.297920,0.005595,0.366851,-0.247311,-0.014899,-0.337290,-0.562955,0.513482,-0.090854,-0.806217,-0.102518,-0.204435
-0.481149,1.962575,0.734429,-0.179828,-0.151472,0.425512,0.873875,-0.751166,0.146883,0.112470,0.341801,-0.108380,0.203922,0.540446,-0.077031,-0.088509,1.195255,-0.113074,0.247716,0.178606,0.147732,0.151265,1.208091,0.681558,-0.286718,-0.035515,0.372338,-0.242307,-0.038312,-0.263506,-0.672576,0.575346,0.021882,-0.826778,-0.031062,-0.141299
-0.419289,2.068894,0.739289,-0.158085,-0.153653,0.430313,0.875346,-0.687268,0.188876,0.142601,0.510765,0.090268,0.245892,0.375530,-0.216516,-0.082822,1.565866,-0.219648,0.246946,0.170222,0.124558,0.158257,1.032795,0.694628,-0.340581,-0.012277,0.412528,-0.203139,-0.068637,-0.143110,-0.772069,0.579956,0.162886,-0.865373,0.062757,-0.107759
-0.360141,2.173133,0.741082,-0.126773,-0.142750,0.455846,0.869342,-0.618021,0.175010,0.196254,0.755776,-0.055051,0.247680,0.111374,-0.281335,-0.019416,1.840563,-0.294049,0.231163,0.153284,0.089133,0.180338,0.745670,0.679281,-0.420723,0.067510,0.485947,-0.142110,-0.069870,0.028689,-0.835749,0.513218,0.315846,-0.876183,0.160900,-0.096739
-0.302696,2.277083,0.738590,-0.103774,-0.127318,0.483907,0.859567,-0.493943,0.110164,0.213858,0.911281,-0.301420,0.247744,-0.238661,-0.213916,0.085922,1.943140,-0.353976,0.174464,0.132696,0.058776,0.204638,0.465418,0.607353,-0.441607,0.144153,0.556104,-0.094878,-0.005924,0.229133,-0.834603,0.405651,0.448908,-0.817469,0.212235,-0.092833
-0.245695,2.382789,0.730869,-0.090189,-0.113152,0.512716,0.846277,-0.328632,0.006110,0.199341,0.972711,-0.498309,0.247605,-0.553281,-0.139033,0.150664,1.815060,-0.356837,0.127203,0.100086,0.040399,0.217978,0.260841,0.506012,-0.387525,0.148985,0.584375,-0.092637,0.106391,0.438777,-0.788913,0.332693,0.513881,-0.721331,0.191661,-0.086592
-0.191676,2.492885,0.725911,-0.082628,-0.100372,0.552381,0.823391,-0.163009,-0.096250,0.175639,1.011376,-0.507512,0.245153,-0.732511,-0.172120,0.087135,1.471859,-0.344493,0.024154,0.046053,0.027439,0.216280,0.151786,0.438887,-0.341618,0.045368,0.582928,-0.141664,0.195012,0.638906,-0.722993,0.319977,0.511717,-0.654645,0.127250,-0.068943
-0.138764,2.605575,0.727852,-0.072105,-0.083936,0.602558,0.790367,-0.025685,-0.153645,0.172511,1.090723,-0.389375,0.184966,-0.744682,-0.235735,-0.059096,0.965292,-0.302647,0.019984,-0.021767,0.005902,0.200277,0.092215,0.446429,-0.360163,-0.125885,0.576309,-0.221700,0.216842,0.827669,-0.635112,0.318198,0.454864,-0.631465,0.070104,-0.046844
-0.090495,2.719577,0.725230,-0.058623,-0.071153,0.647589,0.756393,0.087832,-0.082542,0.152549,1.230038,-0.377018,0.110031,-0.684188,-0.210545,-0.112951,0.457754,-0.260446,0.199959,-0.079077,-0.017743,0.176299,0.078446,0.509751,-0.393745,-0.313519,0.576152,-0.303974,0.205495,1.013529,-0.521295,0.277572,0.367048,-0.644839,0.036000,-0.020077
-0.047279,2.831882,0.718994,-0.041829,-0.068086,0.679161,0.729626,0.138433,-0.020871,0.106524,1.448877,-0.429011,0.157262,-0.639828,-0.116249,0.017704,0.189356,-0.227474,0.245632,-0.114923,-0.033107,0.158227,0.144140,0.558837,-0.385961,-0.454730,0.574518,-0.346897,0.186497,1.195166,-0.406014,0.212217,0.269091,-0.693176,-0.000938,-0.008979
-0.008927,2.939515,0.709880,-0.018006,-0.064994,0.693553,0.717242,0.098074,-0.027603,0.065141,1.708095,-0.485640,0.210253,-0.616435,-0.184617,-0.128682,0.243278,-0.195120,0.245870,-0.118436,-0.053646,0.153286,0.269640,0.581197,-0.346096,-0.494849,0.571217,-0.328071,0.173752,1.280002,-0.326546,0.166300,0.171575,-0.753824,-0.021161,0.012822
0.025569,3.042157,0.698018,-0.004706,-0.075344,0.709580,0.700569,-0.031580,-0.018449,0.040806,1.937965,-0.527011,0.206803,-0.637846,-0.204351,-0.097605,0.530977,0.046023,0.205575,-0.121136,-0.057700,0.171614,0.395898,0.575236,-0.291048,-0.429958,0.588365,-0.259349,0.152957,1.221564,-0.303980,0.175881,0.127546,-0.813003,-0.017095,0.036830
0.056357,3.141205,0.682148,0.001581,-0.094247,0.719224,0.688354,-0.257458,-0.025744,0.043770,2.043984,-0.532668,0.226494,-0.627971,-0.182773,-0.086121,0.845597,-0.034745,0.221838,-0.111085,-0.044447,0.206114,0.473105,0.530493,-0.250069,-0.284024,0.603792,-0.154095,0.133150,1.028201,-0.336124,0.229940,0.141586,-0.874437,0.020312,0.056942
0.082504,3.236158,0.675972,0.013099,-0.109331,0.720695,0.684452,-0.512486,-0.060787,0.082299,1.965146,-0.500704,0.199954,-0.555408,-0.178432,-0.122629,1.094326,-0.263520,0.209136,-0.093292,-0.024071,0.240408,0.527428,0.442127,-0.228393,-0.121837,0.560860,-0.051731,0.129876,0.790135,-0.407305,0.265552,0.169685,-0.922896,0.052516,0.050588
0.104716,3.330965,0.675215,0.022137,-0.122828,0.711254,0.691767,-0.690643,-0.032244,0.140795,1.699445,-0.424763,0.196351,-0.457538,-0.162497,-0.152792,1.277492,-0.403111,0.195052,-0.068506,-0.008905,0.262146,0.615838,0.381361,-0.223867,-0.026102,0.463017,-0.035166,0.140075,0.571639,-0.471824,0.261671,0.146314,-0.925233,0.048814,0.012940
0.124356,3.426669,0.675207,0.029599,-0.134287,0.693929,0.706791,-0.735884,0.009764,0.180085,1.292069,-0.319733,0.209901,-0.376101,-0.129072,-0.146665,1.444917,-0.353254,0.160127,-0.037344,-0.000897,0.266822,0.738288,0.383895,-0.263795,-0.023880,0.411307,-0.103082,0.115921,0.410396,-0.507510,0.245533,0.053314,-0.874237,0.009882,-0.041731
0.142445,3.523130,0.678119,0.035878,-0.147781,0.671996,0.724772,-0.691007,-0.005707,0.107003,0.858549,-0.200287,0.109437,-0.320260,-0.097339,-0.113053,1.607551,-0.179000,0.210084,-0.003653,0.004229,0.257965,0.873052,0.435778,-0.299627,-0.086859,0.442623,-0.195423,0.056120,0.338211,-0.544805,0.256970,-0.098968,-0.793446,-0.054694,-0.081288
0.159617,3.616862,0.674892,0.048863,-0.155609,0.651842,0.740608,-0.627120,0.002594,0.045142,0.630859,-0.042400,0.045157,-0.293410,-0.149100,-0.083258,1.740343,-0.154529,0.237280,0.015467,0.005427,0.247335,0.977035,0.457700,-0.319062,-0.154005,0.473568,-0.255539,-0.010977,0.329030,-0.610995,0.286325,-0.247185,-0.728950,-0.100673,-0.093866
0.176161,3.705894,0.666146,0.072886,-0.156178,0.638569,0.750018,-0.589795,0.028191,0.105460,0.770269,0.099283,0.236849,-0.347092,-0.241196,-0.058829,1.807014,-0.267068,0.148746,0.012483,-0.004339,0.249352,0.983851,0.442158,-0.353041,-0.162311,0.457892,-0.255574,-0.068609,0.355601,-0.664970,0.295891,-0.312494,-0.712004,-0.077908,-0.100549
0.191218,3.788181,0.665058,0.101206,-0.152188,0.628096,0.756367,-0.554895,0.022937,0.161812,1.005092,-0.075255,0.233580,-0.473061,-0.266188,-0.033878,1.762689,-0.336759,0.082879,0.002894,-0.027625,0.262401,0.869081,0.429353,-0.385548,-0.094898,0.474762,-0.199270,-0.085284,0.390298,-0.661200,0.287943,-0.249960,-0.753696,0.023868,-0.117551
0.206996,3.868893,0.668568,0.122428,-0.145657,0.621482,0.759971,-0.488578,0.019960,0.210546,1.182768,-0.245802,0.213617,-0.593815,-0.246374,-0.030781,1.567016,-0.366295,0.115994,-0.002037,-0.053851,0.273281,0.675744,0.432039,-0.410324,0.007111,0.562050,-0.118837,-0.059328,0.404843,-0.604449,0.293349,-0.076154,-0.819995,0.168232,-0.125661
0.223531,3.947137,0.672337,0.140117,-0.131946,0.622189,0.758840,-0.396410,0.000968,0.253840,1.284616,-0.358951,0.214423,-0.636701,-0.271231,-0.087238,1.209802,-0.326526,0.180550,-0.006165,-0.077725,0.273057,0.490207,0.410609,-0.417181,0.081414,0.640664,-0.072682,-0.007385,0.437978,-0.544573,0.308454,0.118725,-0.853421,0.265669,-0.092585
0.240794,4.023068,0.676483,0.151450,-0.117561,0.634633,0.748654,-0.305860,-0.027764,0.268477,1.352034,-0.399776,0.211847,-0.600119,-0.261241,-0.126621,0.767680,-0.260011,0.186969,-0.016732,-0.096447,0.262739,0.369118,0.373409,-0.382434,0.055858,0.648393,-0.093125,0.060083,0.507097,-0.506898,0.341596,0.262805,-0.839068,0.270267,-0.038112
0.258452,4.096151,0.680048,0.156800,-0.107552,0.657788,0.728808,-0.230274,-0.053013,0.244553,1.424399,-0.389663,0.196868,-0.518978,-0.227175,-0.088838,0.392872,-0.279171,0.244975,-0.031627,-0.106299,0.246748,0.304530,0.358440,-0.347760,-0.072916,0.602482,-0.164268,0.116210,0.631696,-0.496342,0.376338,0.313429,-0.813189,0.206289,0.000010
0.275471,4.165122,0.685828,0.162365,-0.100944,0.684223,0.703767,-0.187634,-0.060013,0.207299,1.527660,-0.302147,0.117057,-0.440872,-0.230219,-0.070424,0.281838,-0.183438,0.247364,-0.042162,-0.112618,0.230069,0.256069,0.385818,-0.340717,-0.250713,0.557379,-0.249239,0.143321,0.801270,-0.484665,0.396224,0.296130,-0.817801,0.125407,0.035712
0.291338,4.229646,0.685062,0.167027,-0.101899,0.708824,0.677708,-0.169783,-0.037296,0.162543,1.643809,-0.255488,0.041465,-0.423417,-0.259458,-0.061313,0.423175,0.016783,0.242011,-0.047380,-0.116197,0.218476,0.218031,0.426380,-0.319768,-0.410080,0.526593,-0.318527,0.134451,0.932653,-0.446924,0.424621,0.292472,-0.854261,0.067361,0.137205
0.305195,4.288990,0.677552,0.158594,-0.115221,0.728070,0.656876,-0.199088,0.010854,0.111941,1.711166,-0.306949,0.062505,-0.456826,-0.252407,-0.055108,0.620288,0.227142,0.122662,-0.048356,-0.108323,0.217214,0.205727,0.457429,-0.278028,-0.492062,0.498177,-0.337544,0.114215,0.952255,-0.387997,0.484526,0.344422,-0.901153,0.029251,0.307394
0.317750,4.342358,0.675257,0.154341,-0.121476,0.739560,0.643796,-0.262492,0.055180,0.106557,1.712292,-0.372726,0.102169,-0.485450,-0.263249,-0.087675,0.851445,0.072400,0.092020,-0.044466,-0.090761,0.221080,0.227246,0.447220,-0.233868,-0.464760,0.500710,-0.299741,0.111529,0.869069,-0.356361,0.547492,0.447900,-0.954877,0.013376,0.456846
0.327833,4.391632,0.675147,0.149049,-0.124551,0.747496,0.635233,-0.338035,0.085345,0.134886,1.629367,-0.420229,0.129891,-0.485218,-0.265912,-0.112210,1.016729,-0.067271,0.082142,-0.042327,-0.070661,0.225657,0.262692,0.410576,-0.206839,-0.354801,0.549643,-0.204659,0.133589,0.708045,-0.344371,0.605381,0.578171,-1.031437,0.034229,0.508661
0.335134,4.436042,0.680060,0.143350,-0.125317,0.752689,0.630242,-0.394415,0.133736,0.207636,1.475658,-0.428379,0.154272,-0.450478,-0.265213,-0.145600,1.097671,-0.169999,0.057015,-0.039498,-0.054394,0.226083,0.290243,0.359309,-0.212583,-0.181958,0.610701,-0.088613,0.177852,0.533201,-0.333480,0.617306,0.699891,-1.140025,0.119466,0.463387
0.339563,4.476306,0.691036,0.135239,-0.127438,0.755095,0.628730,-0.426444,0.127349,0.241286,1.265450,-0.424011,0.153338,-0.406876,-0.250163,-0.172165,1.135244,-0.233104,0.046621,-0.034139,-0.041663,0.223351,0.299297,0.319326,-0.236614,0.011283,0.630500,0.021702,0.222228,0.389924,-0.313386,0.561501,0.762825,-1.233569,0.248040,0.357190
0.341418,4.513924,0.701652,0.127509,-0.128330,0.753674,0.631860,-0.435769,0.087987,0.224607,1.035169,-0.377723,0.119287,-0.360221,-0.229392,-0.187564,1.144048,-0.257484,0.043150,-0.027332,-0.031915,0.218773,0.303150,0.297747,-0.259630,0.197593,0.615181,0.098880,0.252515,0.294132,-0.286129,0.443086,0.716139,-1.244819,0.318788,0.232040
0.341342,4.549780,0.712547,0.122522,-0.127938,0.747821,0.639831,-0.412402,0.052794,0.185715,0.835628,-0.254885,0.099400,-0.307192,-0.208524,-0.193632,1.129566,-0.265227,0.036371,-0.019603,-0.024754,0.211778,0.308823,0.289899,-0.284005,0.372671,0.606957,0.143909,0.263324,0.236539,-0.264891,0.326086,0.580017,-1.154637,0.271564,0.137498
0.340146,4.584149,0.722472,0.121175,-0.128499,0.737597,0.651732,-0.359358,0.033670,0.149801,0.704687,-0.121772,0.086212,-0.244635,-0.187475,-0.192023,1.098956,-0.272413,0.027380,-0.010309,-0.019304,0.201682,0.319529,0.278559,-0.312856,0.535550,0.621985,0.178078,0.252692,0.198219,-0.279938,0.266806,0.425253,-1.033054,0.165655,0.089796
0.338398,4.616786,0.728913,0.122613,-0.129445,0.724637,0.665666,-0.284513,0.034022,0.144165,0.646066,-0.072113,0.125438,-0.183834,-0.167273,-0.175429,1.066014,-0.268795,0.035761,-0.000338,-0.014380,0.188522,0.332559,0.257091,-0.332636,0.688376,0.641991,0.201853,0.219677,0.170259,-0.312481,0.251080,0.275909,-0.967418,0.090995,0.051566
0.336038,4.646339,0.739068,0.123391,-0.129979,0.711412,0.679539,-0.216029,0.044724,0.159586,0.616379,-0.094730,0.140020,-0.142383,-0.154856,-0.150588,1.052888,-0.231566,0.070205,0.009130,-0.010150,0.173364,0.345733,0.228144,-0.341204,0.819603,0.660779,0.222370,0.165771,0.145435,-0.334891,0.245298,0.148604,-0.943992,0.060601,0.010451
0.333634,4.673402,0.748637,0.120877,-0.128170,0.700786,0.691275,-0.155699,0.055279,0.185572,0.578858,-0.117510,0.142571,-0.130017,-0.150091,-0.124063,1.063681,-0.162835,0.125584,0.017055,-0.007045,0.156909,0.352625,0.203290,-0.348444,0.922561,0.683738,0.237964,0.087502,0.129430,-0.331819,0.233046,0.051664,-0.926153,0.052114,-0.018314
0.331758,4.697479,0.756536,0.115685,-0.122542,0.693808,0.700165,-0.110728,0.059855,0.208842,0.539488,-0.133278,0.136014,-0.144353,-0.155186,-0.105205,1.095189,-0.100742,0.190639,0.023947,-0.005929,0.139959,0.349594,0.188825,-0.365854,0.992972,0.716697,0.238149,-0.014109,0.125623,-0.314449,0.213093,-0.019080,-0.906664,0.050003,-0.030557
0.330685,4.718954,0.765050,0.108757,-0.113848,0.690240,0.706243,-0.080604,0.058459,0.223606,0.504772,-0.144443,0.126010,-0.165836,-0.195072,-0.130181,1.123435,-0.105722,0.241673,0.031081,-0.007044,0.122474,0.336911,0.188856,-0.395656,1.026764,0.760845,0.208928,-0.116347,0.132702,-0.293123,0.189636,-0.068611,-0.892762,0.049382,-0.035203
0.330298,4.738219,0.771044,0.101424,-0.103096,0.690246,0.708974,-0.062692,0.052015,0.231311,0.476048,-0.153906,0.118231,-0.174052,-0.244878,-0.184918,1.098129,-0.180065,0.207235,0.036102,-0.010794,0.105084,0.317422,0.204235,-0.427855,1.023693,0.811286,0.150240,-0.178129,0.145231,-0.271754,0.169015,-0.094939,-0.881758,0.050111,-0.038145
0.330496,4.755699,0.776029,0.093422,-0.091875,0.692342,0.709573,-0.049600,0.043774,0.233592,0.446007,-0.159182,0.113026,-0.164993,-0.291148,-0.267960,0.999206,-0.267280,0.112083,0.038947,-0.016084,0.088463,0.294501,0.229057,-0.443022,0.991564,0.856007,0.087272,-0.173893,0.157611,-0.251066,0.157097,-0.093178,-0.869086,0.054421,-0.039380
0.331238,4.771483,0.780370,0.084465,-0.081136,0.695735,0.708686,-0.039322,0.036706,0.232030,0.413764,-0.160198,0.109053,-0.142509,-0.301682,-0.341505,0.831124,-0.337977,0.057288,0.039344,-0.021083,0.073226,0.272121,0.251435,-0.425172,0.944038,0.880710,0.049498,-0.119738,0.166636,-0.235344,0.155783,-0.062354,-0.863418,0.062878,-0.038414
0.332522,4.785519,0.783666,0.075931,-0.071038,0.700740,0.705798,-0.035220,0.030409,0.226259,0.390247,-0.161978,0.107723,-0.118888,-0.274510,-0.373311,0.641772,-0.376343,0.041792,0.036949,-0.024725,0.060948,0.251621,0.261193,-0.374202,0.890326,0.877801,0.040432,-0.052463,0.172074,-0.229765,0.162903,-0.008309,-0.879773,0.073399,-0.037665
0.334198,4.797818,0.785847,0.067885,-0.062957,0.707972,0.700145,-0.038726,0.026256,0.213874,0.381558,-0.167362,0.109101,-0.101431,-0.229742,-0.361032,0.495732,-0.373017,0.046943,0.032501,-0.026427,0.052907,0.228632,0.258769,-0.304254,0.832446,0.849805,0.042174,0.002591,0.174597,-0.231071,0.174857,0.061340,-0.919177,0.084926,-0.040806
0.336185,4.808477,0.786810,0.061329,-0.056328,0.717598,0.691461,-0.051440,0.022136,0.194715,0.392104,-0.177998,0.111797,-0.092594,-0.189271,-0.322620,0.439733,-0.345612,0.090611,0.026954,-0.026900,0.049075,0.194582,0.248609,-0.235117,0.773924,0.806516,0.041873,0.038462,0.169919,-0.234493,0.191001,0.143656,-0.960770,0.104308,-0.047043
0.338347,4.817839,0.786631,0.057446,-0.049206,0.729221,0.680085,-0.070212,0.012934,0.171360,0.415152,-0.190829,0.114419,-0.090486,-0.159394,-0.288398,0.467369,-0.289232,0.171600,0.021533,-0.028574,0.047314,0.155686,0.239649,-0.182997,0.716137,0.763965,0.034664,0.065443,0.168590,-0.233037,0.198340,0.233040,-0.984316,0.124712,-0.052556
0.340472,4.826434,0.785156,0.055111,-0.041174,0.743412,0.665287,-0.087270,-0.003122,0.143126,0.433089,-0.202353,0.115682,-0.080988,-0.118883,-0.240642,0.498156,-0.251577,0.082998,0.015166,-0.033146,0.044460,0.113470,0.238454,-0.155480,0.659613,0.737490,0.025426,0.087970,0.169043,-0.223149,0.195567,0.329973,-0.978105,0.146274,-0.057735
0.343133,4.834912,0.784184,0.053044,-0.032305,0.755975,0.651648,-0.097197,-0.020672,0.116237,0.438424,-0.217766,0.114182,-0.050571,-0.119528,-0.285321,0.457142,-0.274326,-0.003451,0.014757,-0.038858,0.038808,0.073045,0.249161,-0.143881,0.606267,0.729826,0.009735,0.104669,0.171169,-0.207554,0.192768,0.430463,-0.947487,0.173763,-0.062439
0.345565,4.842948,0.784925,0.050441,-0.025839,0.767505,0.638533,-0.099629,-0.034319,0.086765,0.434824,-0.227534,0.109824,-0.020594,-0.122995,-0.322554,0.410990,-0.283811,-0.013882,0.014897,-0.041926,0.033025,0.043346,0.256912,-0.137808,0.548430,0.733995,-0.003130,0.120569,0.167196,-0.191922,0.194144,0.546897,-0.912165,0.197716,-0.059290
0.347756,4.850413,0.786450,0.047820,-0.021589,0.776162,0.628346,-0.099601,-0.041343,0.063029,0.431880,-0.225717,0.104004,-0.002624,-0.124061,-0.341768,0.385303,-0.271822,0.003205,0.015596,-0.040709,0.028439,0.030787,0.251935,-0.121490,0.494117,0.734915,-0.013056,0.142468,0.154241,-0.184719,0.211538,0.677624,-0.898237,0.220579,-0.032087
0.349999,4.857385,0.788127,0.044601,-0.018388,0.781936,0.621489,-0.097884,-0.042536,0.046291,0.425837,-0.220142,0.097751,0.009696,-0.122523,-0.359478,0.366554,-0.256668,0.019099,0.017619,-0.037035,0.024279,0.035829,0.230245,-0.093837,0.454386,0.722415,-0.017164,0.168305,0.134784,-0.187672,0.251539,0.811216,-0.922919,0.246951,0.028631
0.352201,4.863951,0.789562,0.040592,-0.015442,0.786271,0.616354,-0.094052,-0.040978,0.032799,0.412936,-0.216318,0.092254,0.021572,-0.117980,-0.379963,0.344929,-0.246220,0.022833,0.020408,-0.033463,0.020208,0.052445,0.199154,-0.068198,0.432309,0.692405,-0.015238,0.185687,0.115941,-0.193628,0.308441,0.926251,-0.979809,0.272736,0.115492
0.354082,4.870085,0.790614,0.036564,-0.012577,0.789925,0.611983,-0.088495,-0.039388,0.020624,0.395930,-0.213586,0.087149,0.031568,-0.112614,-0.397237,0.325726,-0.240099,0.022992,0.022977,-0.030910,0.016955,0.072349,0.177507,-0.062679,0.422649,0.662508,-0.013096,0.205228,0.104813,-0.195337,0.363009,1.001657,-1.041498,0.284486,0.204377
0.355537,4.875784,0.791079,0.033420,-0.009562,0.792623,0.608720,-0.081415,-0.039190,0.010440,0.378449,-0.214419,0.081450,0.038577,-0.108794,-0.407151,0.313522,-0.242031,0.022707,0.024637,-0.029269,0.014952,0.090139,0.183166,-0.091050,0.422669,0.677986,-0.019492,0.266241,0.104330,-0.192084,0.396502,1.030179,-1.082005,0.275225,0.265643
0.356631,4.881054,0.790996,0.030966,-0.006875,0.794388,0.606582,-0.072720,-0.039321,0.001210,0.361358,-0.222325,0.075071,0.043297,-0.106057,-0.412166,0.307706,-0.250321,0.022509,0.024915,-0.028405,0.013813,0.102833,0.214690,-0.153848,0.438892,0.767331,-0.030512,0.383331,0.113600,-0.186275,0.403918,1.021202,-1.091550,0.250770,0.281722
0.357515,4.885891,0.790827,0.029001,-0.004568,0.795743,0.604922,-0.064227,-0.039715,-0.009606,0.346220,-0.229760,0.067566,0.048465,-0.103090,-0.415130,0.301647,-0.256980,0.021900,0.023557,-0.028219,0.012867,0.109519,0.248243,-0.235162,0.484515,0.898072,-0.034799,0.510074,0.129412,-0.181303,0.394551,0.991665,-1.077720,0.224325,0.255652
0.358146,4.890243,0.790727,0.027183,-0.002487,0.797165,0.603144,-0.056615,-0.039203,-0.015832,0.332163,-0.234932,0.061098,0.054918,-0.099758,-0.418541,0.292189,-0.260898,0.020968,0.020597,-0.028251,0.011642,0.111939,0.261995,-0.307598,0.569142,1.004081,-0.036692,0.575858,0.147156,-0.179634,0.382997,0.955485,-1.056935,0.207287,0.204627
0.358472,4.894050,0.790681,0.025318,-0.000370,0.798390,0.601608,-0.050815,-0.038875,-0.019707,0.319819,-0.237395,0.055582,0.059893,-0.097359,-0.422072,0.283365,-0.263630,0.020040,0.017044,-0.028206,0.010227,0.112170,0.249802,-0.344283,0.685541,1.043823,-0.035150,0.546852,0.161137,-0.180116,0.377127,0.920719,-1.040776,0.204262,0.150132
0.358525,4.897321,0.790632,0.023464,0.002002,0.798922,0.600973,-0.047539,-0.039251,-0.022072,0.310799,-0.237328,0.050783,0.060872,-0.096963,-0.424426,0.279457,-0.266892,0.019124,0.013895,-0.028192,0.009047,0.111545,0.217411,-0.334071,0.812199,1.017299,-0.011734,0.433697,0.166731,-0.179946,0.375281,0.891544,-1.029759,0.212104,0.109479
0.358322,4.900156,0.790459,0.021529,0.004241,0.798544,0.601536,-0.045445,-0.039267,-0.021934,0.304312,-0.239663,0.047033,0.057333,-0.097938,-0.424358,0.282475,-0.271762,0.018369,0.011787,-0.028278,0.008413,0.108546,0.174570,-0.290960,0.926578,0.956486,0.046966,0.279383,0.163307,-0.177542,0.373591,0.867282,-1.020924,0.224616,0.088042
0.357953,4.902709,0.790261,0.019784,0.006361,0.797513,0.602944,-0.044092,-0.039233,-0.019819,0.300209,-0.242380,0.044505,0.052113,-0.099511,-0.422026,0.288186,-0.276640,0.017834,0.011186,-0.028489,0.008159,0.108119,0.150088,-0.242094,1.000797,0.899764,0.110454,0.125907,0.143716,-0.174121,0.373332,0.852108,-1.011345,0.237242,0.078539
0.357511,4.905085,0.790146,0.018219,0.008434,0.796502,0.604303,-0.043269,-0.039579,-0.017542,0.297037,-0.243815,0.043452,0.047722,-0.101126,-0.419945,0.292467,-0.279879,0.017257,0.012151,-0.028824,0.007769,0.110936,0.134903,-0.222319,1.035720,0.878878,0.158459,0.005397,0.114753,-0.173904,0.370637,0.844641,-1.005505,0.243382,0.065177
0.357042,4.907343,0.790154,0.016597,0.010491,0.796148,0.604783,-0.043056,-0.040323,-0.016679,0.293644,-0.243884,0.042482,0.044449,-0.102703,-0.419976,0.294831,-0.280972,0.016804,0.014420,-0.029099,0.006965,0.118313,0.136892,-0.231259,1.044159,0.892352,0.166523,-0.077953,0.085645,-0.170563,0.364116,0.839548,-1.004364,0.249796,0.041538
0.356524,4.909533,0.790295,0.014781,0.012542,0.796735,0.604018,-0.043474,-0.041521,-0.018036,0.289749,-0.242269,0.040920,0.041579,-0.104637,-0.422757,0.296769,-0.279794,0.016777,0.017867,-0.029164,0.006041,0.127872,0.143987,-0.247491,1.033404,0.919895,0.153353,-0.120930,0.056220,-0.163192,0.352484,0.839443,-0.996911,0.257273,0.018078
0.355925,4.911696,0.790502,0.012911,0.014633,0.798413,0.601794,-0.044299,-0.043737,-0.022581,0.285504,-0.238974,0.039187,0.039340,-0.107395,-0.428402,0.298779,-0.278200,0.017534,0.022698,-0.029226,0.005567,0.136601,0.146457,-0.247352,1.010191,0.938449,0.140303,-0.121886,0.028068,-0.153108,0.337710,0.844323,-0.977233,0.263162,0.007865
0.355244,4.913805,0.790723,0.011313,0.016696,0.801378,0.597818,-0.045443,-0.047800,-0.032140,0.281605,-0.233928,0.037607,0.038402,-0.111456,-0.437146,0.301267,-0.277379,0.019394,0.028977,-0.029711,0.005999,0.147886,0.143070,-0.223413,0.978662,0.937864,0.128026,-0.079557,0.006781,-0.144344,0.322649,0.850520,-0.956247,0.261141,0.011914
0.354520,4.915763,0.790939,0.010336,0.018730,0.805794,0.591810,-0.047411,-0.054290,-0.046571,0.279521,-0.227273,0.036774,0.039128,-0.117362,-0.449107,0.304821,-0.277530,0.022340,0.036053,-0.030906,0.007529,0.158157,0.133525,-0.185020,0.944297,0.923031,0.112352,-0.003300,-0.010374,-0.140130,0.317598,0.856104,-0.944707,0.252039,0.023845
0.353839,4.917463,0.791144,0.010120,0.020889,0.811627,0.583714,-0.051231,-0.063469,-0.064251,0.280974,-0.219471,0.037325,0.041262,-0.125631,-0.465063,0.309954,-0.278501,0.025669,0.042876,-0.032897,0.010118,0.163726,0.121514,-0.148029,0.910320,0.906712,0.093957,0.091497,-0.025563,-0.141361,0.327468,0.860528,-0.945420,0.238042,0.040014
0.353312,4.918811,0.791350,0.010397,0.023503,0.818802,0.573500,-0.058372,-0.075263,-0.083238,0.286982,-0.210486,0.039778,0.043550,-0.136664,-0.486133,0.317401,-0.280286,0.029027,0.048576,-0.035768,0.013421,0.161940,0.110280,-0.123595,0.877933,0.898842,0.078191,0.190286,-0.039475,-0.146874,0.348619,0.863398,-0.952382,0.220927,0.063240
0.353038,4.919734,0.791611,0.010616,0.026999,0.827310,0.560996,-0.071354,-0.089536,-0.101634,0.299340,-0.199777,0.044881,0.044091,-0.150975,-0.513444,0.328174,-0.282850,0.032304,0.052713,-0.039692,0.016880,0.152070,0.100147,-0.113629,0.849322,0.899323,0.066031,0.276682,-0.051460,-0.155583,0.373731,0.863700,-0.958582,0.202782,0.093332
0.353010,4.920274,0.792163,0.010397,0.031660,0.837247,0.545809,-0.093513,-0.105510,-0.111239,0.323140,-0.187393,0.056173,0.041790,-0.168780,-0.546646,0.342739,-0.285876,0.035699,0.054609,-0.044728,0.020233,0.135308,0.090226,-0.114468,0.826943,0.901836,0.053245,0.334939,-0.060408,-0.166615,0.397532,0.861006,-0.961770,0.187806,0.125424
0.353360,4.920782,0.794540,0.009529,0.036471,0.848825,0.527329,-0.123265,-0.114957,-0.077314,0.359686,-0.178729,0.072734,0.037778,-0.188125,-0.585251,0.361781,-0.289333,0.039501,0.052736,-0.049889,0.023777,0.114591,0.081429,-0.122217,0.810214,0.902174,0.037500,0.358721,-0.065048,-0.178029,0.418213,0.855816,-0.963489,0.179879,0.157925
0.353716,4.921757,0.796697,0.008313,0.039804,0.861104,0.506801,-0.155137,-0.111183,0.001839,0.403545,-0.179660,0.096550,0.036408,-0.204654,-0.625232,0.384957,-0.294078,0.044283,0.048229,-0.053890,0.027817,0.095064,0.077511,-0.134798,0.795428,0.898656,0.018906,0.349652,-0.061682,-0.187567,0.433451,0.846197,-0.968836,0.177248,0.193232
0.353720,4.923277,0.796425,0.007552,0.040889,0.872713,0.486460,-0.178847,-0.096526,0.098345,0.446273,-0.190857,0.126028,0.037738,-0.217961,-0.660009,0.409190,-0.301011,0.051613,0.043733,-0.056339,0.032057,0.082985,0.078892,-0.149895,0.782208,0.892388,-0.004252,0.315542,-0.054656,-0.196211,0.448086,0.833754,-0.973057,0.176092,0.229590
0.353069,4.925504,0.795409,0.008399,0.040757,0.881907,0.469584,-0.191170,-0.091807,0.139444,0.479827,-0.205318,0.143872,0.042698,-0.230591,-0.687004,0.436219,-0.308925,0.061865,0.043591,-0.058517,0.035865,0.073189,0.078895,-0.169359,0.764446,0.883929,-0.019401,0.258870,-0.048802,-0.201818,0.462622,0.825908,-0.974305,0.175084,0.256352
0.351537,4.928340,0.794591,0.010866,0.039612,0.889260,0.455554,-0.190077,-0.101173,0.121785,0.496159,-0.217096,0.141946,0.049342,-0.244869,-0.705566,0.469545,-0.310060,0.073791,0.046675,-0.061155,0.038698,0.066982,0.081038,-0.191628,0.746842,0.875338,-0.030582,0.195261,-0.043619,-0.198763,0.481376,0.827689,-0.975068,0.184098,0.263680
0.349143,4.931475,0.794132,0.014643,0.038305,0.895742,0.442679,-0.179660,-0.119868,0.069376,0.500757,-0.224615,0.114512,0.057001,-0.262905,-0.720378,0.508127,-0.306343,0.084707,0.051072,-0.064256,0.040727,0.068978,0.085207,-0.215954,0.728240,0.870543,-0.037583,0.139125,-0.043739,-0.195601,0.500210,0.845458,-0.980603,0.199977,0.260808
0.346125,4.934579,0.793990,0.019072,0.037555,0.902444,0.428742,-0.164869,-0.139898,0.021445,0.499840,-0.229495,0.095703,0.064313,-0.286040,-0.735716,0.551443,-0.295333,0.094966,0.054811,-0.067193,0.042558,0.073675,0.088448,-0.239207,0.716466,0.870426,-0.038174,0.099154,-0.044339,-0.190542,0.517510,0.872182,-0.995310,0.223772,0.260636
0.342834,4.937472,0.794005,0.023751,0.038017,0.909635,0.412983,-0.150553,-0.161458,-0.016032,0.500007,-0.233408,0.094619,0.067915,-0.314957,-0.748119,0.602144,-0.274958,0.106685,0.057502,-0.069984,0.044923,0.077011,0.089104,-0.258725,0.717086,0.873865,-0.031765,0.076367,-0.040552,-0.183200,0.523713,0.894169,-1.009864,0.248452,0.265750
0.339655,4.940141,0.793839,0.028637,0.039533,0.917185,0.395461,-0.140036,-0.184729,-0.051827,0.505150,-0.232635,0.090445,0.064014,-0.350749,-0.751809,0.667246,-0.245434,0.127233,0.058733,-0.073292,0.048503,0.078102,0.087045,-0.272293,0.729514,0.878814,-0.018110,0.066722,-0.035590,-0.173244,0.511896,0.904879,-1.005214,0.268479,0.260750
0.336811,4.942696,0.792799,0.033963,0.041639,0.924989,0.376174,-0.130133,-0.209768,-0.090661,0.511960,-0.232194,0.085291,0.047345,-0.391867,-0.737609,0.752873,-0.208707,0.133040,0.057257,-0.077862,0.053772,0.079252,0.083264,-0.275402,0.749726,0.879717,0.000944,0.069332,-0.020629,-0.163857,0.480651,0.894511,-0.984317,0.281922,0.227142
0.334357,4.945225,0.790475,0.039868,0.043884,0.933040,0.354853,-0.118073,-0.235517,-0.133240,0.518252,-0.234278,0.082149,0.016440,-0.433048,-0.697389,0.853821,-0.167364,0.118912,0.051898,-0.084194,0.060857,0.083364,0.077399,-0.264882,0.771346,0.870052,0.023911,0.085754,-0.002795,-0.157498,0.445675,0.871281,-0.959362,0.289042,0.165793
0.332416,4.948278,0.787790,0.046107,0.045490,0.941346,0.331167,-0.102239,-0.259483,-0.178589,0.522114,-0.237580,0.079546,-0.031800,-0.457512,-0.621125,0.956756,-0.145579,0.081489,0.042294,-0.091813,0.069406,0.090717,0.072610,-0.243911,0.791059,0.848635,0.045695,0.111841,0.013012,-0.154837,0.420246,0.846725,-0.941152,0.292352,0.093415
0.331141,4.951575,0.784102,0.052802,0.047874,0.949310,0.306154,-0.087875,-0.283531,-0.223342,0.530895,-0.244636,0.076838,-0.102073,-0.434249,-0.488980,1.047050,-0.190487,0.064440,0.029822,-0.099143,0.078803,0.099590,0.071610,-0.222453,0.810250,0.823682,0.061522,0.136046,0.024432,-0.156335,0.403984,0.829443,-0.926832,0.294292,0.033891
0.330393,4.955300,0.780632,0.057984,0.049388,0.956222,0.282555,-0.074692,-0.301888,-0.266355,0.538419,-0.252383,0.072745,-0.179450,-0.362307,-0.327903,1.110110,-0.254370,0.099015,0.020748,-0.104643,0.086558,0.111083,0.078892,-0.208531,0.825482,0.810258,0.074453,0.147058,0.029814,-0.152046,0.391611,0.828924,-0.905895,0.294319,-0.001984
0.330005,4.959536,0.777266,0.060480,0.051493,0.961854,0.261777,-0.065137,-0.315388,-0.305704,0.541010,-0.257894,0.066853,-0.229987,-0.283832,-0.195861,1.121594,-0.309375,0.122482,0.018951,-0.109333,0.090490,0.115196,0.095877,-0.204877,0.846625,0.807994,0.086644,0.147027,0.033904,-0.162657,0.375749,0.824472,-0.879216,0.284160,0.001802
0.329806,4.964139,0.772632,0.060622,0.052331,0.967357,0.240430,-0.055155,-0.323011,-0.348594,0.531702,-0.257397,0.059512,-0.255489,-0.217608,-0.095233,1.086589,-0.338765,0.134721,0.021207,-0.113328,0.091693,0.109069,0.113845,-0.206961,0.864530,0.816056,0.110006,0.137565,0.035062,-0.166083,0.371789,0.828985,-0.862104,0.278010,0.015997
0.329813,4.969250,0.772044,0.059981,0.054110,0.972920,0.216569,-0.046590,-0.331504,-0.394851,0.524115,-0.254405,0.051076,-0.260946,-0.156311,0.005094,1.012447,-0.376477,0.142456,0.023671,-0.116755,0.091911,0.103980,0.133690,-0.208855,0.883053,0.825540,0.128338,0.130002,0.036750,-0.174836,0.384109,0.834431,-0.863433,0.273295,0.032215
0.329982,4.974603,0.772729,0.058969,0.055697,0.978562,0.189306,-0.037760,-0.340324,-0.446947,0.516815,-0.250735,0.041914,-0.244827,-0.084418,0.133894,0.916555,-0.411511,0.170854,0.024880,-0.119367,0.091719,0.096419,0.153887,-0.210311,0.901865,0.833581,0.141034,0.123387,0.041608,-0.187114,0.407483,0.836136,-0.877862,0.267020,0.047989
0.330349,4.979978,0.773829,0.058168,0.056928,0.983840,0.159484,-0.028239,-0.349268,-0.503090,0.510580,-0.247722,0.032075,-0.209547,-0.007773,0.287390,0.827818,-0.415341,0.194029,0.025275,-0.120642,0.091762,0.090006,0.177635,-0.211249,0.922613,0.840757,0.139949,0.120542,0.052687,-0.200520,0.430766,0.830125,-0.891103,0.257801,0.062843
0.331121,4.985106,0.774695,0.057650,0.057096,0.988370,0.128611,-0.018309,-0.356218,-0.560819,0.503722,-0.243216,0.021006,-0.162032,0.051610,0.425946,0.767296,-0.395270,0.206212,0.026936,-0.120052,0.092481,0.076303,0.198190,-0.213713,0.937447,0.848973,0.139570,0.115748,0.065708,-0.209969,0.446174,0.821620,-0.894107,0.247453,0.074846
0.332454,4.990155,0.776176,0.057705,0.057828,0.991780,0.098478,-0.011022,-0.364101,-0.615045,0.499705,-0.237161,0.008195,-0.121025,0.074721,0.486683,0.736071,-0.390098,0.155943,0.032428,-0.118388,0.094531,0.060442,0.213858,-0.214839,0.944197,0.855610,0.139362,0.115041,0.078218,-0.218124,0.454845,0.814440,-0.888942,0.238549,0.081867
0.334411,4.994889,0.776831,0.057814,0.058693,0.994195,0.069206,-0.004768,-0.371015,-0.665348,0.493112,-0.226311,-0.004382,-0.091680,0.062146,0.459462,0.693656,-0.397192,0.109030,0.041501,-0.116252,0.097204,0.045185,0.222641,-0.210924,0.942720,0.856863,0.139425,0.122850,0.088355,-0.224316,0.462092,0.812166,-0.883326,0.234690,0.083495
0.336879,4.999741,0.779508,0.057083,0.059478,0.995744,0.041206,0.000296,-0.375078,-0.712395,0.481818,-0.209228,-0.016106,-0.066081,0.030067,0.381937,0.632660,-0.397320,0.057185,0.052035,-0.114006,0.099220,0.028175,0.219258,-0.200102,0.938055,0.850062,0.142762,0.139652,0.098560,-0.223513,0.473699,0.813719,-0.883992,0.242614,0.081000
0.340428,5.004908,0.784505,0.055087,0.059659,0.996576,0.015546,0.003251,-0.374534,-0.756266,0.469359,-0.193172,-0.028431,-0.041516,0.004528,0.309146,0.565373,-0.385376,0.013365,0.062138,-0.111236,0.100209,0.023370,0.215743,-0.180467,0.923414,0.832150,0.139395,0.160282,0.099068,-0.222724,0.486622,0.825424,-0.887193,0.251966,0.084582
0.344952,5.010010,0.787536,0.051841,0.058226,0.996934,-0.006758,-0.000510,-0.369010,-0.789782,0.457666,-0.181459,-0.040995,-0.020400,-0.009898,0.252109,0.498540,-0.368821,-0.007086,0.071464,-0.106733,0.100730,0.029258,0.211470,-0.156919,0.899784,0.806210,0.130926,0.180088,0.090144,-0.219183,0.503112,0.845591,-0.891592,0.259616,0.095007
0.350400,5.015083,0.789232,0.047488,0.055689,0.996962,-0.026639,-0.014076,-0.361105,-0.808045,0.452747,-0.175867,-0.052972,-0.006612,-0.016187,0.207314,0.441058,-0.354747,-0.011342,0.079005,-0.100098,0.101845,0.048487,0.210167,-0.134845,0.867296,0.775584,0.112616,0.196759,0.066875,-0.214617,0.525525,0.875075,-0.895531,0.260987,0.110930
0.356719,5.020200,0.789885,0.042224,0.052156,0.996676,-0.046197,-0.037701,-0.351118,-0.809046,0.453168,-0.175611,-0.065168,-0.003402,-0.017539,0.165534,0.399082,-0.343044,-0.013651,0.083781,-0.091857,0.104430,0.068398,0.204347,-0.122658,0.835707,0.747399,0.093952,0.209497,0.041313,-0.213941,0.550805,0.895775,-0.902411,0.256560,0.128262
0.363649,5.025512,0.789940,0.036435,0.047576,0.995910,-0.067614,-0.068918,-0.333829,-0.786183,0.449927,-0.178162,-0.081595,-0.008024,-0.016208,0.120171,0.369671,-0.333013,-0.017808,0.084737,-0.082609,0.108567,0.086784,0.197956,-0.123899,0.811036,0.726995,0.077242,0.214515,0.017509,-0.217254,0.571868,0.900859,-0.909235,0.249006,0.140051
0.370935,5.031059,0.790157,0.030887,0.041959,0.994360,-0.092374,-0.104870,-0.303208,-0.723127,0.436279,-0.184517,-0.087693,-0.016679,-0.014271,0.068355,0.348326,-0.322690,-0.020620,0.080913,-0.071937,0.113736,0.100836,0.193196,-0.139241,0.797824,0.719497,0.066359,0.209454,0.001145,-0.222480,0.578747,0.889429,-0.908585,0.242855,0.139045
0.378229,5.036475,0.793079,0.025739,0.036879,0.991761,-0.119951,-0.143844,-0.261948,-0.624461,0.410410,-0.188947,-0.074105,-0.025036,-0.015598,0.011977,0.328663,-0.310562,-0.022012,0.073470,-0.060034,0.118657,0.109475,0.187607,-0.166110,0.797623,0.729100,0.063591,0.200804,-0.004508,-0.227631,0.565742,0.867344,-0.894376,0.240553,0.127302
0.385373,5.041684,0.794028,0.020761,0.033902,0.987960,-0.149513,-0.179125,-0.212514,-0.496160,0.382805,-0.185775,-0.029322,-0.032483,-0.022802,-0.046306,0.309890,-0.299333,-0.022939,0.063831,-0.048338,0.122490,0.113105,0.174969,-0.198153,0.810996,0.754668,0.071587,0.204260,0.004761,-0.237177,0.529124,0.839498,-0.873533,0.232310,0.118280
0.392231,5.046533,0.794239,0.015694,0.032578,0.982896,-0.180576,-0.208809,-0.152514,-0.339668,0.358628,-0.199170,0.057762,-0.041834,-0.035349,-0.105299,0.297972,-0.291402,-0.023355,0.053162,-0.038497,0.125103,0.118740,0.162853,-0.217593,0.826540,0.782893,0.087415,0.220542,0.010067,-0.239693,0.493942,0.827427,-0.847047,0.224097,0.119276
0.398626,5.050949,0.793954,0.010943,0.031469,0.976621,-0.212373,-0.234852,-0.086199,-0.172204,0.343595,-0.223620,0.127175,-0.054683,-0.050762,-0.164410,0.298107,-0.288974,-0.023795,0.043190,-0.031123,0.127247,0.116587,0.138812,-0.219378,0.847293,0.799184,0.121743,0.248991,0.014786,-0.239457,0.470101,0.824618,-0.829703,0.216404,0.130850
0.404418,5.054878,0.793297,0.007143,0.029788,0.969220,-0.244285,-0.255313,-0.017483,-0.006845,0.344430,-0.261943,0.116740,-0.069353,-0.067667,-0.223461,0.309536,-0.291863,-0.025225,0.034941,-0.025550,0.129271,0.116429,0.116449,-0.202704,0.869090,0.795950,0.153798,0.280124,0.021372,-0.240406,0.462031,0.825588,-0.827867,0.208925,0.147398
0.409481,5.058273,0.792603,0.004865,0.028045,0.961013,-0.275034,-0.268008,0.055318,0.157542,0.367790,-0.288123,0.096870,-0.080223,-0.085309,-0.280600,0.323336,-0.296597,-0.026274,0.028980,-0.020630,0.130843,0.116862,0.100644,-0.181786,0.887228,0.783129,0.176141,0.301032,0.028698,-0.240791,0.468785,0.829744,-0.839538,0.201900,0.166113
0.413710,5.061080,0.792272,0.003991,0.027770,0.952676,-0.302689,-0.272297,0.131399,0.312242,0.418006,-0.292835,0.083757,-0.082246,-0.103338,-0.332618,0.329099,-0.298323,-0.026759,0.026036,-0.016475,0.131418,0.118915,0.093636,-0.170069,0.899448,0.773784,0.185587,0.305810,0.034115,-0.240894,0.487291,0.838058,-0.858397,0.192737,0.188712
0.417095,5.063086,0.792103,0.004887,0.027703,0.945053,-0.325705,-0.264150,0.196274,0.422801,0.479785,-0.288647,0.079211,-0.077513,-0.118134,-0.377199,0.331072,-0.299468,-0.026734,0.027234,-0.013302,0.130470,0.124492,0.096721,-0.170238,0.904814,0.773366,0.183960,0.296250,0.035622,-0.239501,0.514196,0.851837,-0.879781,0.180403,0.215367
0.419784,5.064202,0.791954,0.007275,0.027333,0.937943,-0.345634,-0.246168,0.254596,0.505177,0.542784,-0.285961,0.087690,-0.067792,-0.129519,-0.416607,0.331550,-0.300320,-0.025945,0.030016,-0.010884,0.128116,0.133131,0.106703,-0.177518,0.904049,0.779836,0.176385,0.279135,0.033700,-0.235473,0.540632,0.868956,-0.899403,0.169733,0.240041
0.422065,5.064364,0.791779,0.010552,0.026558,0.931164,-0.363480,-0.219060,0.307221,0.568654,0.600616,-0.282448,0.103442,-0.055045,-0.138533,-0.452456,0.331579,-0.301145,-0.024088,0.032751,-0.008999,0.124617,0.142772,0.118773,-0.185069,0.899561,0.788456,0.169516,0.262637,0.031790,-0.227734,0.552880,0.883723,-0.911237,0.168492,0.251638
0.424269,5.063485,0.791642,0.013966,0.025975,0.924650,-0.379673,-0.182398,0.349370,0.618276,0.641364,-0.267081,0.116741,-0.039589,-0.146995,-0.485327,0.328684,-0.300357,-0.020601,0.034782,-0.007409,0.120063,0.151092,0.127742,-0.188312,0.895124,0.794371,0.167367,0.250808,0.033015,-0.217935,0.543663,0.890999,-0.913701,0.179244,0.244399
0.426757,5.061464,0.791266,0.017302,0.025815,0.918506,-0.394184,-0.140979,0.370723,0.641664,0.654558,-0.221088,0.108949,-0.022282,-0.156376,-0.514895,0.323310,-0.297519,-0.014874,0.036821,-0.005958,0.114674,0.156623,0.131784,-0.187002,0.894093,0.795554,0.169587,0.241665,0.037884,-0.209151,0.519775,0.890143,-0.912525,0.194784,0.227696
0.429805,5.058369,0.789328,0.020484,0.026344,0.913052,-0.406476,-0.103396,0.350793,0.603244,0.626286,-0.177159,0.003063,-0.004830,-0.167886,-0.539876,0.317605,-0.293255,-0.007329,0.040567,-0.004730,0.109004,0.158397,0.132630,-0.185297,0.898020,0.794920,0.173945,0.231393,0.044911,-0.203375,0.493227,0.883927,-0.912827,0.205087,0.216826
0.433160,5.054053,0.788879,0.024197,0.025470,0.907657,-0.418241,-0.068860,0.306835,0.533278,0.550432,-0.193560,-0.098701,0.010654,-0.179735,-0.563196,0.318004,-0.290117,0.002115,0.043729,-0.002934,0.102934,0.156383,0.134980,-0.187723,0.906105,0.797542,0.178602,0.218382,0.052790,-0.198811,0.469999,0.874978,-0.912772,0.205673,0.211870
0.437105,5.049596,0.787565,0.026417,0.026114,0.902055,-0.430019,-0.028207,0.258279,0.489831,0.453395,-0.212887,-0.112132,0.028319,-0.193695,-0.587250,0.309664,-0.282446,0.012545,0.043987,-0.001865,0.096166,0.150711,0.134171,-0.195541,0.916535,0.803263,0.180927,0.202408,0.058795,-0.198288,0.451550,0.864876,-0.911095,0.199602,0.199448
0.441422,5.044868,0.788664,0.027135,0.027542,0.896049,-0.442269,0.013858,0.218039,0.493810,0.360017,-0.217810,-0.087139,0.045224,-0.209607,-0.612655,0.298572,-0.271767,0.023397,0.041461,-0.002966,0.089443,0.142288,0.130745,-0.206414,0.926462,0.809687,0.179245,0.180843,0.060789,-0.201002,0.441318,0.857725,-0.911693,0.192869,0.173561
0.446170,5.040555,0.789829,0.026659,0.028998,0.890452,-0.453369,0.047771,0.178991,0.489295,0.276941,-0.209511,-0.071854,0.056989,-0.227226,-0.635800,0.292074,-0.262260,0.034404,0.040104,-0.006280,0.083642,0.132285,0.126977,-0.218575,0.932169,0.814847,0.171560,0.151695,0.057296,-0.204796,0.440347,0.858028,-0.919053,0.191665,0.146243
0.451331,5.036824,0.790570,0.025438,0.029701,0.885074,-0.463805,0.071978,0.144057,0.474290,0.207332,-0.196939,-0.059508,0.063228,-0.245435,-0.657016,0.292025,-0.255277,0.044871,0.039832,-0.010558,0.078842,0.121482,0.125370,-0.232335,0.930642,0.819394,0.157407,0.119015,0.048935,-0.206217,0.443231,0.865436,-0.930838,0.197703,0.132066
0.456896,5.033748,0.790808,0.023836,0.029591,0.879742,-0.473930,0.083998,0.115933,0.452589,0.159511,-0.188472,-0.047596,0.065220,-0.263554,-0.677095,0.296940,-0.250488,0.054464,0.039983,-0.015023,0.075354,0.109700,0.127074,-0.248795,0.921238,0.825194,0.138636,0.091428,0.037916,-0.203382,0.443952,0.874160,-0.941747,0.207122,0.130951
0.462874,5.031354,0.790613,0.021941,0.029097,0.874115,-0.484349,0.080130,0.095786,0.428832,0.142880,-0.189512,-0.036092,0.063578,-0.282972,-0.696926,0.307442,-0.248243,0.063302,0.040169,-0.019593,0.073814,0.096508,0.130997,-0.267851,0.906161,0.832658,0.118107,0.076317,0.026745,-0.198419,0.443013,0.877894,-0.951037,0.215167,0.132073
0.469220,5.029519,0.790127,0.019443,0.028911,0.868016,-0.495313,0.061399,0.080308,0.404123,0.154797,-0.196701,-0.024231,0.059027,-0.305990,-0.717086,0.323387,-0.247475,0.072445,0.040649,-0.024748,0.074796,0.084846,0.137166,-0.285125,0.891125,0.839829,0.093449,0.076470,0.016970,-0.196193,0.448205,0.873070,-0.958809,0.221132,0.128146