-3.116991,-3.657675,0.770085,-0.065671,-0.012653,0.604060,-0.794128,-0.632007,0.271447,0.160425,1.141394,-0.037247,-0.105606,-0.278501,0.106118,-0.195686,0.379329,-0.336209,-0.230031,-0.017567,-0.007759,0.033332,0.078020,0.188842,-0.284381,0.893728,0.583902,0.363879,0.022040,0.235811,-0.055694,-0.135599,0.406068,-0.662991,0.053069,-0.105879
-3.110677,-3.671218,0.769571,-0.068701,-0.017427,0.634096,-0.769999,-0.665048,0.230169,0.124984,1.043395,-0.043159,-0.105660,-0.270100,0.134275,-0.127521,0.388971,-0.352656,-0.225578,0.000294,-0.005340,0.032657,0.123697,0.172844,-0.270215,0.904045,0.570921,0.379174,-0.005779,0.240456,-0.070248,-0.096511,0.339203,-0.629709,-0.001355,-0.105094
-3.105390,-3.685850,0.768785,-0.071384,-0.022256,0.661329,-0.746360,-0.688501,0.179977,0.084471,0.932998,-0.037470,-0.119442,-0.258248,0.161028,-0.062571,0.397840,-0.370582,-0.221695,0.016549,-0.003461,0.030678,0.168061,0.159981,-0.255784,0.908825,0.558789,0.386169,-0.041261,0.246754,-0.087312,-0.056962,0.287850,-0.598715,-0.031966,-0.095217
-3.101412,-3.701441,0.767836,-0.074594,-0.027272,0.684838,-0.724354,-0.700135,0.125598,0.047320,0.799758,-0.025896,-0.146180,-0.242181,0.184208,-0.003228,0.400141,-0.387092,-0.217334,0.029935,-0.001551,0.027143,0.206908,0.149622,-0.247339,0.910567,0.557984,0.394152,-0.073234,0.251754,-0.106601,-0.019925,0.254702,-0.577269,-0.038605,-0.081247
-3.098984,-3.717909,0.766528,-0.078451,-0.032730,0.703250,-0.705843,-0.698953,0.069415,0.008558,0.639051,-0.006760,-0.185540,-0.221808,0.202746,0.046459,0.393148,-0.401350,-0.211867,0.040482,0.000132,0.021797,0.237305,0.139058,-0.234322,0.907427,0.557041,0.399510,-0.094409,0.258001,-0.124525,0.009894,0.238043,-0.565274,-0.030727,-0.065040
-3.097998,-3.735328,0.764380,-0.081516,-0.038473,0.717494,-0.690707,-0.687912,0.012530,-0.038017,0.466727,0.011240,-0.238569,-0.197127,0.219162,0.087057,0.381680,-0.416109,-0.205266,0.048451,0.002015,0.015195,0.260004,0.132301,-0.219202,0.903174,0.560265,0.405286,-0.098873,0.265816,-0.135185,0.028936,0.239821,-0.557853,-0.012470,-0.052451
-3.098121,-3.753599,0.761284,-0.082809,-0.044162,0.727967,-0.679158,-0.664349,-0.054097,-0.076769,0.302012,0.025355,-0.247440,-0.172198,0.235024,0.117703,0.376651,-0.431712,-0.200239,0.052141,0.005108,0.008425,0.276653,0.128514,-0.201800,0.897074,0.565216,0.415763,-0.095746,0.273076,-0.140912,0.039316,0.264508,-0.562718,0.015420,-0.050027
-3.098978,-3.772399,0.757533,-0.082339,-0.048529,0.737538,-0.668508,-0.638821,-0.115021,-0.124259,0.198305,0.010039,-0.247602,-0.149221,0.250999,0.144269,0.385768,-0.449588,-0.201073,0.053582,0.008557,0.002877,0.290115,0.126817,-0.180736,0.886345,0.568277,0.421324,-0.084084,0.276995,-0.139914,0.042896,0.314254,-0.571196,0.054847,-0.055196
-3.100327,-3.791325,0.754076,-0.081604,-0.050435,0.748791,-0.655827,-0.628149,-0.128831,-0.164047,0.205186,0.006621,-0.242488,-0.128401,0.263761,0.171872,0.406952,-0.461709,-0.201954,0.057149,0.011588,-0.000393,0.298671,0.123613,-0.160788,0.875134,0.571061,0.425576,-0.072203,0.273771,-0.139425,0.043560,0.385334,-0.585673,0.104579,-0.058092
-3.102156,-3.810555,0.751167,-0.082270,-0.048055,0.763230,-0.639064,-0.620127,-0.128481,-0.215058,0.257160,0.073423,-0.130148,-0.108497,0.268672,0.206573,0.439649,-0.458875,-0.191745,0.065638,0.012351,-0.001443,0.300459,0.114190,-0.141787,0.865313,0.572532,0.428485,-0.054344,0.266673,-0.142869,0.038694,0.466375,-0.604320,0.159690,-0.056652
-3.104030,-3.829837,0.755626,-0.081870,-0.044512,0.777874,-0.621473,-0.606422,-0.113035,-0.179766,0.297921,0.064000,-0.074919,-0.101905,0.270032,0.229526,0.503046,-0.434538,-0.164191,0.070089,0.010721,-0.000900,0.296965,0.103358,-0.126559,0.860170,0.577471,0.434178,-0.026710,0.258396,-0.147004,0.028925,0.554063,-0.636067,0.222163,-0.067254
-3.106586,-3.849742,0.760048,-0.081211,-0.041511,0.794706,-0.600103,-0.586126,-0.087650,-0.134440,0.337502,0.012479,-0.054769,-0.128242,0.264724,0.216769,0.615272,-0.375842,-0.093699,0.076452,0.005064,0.001352,0.285737,0.096100,-0.106845,0.859030,0.574047,0.433525,0.007056,0.252637,-0.137595,0.004532,0.640480,-0.651499,0.280406,-0.090530
-3.109704,-3.869440,0.764516,-0.080514,-0.038148,0.813448,-0.574773,-0.558473,-0.057498,-0.084147,0.367280,-0.037899,-0.044708,-0.179144,0.252691,0.195317,0.753686,-0.271274,0.064148,0.082790,-0.000477,0.004375,0.271852,0.100090,-0.102510,0.873596,0.582602,0.424390,0.025736,0.259150,-0.125547,-0.021232,0.714822,-0.652064,0.325994,-0.118429
-3.113540,-3.888758,0.769388,-0.081790,-0.033488,0.835283,-0.542670,-0.529739,-0.023027,-0.016223,0.394266,-0.081985,-0.028739,-0.246138,0.247674,0.159362,0.909003,-0.168128,0.239030,0.090212,-0.005077,0.007773,0.253100,0.109026,-0.114045,0.882843,0.597656,0.408736,0.021136,0.261141,-0.131753,-0.023081,0.766486,-0.650459,0.350779,-0.104896
-3.117907,-3.907182,0.771826,-0.081927,-0.028190,0.858985,-0.504617,-0.496918,0.016827,0.063234,0.421004,-0.128362,-0.020739,-0.327778,0.237723,0.098610,1.073946,-0.092684,0.247480,0.100072,-0.010420,0.012154,0.233616,0.128614,-0.130316,0.882739,0.615090,0.386519,0.009098,0.263532,-0.166293,0.025437,0.796249,-0.677654,0.343118,-0.030379
-3.123232,-3.924938,0.773242,-0.080677,-0.022863,0.878918,-0.469543,-0.458862,0.050317,0.134655,0.443237,-0.173196,-0.019883,-0.410562,0.202700,0.082887,1.211595,-0.082897,0.247823,0.102208,-0.016691,0.017126,0.209204,0.155936,-0.140650,0.879036,0.630352,0.367331,0.008477,0.270955,-0.213741,0.080871,0.794501,-0.708474,0.297751,0.070463
-3.129848,-3.942297,0.773975,-0.079830,-0.017584,0.893618,-0.441321,-0.418691,0.072167,0.193940,0.458865,-0.213050,-0.022634,-0.489787,0.129383,0.067375,1.298513,-0.117987,0.247785,0.095838,-0.024575,0.021503,0.173134,0.186210,-0.143235,0.879591,0.640566,0.363406,0.018593,0.288410,-0.251193,0.092485,0.762581,-0.715993,0.245646,0.138205
-3.137783,-3.959343,0.774147,-0.079231,-0.012413,0.903900,-0.420159,-0.377229,0.083699,0.241904,0.468601,-0.247932,-0.026287,-0.560607,0.046305,0.046070,1.334246,-0.127932,0.246717,0.080818,-0.032905,0.024322,0.129480,0.216877,-0.141853,0.885127,0.649595,0.374852,0.024734,0.313968,-0.261125,0.049438,0.715496,-0.691060,0.219516,0.142731
-3.146911,-3.975951,0.773682,-0.078611,-0.006609,0.911878,-0.402810,-0.334484,0.088188,0.282733,0.475247,-0.279726,-0.031017,-0.618303,-0.016219,0.017438,1.320006,-0.148827,0.222703,0.061861,-0.040741,0.025910,0.084260,0.248793,-0.140778,0.888279,0.657276,0.388510,0.022213,0.344331,-0.245664,-0.021708,0.664495,-0.641426,0.206279,0.089057
-3.156940,-3.992162,0.772744,-0.078807,-0.000734,0.919181,-0.385870,-0.290357,0.088265,0.321845,0.475769,-0.308171,-0.037113,-0.664445,-0.059455,-0.018703,1.265082,-0.179973,0.191348,0.042757,-0.047555,0.026210,0.041050,0.284979,-0.142113,0.883435,0.666314,0.397816,0.020470,0.370613,-0.220913,-0.087384,0.622121,-0.587979,0.187691,0.012944
-3.167859,-4.007974,0.771388,-0.079369,0.004221,0.925838,-0.369467,-0.245755,0.086934,0.359349,0.472092,-0.334759,-0.044807,-0.699660,-0.079622,-0.046073,1.171712,-0.199695,0.175474,0.024305,-0.052529,0.025600,0.001761,0.322339,-0.140534,0.870354,0.669758,0.398861,0.018897,0.389487,-0.198647,-0.130610,0.590592,-0.549422,0.168292,-0.058590
-3.179658,-4.023319,0.769496,-0.080260,0.008014,0.931513,-0.354652,-0.203003,0.085067,0.393182,0.467876,-0.361913,-0.054012,-0.719848,-0.094834,-0.081516,1.043298,-0.213564,0.156002,0.007817,-0.056100,0.023672,-0.034537,0.353435,-0.136837,0.852052,0.668538,0.397391,0.033096,0.407067,-0.179992,-0.156729,0.565605,-0.526379,0.156273,-0.109747
-3.192143,-4.038183,0.767381,-0.082013,0.010438,0.936416,-0.341012,-0.160754,0.081481,0.423688,0.456806,-0.385341,-0.064243,-0.723177,-0.110924,-0.136007,0.881659,-0.205780,0.116873,-0.006558,-0.058985,0.019751,-0.065452,0.385993,-0.125473,0.828817,0.659946,0.390747,0.053780,0.413816,-0.164663,-0.167491,0.557558,-0.524916,0.162841,-0.125541
-3.205269,-4.052408,0.765340,-0.085144,0.010689,0.940723,-0.328140,-0.119947,0.077615,0.450687,0.436129,-0.398385,-0.076465,-0.708141,-0.116666,-0.205182,0.686942,-0.174578,0.061261,-0.019499,-0.060853,0.013360,-0.093468,0.413576,-0.106487,0.803472,0.642101,0.383549,0.078666,0.411527,-0.148496,-0.172564,0.560663,-0.537181,0.179424,-0.119657
-3.219396,-4.065889,0.762808,-0.089088,0.011087,0.944303,-0.316596,-0.080356,0.072254,0.474035,0.413492,-0.406829,-0.091847,-0.674856,-0.114514,-0.290328,0.482793,-0.135362,0.031760,-0.030599,-0.061879,0.005199,-0.118734,0.434855,-0.089680,0.778879,0.622170,0.373001,0.100482,0.406636,-0.130220,-0.178321,0.572425,-0.554376,0.200191,-0.103582
-3.234337,-4.078565,0.760179,-0.092531,0.011295,0.947404,-0.306164,-0.042304,0.068007,0.492756,0.393604,-0.406835,-0.111138,-0.632440,-0.105162,-0.370968,0.316834,-0.101530,0.013993,-0.040853,-0.062084,-0.002808,-0.140152,0.448686,-0.074513,0.757801,0.601861,0.365610,0.120996,0.402133,-0.109543,-0.182641,0.592482,-0.572659,0.224729,-0.082443
-3.250052,-4.090388,0.757787,-0.094450,0.012003,0.950009,-0.297352,-0.008893,0.066657,0.503533,0.388019,-0.396943,-0.135186,-0.602441,-0.097749,-0.427249,0.261405,-0.054835,-0.115535,-0.050007,-0.061117,-0.008800,-0.157853,0.454900,-0.066523,0.738464,0.587874,0.358206,0.139888,0.399570,-0.090225,-0.182710,0.617983,-0.591854,0.244453,-0.061154
-3.267256,-4.101175,0.758331,-0.093578,0.009625,0.952077,-0.291032,0.014185,0.082361,0.498956,0.417552,-0.369762,-0.171211,-0.587777,-0.079616,-0.419073,0.289329,-0.058879,-0.225147,-0.060187,-0.057354,-0.011123,-0.172030,0.459050,-0.054864,0.717176,0.571220,0.354579,0.144463,0.391680,-0.066958,-0.182337,0.656295,-0.609718,0.261479,-0.041193
-3.285347,-4.111070,0.760163,-0.090814,0.006386,0.954880,-0.282693,0.016454,0.113460,0.486178,0.490208,-0.316767,-0.202038,-0.574486,-0.058514,-0.397868,0.327667,-0.096327,-0.236007,-0.070119,-0.051205,-0.008785,-0.171806,0.448808,-0.044707,0.698735,0.560121,0.351579,0.161156,0.384703,-0.044162,-0.181638,0.697809,-0.626361,0.277333,-0.022827
-3.303525,-4.120912,0.762171,-0.086387,0.003754,0.958547,-0.271496,-0.002106,0.151650,0.465861,0.600922,-0.223113,-0.219149,-0.557612,-0.039651,-0.377583,0.371424,-0.142042,-0.220404,-0.078440,-0.043924,-0.003439,-0.154563,0.420037,-0.031727,0.682010,0.547564,0.345861,0.187531,0.380561,-0.026759,-0.180611,0.734748,-0.645935,0.290720,-0.004062
-3.320944,-4.130391,0.763239,-0.082424,0.000884,0.962117,-0.259876,-0.047961,0.187411,0.423425,0.737719,-0.106468,-0.213663,-0.534712,-0.018870,-0.358920,0.398258,-0.183093,-0.213840,-0.082909,-0.037182,0.001555,-0.134622,0.383382,-0.037931,0.675725,0.538264,0.336919,0.194914,0.380628,-0.011748,-0.178039,0.756097,-0.667226,0.304594,0.024171
-3.337982,-4.139667,0.764547,-0.080068,-0.000693,0.964949,-0.249926,-0.121094,0.218343,0.368996,0.896288,-0.014735,-0.152714,-0.503162,-0.000295,-0.345971,0.400496,-0.214335,-0.212036,-0.083594,-0.031478,0.005382,-0.126384,0.357779,-0.090808,0.682546,0.559191,0.321295,0.164766,0.385363,-0.002999,-0.170641,0.753512,-0.689295,0.299470,0.060455
-3.354534,-4.148914,0.765162,-0.077232,-0.004641,0.967863,-0.239281,-0.205328,0.248028,0.312631,1.052043,0.017216,-0.089338,-0.468216,0.024358,-0.331336,0.391898,-0.238289,-0.207654,-0.080715,-0.024662,0.009918,-0.128949,0.350272,-0.172222,0.699281,0.604988,0.299929,0.098581,0.391938,0.001757,-0.160824,0.737140,-0.708509,0.276503,0.107794
-3.370752,-4.158671,0.765408,-0.073253,-0.009264,0.972138,-0.222476,-0.290162,0.251069,0.248599,1.184041,-0.014376,-0.076318,-0.435610,0.053872,-0.305298,0.389478,-0.261799,-0.200493,-0.075452,-0.015916,0.015681,-0.131201,0.350677,-0.249927,0.718536,0.659948,0.270747,0.023271,0.392426,0.005953,-0.169500,0.711877,-0.708027,0.249911,0.138104
-3.386931,-4.169168,0.765682,-0.068875,-0.012088,0.977301,-0.199984,-0.371971,0.237091,0.194247,1.283960,-0.041524,-0.068895,-0.404199,0.081467,-0.266775,0.394295,-0.286460,-0.190513,-0.069899,-0.006916,0.021174,-0.121981,0.339575,-0.291272,0.734336,0.696811,0.258062,-0.024641,0.384112,0.006289,-0.191102,0.686030,-0.702021,0.234363,0.130065
-3.403323,-4.179951,0.766233,-0.066475,-0.013483,0.981896,-0.176861,-0.455248,0.221772,0.151440,1.347664,-0.041143,-0.075435,-0.373417,0.104204,-0.223619,0.396774,-0.308721,-0.180112,-0.065077,0.000169,0.025633,-0.101622,0.313516,-0.294448,0.744118,0.706165,0.261510,-0.038271,0.368954,0.006724,-0.216489,0.659247,-0.695678,0.228438,0.091822
-3.419970,-4.191030,0.766602,-0.065509,-0.015424,0.985838,-0.153604,-0.537393,0.206970,0.115872,1.371381,-0.055392,-0.081632,-0.346269,0.124176,-0.179475,0.402411,-0.331428,-0.168789,-0.060978,0.005514,0.028749,-0.075140,0.285052,-0.275332,0.752568,0.698786,0.272522,-0.023444,0.352448,0.009234,-0.233668,0.628801,-0.695838,0.219442,0.032605
-3.437244,-4.202309,0.766813,-0.065669,-0.016838,0.989121,-0.130553,-0.609855,0.196156,0.088444,1.351863,-0.073155,-0.080953,-0.319540,0.140161,-0.134438,0.407546,-0.354949,-0.155181,-0.056478,0.009827,0.030126,-0.048051,0.260679,-0.253315,0.767514,0.684553,0.284495,-0.005495,0.340178,0.010652,-0.239274,0.596454,-0.701086,0.203785,-0.021572
-3.455503,-4.213885,0.766642,-0.066565,-0.017689,0.991993,-0.105859,-0.667616,0.197308,0.074713,1.291055,-0.090357,-0.078353,-0.293569,0.152664,-0.087415,0.415796,-0.382908,-0.137415,-0.051277,0.013701,0.029924,-0.021029,0.246888,-0.241568,0.786914,0.676335,0.293517,0.003451,0.332145,0.011436,-0.239635,0.563585,-0.700028,0.181666,-0.060934
-3.474907,-4.225657,0.766061,-0.067615,-0.018286,0.994416,-0.078928,-0.708207,0.206732,0.070687,1.190401,-0.096748,-0.068641,-0.266932,0.163268,-0.037438,0.426109,-0.412746,-0.123295,-0.045506,0.017502,0.028257,0.007888,0.244003,-0.240114,0.808540,0.673330,0.300859,-0.003506,0.326285,0.010122,-0.233012,0.535275,-0.689922,0.157672,-0.075818
-3.495467,-4.237474,0.765049,-0.068675,-0.019080,0.996133,-0.051364,-0.727517,0.212342,0.064185,1.049481,-0.103350,-0.062112,-0.238327,0.172269,0.015264,0.436038,-0.442247,-0.111885,-0.039613,0.021305,0.025355,0.038707,0.247777,-0.244172,0.830397,0.672530,0.307373,-0.022385,0.320783,0.005229,-0.220648,0.514149,-0.673684,0.139301,-0.069575
-3.517007,-4.249094,0.763513,-0.070694,-0.019893,0.997014,-0.023849,-0.728519,0.213491,0.047832,0.870883,-0.095101,-0.060572,-0.208611,0.178514,0.069117,0.442275,-0.470118,-0.102036,-0.034880,0.024984,0.021285,0.070331,0.253157,-0.246798,0.850407,0.670356,0.315602,-0.042458,0.314735,-0.004241,-0.203009,0.500071,-0.658679,0.124542,-0.054183
-3.539251,-4.260282,0.761389,-0.074099,-0.019732,0.997048,0.003867,-0.711833,0.199460,0.001335,0.663609,-0.084414,-0.045430,-0.178775,0.180035,0.123604,0.443067,-0.494157,-0.093031,-0.031658,0.027921,0.015756,0.104723,0.252617,-0.249557,0.865979,0.665855,0.327272,-0.057146,0.307827,-0.017634,-0.190334,0.500190,-0.651839,0.105987,-0.040270
-3.562130,-4.271247,0.758775,-0.077198,-0.018639,0.996367,0.030749,-0.676822,0.180228,-0.072954,0.456811,-0.084216,-0.046948,-0.147266,0.175219,0.175451,0.441765,-0.515868,-0.083243,-0.030420,0.029824,0.009230,0.140917,0.249085,-0.244484,0.881645,0.655629,0.342705,-0.070508,0.299743,-0.031546,-0.177019,0.505312,-0.657159,0.101939,-0.030180
-3.585254,-4.282443,0.755990,-0.079608,-0.016128,0.995089,0.056566,-0.632497,0.174004,-0.129745,0.294488,-0.071032,-0.076286,-0.118719,0.161970,0.223020,0.446043,-0.537952,-0.070819,-0.030819,0.031893,0.003369,0.175552,0.238932,-0.233000,0.896715,0.640767,0.359102,-0.076334,0.294674,-0.043569,-0.170062,0.510480,-0.663144,0.106776,-0.026608
-3.607962,-4.293958,0.753410,-0.080551,-0.011959,0.993351,0.081378,-0.607836,0.185654,-0.112483,0.264317,-0.041052,-0.129971,-0.101287,0.140798,0.260681,0.469207,-0.555035,-0.058249,-0.032862,0.034077,0.001361,0.204093,0.223116,-0.225485,0.912126,0.630389,0.373712,-0.075420,0.290600,-0.053345,-0.173002,0.516064,-0.666333,0.119966,-0.032428
-3.630346,-4.305575,0.751084,-0.079598,-0.006595,0.991313,0.104491,-0.598322,0.207510,-0.028557,0.320993,0.030857,-0.170342,-0.101023,0.114710,0.283901,0.526854,-0.559257,-0.046538,-0.036540,0.035437,0.002796,0.221609,0.204227,-0.227958,0.931050,0.626528,0.386948,-0.072773,0.289895,-0.061336,-0.185117,0.523236,-0.664278,0.135879,-0.040601
-3.651895,-4.316401,0.755145,-0.079534,0.001966,0.989306,0.122242,-0.597999,0.201714,0.026924,0.396129,0.001244,-0.124635,-0.123017,0.084046,0.287421,0.619601,-0.516712,-0.029617,-0.039238,0.029861,0.006726,0.216055,0.185627,-0.242994,0.956271,0.630691,0.400548,-0.065831,0.293030,-0.057607,-0.217264,0.531262,-0.649027,0.153705,-0.065814
-3.673558,-4.326311,0.758042,-0.077635,0.008854,0.987589,0.136246,-0.588687,0.195435,0.074517,0.465226,-0.061184,-0.111202,-0.169445,0.058941,0.273988,0.749770,-0.417986,-0.018158,-0.043104,0.020752,0.010925,0.196875,0.178649,-0.279962,0.988779,0.650959,0.411432,-0.072389,0.301934,-0.035747,-0.264081,0.553140,-0.622885,0.175608,-0.099593
-3.694892,-4.335188,0.760394,-0.075778,0.015448,0.985225,0.152809,-0.565909,0.191315,0.121739,0.510501,-0.117333,-0.099268,-0.238653,0.028392,0.245075,0.895015,-0.282748,0.023449,-0.045489,0.012951,0.014372,0.170354,0.179276,-0.323374,1.011256,0.672255,0.410166,-0.103816,0.309673,-0.014566,-0.298190,0.583191,-0.605199,0.203903,-0.135425
-3.716215,-4.343575,0.763964,-0.072976,0.022773,0.981464,0.175742,-0.521493,0.188249,0.180530,0.523695,-0.162281,-0.084904,-0.316981,-0.018105,0.204338,1.034200,-0.187673,0.021795,-0.047023,0.006330,0.016875,0.145806,0.186483,-0.363709,1.010843,0.691147,0.396661,-0.143685,0.316938,-0.018311,-0.285161,0.613762,-0.621044,0.226318,-0.132430
-3.736774,-4.350742,0.766096,-0.069806,0.031898,0.976711,0.200361,-0.471882,0.181164,0.244138,0.522947,-0.198957,-0.071237,-0.402513,-0.086321,0.151348,1.154877,-0.177089,-0.009281,-0.049267,-0.001448,0.019723,0.121920,0.202567,-0.382663,0.991901,0.702673,0.376845,-0.151959,0.322515,-0.040661,-0.236711,0.636757,-0.659984,0.238243,-0.075242
-3.756971,-4.356422,0.767908,-0.065884,0.039773,0.971646,0.223566,-0.418640,0.171338,0.303573,0.513657,-0.230751,-0.061444,-0.479246,-0.159134,0.089913,1.238700,-0.191247,-0.055446,-0.055217,-0.010287,0.022355,0.104579,0.218676,-0.378008,0.959549,0.701053,0.364359,-0.120344,0.331367,-0.067562,-0.188751,0.654137,-0.708073,0.234363,0.012574
-3.776928,-4.360716,0.769538,-0.063322,0.046141,0.966910,0.242788,-0.369177,0.157520,0.353649,0.498997,-0.256979,-0.054275,-0.543664,-0.205707,0.038880,1.280735,-0.191930,-0.093574,-0.065293,-0.018095,0.023925,0.091155,0.237019,-0.359029,0.917306,0.694676,0.358026,-0.062226,0.335402,-0.073069,-0.175462,0.662879,-0.729194,0.230485,0.077562
-3.796614,-4.363668,0.770911,-0.061455,0.051406,0.962312,0.259878,-0.321519,0.141534,0.397802,0.479466,-0.277937,-0.049612,-0.596951,-0.215676,-0.000099,1.284927,-0.187182,-0.105324,-0.077932,-0.024038,0.024642,0.074484,0.253485,-0.334068,0.878907,0.681520,0.356291,-0.001762,0.344935,-0.066680,-0.199619,0.657664,-0.719392,0.241030,0.104105
-3.816045,-4.365415,0.771739,-0.060321,0.054879,0.957829,0.275523,-0.278111,0.127164,0.436759,0.462554,-0.298104,-0.046448,-0.640934,-0.187101,-0.023899,1.254815,-0.189781,-0.073492,-0.090227,-0.027637,0.025047,0.047658,0.271594,-0.315885,0.850859,0.667737,0.356666,0.034800,0.365312,-0.058089,-0.238265,0.641065,-0.698652,0.243419,0.098253
-3.835255,-4.366007,0.771568,-0.059846,0.057535,0.953284,0.290443,-0.241552,0.115223,0.471869,0.455974,-0.322310,-0.044166,-0.680148,-0.133851,-0.032912,1.195797,-0.194344,-0.015833,-0.100408,-0.028833,0.025584,0.018003,0.294830,-0.303237,0.822019,0.656782,0.354598,0.049556,0.383600,-0.045641,-0.269794,0.624333,-0.684032,0.239161,0.065575
-3.854290,-4.365541,0.770422,-0.060118,0.060567,0.948653,0.304591,-0.209771,0.102303,0.503639,0.454134,-0.349342,-0.042478,-0.711788,-0.079133,-0.037100,1.108439,-0.203637,0.031434,-0.107471,-0.028321,0.026284,-0.015511,0.319401,-0.292955,0.793109,0.650334,0.353277,0.050248,0.401280,-0.032716,-0.295989,0.608504,-0.670484,0.227355,0.027320
-3.873058,-4.364012,0.768812,-0.061737,0.062803,0.944463,0.316597,-0.179802,0.089181,0.531138,0.447968,-0.375447,-0.043235,-0.729977,-0.038043,-0.054676,0.987494,-0.199734,0.060826,-0.112177,-0.026979,0.026688,-0.051367,0.343839,-0.285527,0.764313,0.651369,0.353882,0.051474,0.417771,-0.017650,-0.318305,0.596494,-0.655626,0.218690,-0.008296
-3.891443,-4.361411,0.766914,-0.064291,0.063999,0.941130,0.325644,-0.149915,0.075650,0.553515,0.434651,-0.397735,-0.043423,-0.732097,-0.005508,-0.083346,0.832336,-0.187589,0.062347,-0.117196,-0.024857,0.026431,-0.087012,0.364090,-0.277802,0.737873,0.653434,0.356506,0.056224,0.433233,-0.001305,-0.336269,0.589433,-0.642732,0.215794,-0.035708
-3.909416,-4.357714,0.764480,-0.068081,0.066044,0.938678,0.331491,-0.123116,0.059067,0.569668,0.416878,-0.415691,-0.041725,-0.719367,0.016230,-0.125596,0.650203,-0.172233,0.052866,-0.123008,-0.021992,0.025425,-0.121652,0.374229,-0.264803,0.712926,0.649908,0.357771,0.066855,0.446388,0.014098,-0.350755,0.584867,-0.633641,0.219731,-0.046277
-3.927001,-4.352723,0.761443,-0.071871,0.069884,0.937436,0.333412,-0.099462,0.039497,0.578408,0.400094,-0.427652,-0.046505,-0.692714,0.019451,-0.196707,0.460536,-0.153710,0.070366,-0.130264,-0.020252,0.022522,-0.155921,0.375564,-0.256718,0.693838,0.647580,0.357332,0.077476,0.458930,0.028216,-0.364050,0.582567,-0.626359,0.228453,-0.040204
-3.944418,-4.346339,0.757975,-0.074484,0.074741,0.937806,0.330734,-0.077156,0.018356,0.575215,0.388065,-0.435546,-0.057390,-0.657837,0.011774,-0.278951,0.306116,-0.129240,0.071050,-0.140141,-0.020220,0.018026,-0.187693,0.368706,-0.257109,0.680341,0.648739,0.355047,0.086138,0.472482,0.042167,-0.378743,0.582489,-0.619856,0.237826,-0.030796
-3.961614,-4.338438,0.754458,-0.075234,0.080214,0.939819,0.323490,-0.059369,0.000173,0.559276,0.392897,-0.440064,-0.071238,-0.632087,-0.003590,-0.343311,0.239480,-0.099585,0.023948,-0.151763,-0.020688,0.013833,-0.216094,0.353747,-0.265444,0.673134,0.649518,0.349347,0.094888,0.488599,0.058355,-0.394283,0.583543,-0.615609,0.248330,-0.025047
-3.978579,-4.328961,0.752302,-0.073434,0.082381,0.943394,0.312776,-0.044381,-0.004944,0.532309,0.421340,-0.433568,-0.093260,-0.620693,-0.009621,-0.338034,0.257975,-0.086254,-0.138342,-0.165547,-0.018574,0.011841,-0.238319,0.335534,-0.283101,0.675036,0.649175,0.339463,0.098218,0.506233,0.077823,-0.407145,0.587962,-0.612889,0.255855,-0.023874
-3.995789,-4.317862,0.754664,-0.071191,0.080351,0.947247,0.301991,-0.037344,0.007886,0.496672,0.482506,-0.396693,-0.120162,-0.598857,-0.016364,-0.335617,0.284597,-0.066136,-0.242682,-0.175904,-0.014344,0.012623,-0.252404,0.313929,-0.301949,0.684526,0.642584,0.330309,0.100490,0.520193,0.100549,-0.413911,0.601057,-0.611094,0.262979,-0.018624
-4.011736,-4.306005,0.758979,-0.067139,0.075412,0.950443,0.294046,-0.054927,0.041645,0.459040,0.591668,-0.317585,-0.140775,-0.565612,-0.018317,-0.336277,0.299948,-0.081585,-0.247526,-0.183565,-0.007952,0.017662,-0.250735,0.294367,-0.324626,0.701123,0.637776,0.320520,0.094873,0.527674,0.120717,-0.415214,0.624440,-0.614876,0.274031,-0.013717
-4.027404,-4.294023,0.762272,-0.062611,0.071403,0.950693,0.295237,-0.094796,0.079498,0.420661,0.730459,-0.187818,-0.173297,-0.536109,-0.011963,-0.335835,0.323554,-0.118416,-0.247542,-0.185439,-0.000935,0.024569,-0.230200,0.275946,-0.338581,0.716810,0.631083,0.320198,0.087999,0.522576,0.127844,-0.403868,0.653967,-0.630138,0.286560,0.000412
-4.043168,-4.282761,0.765158,-0.058197,0.068139,0.948596,0.303538,-0.156006,0.110621,0.366863,0.891255,-0.068697,-0.198199,-0.507627,-0.000656,-0.325367,0.345852,-0.154361,-0.247416,-0.180370,0.004876,0.030403,-0.197032,0.270708,-0.371013,0.726502,0.646906,0.310650,0.057124,0.508581,0.117963,-0.371910,0.679056,-0.664078,0.292384,0.040418
-4.058503,-4.271908,0.766098,-0.054622,0.065667,0.945221,0.315059,-0.230497,0.134409,0.310696,1.049796,-0.003915,-0.192452,-0.481386,0.014544,-0.307818,0.364641,-0.188262,-0.247025,-0.170083,0.009838,0.035757,-0.161237,0.273031,-0.404714,0.728374,0.670394,0.291357,0.011805,0.491219,0.097381,-0.330522,0.689507,-0.706906,0.285491,0.097178
-4.073503,-4.261464,0.765967,-0.051716,0.061831,0.940760,0.329352,-0.308637,0.147311,0.251981,1.183849,-0.018268,-0.191206,-0.460221,0.034004,-0.286251,0.390818,-0.223750,-0.245810,-0.156370,0.015077,0.041727,-0.124570,0.277723,-0.418388,0.726433,0.683723,0.275267,-0.031597,0.471908,0.076637,-0.298056,0.679624,-0.746761,0.264254,0.143941
-4.088530,-4.251156,0.765429,-0.048675,0.058187,0.934135,0.348764,-0.384328,0.151663,0.195854,1.288430,-0.056967,-0.187485,-0.439945,0.057598,-0.254519,0.418794,-0.258020,-0.243761,-0.140505,0.020237,0.047724,-0.079217,0.272925,-0.394010,0.723157,0.668407,0.269996,-0.039589,0.447746,0.060773,-0.290746,0.653020,-0.766117,0.243154,0.155659
-4.103787,-4.240912,0.764909,-0.045135,0.056662,0.925046,0.372884,-0.456849,0.150076,0.147882,1.356280,-0.059887,-0.168404,-0.420823,0.080298,-0.211246,0.449621,-0.291171,-0.241247,-0.123328,0.024396,0.053206,-0.025571,0.258309,-0.348471,0.728307,0.641647,0.282882,-0.010321,0.420194,0.048493,-0.297481,0.616159,-0.766008,0.224570,0.125697
-4.119058,-4.230494,0.764465,-0.041549,0.056417,0.913932,0.399774,-0.521242,0.148137,0.108072,1.381119,-0.057669,-0.161446,-0.400987,0.102190,-0.160876,0.479764,-0.322870,-0.236725,-0.104860,0.026727,0.058005,0.029029,0.239698,-0.303545,0.744476,0.617393,0.304684,0.031371,0.390811,0.031851,-0.292716,0.576398,-0.765244,0.203657,0.068234
-4.133972,-4.219747,0.764074,-0.038791,0.056635,0.901971,0.426305,-0.580728,0.156092,0.081704,1.368515,-0.064621,-0.136620,-0.381198,0.122524,-0.109341,0.507680,-0.351235,-0.230558,-0.083936,0.027859,0.062353,0.080787,0.224616,-0.271287,0.763867,0.599452,0.330573,0.063982,0.356278,0.009871,-0.264975,0.539796,-0.770560,0.181473,0.010168
-4.148459,-4.208363,0.763670,-0.037317,0.057283,0.888511,0.453735,-0.630006,0.180691,0.081468,1.317634,-0.080069,-0.093651,-0.361773,0.142929,-0.055972,0.532538,-0.376153,-0.224941,-0.060613,0.028673,0.065423,0.118168,0.214962,-0.261847,0.799556,0.595180,0.353531,0.072545,0.333988,-0.021650,-0.232145,0.503906,-0.774112,0.148780,-0.030812
-4.162352,-4.195930,0.763220,-0.037452,0.057787,0.873399,0.482112,-0.666068,0.206032,0.101931,1.230156,-0.097259,-0.046538,-0.340329,0.165126,-0.002392,0.550295,-0.397609,-0.221384,-0.035710,0.029427,0.066844,0.156231,0.211573,-0.274344,0.831357,0.600314,0.372658,0.050438,0.302741,-0.052980,-0.199441,0.478652,-0.769330,0.115823,-0.044861
-4.175647,-4.182115,0.762764,-0.038803,0.057094,0.857609,0.509648,-0.690021,0.212733,0.122869,1.114096,-0.100337,-0.022759,-0.311030,0.188442,0.049980,0.555392,-0.417738,-0.216280,-0.012373,0.030532,0.066087,0.196010,0.215774,-0.287812,0.852769,0.602371,0.380011,0.010960,0.262772,-0.081273,-0.158816,0.457586,-0.757846,0.094121,-0.039156
-4.188152,-4.166924,0.762209,-0.041456,0.055271,0.843029,0.533412,-0.707046,0.199230,0.134023,0.978469,-0.089560,-0.051461,-0.274519,0.209875,0.097335,0.547191,-0.435794,-0.213573,0.005621,0.032542,0.063260,0.239718,0.229503,-0.301782,0.862367,0.604312,0.375367,-0.032201,0.220980,-0.101747,-0.116806,0.439492,-0.749668,0.077811,-0.029044
-4.199716,-4.150412,0.761199,-0.045435,0.053509,0.833033,0.548751,-0.716349,0.175506,0.144479,0.819303,-0.058450,-0.103190,-0.233674,0.225279,0.133524,0.527478,-0.453921,-0.212907,0.016877,0.036035,0.057679,0.274753,0.235771,-0.316632,0.863252,0.613268,0.372499,-0.058532,0.177764,-0.121032,-0.072068,0.426682,-0.738391,0.073766,-0.024153
-4.210390,-4.132834,0.759122,-0.051799,0.051187,0.827484,0.556747,-0.713817,0.151576,0.165006,0.636194,-0.017093,-0.174171,-0.194519,0.237781,0.154488,0.502814,-0.472123,-0.210094,0.022396,0.041706,0.049004,0.305114,0.244917,-0.326780,0.857391,0.622172,0.369764,-0.073995,0.141602,-0.131303,-0.032513,0.413019,-0.729002,0.070135,-0.023874
-4.220370,-4.114390,0.756244,-0.058413,0.049384,0.825798,0.558755,-0.694780,0.122675,0.194791,0.439112,0.025540,-0.234471,-0.153915,0.245677,0.163698,0.471200,-0.487139,-0.208741,0.024767,0.049086,0.037405,0.329439,0.250798,-0.326385,0.845908,0.624528,0.368508,-0.075969,0.116853,-0.135053,-0.002437,0.397771,-0.723966,0.069550,-0.025892
-4.230395,-4.095469,0.752644,-0.064866,0.047078,0.826818,0.556730,-0.666525,0.085441,0.247676,0.272898,0.042057,-0.247016,-0.118381,0.251767,0.162743,0.450197,-0.501955,-0.208041,0.024651,0.058050,0.024793,0.348731,0.254372,-0.322118,0.832004,0.627185,0.371655,-0.072410,0.101935,-0.132501,0.019491,0.382789,-0.723228,0.067853,-0.031447
-4.240397,-4.076464,0.749594,-0.068837,0.046630,0.826704,0.556459,-0.631069,0.079136,0.284989,0.188685,0.042305,-0.241477,-0.092466,0.252713,0.159909,0.451480,-0.509434,-0.206968,0.029944,0.064859,0.013338,0.363694,0.251436,-0.307961,0.815465,0.625175,0.375654,-0.059114,0.092634,-0.124940,0.033457,0.373108,-0.718869,0.068571,-0.040266
-4.250119,-4.057674,0.748362,-0.070022,0.048960,0.824271,0.559711,-0.616823,0.076122,0.294232,0.205840,0.071244,-0.111880,-0.079673,0.248248,0.160422,0.478437,-0.502202,-0.203727,0.040054,0.068559,0.004583,0.374845,0.236932,-0.283958,0.798386,0.613884,0.377855,-0.045811,0.083451,-0.119548,0.048964,0.371964,-0.710911,0.065698,-0.044162
-4.260327,-4.037849,0.751015,-0.067558,0.053551,0.819381,0.566730,-0.608818,0.062270,0.290131,0.244912,0.101169,0.039636,-0.080196,0.237428,0.158590,0.545009,-0.466321,-0.193053,0.052039,0.067613,0.000039,0.381253,0.212912,-0.258088,0.786873,0.603276,0.379753,-0.024085,0.070629,-0.121139,0.071360,0.385290,-0.714539,0.074445,-0.041194
-4.270955,-4.018386,0.755756,-0.061361,0.057712,0.813058,0.576056,-0.589556,0.057901,0.302771,0.288555,0.075013,0.090107,-0.110528,0.217589,0.142292,0.668840,-0.382194,-0.145891,0.065093,0.063701,0.000415,0.380604,0.182216,-0.229166,0.787922,0.587350,0.385258,0.004101,0.058994,-0.124513,0.099723,0.410688,-0.724036,0.084038,-0.026240
-4.280868,-3.998200,0.759979,-0.053566,0.061545,0.806103,0.586124,-0.556086,0.056517,0.324251,0.320109,0.025314,0.091303,-0.166761,0.194548,0.126997,0.826146,-0.245931,-0.010960,0.078473,0.058026,0.002913,0.368267,0.154113,-0.214411,0.800380,0.578973,0.393460,0.023210,0.050092,-0.127935,0.130024,0.444877,-0.744815,0.099644,-0.008738
-4.289337,-3.977527,0.764076,-0.045348,0.064741,0.797856,0.597644,-0.520395,0.060142,0.348354,0.352436,-0.024689,0.084964,-0.232807,0.178675,0.128483,0.988317,-0.107080,0.193663,0.089955,0.051561,0.006269,0.348475,0.141244,-0.229563,0.812888,0.592858,0.397685,0.004557,0.037121,-0.135882,0.171228,0.478748,-0.775764,0.109925,0.032265
-4.295885,-3.957240,0.765563,-0.036635,0.068148,0.787597,0.611314,-0.487987,0.068178,0.376020,0.388398,-0.073161,0.075379,-0.309535,0.168078,0.105982,1.150394,-0.024288,0.245492,0.101719,0.044667,0.010159,0.323017,0.144996,-0.264664,0.811086,0.625859,0.386780,-0.033006,0.018443,-0.148601,0.215487,0.498876,-0.810379,0.111447,0.087397
-4.300613,-3.936987,0.766205,-0.029034,0.070837,0.781048,0.619761,-0.456756,0.072019,0.394748,0.417157,-0.115238,0.061405,-0.389294,0.131770,0.092562,1.288463,-0.025307,0.247720,0.106220,0.037369,0.014649,0.290727,0.159274,-0.294631,0.795031,0.657797,0.367790,-0.063964,0.000260,-0.159121,0.246711,0.503812,-0.834498,0.101496,0.137032
-4.303619,-3.916253,0.766465,-0.020743,0.073396,0.781648,0.619038,-0.422372,0.062504,0.396012,0.432738,-0.148519,0.044842,-0.464872,0.047518,0.069071,1.383054,-0.070543,0.247554,0.101643,0.028277,0.018810,0.252123,0.172940,-0.303306,0.772800,0.675781,0.352062,-0.064598,-0.002272,-0.158069,0.242446,0.496495,-0.830601,0.094816,0.156498
-4.305040,-3.894707,0.766526,-0.012915,0.075250,0.789279,0.609269,-0.386795,0.043729,0.376413,0.439463,-0.176344,0.026744,-0.528923,-0.042915,0.049919,1.425722,-0.084858,0.241911,0.088359,0.019107,0.021517,0.206972,0.182325,-0.294209,0.751711,0.678447,0.347872,-0.039880,0.015356,-0.143067,0.206080,0.480884,-0.799100,0.095561,0.136185
-4.304971,-3.872626,0.766263,-0.006003,0.076541,0.800585,0.594280,-0.352678,0.023510,0.342866,0.443993,-0.202304,0.007641,-0.582362,-0.116659,0.034019,1.419490,-0.094102,0.211327,0.071753,0.011026,0.023466,0.160046,0.185870,-0.278386,0.729425,0.675592,0.347500,-0.009832,0.043560,-0.126406,0.160996,0.462465,-0.758718,0.098544,0.091760
-4.303413,-3.850268,0.765499,-0.001037,0.078672,0.812726,0.577309,-0.324137,0.006760,0.303638,0.449642,-0.228144,-0.012843,-0.628310,-0.172735,0.031250,1.370533,-0.128192,0.186134,0.053659,0.004200,0.024712,0.118872,0.187213,-0.259447,0.694833,0.677554,0.348676,0.021558,0.066896,-0.115622,0.123921,0.448840,-0.721034,0.100447,0.052593
-4.300446,-3.827624,0.764207,0.002417,0.081332,0.825608,0.558346,-0.300620,-0.005885,0.260256,0.456690,-0.253971,-0.035059,-0.665781,-0.224303,0.034985,1.286213,-0.166383,0.169396,0.034787,-0.001269,0.025582,0.087563,0.186263,-0.241012,0.642655,0.682050,0.337750,0.049682,0.081728,-0.114602,0.096229,0.439694,-0.696242,0.102724,0.026413
-4.296271,-3.804595,0.762530,0.004017,0.084200,0.839662,0.536528,-0.281242,-0.014982,0.211054,0.461875,-0.278151,-0.059142,-0.691128,-0.267481,0.046745,1.170077,-0.198431,0.133153,0.015584,-0.006108,0.025999,0.063624,0.179887,-0.218174,0.582028,0.689987,0.313895,0.076949,0.089890,-0.121109,0.075577,0.433826,-0.687754,0.104689,0.007829
-4.290962,-3.781119,0.760399,0.004190,0.086850,0.854427,0.512244,-0.265072,-0.019854,0.155654,0.465926,-0.301835,-0.085804,-0.698841,-0.295761,0.070578,1.025594,-0.217447,0.095278,-0.002146,-0.010606,0.025904,0.050350,0.173326,-0.199847,0.515208,0.692214,0.279396,0.099608,0.091634,-0.125132,0.059490,0.431776,-0.689613,0.110775,-0.005110
-4.284628,-3.757569,0.758198,0.002204,0.087482,0.869704,0.485753,-0.248245,-0.018159,0.092835,0.458253,-0.317058,-0.113433,-0.680613,-0.277599,0.152708,0.861193,-0.216522,0.128307,-0.017102,-0.012955,0.025037,0.053243,0.171721,-0.179067,0.446488,0.681167,0.228112,0.111331,0.094599,-0.120114,0.049943,0.429708,-0.691519,0.115585,-0.018412
-4.277107,-3.734142,0.754814,-0.002775,0.085366,0.885332,0.457047,-0.234352,-0.006642,0.023344,0.440852,-0.324283,-0.143634,-0.629772,-0.221133,0.301290,0.727584,-0.212635,0.220296,-0.027591,-0.011871,0.023361,0.039746,0.173199,-0.173401,0.405637,0.671353,0.192643,0.116292,0.099391,-0.111981,0.042543,0.418281,-0.689079,0.125605,-0.028253
-4.266834,-3.710853,0.750999,-0.005796,0.086626,0.899502,0.428203,-0.236796,0.005502,-0.043357,0.446325,-0.336654,-0.179618,-0.582840,-0.177590,0.393697,0.730940,-0.296930,0.246238,-0.029916,-0.012606,0.023255,0.029849,0.174780,-0.179797,0.375163,0.655669,0.174226,0.110522,0.103707,-0.106618,0.038254,0.412421,-0.686738,0.132481,-0.034848
-4.256260,-3.688621,0.748537,-0.010585,0.087629,0.912001,0.400578,-0.249032,0.022333,-0.101731,0.451432,-0.335361,-0.213131,-0.568693,-0.181359,0.352731,0.761526,-0.377196,0.239060,-0.025699,-0.014528,0.026420,0.025003,0.177977,-0.185976,0.351962,0.647154,0.170807,0.098782,0.106675,-0.099495,0.039707,0.411390,-0.684048,0.136033,-0.041909
-4.244268,-3.666699,0.749175,-0.020452,0.084025,0.924242,0.371884,-0.272533,0.050071,-0.160870,0.448966,-0.305851,-0.238030,-0.563098,-0.190962,0.243333,0.777649,-0.404631,0.182343,-0.021031,-0.011904,0.030769,0.026953,0.181267,-0.184048,0.336868,0.644733,0.173448,0.096756,0.103627,-0.085570,0.045664,0.417650,-0.680734,0.140990,-0.048314
-4.231616,-3.644702,0.753769,-0.032616,0.078844,0.936792,0.339323,-0.305379,0.085819,-0.191126,0.442560,-0.240186,-0.246621,-0.551171,-0.190454,0.141277,0.775840,-0.409435,0.126401,-0.021749,-0.002559,0.033549,0.035125,0.171644,-0.175261,0.342115,0.639322,0.198747,0.110297,0.097339,-0.075158,0.053792,0.429918,-0.682835,0.144095,-0.047921
-4.219567,-3.622962,0.757878,-0.042035,0.075177,0.949999,0.300138,-0.349699,0.141462,-0.105646,0.445360,-0.152106,-0.245629,-0.531120,-0.196464,0.047693,0.764717,-0.418417,0.086085,-0.029018,0.010007,0.034915,0.043267,0.152875,-0.178375,0.370801,0.631498,0.226896,0.130541,0.093761,-0.077175,0.055403,0.443018,-0.686061,0.148719,-0.038981
-4.207757,-3.602124,0.763398,-0.047906,0.072018,0.962768,0.256116,-0.382350,0.243505,0.132519,0.481389,-0.100723,-0.209838,-0.505725,-0.210141,-0.050647,0.751818,-0.422925,0.050717,-0.039818,0.023146,0.035140,0.057002,0.135286,-0.200787,0.417385,0.635154,0.268945,0.140950,0.093643,-0.088001,0.044862,0.461621,-0.686039,0.147738,-0.031894
-4.196780,-3.581148,0.767244,-0.052132,0.067298,0.973010,0.214489,-0.368606,0.344759,0.397381,0.545212,-0.138113,-0.126113,-0.472206,-0.217122,-0.151091,0.725110,-0.422484,0.014416,-0.046180,0.035300,0.032827,0.058452,0.139008,-0.249679,0.486811,0.659316,0.316939,0.124033,0.097842,-0.097279,0.029116,0.480637,-0.682244,0.150173,-0.030024
-4.186600,-3.559507,0.770665,-0.053882,0.061716,0.980364,0.179372,-0.335598,0.411006,0.574401,0.647534,-0.168032,-0.024463,-0.430616,-0.206811,-0.237783,0.682792,-0.419832,-0.021207,-0.045062,0.044617,0.028832,0.057165,0.157733,-0.312815,0.568346,0.695427,0.354902,0.077767,0.107546,-0.104813,0.010754,0.501109,-0.676557,0.156540,-0.029551
-4.177239,-3.537198,0.773185,-0.052689,0.056289,0.986261,0.146097,-0.319229,0.432941,0.628627,0.785576,-0.182887,-0.001427,-0.383561,-0.186689,-0.314812,0.633638,-0.421595,-0.055574,-0.038008,0.049544,0.024772,0.047448,0.180407,-0.375254,0.662070,0.721901,0.376121,0.009100,0.132543,-0.111439,-0.014246,0.522055,-0.670470,0.160719,-0.034121
-4.168525,-3.514387,0.774420,-0.049001,0.051088,0.991446,0.109657,-0.318508,0.423440,0.617423,0.937589,-0.190338,-0.016604,-0.334837,-0.165383,-0.394895,0.585622,-0.424182,-0.088471,-0.031044,0.050995,0.020341,0.038983,0.203405,-0.427947,0.750985,0.738156,0.390970,-0.062179,0.160834,-0.111838,-0.047874,0.540280,-0.659865,0.164217,-0.041712
-4.160301,-3.491258,0.774364,-0.045356,0.046218,0.995625,0.067364,-0.307856,0.406488,0.617415,1.077243,-0.192077,-0.063850,-0.290998,-0.145580,-0.483799,0.540641,-0.425315,-0.120250,-0.029544,0.051039,0.014552,0.028742,0.228160,-0.466928,0.828177,0.743515,0.398935,-0.132565,0.197643,-0.107128,-0.087808,0.554296,-0.646476,0.168906,-0.051790
-4.152734,-3.468145,0.773199,-0.042795,0.043318,0.997855,0.024044,-0.274672,0.384118,0.645493,1.184123,-0.177397,-0.115620,-0.257003,-0.127479,-0.571243,0.499349,-0.428256,-0.150661,-0.032664,0.049519,0.006999,0.018195,0.256006,-0.493110,0.888284,0.745656,0.399077,-0.186215,0.239174,-0.097984,-0.130312,0.564655,-0.634113,0.176618,-0.065212
-4.145682,-3.445234,0.770986,-0.040451,0.042507,0.998118,-0.017798,-0.238779,0.336873,0.665591,1.256434,-0.136969,-0.180511,-0.236000,-0.114029,-0.651267,0.472419,-0.431670,-0.179669,-0.037420,0.044822,-0.000732,0.007083,0.286516,-0.502188,0.930503,0.745587,0.398151,-0.223579,0.277522,-0.081463,-0.168548,0.568396,-0.621324,0.194605,-0.074696
-4.138676,-3.422516,0.767839,-0.039488,0.042918,0.996524,-0.059479,-0.211685,0.258590,0.680542,1.288349,-0.092372,-0.244807,-0.231212,-0.108446,-0.726125,0.464753,-0.435440,-0.208193,-0.046762,0.036398,-0.008082,0.000774,0.321888,-0.486864,0.944534,0.735727,0.399207,-0.247189,0.318961,-0.062147,-0.203108,0.578515,-0.606325,0.206155,-0.078449
-4.131457,-3.399850,0.764356,-0.040177,0.044119,0.992860,-0.103288,-0.202850,0.153029,0.675945,1.273977,-0.023077,-0.247686,-0.234255,-0.108806,-0.801769,0.459466,-0.438995,-0.232954,-0.062644,0.023853,-0.014633,-0.003229,0.360972,-0.452213,0.929369,0.722280,0.393350,-0.233166,0.357197,-0.042754,-0.227114,0.595388,-0.597036,0.217739,-0.072895
-4.123962,-3.377218,0.761043,-0.042858,0.045520,0.986914,-0.148634,-0.194261,0.043885,0.630555,1.202781,0.062302,-0.247769,-0.239860,-0.113365,-0.881477,0.447289,-0.442259,-0.246204,-0.081846,0.008642,-0.021006,-0.009265,0.395123,-0.402132,0.899957,0.702480,0.388996,-0.190849,0.392253,-0.024295,-0.240269,0.615996,-0.597589,0.229781,-0.061121
-4.116234,-3.354656,0.758171,-0.048721,0.046883,0.978525,-0.194725,-0.167995,-0.038702,0.554632,1.074916,0.130104,-0.246853,-0.247580,-0.120291,-0.962112,0.423594,-0.440706,-0.247731,-0.099640,-0.006389,-0.028057,-0.023783,0.414794,-0.345460,0.864830,0.674361,0.384291,-0.132196,0.423500,-0.006021,-0.247664,0.635614,-0.602917,0.240192,-0.043541
-4.107819,-3.332033,0.753885,-0.056190,0.046018,0.968892,-0.236587,-0.138155,-0.129396,0.402865,0.910747,0.100787,-0.224550,-0.262644,-0.121759,-1.034961,0.395093,-0.438609,-0.247811,-0.110375,-0.018078,-0.033720,-0.047013,0.422531,-0.295609,0.829101,0.646870,0.376536,-0.063030,0.450456,0.012193,-0.250530,0.653396,-0.612988,0.250468,-0.019602
-4.099056,-3.309563,0.749761,-0.065095,0.042383,0.957229,-0.278709,-0.091323,-0.175424,0.294996,0.794764,-0.183497,-0.131234,-0.285027,-0.123780,-1.113260,0.367549,-0.436491,-0.247802,-0.121210,-0.027346,-0.037481,-0.077719,0.426124,-0.269058,0.793727,0.635356,0.366843,0.002816,0.471958,0.030402,-0.248515,0.667311,-0.628296,0.258557,0.007546
-4.089594,-3.287180,0.745388,-0.072956,0.040751,0.943851,-0.319629,-0.058703,-0.199926,0.215446,0.689018,-0.389748,-0.031302,-0.305718,-0.127735,-1.192340,0.327181,-0.415288,-0.247795,-0.131221,-0.036866,-0.037647,-0.109990,0.418060,-0.263617,0.760400,0.634751,0.352133,0.050324,0.488229,0.043673,-0.246070,0.676607,-0.644231,0.263990,0.030022
-4.079490,-3.265055,0.742019,-0.079577,0.040314,0.929722,-0.357295,-0.047660,-0.211279,0.153206,0.602580,-0.508345,0.010779,-0.334387,-0.135948,-1.239196,0.289541,-0.372223,-0.247782,-0.141534,-0.047683,-0.034628,-0.136614,0.398772,-0.260421,0.731049,0.635881,0.338950,0.088503,0.495589,0.050706,-0.239872,0.688413,-0.663441,0.271774,0.044873
-4.068620,-3.241965,0.738660,-0.084817,0.040777,0.913698,-0.395347,-0.069068,-0.219042,0.088281,0.555111,-0.549980,0.023043,-0.384122,-0.164760,-1.199978,0.287070,-0.303959,-0.247668,-0.154437,-0.057978,-0.028538,-0.153340,0.362821,-0.251091,0.709027,0.624951,0.327202,0.117342,0.495308,0.054840,-0.235244,0.701339,-0.680410,0.279968,0.054736
-4.059224,-3.220595,0.741060,-0.086352,0.038883,0.895636,-0.434590,-0.097637,-0.222702,0.019740,0.536529,-0.539832,0.024104,-0.482100,-0.199871,-0.976483,0.351142,-0.198152,-0.245148,-0.172197,-0.063132,-0.018586,-0.155773,0.323071,-0.245184,0.697309,0.613775,0.314624,0.144867,0.491725,0.055267,-0.229032,0.712960,-0.697773,0.287364,0.060965
-4.051459,-3.199888,0.744836,-0.082771,0.035265,0.880277,-0.465852,-0.116460,-0.219223,-0.044010,0.519091,-0.509960,0.013633,-0.608983,-0.156189,-0.616139,0.438067,-0.110884,-0.187425,-0.183025,-0.063367,-0.006815,-0.139918,0.288495,-0.244727,0.701349,0.602241,0.304695,0.151984,0.487883,0.042866,-0.206230,0.727540,-0.724021,0.289269,0.082912
-4.046037,-3.179960,0.748887,-0.079199,0.033657,0.869004,-0.487264,-0.134332,-0.214306,-0.091903,0.508487,-0.481161,-0.005260,-0.677458,-0.060039,-0.252114,0.513374,-0.094075,0.128797,-0.180289,-0.062867,0.000385,-0.107621,0.261321,-0.255389,0.718496,0.600340,0.299998,0.136844,0.486143,0.014727,-0.176193,0.738783,-0.751310,0.283258,0.106889
-4.042331,-3.160222,0.752095,-0.079092,0.034683,0.864680,-0.494843,-0.156855,-0.208410,-0.109750,0.499348,-0.456483,-0.022369,-0.700852,0.065193,-0.048768,0.612285,-0.116679,0.242444,-0.156242,-0.066356,0.003287,-0.064645,0.239885,-0.267535,0.741591,0.603285,0.301017,0.112285,0.483065,-0.025040,-0.148631,0.743869,-0.777027,0.270058,0.129751
-4.039421,-3.140283,0.755319,-0.079722,0.032650,0.863024,-0.497763,-0.183245,-0.194152,-0.115947,0.486627,-0.434833,-0.033268,-0.716905,0.098548,0.030632,0.762650,-0.150186,0.247628,-0.125378,-0.067782,0.005228,-0.015329,0.223852,-0.275183,0.766544,0.605191,0.312575,0.083951,0.476104,-0.064046,-0.136838,0.741149,-0.791448,0.262576,0.141774
-4.037509,-3.119846,0.758149,-0.080352,0.029066,0.860013,-0.503067,-0.210960,-0.175619,-0.124702,0.471601,-0.415254,-0.049563,-0.737747,0.020759,-0.003049,0.935450,-0.176183,0.247587,-0.099551,-0.068661,0.007244,0.035458,0.213046,-0.280886,0.792830,0.603643,0.323958,0.061604,0.465295,-0.094796,-0.142907,0.730728,-0.793203,0.262949,0.136264
-4.036712,-3.099188,0.760029,-0.080441,0.024701,0.852284,-0.516267,-0.239690,-0.158990,-0.149880,0.458118,-0.395693,-0.083045,-0.744917,-0.092924,-0.024425,1.095400,-0.200609,0.241438,-0.089713,-0.067606,0.008583,0.082334,0.209700,-0.291207,0.828142,0.601631,0.336467,0.050885,0.453505,-0.115951,-0.166236,0.715244,-0.781774,0.264317,0.110257
-4.036843,-3.078365,0.760625,-0.081215,0.021777,0.841628,-0.533472,-0.271074,-0.149617,-0.185242,0.447701,-0.370292,-0.128199,-0.735918,-0.178242,-0.025444,1.224847,-0.237906,0.166482,-0.088771,-0.068248,0.009382,0.120287,0.212800,-0.311830,0.877421,0.605507,0.353254,0.040363,0.440210,-0.124644,-0.205833,0.700694,-0.759850,0.268019,0.063132
-4.037869,-3.057689,0.760172,-0.082467,0.018404,0.828682,-0.553305,-0.306467,-0.144268,-0.225404,0.440991,-0.343836,-0.176192,-0.712165,-0.224067,0.004073,1.318198,-0.282484,0.112279,-0.091426,-0.069985,0.009587,0.150924,0.224026,-0.337311,0.932323,0.614325,0.379522,0.013433,0.415140,-0.111287,-0.257644,0.693187,-0.721939,0.283729,-0.004014
-4.039757,-3.037378,0.758890,-0.083661,0.015483,0.815848,-0.571974,-0.342485,-0.142465,-0.263984,0.437439,-0.317944,-0.218515,-0.669355,-0.232686,0.050077,1.372031,-0.331370,0.100503,-0.092557,-0.071504,0.009136,0.166497,0.236314,-0.360388,0.996711,0.626106,0.417868,-0.025876,0.400697,-0.098773,-0.315932,0.680608,-0.677022,0.286333,-0.060202
-4.042473,-3.017597,0.757290,-0.084851,0.013001,0.804412,-0.587838,-0.375716,-0.142863,-0.297775,0.431901,-0.290453,-0.243503,-0.606295,-0.213454,0.101851,1.382164,-0.370221,0.127931,-0.088991,-0.071941,0.007852,0.182237,0.252444,-0.388770,1.043653,0.647594,0.447614,-0.072360,0.382369,-0.088350,-0.347008,0.668338,-0.645843,0.280668,-0.098202
-4.045920,-2.998451,0.755855,-0.085446,0.010843,0.794698,-0.600864,-0.404380,-0.145829,-0.328530,0.424636,-0.260326,-0.247442,-0.525255,-0.180491,0.151584,1.346317,-0.383977,0.188063,-0.080315,-0.071061,0.005761,0.203627,0.271176,-0.419388,1.060990,0.671068,0.453370,-0.113767,0.365157,-0.091432,-0.351626,0.660021,-0.631911,0.263668,-0.108042
-4.050266,-2.979719,0.754865,-0.085762,0.008365,0.786443,-0.611622,-0.429773,-0.147087,-0.357104,0.414160,-0.228660,-0.247783,-0.432538,-0.146814,0.191109,1.261201,-0.353631,0.241945,-0.067857,-0.068921,0.003025,0.222960,0.293935,-0.427133,1.054621,0.679989,0.451079,-0.140463,0.347921,-0.106821,-0.322348,0.647226,-0.642058,0.238151,-0.095963
-4.055427,-2.961439,0.754998,-0.084434,0.004764,0.779605,-0.620536,-0.446556,-0.142711,-0.384078,0.393747,-0.197482,-0.247783,-0.332760,-0.116746,0.211345,1.122484,-0.258060,0.244304,-0.053687,-0.065912,-0.000264,0.241367,0.312393,-0.393499,1.030255,0.661043,0.439166,-0.143563,0.329003,-0.126788,-0.278999,0.630638,-0.664512,0.204354,-0.075896
-4.061698,-2.942943,0.755231,-0.082673,0.001845,0.773356,-0.628556,-0.459429,-0.136005,-0.408294,0.368932,-0.164729,-0.247774,-0.232825,-0.096445,0.220784,0.945606,-0.326996,0.195177,-0.041217,-0.063430,-0.003257,0.259352,0.325018,-0.334549,0.995600,0.623696,0.426241,-0.122576,0.307768,-0.138447,-0.241543,0.608013,-0.682263,0.172491,-0.061399
-4.069237,-2.923908,0.752786,-0.080320,-0.001333,0.769256,-0.633871,-0.474997,-0.122489,-0.427151,0.346794,-0.133459,-0.247804,-0.163041,-0.100595,0.162187,0.801545,-0.484384,0.108531,-0.026923,-0.062967,-0.004039,0.273504,0.333335,-0.265207,0.955032,0.579348,0.409454,-0.085597,0.279412,-0.138866,-0.209952,0.586516,-0.693273,0.152630,-0.056867
-4.078174,-2.903786,0.748773,-0.075629,-0.005407,0.767833,-0.636147,-0.490907,-0.094315,-0.445400,0.324571,-0.097804,-0.247802,-0.118122,-0.101609,0.065231,0.683962,-0.601205,0.052638,-0.012156,-0.061227,-0.002123,0.288445,0.340440,-0.198614,0.907699,0.538648,0.404204,-0.039069,0.240425,-0.122214,-0.181939,0.574396,-0.689204,0.144599,-0.064227
-4.088582,-2.883060,0.744872,-0.067897,-0.012511,0.768221,-0.636451,-0.510055,-0.048226,-0.466998,0.306839,-0.061217,-0.247609,-0.095459,-0.070095,-0.000386,0.598495,-0.661861,0.012577,-0.000858,-0.055794,0.002015,0.297197,0.337049,-0.129359,0.860304,0.503066,0.401686,0.022507,0.189988,-0.102900,-0.142524,0.582117,-0.689972,0.142145,-0.079148
-4.100330,-2.862332,0.744058,-0.055075,-0.022502,0.768252,-0.637376,-0.538302,0.032700,-0.447098,0.295528,-0.019203,-0.243419,-0.101931,-0.009513,-0.017834,0.572222,-0.660960,-0.019700,0.005740,-0.042166,0.009475,0.300211,0.320841,-0.072135,0.819284,0.487509,0.414645,0.095247,0.132293,-0.084325,-0.090655,0.608428,-0.697525,0.144820,-0.085474
-4.110088,-2.842208,0.746156,-0.041312,-0.032016,0.766854,-0.639690,-0.590975,0.144850,-0.311905,0.315711,-0.035751,-0.148312,-0.129975,0.047088,-0.031571,0.585626,-0.640830,-0.039243,0.008421,-0.018246,0.018840,0.295731,0.278622,-0.025942,0.784799,0.472371,0.426564,0.163865,0.074201,-0.080776,-0.029625,0.642944,-0.717032,0.152150,-0.071252
-4.119078,-2.823765,0.746311,-0.029373,-0.037510,0.763592,-0.643939,-0.610497,0.261756,-0.096122,0.331115,-0.110529,-0.008312,-0.152451,0.085223,-0.056395,0.599843,-0.619745,-0.051355,0.008633,0.007103,0.026125,0.283392,0.216524,-0.007212,0.768424,0.459652,0.432975,0.211709,0.029631,-0.092829,0.034173,0.669481,-0.747497,0.155140,-0.047328
-4.127876,-2.807035,0.746838,-0.019538,-0.040832,0.757230,-0.651577,-0.591392,0.379457,0.162378,0.331994,-0.179242,0.012088,-0.161092,0.115740,-0.083742,0.591362,-0.597026,-0.068053,0.005519,0.026312,0.031143,0.264722,0.155781,-0.024242,0.769422,0.453612,0.428581,0.214333,0.008082,-0.106259,0.093222,0.675672,-0.780895,0.143080,-0.021721
-4.136571,-2.791440,0.748302,-0.013909,-0.041232,0.750323,-0.659638,-0.568691,0.452660,0.316146,0.375541,-0.189474,-0.032722,-0.166713,0.137663,-0.105828,0.574148,-0.571977,-0.089231,0.006910,0.034913,0.035422,0.238897,0.117187,-0.086337,0.784249,0.469359,0.419018,0.163884,0.014615,-0.110680,0.128054,0.656944,-0.801056,0.120104,-0.009462
-4.144830,-2.776634,0.750707,-0.014341,-0.037561,0.744973,-0.665882,-0.572916,0.458200,0.285018,0.466577,-0.187422,-0.009635,-0.174942,0.144636,-0.120689,0.556916,-0.548274,-0.110187,0.016324,0.033005,0.039189,0.206316,0.096037,-0.181955,0.799476,0.513382,0.394364,0.091029,0.033536,-0.110337,0.145240,0.627857,-0.801480,0.092252,-0.006122
-4.152423,-2.762557,0.753288,-0.016635,-0.033687,0.736786,-0.675081,-0.582257,0.441265,0.235228,0.576095,-0.192222,-0.037055,-0.186314,0.142695,-0.141418,0.542503,-0.526774,-0.129083,0.022445,0.029279,0.041108,0.179255,0.077256,-0.210528,0.802186,0.532052,0.412569,0.101773,0.060622,-0.106044,0.151791,0.600116,-0.786759,0.063492,0.011937
-4.160027,-2.749251,0.755999,-0.020073,-0.029035,0.726470,-0.686291,-0.581438,0.413747,0.196662,0.681214,-0.205121,-0.053493,-0.195921,0.134580,-0.166789,0.525099,-0.504906,-0.145818,0.024961,0.025445,0.041282,0.163953,0.073993,-0.224429,0.805477,0.571610,0.464547,0.142310,0.094407,-0.104798,0.147816,0.575591,-0.761385,0.039349,0.036596
-4.168107,-2.736491,0.758378,-0.024217,-0.024454,0.715152,-0.698121,-0.569748,0.385200,0.172964,0.779063,-0.223263,-0.077881,-0.207680,0.124358,-0.194461,0.510055,-0.484124,-0.161969,0.025757,0.021856,0.040898,0.158308,0.092765,-0.271616,0.800528,0.636750,0.469047,0.124766,0.126695,-0.115599,0.142846,0.558349,-0.739504,0.029088,0.070729
-4.176988,-2.724197,0.760249,-0.028433,-0.020229,0.701957,-0.711364,-0.545768,0.370736,0.182709,0.868569,-0.237437,-0.092482,-0.218974,0.113127,-0.227789,0.493497,-0.464220,-0.176618,0.024965,0.018769,0.040492,0.155770,0.124686,-0.308986,0.785310,0.688854,0.441599,0.070223,0.156123,-0.130066,0.135001,0.549237,-0.715641,0.036493,0.090925
-4.186714,-2.712395,0.761330,-0.031748,-0.015992,0.687779,-0.725050,-0.507653,0.376036,0.226574,0.951878,-0.254987,-0.081725,-0.229383,0.102416,-0.264166,0.478880,-0.446731,-0.190763,0.023247,0.015619,0.040412,0.154629,0.163125,-0.323921,0.764845,0.719567,0.398179,0.007930,0.181460,-0.142964,0.121476,0.555472,-0.699544,0.053413,0.093293
-4.197369,-2.701044,0.761515,-0.034348,-0.012328,0.672864,-0.738865,-0.459380,0.390071,0.288061,1.028519,-0.273614,-0.060860,-0.241141,0.093279,-0.302053,0.468209,-0.431842,-0.205968,0.021449,0.012013,0.040585,0.149703,0.200793,-0.323773,0.746326,0.738218,0.366241,-0.046736,0.202719,-0.149596,0.098740,0.579841,-0.689025,0.084662,0.075099
-4.208950,-2.690134,0.760967,-0.036386,-0.009059,0.656992,-0.752965,-0.407662,0.392378,0.341346,1.096427,-0.283897,-0.060130,-0.254271,0.084727,-0.341123,0.461668,-0.419219,-0.221881,0.019698,0.007373,0.041242,0.137585,0.238278,-0.312733,0.735785,0.754417,0.348738,-0.089826,0.221165,-0.147694,0.071722,0.615594,-0.681248,0.131220,0.043132
-4.221497,-2.679672,0.760069,-0.038020,-0.005873,0.639468,-0.767855,-0.355239,0.377907,0.381998,1.149158,-0.287305,-0.103401,-0.266037,0.075717,-0.383099,0.454038,-0.406368,-0.237067,0.016071,0.001089,0.042150,0.119631,0.261318,-0.288773,0.720903,0.763859,0.355394,-0.111411,0.237611,-0.141956,0.034272,0.663544,-0.675500,0.184773,0.011738
-4.234837,-2.669514,0.759163,-0.039439,-0.002990,0.620034,-0.783578,-0.312023,0.337565,0.398678,1.185589,-0.282474,-0.181243,-0.276507,0.063946,-0.429651,0.444572,-0.392878,-0.246050,0.009579,-0.007101,0.043788,0.097197,0.277252,-0.265081,0.698821,0.780377,0.368036,-0.104382,0.253808,-0.131515,-0.008301,0.711167,-0.668261,0.236059,-0.016699
-4.248874,-2.659395,0.758656,-0.041117,-0.000498,0.597035,-0.801161,-0.284816,0.259632,0.394590,1.195584,-0.274695,-0.244817,-0.283777,0.046703,-0.485301,0.427876,-0.376669,-0.247640,-0.002957,-0.017604,0.046185,0.072194,0.290107,-0.249102,0.671161,0.805247,0.371699,-0.078344,0.273950,-0.121278,-0.041889,0.750341,-0.664467,0.276476,-0.032113
-4.263741,-2.648964,0.758374,-0.043693,0.001416,0.567867,-0.821959,-0.272915,0.149202,0.393315,1.178401,-0.255951,-0.247705,-0.292216,0.023014,-0.550203,0.407857,-0.358533,-0.247803,-0.026283,-0.030685,0.049444,0.044556,0.296320,-0.230325,0.641221,0.820311,0.373445,-0.045079,0.300336,-0.113548,-0.056904,0.775216,-0.668502,0.296719,-0.029685
-4.279269,-2.638102,0.758083,-0.047884,0.002142,0.535934,-0.842898,-0.263029,0.037074,0.364097,1.132927,-0.222860,-0.247673,-0.304556,-0.004206,-0.616383,0.385884,-0.337912,-0.247822,-0.054323,-0.045558,0.053235,0.014194,0.294067,-0.210095,0.609746,0.819131,0.366932,-0.008504,0.331380,-0.107437,-0.060537,0.782358,-0.674563,0.293151,-0.017471
-4.295039,-2.626741,0.757523,-0.054679,0.002340,0.508470,-0.859338,-0.237832,-0.048574,0.286119,1.045486,-0.191227,-0.243821,-0.320723,-0.030761,-0.670373,0.360928,-0.311777,-0.247827,-0.075868,-0.059981,0.056722,-0.015712,0.283589,-0.195649,0.582006,0.805623,0.350268,0.025437,0.363388,-0.105606,-0.055602,0.774969,-0.684378,0.277514,0.005351
-4.310806,-2.614334,0.754785,-0.060997,0.000909,0.486910,-0.871319,-0.202770,-0.086446,0.203067,0.923293,-0.232472,-0.157071,-0.343190,-0.051067,-0.711093,0.337720,-0.283961,-0.247823,-0.087294,-0.070319,0.060541,-0.046064,0.268502,-0.188539,0.563668,0.782708,0.332665,0.048447,0.394047,-0.102812,-0.054321,0.755030,-0.690584,0.260193,0.021525
-4.326265,-2.600859,0.751737,-0.065416,-0.001233,0.466710,-0.881987,-0.168335,-0.104784,0.193847,0.814895,-0.382250,-0.033579,-0.369651,-0.069902,-0.743533,0.318337,-0.248567,-0.247802,-0.098931,-0.076126,0.066526,-0.076833,0.249896,-0.185254,0.555032,0.750769,0.315498,0.070375,0.419418,-0.098060,-0.055165,0.726965,-0.693900,0.242005,0.032678
-4.342048,-2.585885,0.746954,-0.070835,-0.002441,0.448919,-0.890757,-0.148444,-0.121016,0.200694,0.717553,-0.506550,0.034093,-0.406254,-0.091586,-0.759770,0.310250,-0.207370,-0.247771,-0.108772,-0.079978,0.075184,-0.109284,0.230477,-0.197077,0.561660,0.729002,0.300398,0.085498,0.437130,-0.095226,-0.060146,0.692219,-0.694145,0.223965,0.039997
-4.358912,-2.569781,0.739664,-0.075942,-0.004105,0.432679,-0.898334,-0.162639,-0.145356,0.180271,0.655515,-0.571158,0.071873,-0.466394,-0.112820,-0.738213,0.330817,-0.157923,-0.247271,-0.114277,-0.081491,0.086755,-0.141717,0.208003,-0.216954,0.583307,0.712429,0.285415,0.095728,0.450468,-0.093186,-0.070162,0.653516,-0.694042,0.212200,0.042379
-4.376279,-2.554909,0.737283,-0.079844,-0.004985,0.419007,-0.904452,-0.199678,-0.161278,0.155166,0.643737,-0.568038,0.085211,-0.554396,-0.122339,-0.640908,0.398058,-0.093293,-0.236082,-0.116173,-0.081752,0.101180,-0.167623,0.183059,-0.237181,0.619089,0.699834,0.282190,0.100939,0.459704,-0.091050,-0.082617,0.613492,-0.693960,0.205040,0.033788
-4.393143,-2.541596,0.738732,-0.079699,-0.003931,0.408704,-0.909172,-0.240784,-0.158731,0.140693,0.658596,-0.538333,0.076105,-0.657721,-0.093062,-0.423261,0.503344,-0.050571,-0.014297,-0.117310,-0.082218,0.116186,-0.177831,0.164275,-0.257489,0.665584,0.696985,0.291549,0.101722,0.464741,-0.092504,-0.086310,0.583680,-0.695093,0.197043,0.015367
-4.409617,-2.530397,0.739927,-0.082120,0.000692,0.412171,-0.907398,-0.264422,-0.150887,0.152202,0.659551,-0.509843,0.062706,-0.721157,-0.011915,-0.211900,0.599856,-0.060914,0.234533,-0.105661,-0.085881,0.123631,-0.162596,0.147132,-0.270252,0.718246,0.688840,0.296544,0.099364,0.465075,-0.110863,-0.072827,0.574439,-0.704645,0.193744,0.003630
-4.425764,-2.520159,0.742161,-0.088102,0.005811,0.428754,-0.899096,-0.275267,-0.143778,0.183621,0.635185,-0.473729,0.057807,-0.747153,0.055691,-0.087726,0.716725,-0.120136,0.247296,-0.078936,-0.090843,0.123770,-0.127745,0.132045,-0.282319,0.773996,0.683536,0.307375,0.086044,0.455562,-0.148521,-0.044222,0.577440,-0.728017,0.191365,0.018535
-4.442878,-2.510744,0.745932,-0.090122,0.008411,0.446079,-0.890405,-0.282952,-0.124127,0.212717,0.602504,-0.431356,0.050184,-0.753614,0.011362,-0.062471,0.849194,-0.167287,0.247715,-0.052558,-0.094811,0.121269,-0.081347,0.121395,-0.290053,0.824704,0.677672,0.319153,0.066215,0.437065,-0.185551,-0.018553,0.582436,-0.748906,0.195641,0.058527
-4.461345,-2.502270,0.750188,-0.088174,0.008178,0.456114,-0.885505,-0.294943,-0.095674,0.226339,0.574744,-0.386821,0.036826,-0.741439,-0.112436,-0.100238,0.967710,-0.205849,0.245054,-0.038589,-0.096243,0.116940,-0.033512,0.113584,-0.294756,0.870622,0.670472,0.338870,0.047258,0.417446,-0.209031,-0.009105,0.574176,-0.759642,0.201999,0.097264
-4.480731,-2.494735,0.753543,-0.084148,0.006867,0.458040,-0.884913,-0.312510,-0.066233,0.222979,0.557728,-0.345849,0.020215,-0.706948,-0.239826,-0.136123,1.054772,-0.241620,0.183178,-0.038802,-0.094727,0.111178,0.020877,0.117474,-0.299780,0.910094,0.662792,0.347475,0.026543,0.390486,-0.221906,-0.015837,0.567153,-0.755896,0.207122,0.116308
-4.500360,-2.487765,0.755327,-0.080950,0.006030,0.457228,-0.885637,-0.330785,-0.042702,0.211725,0.543168,-0.308893,0.004625,-0.664954,-0.334605,-0.149623,1.119920,-0.277290,0.078847,-0.045235,-0.091956,0.104785,0.074414,0.120931,-0.307651,0.946012,0.655360,0.351444,0.009611,0.369443,-0.227408,-0.035441,0.553112,-0.744744,0.210233,0.107588
-4.520215,-2.481389,0.755459,-0.079489,0.006316,0.454996,-0.886916,-0.350098,-0.024194,0.198375,0.532603,-0.275204,-0.011317,-0.625124,-0.386828,-0.115458,1.168740,-0.315471,0.011657,-0.052947,-0.088871,0.098487,0.123303,0.126991,-0.329835,0.980172,0.656210,0.352446,-0.014472,0.352699,-0.226502,-0.065559,0.534778,-0.725592,0.208166,0.071784
-4.540416,-2.475382,0.754614,-0.078558,0.007050,0.453198,-0.887913,-0.369555,-0.006443,0.185541,0.522934,-0.242331,-0.027965,-0.578689,-0.404098,-0.051086,1.192930,-0.348597,0.017162,-0.056571,-0.086555,0.092438,0.167067,0.136545,-0.369631,1.005960,0.667759,0.358666,-0.048852,0.339618,-0.222647,-0.097730,0.522709,-0.706392,0.194912,0.024008
-4.561227,-2.469721,0.753106,-0.078168,0.007351,0.452092,-0.888509,-0.392360,0.012669,0.173824,0.516603,-0.210049,-0.045755,-0.518077,-0.400927,0.020649,1.180283,-0.360216,0.063973,-0.053958,-0.085011,0.086409,0.203022,0.154164,-0.407210,1.025397,0.681701,0.361049,-0.084450,0.327413,-0.212031,-0.121875,0.517138,-0.687662,0.184144,-0.020338
-4.582810,-2.464495,0.751470,-0.077329,0.005862,0.451056,-0.889120,-0.419573,0.035318,0.160562,0.511826,-0.176548,-0.065893,-0.441737,-0.383889,0.084667,1.126575,-0.344882,0.108674,-0.046094,-0.083180,0.080259,0.228601,0.175583,-0.426869,1.036437,0.686855,0.370870,-0.116396,0.313816,-0.196021,-0.136176,0.517130,-0.669938,0.176282,-0.052534
-4.605178,-2.459749,0.750158,-0.075928,0.002906,0.449375,-0.890106,-0.450991,0.059720,0.143545,0.509123,-0.141801,-0.087201,-0.354020,-0.355785,0.140862,1.031659,-0.296181,0.172337,-0.034733,-0.080483,0.074690,0.244388,0.197758,-0.421120,1.034918,0.677555,0.385260,-0.133931,0.298918,-0.180527,-0.136558,0.521961,-0.660101,0.169961,-0.067105
-4.628652,-2.455612,0.748461,-0.073952,-0.000114,0.447686,-0.891128,-0.487004,0.086583,0.122063,0.513902,-0.107086,-0.110115,-0.257430,-0.314517,0.188975,0.889765,-0.375609,0.244191,-0.020965,-0.076614,0.070256,0.252528,0.221465,-0.402258,1.024447,0.664938,0.401605,-0.136046,0.284206,-0.170927,-0.120282,0.530378,-0.664046,0.166723,-0.064155
-4.652247,-2.451916,0.745782,-0.066529,-0.004678,0.445701,-0.892694,-0.517108,0.120088,0.091997,0.505981,-0.067421,-0.131078,-0.183455,-0.283322,0.161326,0.742597,-0.515326,0.246329,-0.004223,-0.069245,0.068887,0.246588,0.245147,-0.367270,1.010847,0.650506,0.412268,-0.112538,0.266295,-0.159027,-0.094197,0.544921,-0.669966,0.162004,-0.049910
-4.676726,-2.448510,0.743253,-0.055213,-0.010030,0.442394,-0.895063,-0.540309,0.159518,0.056581,0.482048,-0.023724,-0.143086,-0.146891,-0.262498,0.061497,0.646975,-0.596505,0.220618,0.011999,-0.056516,0.072275,0.239995,0.268194,-0.319407,0.980085,0.626131,0.426208,-0.066711,0.243390,-0.138964,-0.064931,0.566532,-0.680321,0.157227,-0.039962
-4.701118,-2.445689,0.745209,-0.038034,-0.016853,0.436602,-0.898692,-0.547726,0.208896,0.029074,0.430073,0.011673,-0.101453,-0.133791,-0.201652,0.003119,0.593730,-0.600461,0.171226,0.020046,-0.035962,0.076953,0.226907,0.279665,-0.267353,0.948642,0.596844,0.435107,-0.007184,0.215575,-0.116097,-0.037695,0.601022,-0.691067,0.156927,-0.033959
-4.725475,-2.441740,0.753526,-0.021918,-0.023070,0.430294,-0.902128,-0.552684,0.277553,0.068020,0.366976,-0.029516,0.011559,-0.147269,-0.133615,-0.016633,0.576943,-0.567897,0.136013,0.019654,-0.007447,0.080828,0.211806,0.267930,-0.226750,0.919451,0.570382,0.433441,0.052508,0.182690,-0.102094,-0.022160,0.643753,-0.697668,0.165048,-0.026806
-4.747392,-2.436944,0.756673,-0.009940,-0.025273,0.424667,-0.904942,-0.527970,0.337551,0.173363,0.315334,-0.108779,0.112953,-0.170702,-0.088032,-0.031609,0.587975,-0.540934,0.122299,0.013325,0.021069,0.082757,0.200774,0.241186,-0.211766,0.895548,0.550043,0.416765,0.087656,0.158052,-0.101889,-0.022390,0.685358,-0.710161,0.183163,-0.015452
-4.767383,-2.431601,0.759052,-0.001402,-0.025611,0.417052,-0.908521,-0.492906,0.388893,0.304467,0.296113,-0.152786,0.077077,-0.184723,-0.061503,-0.060452,0.584328,-0.513301,0.113036,0.005330,0.043262,0.083597,0.180230,0.216370,-0.236980,0.875824,0.553005,0.383382,0.082806,0.141335,-0.102838,-0.033888,0.720378,-0.725100,0.205493,-0.005508
-4.786248,-2.425726,0.761857,0.005177,-0.023814,0.408269,-0.912536,-0.474901,0.424666,0.368227,0.367773,-0.153969,0.033202,-0.188023,-0.040887,-0.087381,0.563306,-0.482794,0.096992,0.000057,0.055550,0.085590,0.147101,0.209754,-0.276043,0.852825,0.569329,0.346098,0.048420,0.137479,-0.095051,-0.051764,0.738978,-0.729172,0.223950,-0.009005
-4.804192,-2.419027,0.764652,0.008926,-0.021103,0.400477,-0.916020,-0.473740,0.440188,0.360983,0.496285,-0.170656,0.034624,-0.193103,-0.026115,-0.107140,0.541405,-0.455129,0.078116,-0.002121,0.061455,0.087809,0.108282,0.207247,-0.311450,0.818725,0.596352,0.326410,0.031277,0.139776,-0.079778,-0.072909,0.740831,-0.725628,0.232615,-0.020586
-4.821060,-2.411380,0.767255,0.010379,-0.019644,0.393785,-0.918934,-0.471631,0.457512,0.370383,0.644967,-0.186519,0.032749,-0.204428,-0.017501,-0.123181,0.521146,-0.426229,0.062364,-0.005740,0.066915,0.087457,0.063097,0.198727,-0.335348,0.781026,0.626814,0.321521,0.038345,0.145785,-0.065530,-0.084872,0.730668,-0.718082,0.236502,-0.032267
-4.837018,-2.403131,0.769513,0.010781,-0.018780,0.389791,-0.920649,-0.459053,0.476105,0.386109,0.792039,-0.207291,0.029816,-0.217958,-0.011407,-0.134559,0.499736,-0.395888,0.051926,-0.009227,0.072181,0.084491,0.022942,0.186821,-0.355842,0.743744,0.656884,0.317880,0.059585,0.164075,-0.062553,-0.091455,0.723734,-0.705574,0.221848,-0.036172
-4.852337,-2.394599,0.771331,0.010761,-0.017433,0.388556,-0.921197,-0.434043,0.486613,0.392956,0.925104,-0.226776,0.013960,-0.229801,-0.005146,-0.140116,0.475064,-0.363542,0.044893,-0.012108,0.076598,0.080436,-0.004757,0.172381,-0.370733,0.705338,0.677789,0.310763,0.080073,0.180321,-0.069173,-0.088464,0.720038,-0.698128,0.208460,-0.025516
-4.867258,-2.385895,0.772495,0.010819,-0.016323,0.388898,-0.921073,-0.405166,0.482762,0.383463,1.044263,-0.239658,-0.004606,-0.242025,0.002624,-0.142491,0.450045,-0.329884,0.037351,-0.014827,0.079792,0.076309,-0.027451,0.157986,-0.379596,0.669455,0.682383,0.300576,0.088882,0.194390,-0.080916,-0.082349,0.716774,-0.697426,0.203473,-0.009562
-4.881732,-2.376904,0.772874,0.011489,-0.016197,0.389711,-0.920723,-0.368892,0.470174,0.372615,1.139834,-0.247275,-0.032564,-0.257254,0.011578,-0.144363,0.428716,-0.296754,0.029487,-0.019327,0.082367,0.071465,-0.049918,0.150554,-0.391199,0.640389,0.676782,0.287239,0.078166,0.205394,-0.090590,-0.083080,0.711671,-0.697002,0.204754,0.001423
-4.895870,-2.367628,0.772736,0.011582,-0.016400,0.390338,-0.920453,-0.325963,0.441640,0.357900,1.204335,-0.248942,-0.075788,-0.274707,0.018917,-0.145954,0.409892,-0.263155,0.021703,-0.025925,0.084297,0.065807,-0.073164,0.153413,-0.409322,0.618103,0.674813,0.270946,0.055409,0.215104,-0.094264,-0.097088,0.703456,-0.691572,0.210939,-0.000752
-4.909693,-2.357915,0.771917,0.012333,-0.016620,0.389506,-0.920792,-0.278824,0.395984,0.333750,1.234697,-0.250626,-0.125054,-0.294605,0.024616,-0.150493,0.397479,-0.231968,0.014050,-0.034077,0.085348,0.060132,-0.097064,0.162150,-0.428726,0.605241,0.681896,0.260722,0.031749,0.227470,-0.089127,-0.122517,0.692186,-0.680419,0.220156,-0.015914
-4.923253,-2.347696,0.770644,0.013064,-0.016188,0.386466,-0.922069,-0.230854,0.323859,0.288425,1.227430,-0.244627,-0.184618,-0.314984,0.026081,-0.158460,0.389231,-0.202760,0.006961,-0.043106,0.085377,0.054771,-0.120031,0.168648,-0.444102,0.600736,0.690944,0.261905,0.016416,0.243483,-0.079649,-0.152446,0.678490,-0.666686,0.227441,-0.034461
-4.936702,-2.336935,0.769076,0.013409,-0.015393,0.382151,-0.923874,-0.178776,0.236198,0.228094,1.180327,-0.241330,-0.222769,-0.336146,0.023829,-0.168271,0.383133,-0.173823,-0.000411,-0.053566,0.083990,0.049722,-0.139783,0.171367,-0.454014,0.602793,0.694731,0.268180,0.007529,0.262179,-0.069483,-0.181230,0.662052,-0.652098,0.228806,-0.051238
-4.950316,-2.325591,0.767261,0.013469,-0.014609,0.376254,-0.926303,-0.123403,0.157751,0.167763,1.099530,-0.228137,-0.225875,-0.359332,0.018477,-0.180040,0.379910,-0.144916,-0.009198,-0.064553,0.080654,0.044911,-0.156846,0.173133,-0.461727,0.610830,0.699324,0.279469,0.006195,0.281942,-0.059303,-0.205489,0.644742,-0.638116,0.225662,-0.061842
-4.964230,-2.313552,0.765324,0.013196,-0.014225,0.369412,-0.929063,-0.065138,0.104522,0.124131,0.987305,-0.194273,-0.181446,-0.385155,0.010450,-0.192927,0.379346,-0.116776,-0.016609,-0.074764,0.076053,0.040316,-0.168763,0.170587,-0.462001,0.621956,0.694741,0.289366,0.011278,0.300422,-0.051108,-0.223787,0.628519,-0.627620,0.221613,-0.064344
-4.978587,-2.300542,0.763237,0.012719,-0.014176,0.363462,-0.931414,-0.010737,0.072896,0.103481,0.847920,-0.184902,-0.057504,-0.414334,0.001142,-0.204385,0.381624,-0.088389,-0.022142,-0.083715,0.071549,0.036403,-0.176204,0.167294,-0.458215,0.636834,0.684789,0.296914,0.018441,0.316682,-0.045857,-0.236238,0.614080,-0.623951,0.218744,-0.064310
-4.993211,-2.286402,0.761818,0.012693,-0.015962,0.356330,-0.934137,0.037654,0.062767,0.109889,0.717615,-0.290408,-0.007816,-0.447982,-0.009558,-0.217529,0.383568,-0.055500,-0.025209,-0.091628,0.067376,0.032982,-0.183740,0.168547,-0.459009,0.655942,0.682455,0.307922,0.022936,0.331207,-0.039453,-0.244446,0.600365,-0.625240,0.216358,-0.061704
-5.009078,-2.271034,0.757729,0.011027,-0.018647,0.347098,-0.937578,0.060167,0.059355,0.131936,0.621175,-0.417360,0.019811,-0.477168,-0.024518,-0.234104,0.364918,-0.017908,-0.023369,-0.099314,0.061953,0.030294,-0.189905,0.164076,-0.452935,0.677314,0.670058,0.318309,0.031116,0.344104,-0.030717,-0.255405,0.584210,-0.626552,0.215882,-0.059841
-5.025345,-2.254635,0.753974,0.007711,-0.021241,0.337058,-0.941213,0.062311,0.045799,0.134002,0.541002,-0.508250,0.032246,-0.491310,-0.044423,-0.257461,0.313636,0.018939,0.005366,-0.104522,0.054171,0.028491,-0.195074,0.157268,-0.447415,0.707097,0.649612,0.323754,0.036833,0.357245,-0.017567,-0.270618,0.566745,-0.626563,0.212101,-0.059251
-5.041844,-2.237196,0.753513,0.001151,-0.022783,0.326094,-0.945062,0.041847,0.021305,0.122439,0.488343,-0.549538,0.045490,-0.501999,-0.071866,-0.277443,0.243785,0.021196,0.059977,-0.107357,0.043208,0.027637,-0.199023,0.150064,-0.446685,0.748971,0.632296,0.332106,0.042470,0.371706,-0.001342,-0.290987,0.550361,-0.625662,0.206506,-0.058528
-5.057703,-2.220254,0.755628,-0.010521,-0.021805,0.318417,-0.947641,0.004957,-0.014082,0.107828,0.474829,-0.546398,0.053664,-0.513947,-0.108444,-0.286820,0.199151,-0.047403,0.143722,-0.107309,0.026522,0.027225,-0.193474,0.141258,-0.443546,0.797531,0.616819,0.346039,0.053700,0.384505,0.010830,-0.309190,0.542490,-0.627702,0.202048,-0.057882
-5.073731,-2.203759,0.756212,-0.024452,-0.018347,0.314747,-0.948683,-0.047389,-0.049614,0.103904,0.501881,-0.524836,0.057134,-0.532166,-0.151583,-0.297266,0.196677,-0.160002,0.210993,-0.105017,0.003237,0.027537,-0.172457,0.135505,-0.429697,0.847462,0.596198,0.363302,0.067405,0.394189,0.017758,-0.316216,0.551270,-0.631925,0.202207,-0.042173
-5.089664,-2.187284,0.756757,-0.034348,-0.014977,0.315559,-0.948166,-0.102507,-0.072204,0.117352,0.539490,-0.494823,0.063044,-0.541495,-0.190871,-0.329304,0.222777,-0.209370,0.222375,-0.099565,-0.020251,0.028577,-0.136048,0.143390,-0.419431,0.895367,0.583243,0.384270,0.069118,0.398068,0.014389,-0.299367,0.582523,-0.654944,0.209154,-0.014702
-5.105115,-2.171181,0.757990,-0.038840,-0.010993,0.316943,-0.947585,-0.147931,-0.082790,0.135906,0.568325,-0.454543,0.071157,-0.553380,-0.222876,-0.330827,0.323590,-0.195034,0.136209,-0.093036,-0.036709,0.031595,-0.085003,0.159807,-0.411548,0.929649,0.573561,0.393872,0.063383,0.395772,0.000790,-0.268589,0.623869,-0.686498,0.219641,0.043320
-5.120148,-2.155989,0.758623,-0.042754,-0.004164,0.319648,-0.946562,-0.177619,-0.093546,0.154488,0.583230,-0.427232,0.080980,-0.573264,-0.259241,-0.311910,0.497002,-0.216651,0.113488,-0.084208,-0.046768,0.036614,-0.023687,0.175206,-0.408217,0.953357,0.567682,0.395155,0.053507,0.390900,-0.029438,-0.234240,0.660945,-0.726677,0.231795,0.113570
-5.135307,-2.141311,0.759157,-0.045318,0.002084,0.323046,-0.945295,-0.198243,-0.103884,0.165679,0.580591,-0.407954,0.091295,-0.589970,-0.285637,-0.266349,0.687349,-0.242119,0.123122,-0.074881,-0.053842,0.041380,0.043264,0.190967,-0.405326,0.965348,0.564769,0.393883,0.044726,0.376162,-0.060439,-0.204465,0.693728,-0.757829,0.237714,0.166296
-5.151086,-2.127103,0.759596,-0.047234,0.007120,0.326766,-0.943898,-0.217264,-0.110546,0.175556,0.570069,-0.389710,0.099790,-0.597249,-0.305451,-0.218416,0.871681,-0.259469,0.148840,-0.065538,-0.060049,0.043981,0.108211,0.200367,-0.391402,0.976258,0.554585,0.394311,0.044437,0.365650,-0.102167,-0.187276,0.706810,-0.783842,0.242121,0.199361
-5.167505,-2.113007,0.759939,-0.049443,0.010601,0.329964,-0.942638,-0.239177,-0.115714,0.185185,0.555568,-0.361866,0.106063,-0.585191,-0.328564,-0.187673,1.033007,-0.283359,0.155591,-0.056730,-0.066495,0.043556,0.171978,0.203213,-0.366204,0.982367,0.536392,0.395504,0.049223,0.347917,-0.133227,-0.184277,0.716012,-0.798581,0.250341,0.192144
-5.184553,-2.099011,0.760076,-0.051049,0.012181,0.329552,-0.942678,-0.266234,-0.119555,0.189379,0.541121,-0.327367,0.107628,-0.554419,-0.347942,-0.166355,1.164574,-0.307191,0.164165,-0.048862,-0.072597,0.040628,0.226097,0.203875,-0.342670,0.985444,0.517167,0.405559,0.051161,0.328345,-0.155460,-0.196708,0.724722,-0.805988,0.256654,0.148003
-5.202107,-2.085050,0.760265,-0.050914,0.011355,0.327330,-0.943469,-0.296847,-0.119758,0.188737,0.524840,-0.286881,0.111416,-0.506997,-0.349592,-0.148025,1.256537,-0.325977,0.172274,-0.041424,-0.077483,0.036094,0.266272,0.207484,-0.323818,0.999155,0.509272,0.412854,0.047999,0.308255,-0.161083,-0.218542,0.734115,-0.799596,0.264152,0.082267
-5.220078,-2.071137,0.760264,-0.050470,0.008651,0.325275,-0.944232,-0.330982,-0.117588,0.187417,0.508054,-0.243575,0.115529,-0.449389,-0.322503,-0.123874,1.304335,-0.340604,0.191788,-0.032788,-0.079865,0.031202,0.295845,0.214491,-0.316489,1.006896,0.507352,0.427452,0.032179,0.288266,-0.154328,-0.237635,0.737605,-0.787445,0.268630,0.016725
-5.238252,-2.057182,0.760089,-0.049555,0.004613,0.324861,-0.944451,-0.366470,-0.112330,0.187667,0.489779,-0.199449,0.117513,-0.384395,-0.275650,-0.098284,1.307031,-0.329296,0.231075,-0.021201,-0.079225,0.026048,0.313443,0.222173,-0.317334,1.009274,0.513613,0.435696,0.003430,0.267892,-0.148659,-0.246725,0.735900,-0.769096,0.264778,-0.023042
-5.256387,-2.043175,0.760143,-0.047090,-0.000510,0.326196,-0.944128,-0.399256,-0.103019,0.188557,0.465768,-0.153667,0.118742,-0.311635,-0.211191,-0.083048,1.258407,-0.261947,0.247090,-0.005094,-0.075203,0.020593,0.321428,0.229512,-0.313422,1.002951,0.519262,0.443243,-0.021984,0.248555,-0.146546,-0.238339,0.729705,-0.752118,0.249185,-0.035347
-5.274636,-2.029197,0.760632,-0.042029,-0.006824,0.327191,-0.943998,-0.430113,-0.089271,0.186028,0.438686,-0.107024,0.118859,-0.233782,-0.130448,-0.053445,1.147311,-0.122386,0.247548,0.012108,-0.067242,0.015565,0.321446,0.235464,-0.305418,0.986076,0.523376,0.439752,-0.037638,0.230153,-0.148769,-0.213532,0.720387,-0.742847,0.227888,-0.029799
-5.293632,-2.015339,0.760603,-0.038078,-0.013255,0.324649,-0.944975,-0.470414,-0.078603,0.179012,0.426672,-0.064304,0.117885,-0.147505,-0.061950,0.015792,0.971604,-0.128581,0.241705,0.024605,-0.057928,0.011665,0.313156,0.237077,-0.292617,0.965212,0.526545,0.437681,-0.039448,0.213033,-0.155089,-0.181414,0.704823,-0.740337,0.202029,-0.022942
-5.313011,-2.001495,0.758042,-0.034750,-0.020945,0.322551,-0.945682,-0.521210,-0.066798,0.172597,0.425469,-0.023063,0.115999,-0.076884,-0.039804,0.013268,0.806200,-0.324231,0.149488,0.037997,-0.049271,0.009280,0.295165,0.234146,-0.275870,0.938877,0.529466,0.428848,-0.024881,0.193669,-0.159000,-0.149656,0.684527,-0.737845,0.180619,-0.017838
-5.333352,-1.987340,0.751758,-0.029726,-0.030152,0.320946,-0.946150,-0.578140,-0.049052,0.164480,0.427499,0.012784,0.097752,-0.040810,-0.033206,-0.047756,0.674944,-0.487070,0.071224,0.052717,-0.039291,0.009327,0.269877,0.228494,-0.254466,0.910594,0.532002,0.425772,0.000098,0.173134,-0.156882,-0.120413,0.663654,-0.733459,0.165323,-0.017581
-5.353481,-1.973346,0.745900,-0.024005,-0.039985,0.321642,-0.945712,-0.627618,-0.024403,0.162077,0.419697,0.031088,0.055885,-0.030536,-0.017829,-0.099406,0.567504,-0.592629,0.043532,0.063696,-0.027644,0.010631,0.245741,0.212710,-0.220966,0.875766,0.526879,0.422683,0.039860,0.147142,-0.147046,-0.094922,0.648358,-0.727941,0.155925,-0.031413
-5.372414,-1.958968,0.745621,-0.017905,-0.047922,0.328315,-0.943182,-0.659127,0.007041,0.172279,0.386645,0.022601,0.012010,-0.047492,0.003717,-0.109306,0.506578,-0.636391,0.031813,0.070902,-0.013681,0.013768,0.232933,0.183401,-0.181224,0.836037,0.515774,0.416765,0.084422,0.114314,-0.136806,-0.065157,0.647429,-0.726440,0.152652,-0.041974
-5.389235,-1.944503,0.749490,-0.008324,-0.053503,0.336371,-0.940171,-0.665662,0.049925,0.206718,0.349732,-0.016592,-0.018851,-0.085651,0.027803,-0.100671,0.500248,-0.617501,0.031827,0.073458,0.004800,0.018190,0.230982,0.148632,-0.151200,0.798083,0.504477,0.402795,0.125153,0.089746,-0.122693,-0.040189,0.653027,-0.729601,0.154077,-0.040831
-5.404319,-1.929811,0.752531,-0.001624,-0.055322,0.342892,-0.937743,-0.660472,0.092697,0.270809,0.343785,-0.038045,-0.029207,-0.127536,0.040648,-0.086957,0.516265,-0.586105,0.045335,0.071798,0.024867,0.023424,0.230716,0.107231,-0.150503,0.774184,0.498864,0.385461,0.149636,0.070315,-0.115309,-0.024759,0.668840,-0.736068,0.162706,-0.039369
-5.417693,-1.915433,0.755666,0.001503,-0.055344,0.347564,-0.936020,-0.655045,0.121014,0.302642,0.379466,-0.055632,-0.013501,-0.163885,0.043910,-0.076956,0.529238,-0.551727,0.055449,0.070689,0.039360,0.029726,0.220969,0.080839,-0.200006,0.766972,0.517862,0.364720,0.137226,0.065272,-0.112283,-0.017769,0.681606,-0.743179,0.174647,-0.031608
-5.429649,-1.901606,0.759100,0.003247,-0.053481,0.352960,-0.934103,-0.651807,0.140423,0.294101,0.457164,-0.076198,0.004833,-0.185537,0.045408,-0.068136,0.522615,-0.519039,0.052584,0.068365,0.046231,0.038281,0.213266,0.090306,-0.274987,0.760574,0.567081,0.334763,0.101526,0.077758,-0.106346,-0.014336,0.678351,-0.747862,0.172738,-0.020722
-5.440432,-1.887997,0.762500,0.003899,-0.050996,0.359310,-0.931816,-0.654716,0.158757,0.263884,0.571347,-0.102675,0.022387,-0.195902,0.045844,-0.058009,0.497995,-0.492261,0.045442,0.063646,0.048900,0.048731,0.207078,0.115345,-0.322845,0.741197,0.618033,0.332738,0.086417,0.097570,-0.093772,-0.009007,0.667469,-0.750433,0.162963,-0.012938
-5.450242,-1.873937,0.765198,0.005384,-0.049446,0.365240,-0.929584,-0.657551,0.183786,0.233974,0.698453,-0.134412,0.034700,-0.208333,0.046309,-0.048215,0.476779,-0.465268,0.043672,0.057142,0.051749,0.059772,0.202110,0.156207,-0.367759,0.712997,0.682301,0.337731,0.077746,0.121885,-0.084104,-0.002529,0.651983,-0.738798,0.139306,-0.015501
-5.459414,-1.859268,0.767084,0.006920,-0.049161,0.371590,-0.927069,-0.654189,0.219829,0.213492,0.822356,-0.166343,0.045935,-0.227819,0.046265,-0.036836,0.463312,-0.436533,0.051443,0.049902,0.056946,0.070883,0.204247,0.190869,-0.378309,0.682513,0.711496,0.332357,0.074938,0.151365,-0.078790,0.000311,0.637976,-0.719415,0.113445,-0.018644
-5.467855,-1.844142,0.768216,0.007606,-0.049661,0.379654,-0.923764,-0.633872,0.268075,0.213714,0.923191,-0.197229,0.069538,-0.252835,0.044941,-0.022548,0.455483,-0.407598,0.065164,0.043252,0.063606,0.080701,0.209022,0.205967,-0.357565,0.670110,0.695798,0.327953,0.067752,0.183108,-0.078841,-0.003756,0.631638,-0.696225,0.099043,-0.023338
-5.475614,-1.828862,0.768656,0.007720,-0.051485,0.389347,-0.919619,-0.597679,0.322926,0.228453,0.994503,-0.222832,0.104474,-0.281181,0.045031,-0.005606,0.448628,-0.378875,0.079478,0.036843,0.069696,0.088734,0.202448,0.208740,-0.326900,0.687862,0.654240,0.337950,0.058552,0.217074,-0.083110,-0.015023,0.637281,-0.676079,0.100887,-0.030981
-5.482687,-1.813568,0.768440,0.008138,-0.054293,0.399048,-0.915285,-0.549702,0.370027,0.241771,1.035247,-0.245553,0.131660,-0.311679,0.048033,0.012531,0.444866,-0.350043,0.090050,0.029405,0.074680,0.095635,0.190116,0.210258,-0.306962,0.719082,0.615375,0.356686,0.048210,0.242927,-0.088705,-0.028721,0.651393,-0.666742,0.122769,-0.035124
-5.489020,-1.798094,0.767852,0.008344,-0.057833,0.406712,-0.911686,-0.494194,0.398116,0.247733,1.044550,-0.265571,0.144362,-0.342146,0.049918,0.028018,0.440509,-0.320545,0.097512,0.020192,0.078718,0.101496,0.165485,0.216674,-0.313588,0.762413,0.600284,0.378444,0.031162,0.263726,-0.092937,-0.045266,0.662395,-0.667162,0.162047,-0.044300
-5.494617,-1.782190,0.766896,0.008432,-0.063234,0.411445,-0.909199,-0.436558,0.410116,0.248956,1.024541,-0.278632,0.143732,-0.376216,0.049559,0.038223,0.437876,-0.292194,0.105600,0.009039,0.082169,0.106281,0.139113,0.230674,-0.347820,0.798124,0.612999,0.393976,0.010531,0.276808,-0.090991,-0.071907,0.671151,-0.664143,0.213024,-0.063222
-5.499437,-1.765791,0.765850,0.008085,-0.070245,0.414545,-0.907277,-0.378951,0.405673,0.242094,0.975243,-0.266199,0.126016,-0.413907,0.046778,0.045353,0.436649,-0.264596,0.115326,-0.003424,0.085743,0.109590,0.106264,0.244809,-0.395776,0.830336,0.636895,0.398698,-0.016722,0.296203,-0.090376,-0.105677,0.678767,-0.655361,0.248501,-0.079782
-5.503452,-1.748864,0.764770,0.007463,-0.078294,0.415749,-0.906072,-0.314570,0.390905,0.236175,0.888177,-0.273067,0.019261,-0.453497,0.040590,0.049545,0.436199,-0.237975,0.128544,-0.017170,0.089561,0.111272,0.070476,0.252674,-0.437509,0.857313,0.655200,0.399504,-0.039771,0.317214,-0.091142,-0.142126,0.685031,-0.643064,0.274924,-0.089642
-5.506819,-1.731413,0.762681,0.007163,-0.086375,0.415213,-0.905586,-0.254072,0.363928,0.222640,0.764828,-0.360895,-0.130996,-0.491612,0.031212,0.051234,0.434072,-0.211444,0.143427,-0.030750,0.093144,0.112699,0.033175,0.253620,-0.469306,0.877008,0.664256,0.398730,-0.057146,0.338196,-0.093359,-0.176351,0.690418,-0.629316,0.290303,-0.090800
-5.509645,-1.714131,0.760594,0.004640,-0.092723,0.413234,-0.905880,-0.209409,0.329496,0.226845,0.629295,-0.459650,-0.167588,-0.520423,0.014563,0.054031,0.417527,-0.179371,0.159146,-0.044857,0.095852,0.114526,-0.006412,0.242143,-0.490901,0.888278,0.662325,0.396661,-0.064375,0.356899,-0.100488,-0.209842,0.694543,-0.618025,0.299232,-0.090246
-5.512077,-1.696266,0.759767,-0.000411,-0.098270,0.409994,-0.906779,-0.195719,0.293090,0.238592,0.537659,-0.505867,-0.148599,-0.543810,-0.008914,0.059388,0.388558,-0.140579,0.167799,-0.058450,0.095147,0.117831,-0.054821,0.223220,-0.509116,0.898343,0.655489,0.392683,-0.057037,0.378077,-0.108471,-0.242461,0.701235,-0.612515,0.294081,-0.091700
-5.514272,-1.678732,0.762329,-0.009865,-0.100996,0.406425,-0.908031,-0.207727,0.248977,0.241788,0.488828,-0.495602,-0.123204,-0.559021,-0.043219,0.062345,0.346087,-0.094099,0.154506,-0.069434,0.087109,0.122703,-0.100952,0.201185,-0.521170,0.900081,0.646447,0.387424,-0.038895,0.386211,-0.107720,-0.277250,0.705383,-0.607941,0.303035,-0.100171
-5.516476,-1.661131,0.769560,-0.020995,-0.103003,0.404194,-0.908612,-0.231783,0.203992,0.243417,0.460471,-0.465298,-0.101058,-0.577148,-0.078732,0.054433,0.293875,-0.061111,0.068129,-0.077537,0.072802,0.126014,-0.139746,0.184430,-0.521972,0.890455,0.633830,0.377925,-0.011603,0.388614,-0.093301,-0.301975,0.706376,-0.608310,0.308755,-0.116530
-5.518965,-1.644930,0.772584,-0.028836,-0.104904,0.406155,-0.907305,-0.260131,0.174604,0.249509,0.455806,-0.444891,-0.081937,-0.580625,-0.106874,0.002155,0.254048,-0.058845,-0.005379,-0.080279,0.057479,0.127157,-0.164066,0.183493,-0.514563,0.867467,0.622431,0.367197,0.013453,0.390171,-0.063815,-0.309759,0.708497,-0.609782,0.307140,-0.123931
-5.521564,-1.630521,0.774181,-0.035163,-0.106329,0.413124,-0.903762,-0.285098,0.156700,0.266688,0.458866,-0.429685,-0.064942,-0.576226,-0.140716,-0.131860,0.250449,-0.071153,0.100966,-0.076288,0.043799,0.127466,-0.175522,0.191859,-0.500625,0.829628,0.613869,0.350812,0.037452,0.391980,-0.040210,-0.285004,0.713716,-0.626492,0.292495,-0.097098
-5.523776,-1.618139,0.775766,-0.036843,-0.106771,0.417913,-0.901438,-0.299761,0.146392,0.277228,0.456533,-0.417348,-0.050954,-0.579441,-0.136614,-0.142134,0.307207,-0.047405,0.150182,-0.077222,0.036495,0.127376,-0.172540,0.202113,-0.479414,0.784840,0.606553,0.334302,0.064547,0.396087,-0.032855,-0.233832,0.721396,-0.662630,0.260936,-0.034979
-5.525705,-1.607921,0.777008,-0.036077,-0.106387,0.421096,-0.900032,-0.305690,0.140547,0.283764,0.449045,-0.409371,-0.041412,-0.585609,-0.086311,-0.024621,0.383556,-0.098615,0.088449,-0.081681,0.032080,0.126525,-0.157617,0.209444,-0.452719,0.737566,0.600169,0.318657,0.091912,0.398754,-0.033652,-0.185649,0.724702,-0.698279,0.226888,0.055548
-5.527688,-1.599513,0.777592,-0.036909,-0.105138,0.428625,-0.896585,-0.304939,0.136155,0.298502,0.436679,-0.403081,-0.037826,-0.581067,-0.059124,0.011773,0.444022,-0.169335,0.088004,-0.079414,0.023663,0.123503,-0.137213,0.211162,-0.424208,0.696110,0.593397,0.306949,0.118497,0.398374,-0.031354,-0.165004,0.717983,-0.720343,0.206895,0.139327
-5.529739,-1.592456,0.777320,-0.037123,-0.104371,0.434952,-0.893614,-0.304662,0.134107,0.310566,0.425060,-0.398603,-0.038383,-0.573840,-0.049025,0.016621,0.483090,-0.208089,0.091296,-0.076507,0.013917,0.119013,-0.118064,0.208817,-0.398606,0.668891,0.584124,0.298325,0.141073,0.395477,-0.018050,-0.178566,0.703485,-0.719863,0.207856,0.184525
-5.531845,-1.586512,0.774710,-0.036350,-0.104740,0.437397,-0.892408,-0.308675,0.133417,0.314296,0.416933,-0.394444,-0.038235,-0.565947,-0.040625,0.025410,0.502962,-0.220136,0.090260,-0.076296,0.005228,0.113719,-0.105470,0.206270,-0.382175,0.660806,0.572462,0.294936,0.150498,0.391824,-0.001325,-0.202283,0.684754,-0.714913,0.214050,0.189691
-5.533211,-1.582437,0.772187,-0.035467,-0.105294,0.437142,-0.892503,-0.315759,0.132738,0.312760,0.416001,-0.391318,-0.035980,-0.564435,-0.036851,0.031327,0.515579,-0.210792,0.091508,-0.077849,-0.001914,0.109076,-0.102441,0.205990,-0.381529,0.674371,0.565068,0.299566,0.146201,0.388374,0.010540,-0.221799,0.665643,-0.712655,0.215086,0.160628
-5.534284,-1.579342,0.772207,-0.034545,-0.105887,0.436550,-0.892759,-0.323161,0.133265,0.310957,0.419248,-0.389301,-0.033570,-0.571354,-0.037107,0.029535,0.525724,-0.192410,0.093994,-0.080156,-0.007464,0.105829,-0.108324,0.207708,-0.393208,0.708629,0.563967,0.317002,0.131627,0.385616,0.009209,-0.223201,0.647350,-0.727034,0.207902,0.115317
-5.535006,-1.577279,0.774252,-0.032903,-0.106077,0.436409,-0.892867,-0.328079,0.136388,0.310062,0.425012,-0.389368,-0.031864,-0.583761,-0.035265,0.029696,0.543280,-0.167309,0.095411,-0.082786,-0.011346,0.103855,-0.116875,0.209706,-0.412359,0.756392,0.565074,0.336728,0.109701,0.383101,-0.002341,-0.214049,0.631076,-0.751372,0.200293,0.075124
-5.535261,-1.576338,0.774872,-0.030793,-0.105687,0.437126,-0.892638,-0.330486,0.141057,0.309531,0.433532,-0.392578,-0.028595,-0.601525,-0.028561,0.037921,0.571625,-0.143476,0.100528,-0.084673,-0.013578,0.103172,-0.126033,0.211442,-0.438096,0.813415,0.568940,0.358068,0.082485,0.379471,-0.016832,-0.207213,0.614266,-0.769709,0.194020,0.044258
-5.534928,-1.576502,0.775152,-0.028882,-0.104557,0.439068,-0.891882,-0.330259,0.146291,0.310906,0.444499,-0.399050,-0.025071,-0.623596,-0.019462,0.052591,0.612432,-0.130246,0.112737,-0.085270,-0.014960,0.103342,-0.133258,0.213815,-0.472297,0.871981,0.578812,0.377371,0.048609,0.374977,-0.031802,-0.205082,0.595855,-0.775080,0.185879,0.024282
-5.533821,-1.577935,0.777688,-0.026885,-0.102714,0.442785,-0.890319,-0.325956,0.152864,0.315531,0.456406,-0.408461,-0.023061,-0.652875,-0.006200,0.077260,0.656886,-0.126946,0.124822,-0.084739,-0.015861,0.103704,-0.133005,0.217515,-0.510465,0.921904,0.591703,0.389136,0.011467,0.370187,-0.048285,-0.203642,0.577298,-0.771621,0.178585,0.018235
-5.532237,-1.580252,0.777881,-0.025311,-0.101228,0.448562,-0.887640,-0.317996,0.160603,0.324913,0.464651,-0.420190,-0.024036,-0.678628,0.007213,0.095905,0.693106,-0.123907,0.126100,-0.082404,-0.016530,0.104316,-0.123356,0.223291,-0.545467,0.956012,0.605398,0.391763,-0.015991,0.364010,-0.065194,-0.202116,0.556741,-0.762099,0.170791,0.016328
-5.530287,-1.583457,0.777338,-0.023847,-0.100717,0.455028,-0.884441,-0.308766,0.170186,0.336802,0.470493,-0.433953,-0.030110,-0.702453,0.014406,0.098170,0.709706,-0.119078,0.126312,-0.079328,-0.017179,0.104942,-0.103496,0.231032,-0.571661,0.973082,0.615789,0.387578,-0.026391,0.358271,-0.080172,-0.198358,0.535565,-0.750564,0.161996,0.014892
-5.527922,-1.587682,0.776409,-0.023208,-0.100668,0.461508,-0.881101,-0.299388,0.179128,0.349057,0.476665,-0.448524,-0.034288,-0.722452,0.017201,0.095066,0.701057,-0.121032,0.124834,-0.076627,-0.017212,0.105913,-0.072490,0.237408,-0.576784,0.972176,0.609950,0.378291,-0.016313,0.354500,-0.093100,-0.193255,0.513951,-0.739327,0.154682,0.010684
-5.525056,-1.592940,0.775285,-0.023223,-0.101155,0.467372,-0.877947,-0.289630,0.186702,0.360583,0.481904,-0.463373,-0.037693,-0.736944,0.016892,0.085566,0.667928,-0.125051,0.125257,-0.074296,-0.016559,0.107075,-0.036407,0.241936,-0.570977,0.963620,0.594390,0.366174,0.003438,0.354625,-0.103193,-0.187043,0.492154,-0.731748,0.148006,0.002728
-5.521665,-1.599323,0.774057,-0.023325,-0.102064,0.472159,-0.875274,-0.279412,0.193446,0.369786,0.486658,-0.477986,-0.040695,-0.744538,0.015128,0.072238,0.613952,-0.127860,0.124784,-0.072514,-0.015075,0.108143,0.001491,0.245174,-0.561826,0.953107,0.574568,0.356384,0.024126,0.359021,-0.108071,-0.182213,0.472106,-0.723381,0.141721,-0.003935
-5.517659,-1.607012,0.772674,-0.024348,-0.102629,0.475193,-0.873536,-0.267065,0.196664,0.376856,0.489071,-0.491357,-0.043316,-0.743370,0.011520,0.057468,0.546048,-0.134745,0.119631,-0.071214,-0.013149,0.108303,0.036128,0.246008,-0.555129,0.944935,0.553565,0.345995,0.034289,0.367658,-0.109456,-0.180572,0.457021,-0.714245,0.137214,-0.010781
-5.512935,-1.616113,0.771211,-0.026565,-0.102820,0.476191,-0.872906,-0.251224,0.195011,0.381901,0.485880,-0.500984,-0.044312,-0.734316,0.004583,0.041996,0.472786,-0.139997,0.112223,-0.070014,-0.010976,0.107075,0.059763,0.244788,-0.560239,0.945399,0.541880,0.342124,0.030063,0.378103,-0.107187,-0.182060,0.448447,-0.704046,0.137106,-0.015851
-5.507475,-1.626673,0.769561,-0.030060,-0.102101,0.475591,-0.873204,-0.231086,0.188169,0.385354,0.477817,-0.505982,-0.044956,-0.717957,-0.005312,0.025165,0.402428,-0.148621,0.099049,-0.068543,-0.008785,0.104393,0.071844,0.240924,-0.576834,0.955612,0.541450,0.347023,0.017389,0.389926,-0.103028,-0.185964,0.448312,-0.696043,0.143649,-0.017916
-5.501410,-1.638846,0.767370,-0.035407,-0.099543,0.473673,-0.874340,-0.204989,0.174939,0.387778,0.464894,-0.509777,-0.047855,-0.695571,-0.021212,-0.000975,0.348213,-0.163679,0.104036,-0.066508,-0.007555,0.100070,0.074689,0.232515,-0.599068,0.972329,0.545983,0.357028,-0.001332,0.401956,-0.099959,-0.190755,0.457977,-0.693920,0.155852,-0.017962
-5.495096,-1.652732,0.764522,-0.041100,-0.095838,0.470222,-0.876366,-0.173408,0.160482,0.387994,0.448866,-0.515481,-0.056442,-0.670205,-0.036944,-0.027139,0.324746,-0.177282,0.108428,-0.064524,-0.006898,0.094163,0.068459,0.223284,-0.623149,0.993587,0.553305,0.370870,-0.027563,0.412180,-0.094102,-0.196897,0.478224,-0.690310,0.168467,-0.012403
-5.488877,-1.668226,0.761183,-0.043668,-0.092472,0.464144,-0.879837,-0.136570,0.153226,0.383014,0.428294,-0.517652,-0.071862,-0.651117,-0.039122,-0.028494,0.342526,-0.157243,0.072963,-0.063566,-0.004289,0.087785,0.057384,0.218558,-0.646823,1.011705,0.563722,0.382367,-0.050599,0.418324,-0.084725,-0.200371,0.512683,-0.692996,0.188142,-0.002820
-5.483427,-1.684551,0.760365,-0.041845,-0.091042,0.457744,-0.883420,-0.101480,0.161113,0.377587,0.411786,-0.511650,-0.096874,-0.635168,-0.033918,-0.028809,0.363244,-0.102233,0.057921,-0.062542,0.001796,0.082237,0.045282,0.221795,-0.660255,1.019433,0.569521,0.390832,-0.063003,0.412911,-0.068997,-0.201512,0.564203,-0.696844,0.214002,0.006976
-5.478100,-1.701973,0.759128,-0.038317,-0.089401,0.452974,-0.886202,-0.074647,0.180701,0.375229,0.420766,-0.502906,-0.124786,-0.625544,-0.031677,-0.045427,0.412449,-0.127289,0.062977,-0.060045,0.012835,0.079696,0.036593,0.228542,-0.662695,1.008522,0.573451,0.395929,-0.058028,0.392706,-0.052310,-0.200797,0.629059,-0.702669,0.245810,0.014244
-5.472710,-1.719900,0.756884,-0.034323,-0.086612,0.447772,-0.889281,-0.057632,0.206150,0.372856,0.455644,-0.481969,-0.147096,-0.608794,-0.029392,-0.061306,0.467560,-0.172546,0.059973,-0.058190,0.026973,0.079765,0.026916,0.230337,-0.656446,0.989669,0.569978,0.396844,-0.045297,0.372416,-0.040629,-0.206986,0.693604,-0.706350,0.276970,0.027767
-5.467500,-1.737560,0.759790,-0.030906,-0.084540,0.436437,-0.895221,-0.060047,0.228483,0.348237,0.508152,-0.436802,-0.152178,-0.582915,-0.033427,-0.085194,0.498335,-0.214344,0.049381,-0.055604,0.041204,0.080645,0.002188,0.231300,-0.661796,0.968274,0.571292,0.391578,-0.036853,0.353792,-0.031315,-0.209708,0.746091,-0.715889,0.306965,0.049704
-5.462844,-1.754318,0.763389,-0.027492,-0.083820,0.419544,-0.903438,-0.093720,0.245665,0.288564,0.585037,-0.363632,-0.135486,-0.546978,-0.040683,-0.118657,0.502649,-0.244980,0.033774,-0.051326,0.055386,0.081316,-0.045908,0.233407,-0.685802,0.951038,0.577370,0.375899,-0.038868,0.345586,-0.021951,-0.212056,0.779428,-0.725847,0.313099,0.069953
-5.458197,-1.770338,0.766829,-0.023189,-0.084233,0.398998,-0.912780,-0.155274,0.263503,0.220765,0.693798,-0.273760,-0.094662,-0.504408,-0.047340,-0.160139,0.489296,-0.267166,0.017790,-0.047895,0.070079,0.081823,-0.103909,0.238518,-0.714848,0.927935,0.585262,0.361538,-0.052207,0.337719,-0.009760,-0.210352,0.793233,-0.739560,0.304778,0.077946
-5.453161,-1.786297,0.769876,-0.019378,-0.083126,0.377842,-0.921927,-0.226632,0.287343,0.179724,0.820834,-0.200000,-0.056212,-0.457538,-0.053647,-0.202263,0.470456,-0.285648,0.006223,-0.045244,0.084680,0.082445,-0.159607,0.241540,-0.739510,0.892042,0.595975,0.349751,-0.057267,0.331369,0.001132,-0.214728,0.790966,-0.743745,0.291107,0.085925
-5.447454,-1.801876,0.771287,-0.015167,-0.080092,0.359601,-0.929539,-0.299295,0.310485,0.158084,0.948559,-0.172817,0.023478,-0.409381,-0.055484,-0.239604,0.453643,-0.305090,-0.001131,-0.041711,0.097964,0.083606,-0.202276,0.239589,-0.743267,0.839398,0.599817,0.344683,-0.044862,0.322501,0.004102,-0.218728,0.777944,-0.745550,0.272493,0.077430
-5.441050,-1.816874,0.771865,-0.010616,-0.076384,0.345115,-0.935387,-0.372653,0.310443,0.130361,1.061474,-0.193872,0.048962,-0.365408,-0.053306,-0.270747,0.444430,-0.326987,-0.005253,-0.036964,0.108463,0.085281,-0.226675,0.236032,-0.725344,0.769359,0.597069,0.335008,-0.007401,0.306313,-0.001116,-0.217620,0.764913,-0.748741,0.255747,0.056640
-5.433975,-1.831498,0.772284,-0.007669,-0.073507,0.334080,-0.939643,-0.448394,0.286264,0.101204,1.151108,-0.199653,0.042120,-0.324968,-0.049164,-0.296160,0.433427,-0.347122,-0.007142,-0.031943,0.115449,0.085606,-0.234036,0.231404,-0.692880,0.689360,0.589222,0.318116,0.041194,0.279110,-0.012963,-0.213618,0.756294,-0.752786,0.247695,0.037237
-5.426036,-1.845758,0.772454,-0.006335,-0.072065,0.326150,-0.942546,-0.519084,0.254553,0.089604,1.205814,-0.190998,0.017387,-0.289777,-0.044491,-0.315952,0.422884,-0.366358,-0.006420,-0.028160,0.119387,0.083712,-0.225798,0.227625,-0.653703,0.607648,0.581656,0.297211,0.094646,0.243001,-0.027000,-0.211506,0.748929,-0.756982,0.247321,0.023042
-5.417146,-1.859769,0.772071,-0.005203,-0.071438,0.320301,-0.944604,-0.581951,0.218983,0.089705,1.224292,-0.193523,-0.016217,-0.258507,-0.038586,-0.331321,0.416284,-0.387253,-0.003085,-0.024819,0.120796,0.080136,-0.206867,0.227069,-0.620318,0.533005,0.579547,0.269098,0.131857,0.204687,-0.038148,-0.216699,0.735274,-0.754755,0.255403,0.006435
-5.407281,-1.873659,0.771127,-0.004738,-0.071624,0.316659,-0.945820,-0.638568,0.183814,0.100079,1.208775,-0.192814,-0.036031,-0.231345,-0.032568,-0.341397,0.414140,-0.410660,0.004234,-0.020682,0.120420,0.075837,-0.184255,0.230438,-0.592083,0.469206,0.586017,0.251321,0.141847,0.167782,-0.045902,-0.220359,0.712411,-0.746530,0.254740,-0.009243
-5.396429,-1.887519,0.769758,-0.005139,-0.072725,0.315484,-0.946126,-0.683834,0.155174,0.121354,1.154920,-0.190089,-0.049430,-0.208058,-0.026503,-0.345000,0.415512,-0.433814,0.009781,-0.015012,0.118596,0.071444,-0.159736,0.236817,-0.567519,0.416131,0.604683,0.241770,0.132772,0.132150,-0.053142,-0.222288,0.682046,-0.733170,0.245365,-0.029470
-5.384701,-1.901444,0.767973,-0.006038,-0.074773,0.317487,-0.945291,-0.716002,0.134824,0.151225,1.065032,-0.186088,-0.052728,-0.187266,-0.018937,-0.341896,0.417435,-0.456213,0.011809,-0.006987,0.115584,0.066839,-0.130641,0.239643,-0.537968,0.374553,0.617664,0.229940,0.115931,0.098983,-0.060899,-0.219189,0.646226,-0.714594,0.223795,-0.051716
-5.372103,-1.915487,0.765783,-0.007443,-0.077769,0.322734,-0.943260,-0.735430,0.117936,0.184760,0.940226,-0.171626,-0.046324,-0.167227,-0.010360,-0.332523,0.417204,-0.477599,0.014250,0.003069,0.111767,0.062223,-0.098795,0.240963,-0.505859,0.351364,0.631392,0.229153,0.099507,0.069765,-0.070061,-0.206848,0.609404,-0.695076,0.196161,-0.070967
-5.358606,-1.929738,0.763156,-0.009489,-0.081927,0.331017,-0.940014,-0.739130,0.097368,0.214429,0.777606,-0.150751,-0.029879,-0.146699,-0.001560,-0.318015,0.411850,-0.497383,0.020284,0.014014,0.107412,0.057171,-0.066256,0.239965,-0.473764,0.347600,0.642950,0.235410,0.088969,0.043747,-0.081405,-0.184860,0.573431,-0.678549,0.169745,-0.082857
-5.344173,-1.944349,0.760030,-0.011094,-0.087240,0.341906,-0.935610,-0.731948,0.074246,0.232355,0.590108,-0.111891,-0.005793,-0.126183,0.008543,-0.299680,0.404472,-0.511533,0.027804,0.024417,0.102395,0.051476,-0.032386,0.235209,-0.438934,0.362744,0.643146,0.251448,0.082678,0.019887,-0.092577,-0.155973,0.539975,-0.666699,0.144770,-0.091464
-5.328664,-1.959424,0.756484,-0.011496,-0.093011,0.355290,-0.930046,-0.709912,0.057272,0.240476,0.395212,-0.078764,-0.008536,-0.102603,0.020920,-0.277553,0.393262,-0.520552,0.035055,0.033393,0.096980,0.044626,0.004660,0.232445,-0.406311,0.394152,0.641938,0.272476,0.081854,-0.006563,-0.101308,-0.123541,0.514666,-0.660197,0.132494,-0.088885
-5.311937,-1.974773,0.753136,-0.011037,-0.097441,0.373339,-0.922497,-0.678727,0.053525,0.235706,0.241248,-0.061678,0.007949,-0.076936,0.031714,-0.247091,0.385239,-0.521829,0.043653,0.041802,0.090668,0.036902,0.046913,0.230722,-0.378855,0.444816,0.636843,0.309380,0.079804,-0.024307,-0.105534,-0.092715,0.509338,-0.655094,0.113096,-0.083417
-5.294279,-1.990094,0.751123,-0.011653,-0.100221,0.393613,-0.913722,-0.661151,0.065959,0.234315,0.207010,-0.025396,0.051344,-0.056839,0.035728,-0.206396,0.391252,-0.509422,0.054792,0.046514,0.083415,0.030689,0.082168,0.219397,-0.354094,0.520990,0.620990,0.356779,0.077948,-0.039502,-0.109026,-0.057211,0.510977,-0.655773,0.101821,-0.074207
-5.275071,-2.005827,0.752221,-0.011801,-0.100622,0.412298,-0.905399,-0.650120,0.090160,0.255381,0.250797,0.056715,0.094176,-0.046224,0.032431,-0.162638,0.434351,-0.482764,0.068245,0.046868,0.074922,0.027787,0.096843,0.201010,-0.344026,0.630961,0.596702,0.400822,0.069887,-0.037368,-0.110853,-0.027388,0.511513,-0.664966,0.096566,-0.066882
-5.255904,-2.020528,0.757504,-0.015894,-0.097703,0.426767,-0.898928,-0.634854,0.100804,0.279481,0.295009,0.059717,0.131259,-0.059582,0.013422,-0.118385,0.519583,-0.419110,0.082450,0.044461,0.062650,0.028697,0.105917,0.179563,-0.350662,0.759078,0.576865,0.454002,0.044916,-0.024567,-0.114017,-0.011824,0.516726,-0.674655,0.099085,-0.064723
-5.235964,-2.036053,0.762194,-0.018943,-0.094048,0.436919,-0.894370,-0.615043,0.106713,0.297739,0.349451,0.002309,0.132013,-0.100433,-0.005614,-0.076438,0.648854,-0.299670,0.114392,0.040208,0.049169,0.031562,0.106726,0.166498,-0.387440,0.890817,0.580043,0.478386,-0.010449,0.003108,-0.107642,-0.014031,0.530843,-0.675077,0.114642,-0.065747
-5.216262,-2.051828,0.765279,-0.021691,-0.089820,0.446031,-0.890235,-0.590181,0.110709,0.316891,0.399033,-0.058853,0.135458,-0.165021,-0.017142,-0.027423,0.805754,-0.158416,0.151583,0.035091,0.037713,0.034463,0.108061,0.164888,-0.469195,0.999598,0.622417,0.478615,-0.117931,0.039193,-0.102890,-0.017291,0.552613,-0.680755,0.130826,-0.061569
-5.196238,-2.068402,0.769294,-0.023545,-0.084917,0.455875,-0.885671,-0.556435,0.114339,0.337547,0.439838,-0.116803,0.138376,-0.237652,-0.022960,0.021185,0.973195,-0.060814,0.154629,0.029546,0.028834,0.036332,0.119150,0.172085,-0.551838,1.046753,0.669915,0.448005,-0.219225,0.069232,-0.107060,-0.011527,0.581361,-0.696535,0.154146,-0.036131
-5.176508,-2.085118,0.770636,-0.026887,-0.076009,0.467529,-0.880294,-0.514465,0.112968,0.364873,0.476765,-0.173917,0.136222,-0.308457,-0.037656,0.060828,1.126720,-0.041062,0.164425,0.023086,0.020440,0.037819,0.140942,0.178139,-0.578545,1.046798,0.679366,0.408672,-0.264324,0.084822,-0.121717,0.004226,0.620622,-0.715686,0.177456,-0.001015
-5.157031,-2.102197,0.770903,-0.030402,-0.063882,0.476514,-0.876316,-0.462364,0.101818,0.390869,0.502380,-0.225646,0.132348,-0.373572,-0.077662,0.073717,1.246124,-0.075462,0.144369,0.015832,0.010836,0.039278,0.171929,0.181242,-0.541946,1.018868,0.645347,0.386795,-0.236470,0.100097,-0.135206,0.009999,0.664419,-0.725110,0.199589,0.031080
-5.137923,-2.119961,0.770959,-0.032796,-0.052473,0.480402,-0.874863,-0.405733,0.083603,0.406922,0.513898,-0.269552,0.126770,-0.434851,-0.115644,0.075162,1.318981,-0.094022,0.096651,0.006252,0.001183,0.040122,0.199360,0.179645,-0.473289,0.982633,0.593866,0.382590,-0.155191,0.120342,-0.141665,0.001526,0.709498,-0.727991,0.222137,0.040527
-5.119503,-2.138327,0.770866,-0.034839,-0.043153,0.479028,-0.876046,-0.350803,0.061083,0.411654,0.515838,-0.305765,0.119931,-0.490505,-0.149765,0.060321,1.340584,-0.108096,0.059155,-0.004422,-0.006824,0.039406,0.213270,0.173753,-0.414231,0.953144,0.552401,0.381775,-0.059661,0.150403,-0.139769,-0.025088,0.751287,-0.721857,0.249574,0.031038
-5.101673,-2.157171,0.770656,-0.037140,-0.035863,0.474596,-0.878688,-0.296724,0.036267,0.409076,0.507627,-0.335471,0.111572,-0.537700,-0.169929,0.033411,1.313370,-0.148023,0.024251,-0.015573,-0.012668,0.036935,0.210025,0.169701,-0.384615,0.931405,0.536472,0.383593,0.028597,0.186282,-0.132134,-0.063720,0.785682,-0.709258,0.281361,0.008464
-5.084397,-2.176427,0.770316,-0.039142,-0.031345,0.467614,-0.882509,-0.245740,0.012765,0.398924,0.492753,-0.360195,0.101884,-0.577528,-0.174603,-0.000492,1.243837,-0.183597,0.022075,-0.026874,-0.015859,0.033252,0.194451,0.177784,-0.387704,0.912573,0.548767,0.383340,0.079166,0.224956,-0.121685,-0.095015,0.812241,-0.696430,0.301938,-0.011708
-5.067570,-2.196121,0.769561,-0.040482,-0.029262,0.458361,-0.887361,-0.199356,-0.006424,0.382515,0.478556,-0.384105,0.091891,-0.609440,-0.165866,-0.035362,1.139231,-0.211352,0.034217,-0.038645,-0.016707,0.028792,0.156192,0.184635,-0.408549,0.901668,0.569015,0.388980,0.081443,0.261798,-0.110902,-0.111106,0.828489,-0.689004,0.310587,-0.018189
-5.051042,-2.216189,0.768216,-0.040992,-0.029147,0.447444,-0.892896,-0.156678,-0.020620,0.360595,0.466655,-0.409486,0.081494,-0.633085,-0.146811,-0.065187,1.002044,-0.220403,0.046803,-0.050768,-0.015548,0.023976,0.105104,0.196533,-0.443392,0.893256,0.591914,0.383481,0.053745,0.307320,-0.109710,-0.122449,0.835540,-0.684991,0.304507,-0.004955
-5.034678,-2.236407,0.766430,-0.039966,-0.031865,0.434775,-0.899087,-0.115921,-0.028844,0.333229,0.450648,-0.434146,0.070998,-0.643627,-0.116701,-0.081209,0.824523,-0.207002,0.070332,-0.062327,-0.012328,0.018832,0.050367,0.214280,-0.482089,0.875777,0.615133,0.366444,0.016831,0.346888,-0.099376,-0.135749,0.836487,-0.677323,0.297669,0.013884
-5.018395,-2.256655,0.764081,-0.038549,-0.036545,0.421185,-0.905418,-0.075735,-0.033347,0.303286,0.428670,-0.454940,0.060641,-0.642433,-0.080777,-0.072978,0.612736,-0.156992,0.089171,-0.072959,-0.007162,0.013320,-0.006669,0.232320,-0.517783,0.850048,0.635890,0.348971,-0.015529,0.381066,-0.081461,-0.155177,0.831436,-0.667370,0.292588,0.023965
-5.002139,-2.277048,0.761105,-0.037152,-0.042977,0.406603,-0.911837,-0.036310,-0.033995,0.271944,0.401174,-0.469459,0.049021,-0.625408,-0.051592,-0.047169,0.381385,-0.102676,0.129806,-0.082787,-0.001362,0.007341,-0.062067,0.249209,-0.549982,0.814902,0.658953,0.334001,-0.034253,0.409889,-0.055993,-0.178782,0.824401,-0.658214,0.291282,0.029474
-4.985934,-2.298032,0.756705,-0.038133,-0.045919,0.391037,-0.918437,-0.000196,-0.035347,0.240098,0.392497,-0.484930,0.034922,-0.612007,-0.049524,-0.038995,0.219928,-0.091123,0.152621,-0.089841,0.002079,0.003059,-0.112557,0.261648,-0.581023,0.773411,0.688156,0.324030,-0.036968,0.438477,-0.026479,-0.210343,0.812991,-0.646909,0.293752,0.019648
-4.970022,-2.319181,0.751858,-0.040298,-0.045306,0.376370,-0.924483,0.032366,-0.034863,0.213755,0.402258,-0.497211,0.017476,-0.604388,-0.072373,-0.097982,0.182468,-0.095776,0.139559,-0.092413,0.001264,0.000381,-0.151751,0.267438,-0.596147,0.726149,0.707771,0.311137,-0.024810,0.463523,0.004975,-0.236918,0.807518,-0.639955,0.300929,0.011356
-4.954603,-2.340463,0.748718,-0.039748,-0.043344,0.362553,-0.930106,0.059963,-0.026061,0.182817,0.427913,-0.491980,-0.005252,-0.593390,-0.096540,-0.163687,0.230516,-0.028443,0.069385,-0.093339,0.000978,-0.000902,-0.172714,0.266373,-0.584231,0.679197,0.708233,0.296752,0.000034,0.479962,0.032910,-0.244336,0.809509,-0.642728,0.301978,0.019211
-4.938891,-2.362387,0.750754,-0.032642,-0.041238,0.348103,-0.935980,0.083290,-0.001706,0.147156,0.476087,-0.447054,-0.023337,-0.574251,-0.102354,-0.196205,0.290394,0.030691,0.011426,-0.093659,0.004241,0.000264,-0.176981,0.257044,-0.550791,0.639342,0.695183,0.295421,0.034269,0.483566,0.054940,-0.236340,0.819126,-0.656381,0.300788,0.034604
-4.924608,-2.383707,0.754776,-0.024975,-0.038660,0.334628,-0.941226,0.071737,0.028885,0.112506,0.573942,-0.360068,-0.033177,-0.558748,-0.101068,-0.213908,0.364049,-0.011857,-0.043018,-0.093427,0.011912,0.004728,-0.163556,0.229833,-0.489733,0.606376,0.651900,0.294915,0.076955,0.472043,0.062317,-0.217331,0.837357,-0.685346,0.306905,0.059642
-4.909910,-2.404529,0.757540,-0.019811,-0.036546,0.327668,-0.943878,0.024142,0.057901,0.092322,0.719371,-0.219749,-0.041849,-0.544899,-0.100300,-0.230248,0.438149,-0.083566,-0.048144,-0.091670,0.022024,0.010945,-0.137345,0.195302,-0.419913,0.585801,0.602882,0.301414,0.124436,0.446720,0.056004,-0.201172,0.848859,-0.718444,0.314186,0.092342
-4.895133,-2.424202,0.759971,-0.015458,-0.033589,0.323657,-0.945452,-0.044380,0.083375,0.075454,0.887312,-0.078054,-0.071226,-0.518255,-0.097639,-0.244201,0.484285,-0.141916,-0.046642,-0.086919,0.030668,0.017678,-0.110265,0.168612,-0.380310,0.576146,0.575950,0.310178,0.149397,0.416624,0.042237,-0.193930,0.839714,-0.747381,0.315588,0.108751
-4.880857,-2.443124,0.762041,-0.010915,-0.030698,0.317848,-0.947582,-0.129997,0.119307,0.065155,1.057832,0.022988,-0.096837,-0.477518,-0.091675,-0.261082,0.499297,-0.185010,-0.046785,-0.079486,0.037188,0.023588,-0.096558,0.164361,-0.387399,0.576656,0.577592,0.314795,0.128180,0.388706,0.025444,-0.186965,0.809793,-0.767761,0.296204,0.112786
-4.867167,-2.461232,0.764102,-0.003881,-0.028308,0.308792,-0.950700,-0.222867,0.169064,0.056347,1.206040,0.040745,-0.110427,-0.429838,-0.080377,-0.283680,0.499891,-0.220259,-0.050419,-0.070286,0.044113,0.029259,-0.099498,0.184443,-0.430096,0.584538,0.609756,0.312951,0.069079,0.363766,0.007847,-0.183966,0.767709,-0.776680,0.266219,0.093976
-4.853252,-2.478326,0.766077,0.003869,-0.026266,0.303041,-0.952608,-0.315765,0.199173,0.040597,1.316951,-0.006793,-0.097263,-0.379589,-0.062706,-0.302423,0.489920,-0.249099,-0.053510,-0.059691,0.052226,0.034922,-0.104041,0.208945,-0.463414,0.598420,0.641326,0.299780,-0.010409,0.331986,-0.011757,-0.190720,0.724280,-0.774320,0.235700,0.048816
-4.838602,-2.494361,0.767831,0.009776,-0.023827,0.303787,-0.952392,-0.400278,0.221211,0.040552,1.381975,-0.030824,-0.066754,-0.331407,-0.043278,-0.308520,0.477903,-0.275752,-0.052785,-0.049565,0.060498,0.039379,-0.092947,0.218646,-0.451599,0.619111,0.644233,0.299046,-0.060478,0.292479,-0.027604,-0.216382,0.686073,-0.751338,0.215409,-0.014765
-4.823276,-2.509353,0.769284,0.014447,-0.022556,0.308348,-0.950897,-0.474619,0.235156,0.054500,1.395689,-0.044633,-0.049132,-0.287071,-0.023703,-0.305786,0.463794,-0.299798,-0.049341,-0.039410,0.067428,0.041625,-0.069778,0.213353,-0.403289,0.650309,0.620281,0.330620,-0.060145,0.247787,-0.035739,-0.252700,0.658040,-0.717710,0.212040,-0.076602
-4.807403,-2.523644,0.770546,0.017978,-0.022351,0.314508,-0.948821,-0.534440,0.242893,0.080930,1.356341,-0.069949,-0.039214,-0.243222,-0.005025,-0.298157,0.443394,-0.320425,-0.043855,-0.029094,0.072342,0.041255,-0.043843,0.207414,-0.356614,0.688289,0.594729,0.365656,-0.022854,0.200525,-0.036888,-0.291923,0.630721,-0.673291,0.210554,-0.119899
-4.791011,-2.537419,0.771281,0.020338,-0.023415,0.321788,-0.946304,-0.578794,0.248798,0.119137,1.270553,-0.095681,-0.037926,-0.203642,0.011070,-0.286663,0.424857,-0.341703,-0.036995,-0.018361,0.075907,0.038470,-0.015743,0.208191,-0.327349,0.727130,0.579965,0.391261,0.023716,0.149471,-0.038180,-0.315266,0.598678,-0.632884,0.216791,-0.142375
-4.774098,-2.550779,0.771140,0.021317,-0.026686,0.331201,-0.942942,-0.609549,0.247517,0.161839,1.142755,-0.113368,-0.020029,-0.174269,0.024291,-0.269668,0.416306,-0.367401,-0.029662,-0.007069,0.078223,0.033325,0.010985,0.216278,-0.313320,0.768314,0.574527,0.412228,0.054378,0.110732,-0.045793,-0.316672,0.569238,-0.610707,0.207233,-0.156643
-4.756627,-2.563879,0.769957,0.021582,-0.032368,0.343180,-0.938464,-0.627778,0.239506,0.201851,0.976683,-0.114602,-0.007193,-0.155448,0.036135,-0.246896,0.419100,-0.397957,-0.022655,0.004314,0.079555,0.025790,0.044215,0.229521,-0.307190,0.803066,0.568810,0.425234,0.060317,0.085444,-0.059230,-0.305228,0.548322,-0.597382,0.169703,-0.158290
-4.738718,-2.577059,0.768047,0.020989,-0.039752,0.356531,-0.933201,-0.629282,0.223381,0.232621,0.768981,-0.098057,-0.016359,-0.138440,0.047547,-0.220863,0.418637,-0.425926,-0.016376,0.014571,0.081097,0.015853,0.079238,0.234433,-0.304652,0.829210,0.562383,0.436588,0.046365,0.058510,-0.073394,-0.273195,0.528955,-0.600077,0.135554,-0.148094
-4.720195,-2.590348,0.765543,0.019504,-0.047187,0.370504,-0.927426,-0.609296,0.201665,0.253148,0.531574,-0.064606,-0.033456,-0.116864,0.056450,-0.192197,0.409517,-0.450650,-0.006920,0.023221,0.083197,0.004284,0.126389,0.237634,-0.292264,0.841902,0.548387,0.437952,0.029167,0.038697,-0.092103,-0.232519,0.509318,-0.611551,0.105562,-0.135386
-4.700950,-2.603581,0.762633,0.018309,-0.053132,0.385636,-0.920938,-0.572969,0.181699,0.260594,0.310680,-0.019403,-0.071677,-0.090627,0.061888,-0.161223,0.399179,-0.475059,0.005502,0.030910,0.085006,-0.007321,0.185928,0.235805,-0.267139,0.847938,0.525039,0.431030,0.022366,0.031002,-0.106910,-0.194073,0.488650,-0.623962,0.082391,-0.114695
-4.681358,-2.616532,0.760128,0.016285,-0.055873,0.401492,-0.914012,-0.544175,0.170781,0.255540,0.202514,0.021378,-0.043890,-0.066018,0.059310,-0.128892,0.401611,-0.493670,0.019468,0.037393,0.085142,-0.016629,0.244415,0.217114,-0.240242,0.855525,0.499960,0.422639,0.025012,0.028421,-0.120703,-0.156612,0.473232,-0.635450,0.063369,-0.092874
-4.661370,-2.629044,0.758423,0.014966,-0.055040,0.415779,-0.907675,-0.542732,0.170721,0.256675,0.247642,0.076951,0.056962,-0.050429,0.048568,-0.101894,0.436119,-0.507976,0.035130,0.040872,0.082732,-0.021819,0.291820,0.192179,-0.226025,0.874950,0.484259,0.424956,0.023114,0.033314,-0.129079,-0.130138,0.466089,-0.638300,0.058841,-0.078465
-4.641278,-2.640730,0.760390,0.010004,-0.050647,0.425379,-0.903542,-0.537024,0.166926,0.273412,0.313376,0.083369,0.114151,-0.049833,0.022204,-0.083222,0.509007,-0.497011,0.050271,0.042130,0.076529,-0.022704,0.317526,0.160386,-0.231123,0.906429,0.481214,0.433147,0.008191,0.049840,-0.134047,-0.121688,0.465129,-0.633060,0.062089,-0.069382
-4.620926,-2.652281,0.762588,0.005389,-0.043168,0.431928,-0.900858,-0.524329,0.161717,0.292639,0.391188,0.015429,0.114798,-0.075910,-0.011304,-0.063537,0.635472,-0.438260,0.071275,0.042768,0.066240,-0.019500,0.321696,0.129152,-0.255374,0.948305,0.495928,0.450895,-0.012759,0.073710,-0.126735,-0.130268,0.482457,-0.623549,0.085090,-0.079426
-4.601272,-2.663972,0.764616,0.001355,-0.035162,0.438001,-0.898285,-0.502618,0.155646,0.311181,0.454691,-0.047891,0.108907,-0.130709,-0.037605,-0.030472,0.797164,-0.311599,0.091488,0.041870,0.054940,-0.013582,0.314912,0.107422,-0.296697,0.984040,0.524980,0.460482,-0.064572,0.106045,-0.103686,-0.153206,0.516930,-0.613103,0.121857,-0.097577
-4.583066,-2.675268,0.765452,-0.003126,-0.027600,0.445691,-0.894756,-0.471928,0.148216,0.334394,0.493031,-0.100021,0.107115,-0.204971,-0.053768,0.014351,0.965725,-0.168977,0.121358,0.039918,0.044413,-0.007222,0.306777,0.095469,-0.342883,0.994066,0.560194,0.456328,-0.130200,0.134076,-0.084889,-0.168887,0.563301,-0.616794,0.158486,-0.104105
-4.565656,-2.686761,0.768544,-0.008615,-0.020611,0.455811,-0.889796,-0.427732,0.136705,0.364526,0.499762,-0.139679,0.105472,-0.286631,-0.073740,0.050216,1.125266,-0.080311,0.117817,0.037047,0.033658,-0.001509,0.297283,0.089413,-0.363701,0.975027,0.577329,0.433867,-0.178006,0.149601,-0.084120,-0.161086,0.618719,-0.645979,0.202581,-0.075840
-4.549857,-2.698229,0.770062,-0.014367,-0.011787,0.464339,-0.885462,-0.378755,0.119077,0.392903,0.494311,-0.172316,0.104228,-0.362953,-0.116738,0.058463,1.251653,-0.078973,0.114155,0.033340,0.020930,0.004211,0.282192,0.087595,-0.356273,0.947685,0.578087,0.413157,-0.182630,0.160874,-0.092849,-0.143803,0.676073,-0.683139,0.238674,-0.024402
-4.535623,-2.710122,0.771307,-0.019289,-0.003513,0.467373,-0.883843,-0.332082,0.096730,0.409003,0.482906,-0.197050,0.101725,-0.430049,-0.170215,0.044467,1.330295,-0.104293,0.086415,0.026476,0.006622,0.009545,0.252965,0.087570,-0.320279,0.925101,0.564191,0.405140,-0.127847,0.174782,-0.097094,-0.136428,0.731397,-0.712168,0.267254,0.024143
-4.522692,-2.722643,0.772872,-0.021872,0.001010,0.462408,-0.886397,-0.291657,0.074020,0.406374,0.465287,-0.214796,0.096772,-0.481522,-0.222600,0.007602,1.351459,-0.111354,0.059553,0.016665,-0.006898,0.012725,0.209032,0.097512,-0.287313,0.917568,0.560434,0.400202,-0.045642,0.201935,-0.086158,-0.156881,0.771383,-0.712423,0.286359,0.051341
-4.510975,-2.735402,0.774244,-0.024287,0.003760,0.452690,-0.891329,-0.257014,0.050973,0.392503,0.447206,-0.229458,0.089983,-0.516686,-0.260867,-0.041542,1.320866,-0.122402,0.042724,0.004338,-0.018395,0.013850,0.149283,0.105640,-0.280724,0.916229,0.579085,0.413011,0.022909,0.230542,-0.063012,-0.186421,0.805163,-0.700945,0.306767,0.059310
-4.500264,-2.747980,0.775039,-0.026397,0.003239,0.440574,-0.897322,-0.235968,0.033043,0.370473,0.441038,-0.246833,0.083483,-0.542293,-0.277652,-0.093901,1.246649,-0.153667,0.039595,-0.009477,-0.027537,0.013673,0.078538,0.119172,-0.295016,0.914699,0.606936,0.421651,0.065434,0.267850,-0.050988,-0.220417,0.820037,-0.683980,0.312344,0.073412
-4.490331,-2.760300,0.775217,-0.028928,-0.000049,0.426532,-0.904010,-0.227457,0.018682,0.343159,0.445910,-0.267450,0.077640,-0.563325,-0.273517,-0.138081,1.139816,-0.180651,0.053154,-0.024060,-0.034057,0.012854,0.008272,0.137078,-0.320755,0.900576,0.634404,0.412526,0.077298,0.299138,-0.044271,-0.244558,0.827213,-0.678120,0.311512,0.084663
-4.480675,-2.772451,0.775184,-0.031583,-0.004504,0.412248,-0.910513,-0.221280,0.005767,0.314853,0.450800,-0.288282,0.072412,-0.577251,-0.249239,-0.164947,1.003164,-0.198111,0.054974,-0.038618,-0.038723,0.010865,-0.056973,0.157118,-0.342503,0.876366,0.649317,0.389833,0.072505,0.323358,-0.037869,-0.270723,0.827815,-0.669989,0.308927,0.090490
-4.471014,-2.784460,0.775398,-0.033231,-0.009577,0.398969,-0.916312,-0.209524,-0.004889,0.287381,0.445198,-0.305056,0.067004,-0.579944,-0.200264,-0.158123,0.834732,-0.195049,0.066491,-0.050886,-0.041910,0.007666,-0.114220,0.177901,-0.354752,0.845303,0.647760,0.357339,0.064183,0.340301,-0.032469,-0.289270,0.828973,-0.671256,0.312268,0.089565
-4.461350,-2.796280,0.775531,-0.034513,-0.014306,0.388420,-0.920725,-0.192262,-0.012972,0.264648,0.432708,-0.319181,0.061237,-0.566455,-0.137582,-0.109158,0.639396,-0.165372,0.123580,-0.060215,-0.043811,0.003419,-0.163134,0.196703,-0.359296,0.813730,0.635394,0.327002,0.065272,0.348854,-0.027316,-0.303732,0.831100,-0.677222,0.315646,0.071010
-4.451757,-2.807905,0.775023,-0.036348,-0.017873,0.379780,-0.924189,-0.173237,-0.020590,0.245842,0.421600,-0.334150,0.054987,-0.536105,-0.083279,-0.036682,0.441197,-0.106988,0.191957,-0.066495,-0.045655,-0.001714,-0.205876,0.215067,-0.368936,0.787500,0.628470,0.305872,0.072292,0.350965,-0.024393,-0.306091,0.836018,-0.688517,0.318541,0.057425
-4.442479,-2.819409,0.773527,-0.039389,-0.018696,0.372858,-0.926863,-0.152411,-0.029314,0.231980,0.416351,-0.352140,0.048101,-0.494969,-0.060436,-0.000405,0.286884,-0.045437,0.237842,-0.067535,-0.049381,-0.007045,-0.244368,0.230008,-0.383996,0.769285,0.626815,0.294608,0.077593,0.349798,-0.027101,-0.291604,0.839986,-0.708077,0.315816,0.056372
-4.433856,-2.830746,0.771105,-0.040786,-0.017107,0.366519,-0.929359,-0.134035,-0.033883,0.217547,0.425698,-0.370301,0.039367,-0.466882,-0.055445,-0.013285,0.243322,-0.003602,0.141763,-0.064192,-0.054441,-0.010689,-0.276913,0.241850,-0.400989,0.759509,0.631842,0.291833,0.084229,0.347897,-0.030673,-0.262623,0.839450,-0.731560,0.301949,0.064278
-4.426657,-2.842500,0.768715,-0.039105,-0.014961,0.359898,-0.932052,-0.125443,-0.027340,0.202965,0.458557,-0.386588,0.027569,-0.450138,-0.052766,-0.038556,0.266547,-0.007039,0.040915,-0.059349,-0.057912,-0.011043,-0.301143,0.245497,-0.407085,0.756942,0.632303,0.300296,0.093444,0.343656,-0.035640,-0.223101,0.834581,-0.757524,0.282207,0.072437
-4.420646,-2.854084,0.769067,-0.034866,-0.013493,0.352480,-0.935072,-0.132099,-0.008961,0.191470,0.518732,-0.387582,0.014897,-0.436310,-0.045331,-0.056655,0.288556,-0.014960,-0.013258,-0.055806,-0.057161,-0.008475,-0.311943,0.238177,-0.396174,0.754923,0.624338,0.313343,0.106497,0.333931,-0.041000,-0.184206,0.822780,-0.780559,0.263140,0.072695
-4.414708,-2.866145,0.771836,-0.031699,-0.011371,0.345223,-0.937916,-0.155365,0.011537,0.180586,0.610921,-0.360241,-0.000499,-0.425051,-0.041733,-0.070130,0.323411,-0.047900,-0.021934,-0.052879,-0.052798,-0.003897,-0.305504,0.216768,-0.369744,0.751908,0.605108,0.331313,0.129665,0.322851,-0.047096,-0.159084,0.799886,-0.792071,0.250635,0.063359
-4.409429,-2.877732,0.773109,-0.027031,-0.010578,0.337771,-0.940781,-0.199774,0.035483,0.160592,0.726195,-0.301913,-0.012353,-0.413740,-0.036036,-0.088350,0.353290,-0.079854,-0.029432,-0.049928,-0.046456,0.001354,-0.286605,0.193756,-0.346263,0.745686,0.584807,0.335162,0.151987,0.310631,-0.046939,-0.149245,0.768059,-0.785666,0.236228,0.051228
-4.404872,-2.888666,0.773019,-0.020350,-0.011017,0.328772,-0.944126,-0.263895,0.058879,0.124826,0.858866,-0.219521,-0.036992,-0.400745,-0.028007,-0.114203,0.374713,-0.110391,-0.036845,-0.047588,-0.038456,0.006656,-0.262256,0.179393,-0.344981,0.742163,0.572684,0.334180,0.155684,0.299140,-0.041876,-0.147741,0.730747,-0.768057,0.217045,0.037953
-4.400925,-2.899052,0.771428,-0.012115,-0.012573,0.316511,-0.948428,-0.340846,0.083672,0.083158,1.000330,-0.136371,-0.088962,-0.385185,-0.018348,-0.146127,0.386542,-0.139774,-0.044480,-0.047127,-0.027928,0.012216,-0.239814,0.178455,-0.373318,0.739815,0.574130,0.321965,0.135380,0.288426,-0.035776,-0.148102,0.688912,-0.743725,0.197453,0.026642
-4.396895,-2.908856,0.771690,-0.002490,-0.013039,0.303167,-0.952845,-0.415049,0.110808,0.046942,1.131578,-0.086769,-0.124472,-0.359688,-0.006682,-0.180520,0.383781,-0.161378,-0.050945,-0.047838,-0.013906,0.018169,-0.218851,0.190004,-0.428017,0.746028,0.594437,0.300556,0.086599,0.276870,-0.031720,-0.148826,0.647205,-0.716661,0.176552,0.003984
-4.392763,-2.917219,0.770684,0.009434,-0.013021,0.291815,-0.956340,-0.474805,0.155052,0.028847,1.229476,-0.092745,-0.156423,-0.333495,0.010090,-0.211762,0.377873,-0.176784,-0.054662,-0.047790,0.003386,0.023905,-0.195396,0.204074,-0.472564,0.760829,0.610400,0.285193,0.032289,0.262263,-0.029411,-0.148108,0.616215,-0.692186,0.156967,-0.021707
-4.388458,-2.924221,0.769804,0.018382,-0.014049,0.286645,-0.957757,-0.516872,0.213366,0.040451,1.274854,-0.142021,-0.138859,-0.314799,0.026893,-0.230620,0.372633,-0.188330,-0.056669,-0.045199,0.022110,0.027154,-0.165738,0.207661,-0.491759,0.788799,0.615106,0.292012,-0.003049,0.240099,-0.029485,-0.155699,0.596223,-0.667613,0.152722,-0.050717
-4.384013,-2.930061,0.769721,0.022154,-0.015110,0.286611,-0.957672,-0.538228,0.255413,0.069511,1.261877,-0.183609,-0.099362,-0.300897,0.038459,-0.235842,0.366352,-0.196527,-0.057200,-0.039291,0.037519,0.027644,-0.126105,0.196531,-0.480242,0.823660,0.604043,0.324593,-0.006304,0.209127,-0.032213,-0.166720,0.582986,-0.653278,0.167294,-0.076091
-4.379540,-2.934793,0.770044,0.022497,-0.017264,0.289209,-0.956846,-0.546470,0.256255,0.088026,1.201452,-0.217058,-0.080484,-0.296783,0.044605,-0.232952,0.368909,-0.206100,-0.056913,-0.031852,0.048148,0.026742,-0.091457,0.180477,-0.452836,0.872058,0.583179,0.363879,0.019816,0.192768,-0.032922,-0.181060,0.570062,-0.643891,0.172849,-0.096005
-4.375100,-2.938636,0.770667,0.020688,-0.020374,0.292487,-0.955829,-0.544042,0.220524,0.086396,1.099898,-0.243346,-0.095481,-0.298940,0.046118,-0.226888,0.376375,-0.215439,-0.056233,-0.025029,0.054252,0.025195,-0.055155,0.168042,-0.423446,0.916927,0.562702,0.403437,0.053927,0.179205,-0.033136,-0.187351,0.554691,-0.641586,0.176661,-0.113038
-4.370756,-2.941945,0.771367,0.017716,-0.023073,0.296423,-0.954614,-0.526481,0.159816,0.061495,0.962538,-0.250199,-0.122933,-0.301354,0.045158,-0.218239,0.383972,-0.225533,-0.054343,-0.020002,0.057058,0.022909,-0.013172,0.163400,-0.395069,0.948422,0.537653,0.430768,0.071139,0.175429,-0.039441,-0.182321,0.544288,-0.641475,0.157949,-0.115249
-4.367116,-2.945098,0.771549,0.012917,-0.025484,0.302464,-0.952732,-0.487673,0.105995,0.045339,0.795043,-0.216268,-0.089135,-0.298939,0.045328,-0.204765,0.376635,-0.229858,-0.053375,-0.017699,0.057654,0.018749,0.026908,0.159479,-0.378340,0.970654,0.517003,0.449822,0.064703,0.171461,-0.051092,-0.161059,0.534917,-0.646319,0.132659,-0.104952
-4.364854,-2.947337,0.773478,0.008541,-0.028345,0.309115,-0.950564,-0.436479,0.118237,0.117012,0.684072,-0.224528,-0.010770,-0.296032,0.048542,-0.189336,0.361976,-0.227506,-0.053711,-0.020070,0.058201,0.013905,0.072870,0.166795,-0.374733,0.978531,0.507944,0.448764,0.040407,0.167805,-0.072141,-0.127721,0.530107,-0.655991,0.110761,-0.078620
-4.363111,-2.949068,0.773439,0.006977,-0.032104,0.319870,-0.946892,-0.390480,0.129877,0.169158,0.604209,-0.264377,0.032104,-0.300522,0.059415,-0.169373,0.356955,-0.224201,-0.054299,-0.020787,0.058613,0.010568,0.121986,0.178342,-0.369131,0.973889,0.500761,0.440209,0.015380,0.160664,-0.087872,-0.101120,0.531675,-0.662213,0.095916,-0.049821
-4.362474,-2.950379,0.775652,0.002241,-0.035901,0.331058,-0.942924,-0.359734,0.128873,0.195360,0.536150,-0.256561,0.042237,-0.305586,0.065797,-0.147048,0.346664,-0.213611,-0.054356,-0.019868,0.057326,0.009313,0.168238,0.183629,-0.358449,0.964114,0.490305,0.425396,0.003938,0.155887,-0.094420,-0.101351,0.532519,-0.661795,0.091116,-0.021544
-4.362892,-2.951007,0.777346,-0.001004,-0.039899,0.339504,-0.939757,-0.346306,0.130101,0.211220,0.494067,-0.239345,0.043010,-0.318110,0.071244,-0.131234,0.350434,-0.206869,-0.052504,-0.018591,0.052495,0.010917,0.200823,0.184947,-0.356007,0.959675,0.488368,0.421222,0.001690,0.159459,-0.086666,-0.119483,0.532815,-0.661767,0.096822,-0.015857
-4.364301,-2.951288,0.778620,-0.004325,-0.043032,0.346956,-0.936884,-0.338170,0.133334,0.227508,0.462734,-0.219436,0.037862,-0.332536,0.075420,-0.117835,0.357777,-0.199397,-0.048438,-0.017722,0.044485,0.014378,0.221605,0.185074,-0.365227,0.958389,0.496205,0.420381,-0.006168,0.170124,-0.068572,-0.144780,0.532768,-0.667806,0.111737,-0.038560
-4.366496,-2.951132,0.779284,-0.007970,-0.046692,0.357429,-0.932738,-0.334975,0.141187,0.249479,0.440758,-0.205111,0.031613,-0.350982,0.083032,-0.098428,0.365937,-0.190727,-0.041699,-0.018197,0.035315,0.018761,0.231540,0.185702,-0.378537,0.953540,0.510393,0.424501,-0.018676,0.178059,-0.051195,-0.152248,0.536518,-0.680333,0.121547,-0.064149
-4.369313,-2.950305,0.779172,-0.011027,-0.050364,0.370523,-0.927391,-0.336536,0.153286,0.274316,0.429624,-0.198978,0.025634,-0.373379,0.094971,-0.072045,0.379082,-0.184374,-0.029514,-0.018863,0.026742,0.023337,0.237372,0.188110,-0.383329,0.942908,0.518762,0.426105,-0.036854,0.184102,-0.043865,-0.144273,0.543250,-0.695332,0.124167,-0.066485
-4.372628,-2.949050,0.778412,-0.013791,-0.054121,0.385383,-0.921065,-0.341206,0.168559,0.301198,0.424904,-0.196891,0.020327,-0.400963,0.109742,-0.041760,0.401565,-0.187004,-0.004898,-0.018495,0.018353,0.028172,0.237312,0.190112,-0.379969,0.928215,0.523689,0.424045,-0.043946,0.185570,-0.050023,-0.123906,0.555201,-0.715957,0.123843,-0.039215
-4.376198,-2.947624,0.777423,-0.016921,-0.056764,0.401732,-0.913840,-0.345146,0.184939,0.331187,0.424272,-0.196897,0.014981,-0.432373,0.124910,-0.005741,0.436647,-0.207451,0.053775,-0.017440,0.009429,0.033196,0.231239,0.188944,-0.368680,0.916229,0.524507,0.420865,-0.034239,0.182936,-0.065384,-0.103147,0.567602,-0.736508,0.122853,0.006261
-4.380182,-2.946191,0.779230,-0.020372,-0.058505,0.419327,-0.905719,-0.346042,0.201260,0.363117,0.424175,-0.194918,0.009077,-0.469916,0.139997,0.029487,0.478520,-0.234926,0.151957,-0.015137,0.000207,0.037697,0.215569,0.185035,-0.359688,0.912189,0.528454,0.424911,-0.018404,0.178577,-0.083578,-0.089055,0.576828,-0.755330,0.124586,0.051076
-4.384918,-2.945664,0.781131,-0.024658,-0.057971,0.437794,-0.896865,-0.346549,0.218103,0.395076,0.433388,-0.196104,0.001520,-0.506506,0.163819,0.063574,0.534312,-0.263293,0.243480,-0.009797,-0.008763,0.040903,0.191395,0.178648,-0.355694,0.915995,0.540952,0.424161,0.000878,0.176178,-0.102983,-0.086068,0.581728,-0.770622,0.133229,0.079719
-4.390482,-2.945878,0.780245,-0.029211,-0.055552,0.458180,-0.886641,-0.345620,0.239160,0.430599,0.450110,-0.200552,-0.007958,-0.536871,0.220201,0.091968,0.599935,-0.285398,0.247666,0.001152,-0.017163,0.042344,0.163385,0.176750,-0.357898,0.915741,0.549881,0.426527,0.013955,0.172071,-0.118568,-0.089291,0.584842,-0.783549,0.146640,0.087944
-4.396910,-2.946804,0.779136,-0.031377,-0.052616,0.477162,-0.876677,-0.338452,0.263745,0.464572,0.460123,-0.199967,-0.018694,-0.568051,0.233645,0.098275,0.679461,-0.284745,0.247837,0.014167,-0.022970,0.042239,0.132758,0.180337,-0.359745,0.910085,0.557310,0.426196,0.024057,0.169881,-0.128686,-0.097027,0.589061,-0.791056,0.157287,0.083699
-4.404563,-2.948475,0.778067,-0.032465,-0.049254,0.491602,-0.868819,-0.329505,0.286400,0.489844,0.464314,-0.193209,-0.030418,-0.604458,0.156494,0.048040,0.776654,-0.290571,0.247813,0.023445,-0.027627,0.041162,0.102129,0.189426,-0.360244,0.894842,0.566556,0.424224,0.036869,0.169357,-0.130376,-0.111225,0.593196,-0.788043,0.164439,0.072141
-4.413548,-2.951134,0.776630,-0.033073,-0.045647,0.496276,-0.866333,-0.325571,0.302296,0.495782,0.466743,-0.182955,-0.042980,-0.626459,0.043664,0.013417,0.867872,-0.317406,0.247096,0.020987,-0.030391,0.038949,0.071688,0.200865,-0.354038,0.870677,0.570762,0.417791,0.050387,0.171464,-0.127345,-0.129809,0.597247,-0.775338,0.169578,0.062168
-4.423927,-2.954690,0.774576,-0.033641,-0.041824,0.493117,-0.868306,-0.328422,0.312635,0.484122,0.470115,-0.170610,-0.056072,-0.630641,-0.049633,0.012118,0.937943,-0.351494,0.230187,0.009617,-0.031891,0.036406,0.042548,0.218439,-0.341581,0.842236,0.570044,0.399293,0.066044,0.178210,-0.124388,-0.146794,0.598423,-0.760482,0.175317,0.058316
-4.435522,-2.958954,0.771939,-0.034690,-0.037707,0.485547,-0.872708,-0.335634,0.318651,0.462369,0.473137,-0.156319,-0.070106,-0.621533,-0.109265,0.028917,0.983731,-0.391376,0.169971,-0.003366,-0.033098,0.033522,0.008384,0.228982,-0.332784,0.813012,0.571500,0.379928,0.081242,0.182130,-0.117158,-0.159050,0.599640,-0.747609,0.187754,0.052521
-4.448210,-2.963877,0.768877,-0.036070,-0.033643,0.475734,-0.878205,-0.344881,0.322276,0.435427,0.473489,-0.139693,-0.085501,-0.598383,-0.146309,0.066375,1.002868,-0.425262,0.137250,-0.015283,-0.033578,0.029891,-0.018957,0.236964,-0.320309,0.774194,0.569030,0.363315,0.090501,0.183094,-0.110403,-0.165794,0.608347,-0.739940,0.198153,0.046714
-4.462101,-2.969517,0.765325,-0.037622,-0.029862,0.463445,-0.884823,-0.357460,0.324646,0.402762,0.472364,-0.121154,-0.102525,-0.561623,-0.157950,0.123931,0.997580,-0.434777,0.138551,-0.024414,-0.034274,0.025846,-0.052495,0.240342,-0.308018,0.741738,0.562866,0.345751,0.101186,0.195106,-0.112992,-0.174410,0.612610,-0.734348,0.199022,0.051438
-4.477183,-2.975656,0.761371,-0.038789,-0.027483,0.450071,-0.891726,-0.372040,0.327266,0.366734,0.464395,-0.098666,-0.120395,-0.509478,-0.153927,0.185428,0.959947,-0.394752,0.179386,-0.029541,-0.034743,0.021113,-0.083844,0.244773,-0.302239,0.709854,0.563847,0.328760,0.109260,0.203877,-0.110877,-0.178375,0.619096,-0.732863,0.203508,0.055465
-4.493767,-2.982240,0.755777,-0.039421,-0.026018,0.436323,-0.898550,-0.388959,0.332136,0.328046,0.451444,-0.071288,-0.140378,-0.440152,-0.129135,0.244268,0.882303,-0.378977,0.242885,-0.030882,-0.034751,0.016678,-0.113262,0.249197,-0.298246,0.680835,0.568138,0.316215,0.115805,0.210639,-0.103880,-0.180008,0.626820,-0.733221,0.208622,0.057485
-4.511594,-2.989229,0.751316,-0.038618,-0.025388,0.422253,-0.905299,-0.409219,0.340575,0.285632,0.438256,-0.039884,-0.162411,-0.373194,-0.100382,0.284579,0.792394,-0.488155,0.229079,-0.029471,-0.034069,0.013961,-0.140058,0.254230,-0.294650,0.655478,0.572722,0.306820,0.117053,0.212443,-0.092301,-0.178937,0.639079,-0.733814,0.212002,0.059600
-4.531138,-2.996860,0.746533,-0.036334,-0.025510,0.410999,-0.910554,-0.431872,0.356745,0.243441,0.426787,-0.007208,-0.180230,-0.333883,-0.092520,0.229247,0.726420,-0.580015,0.180614,-0.023174,-0.032897,0.014171,-0.159187,0.258585,-0.280002,0.628966,0.571997,0.304313,0.120761,0.206607,-0.078954,-0.170128,0.657709,-0.738961,0.213877,0.060102
-4.551441,-3.004494,0.743942,-0.026023,-0.028501,0.400193,-0.915618,-0.455538,0.388292,0.197227,0.410456,0.026770,-0.184050,-0.334014,-0.050803,0.176987,0.724358,-0.587811,0.134268,-0.021356,-0.026191,0.019671,-0.163354,0.267937,-0.255929,0.599025,0.573225,0.305423,0.128411,0.189130,-0.060218,-0.146504,0.681850,-0.748209,0.216122,0.061524
-4.571879,-3.011364,0.741166,-0.012564,-0.032353,0.391878,-0.919362,-0.489000,0.434211,0.169916,0.413583,0.043033,-0.112614,-0.353774,0.005339,0.137340,0.747283,-0.572237,0.095032,-0.021844,-0.009576,0.029174,-0.148180,0.268286,-0.220208,0.565342,0.566672,0.312805,0.147928,0.164052,-0.046856,-0.116000,0.707170,-0.760921,0.218584,0.062493
-4.591244,-3.017815,0.743618,-0.001733,-0.035043,0.383866,-0.922722,-0.508454,0.497637,0.223186,0.408786,0.007629,0.019642,-0.364589,0.047551,0.099689,0.749309,-0.559785,0.064233,-0.026147,0.013723,0.036067,-0.114428,0.250875,-0.194994,0.537329,0.560771,0.311169,0.176169,0.140698,-0.048919,-0.087870,0.729344,-0.778632,0.222357,0.065415
-4.608943,-3.023613,0.745274,0.007905,-0.037101,0.371347,-0.927719,-0.487060,0.565393,0.361633,0.384458,-0.079608,0.120080,-0.362092,0.076794,0.058059,0.725945,-0.539293,0.038533,-0.033813,0.037894,0.038511,-0.080796,0.225650,-0.195734,0.542052,0.557603,0.308776,0.194753,0.129423,-0.052520,-0.079060,0.740002,-0.783665,0.225832,0.055069
-4.625435,-3.028987,0.747910,0.016639,-0.037292,0.357073,-0.933184,-0.447817,0.615507,0.496805,0.367249,-0.148111,0.128672,-0.350540,0.099654,0.017233,0.688861,-0.509022,0.014632,-0.038128,0.057040,0.038264,-0.058770,0.210398,-0.230315,0.589405,0.565750,0.311135,0.180514,0.133075,-0.049932,-0.091473,0.746183,-0.773974,0.230485,0.037844
-4.640998,-3.033992,0.752365,0.017847,-0.034159,0.346646,-0.937204,-0.422053,0.618397,0.516038,0.403629,-0.156505,0.070731,-0.332905,0.110499,-0.007867,0.641022,-0.472499,-0.007760,-0.033128,0.065817,0.036527,-0.046831,0.202183,-0.289841,0.673052,0.589948,0.319271,0.120436,0.146615,-0.043673,-0.121764,0.745716,-0.752006,0.236677,0.007324
-4.655690,-3.038239,0.757577,0.013979,-0.029185,0.339013,-0.940225,-0.413809,0.579135,0.432001,0.482320,-0.169410,0.066679,-0.314594,0.111265,-0.022483,0.592471,-0.435275,-0.027786,-0.022244,0.066221,0.034288,-0.042254,0.192628,-0.348911,0.774780,0.618044,0.341395,0.041942,0.164483,-0.040140,-0.144994,0.741707,-0.732155,0.236899,-0.021268
-4.670113,-3.041866,0.762363,0.009520,-0.024866,0.327050,-0.944632,-0.407922,0.538616,0.377330,0.591206,-0.180911,0.043552,-0.299760,0.106053,-0.042971,0.547568,-0.400386,-0.045688,-0.015673,0.064139,0.030897,-0.033904,0.175864,-0.377336,0.866474,0.628019,0.379800,-0.005698,0.177052,-0.039741,-0.153790,0.735257,-0.716173,0.239182,-0.024132
-4.684924,-3.045325,0.766067,0.004332,-0.020834,0.312840,-0.949567,-0.403563,0.499393,0.342103,0.723242,-0.192470,0.030799,-0.291066,0.097712,-0.068098,0.510647,-0.370280,-0.062054,-0.011120,0.060842,0.027350,-0.026134,0.156512,-0.381586,0.946020,0.620183,0.413189,0.002718,0.206060,-0.050444,-0.150358,0.726056,-0.708403,0.221605,-0.016224
-4.700276,-3.048885,0.768106,0.000033,-0.018232,0.299101,-0.954047,-0.391682,0.471923,0.337631,0.862762,-0.211451,0.013720,-0.291823,0.092487,-0.094936,0.484737,-0.345151,-0.078507,-0.008151,0.058218,0.023299,-0.004592,0.140163,-0.349747,0.995857,0.580802,0.434999,0.038975,0.229076,-0.067426,-0.134728,0.714226,-0.710339,0.207414,0.002895
-4.716148,-3.052869,0.768623,-0.002757,-0.016536,0.285782,-0.958148,-0.364803,0.462869,0.372853,0.996349,-0.229074,0.005363,-0.297488,0.091838,-0.122950,0.464782,-0.322926,-0.095899,-0.006671,0.057706,0.018288,0.029805,0.133681,-0.304198,1.010506,0.526367,0.435959,0.072546,0.249561,-0.086052,-0.117373,0.698924,-0.714755,0.194941,0.017048
-4.732435,-3.057395,0.768110,-0.004062,-0.015470,0.273327,-0.961788,-0.321704,0.458526,0.423988,1.110536,-0.237738,-0.015530,-0.303842,0.096006,-0.151182,0.444135,-0.300150,-0.114575,-0.005799,0.059356,0.012400,0.071177,0.145361,-0.301926,1.000894,0.509774,0.421241,0.082261,0.267912,-0.102739,-0.106216,0.686434,-0.714248,0.184985,0.025143
-4.749102,-3.062342,0.766816,-0.003502,-0.014055,0.261157,-0.965188,-0.274412,0.433001,0.455638,1.195692,-0.232895,-0.070929,-0.309168,0.104079,-0.180570,0.423745,-0.277216,-0.134557,-0.004991,0.061033,0.006304,0.114279,0.168647,-0.323292,0.977157,0.514780,0.393459,0.069302,0.285148,-0.111303,-0.108914,0.679753,-0.704259,0.183069,0.022328
-4.766297,-3.067585,0.765126,-0.002416,-0.012230,0.246330,-0.969106,-0.232625,0.371926,0.455406,1.238189,-0.220184,-0.166177,-0.313446,0.111069,-0.214146,0.401937,-0.253651,-0.155971,-0.006099,0.060883,0.000263,0.154736,0.197175,-0.344116,0.947210,0.520793,0.367178,0.047182,0.305458,-0.112470,-0.129365,0.680347,-0.689258,0.181688,0.008534
-4.784223,-3.072929,0.763227,-0.001581,-0.010475,0.227202,-0.973790,-0.202589,0.274595,0.422984,1.237715,-0.208588,-0.239976,-0.319187,0.113671,-0.254248,0.379538,-0.229549,-0.178947,-0.012167,0.057679,-0.005178,0.179770,0.226521,-0.374193,0.925952,0.537610,0.350812,0.025202,0.321650,-0.101466,-0.161719,0.682322,-0.673399,0.191325,-0.006484
-4.803137,-3.078306,0.761405,-0.002053,-0.009931,0.201377,-0.979461,-0.177455,0.163980,0.400641,1.196870,-0.182169,-0.247496,-0.327931,0.108363,-0.304155,0.352785,-0.203242,-0.201639,-0.028155,0.050581,-0.010660,0.189141,0.251596,-0.403914,0.911750,0.554167,0.348132,0.001647,0.331193,-0.077851,-0.201643,0.680917,-0.656394,0.207226,-0.028462
-4.823142,-3.083522,0.759802,-0.004121,-0.010846,0.172494,-0.984942,-0.146995,0.059423,0.360463,1.114838,-0.130166,-0.247642,-0.340356,0.097025,-0.358444,0.321330,-0.172129,-0.223033,-0.047679,0.040495,-0.016127,0.175653,0.267266,-0.430965,0.912975,0.567951,0.360021,-0.019201,0.335924,-0.048609,-0.238043,0.668188,-0.640082,0.227051,-0.045141
-4.844009,-3.088276,0.758424,-0.006738,-0.012887,0.146311,-0.989132,-0.105404,-0.010819,0.283706,0.996373,-0.080435,-0.243377,-0.355642,0.084943,-0.408378,0.287844,-0.136648,-0.239836,-0.061659,0.030564,-0.021070,0.147952,0.276435,-0.464734,0.922404,0.587493,0.374099,-0.036174,0.342765,-0.023209,-0.269907,0.656035,-0.625265,0.241693,-0.052873
-4.866022,-3.092085,0.756604,-0.008361,-0.016481,0.122004,-0.992358,-0.059724,-0.034909,0.235060,0.860831,-0.155367,-0.148532,-0.376836,0.072016,-0.453495,0.256459,-0.098129,-0.247098,-0.072441,0.023500,-0.024428,0.106625,0.276647,-0.496200,0.941818,0.601360,0.388213,-0.049334,0.353561,-0.009045,-0.284940,0.649935,-0.621240,0.238131,-0.048860
-4.889459,-3.094759,0.752336,-0.008895,-0.020980,0.097308,-0.994993,-0.029935,-0.043210,0.223769,0.760199,-0.339114,-0.038139,-0.406455,0.056858,-0.495939,0.230114,-0.058788,-0.247676,-0.082792,0.018610,-0.023987,0.059775,0.270115,-0.521605,0.958794,0.609738,0.402181,-0.057746,0.354015,-0.001492,-0.280774,0.647440,-0.630195,0.229887,-0.029035
-4.914378,-3.096446,0.746103,-0.011262,-0.025563,0.073188,-0.996927,-0.023210,-0.052365,0.222570,0.679602,-0.490708,0.044406,-0.444538,0.037172,-0.525811,0.209981,-0.015645,-0.247352,-0.091433,0.014334,-0.018492,0.008265,0.254247,-0.544478,0.969246,0.615301,0.408957,-0.056112,0.348705,-0.002560,-0.271083,0.643462,-0.648012,0.223301,-0.004662
-4.940290,-3.097338,0.740005,-0.016128,-0.029206,0.050881,-0.998147,-0.040896,-0.075325,0.203852,0.624104,-0.591171,0.090382,-0.492014,0.012749,-0.536852,0.205511,0.021956,-0.238011,-0.094873,0.009172,-0.007828,-0.043368,0.228063,-0.559826,0.972823,0.613102,0.407280,-0.042339,0.342090,-0.010011,-0.258444,0.633863,-0.674411,0.217271,0.011727
-4.965833,-3.097664,0.739152,-0.022866,-0.030578,0.031291,-0.998781,-0.082378,-0.100800,0.176830,0.612556,-0.620125,0.121549,-0.550229,-0.022051,-0.503952,0.222247,0.043237,-0.091484,-0.094688,0.002000,0.006903,-0.084568,0.198142,-0.570279,0.965970,0.609399,0.403232,-0.020089,0.328583,-0.016279,-0.242669,0.622227,-0.698737,0.223755,0.019865
-4.990033,-3.098809,0.739284,-0.032000,-0.026300,0.016867,-0.998999,-0.128710,-0.118256,0.163452,0.642708,-0.603527,0.119959,-0.598419,-0.051147,-0.391877,0.272017,0.039028,0.225344,-0.093596,-0.009428,0.025156,-0.109927,0.167278,-0.573461,0.954763,0.598526,0.394094,0.004697,0.326192,-0.030829,-0.221132,0.618295,-0.716827,0.222467,0.020411
-5.013270,-3.100963,0.740054,-0.039494,-0.017786,0.012768,-0.998980,-0.163983,-0.122747,0.167063,0.673299,-0.575027,0.106839,-0.646721,0.012448,-0.208400,0.353103,0.015505,0.246905,-0.083952,-0.023160,0.044848,-0.111475,0.143159,-0.565657,0.935028,0.581380,0.377835,0.033109,0.328992,-0.050753,-0.187931,0.630226,-0.734173,0.220086,0.019219
-5.035519,-3.103130,0.742465,-0.045306,-0.009501,0.017087,-0.998782,-0.180039,-0.124416,0.181537,0.668171,-0.541559,0.100286,-0.659819,0.062155,-0.022615,0.464029,-0.046583,0.247808,-0.067627,-0.032052,0.061237,-0.095021,0.121206,-0.553426,0.909031,0.563859,0.355443,0.056342,0.336916,-0.083055,-0.148592,0.643616,-0.755973,0.210545,0.031244
-5.057791,-3.105800,0.745930,-0.051574,-0.003528,0.027526,-0.998284,-0.190451,-0.125867,0.204010,0.640482,-0.501757,0.103940,-0.669538,0.055204,0.038514,0.601616,-0.098412,0.247844,-0.044847,-0.040951,0.073780,-0.064386,0.103598,-0.538406,0.871228,0.549920,0.324369,0.068858,0.332261,-0.114920,-0.110808,0.658389,-0.774843,0.211108,0.058526
-5.080741,-3.109803,0.749847,-0.054743,-0.000286,0.037390,-0.997800,-0.208570,-0.116680,0.222031,0.614594,-0.457318,0.102285,-0.680390,-0.018443,-0.005572,0.742177,-0.141020,0.247785,-0.026006,-0.051002,0.083133,-0.029207,0.095119,-0.520469,0.833447,0.544257,0.291960,0.072108,0.318364,-0.138965,-0.083027,0.668891,-0.783252,0.216332,0.087295
-5.103907,-3.114818,0.753684,-0.053470,0.000871,0.040169,-0.997761,-0.233051,-0.099634,0.225246,0.594013,-0.413602,0.093038,-0.672987,-0.133105,-0.074792,0.867604,-0.178863,0.246256,-0.019961,-0.059491,0.087942,0.009710,0.089685,-0.488634,0.801085,0.534300,0.264401,0.067723,0.302405,-0.152336,-0.067644,0.674012,-0.782435,0.222551,0.103631
-5.126877,-3.120186,0.756690,-0.051311,0.001895,0.038330,-0.997945,-0.256742,-0.083996,0.220205,0.573317,-0.371195,0.081032,-0.646664,-0.232820,-0.120234,0.982489,-0.214323,0.210397,-0.025631,-0.066392,0.089619,0.047330,0.084092,-0.448903,0.782184,0.526508,0.256785,0.058479,0.288994,-0.157675,-0.063094,0.672853,-0.776320,0.229140,0.106238
-5.149552,-3.125549,0.758286,-0.051036,0.002718,0.035729,-0.998054,-0.280698,-0.073571,0.214683,0.553912,-0.329362,0.068749,-0.617583,-0.284803,-0.118193,1.092235,-0.251633,0.163494,-0.035784,-0.072227,0.088922,0.077235,0.071819,-0.401487,0.779297,0.516720,0.266295,0.050457,0.276075,-0.161073,-0.067011,0.662828,-0.769347,0.235241,0.087313
-5.172056,-3.130889,0.758707,-0.051644,0.003307,0.035060,-0.998044,-0.304862,-0.063383,0.212855,0.535735,-0.288230,0.055646,-0.582822,-0.294429,-0.076280,1.185146,-0.294081,0.155713,-0.044183,-0.077593,0.085711,0.096559,0.056065,-0.343867,0.791255,0.501561,0.287855,0.063487,0.264040,-0.164144,-0.067463,0.649944,-0.764488,0.236176,0.060386
-5.194505,-3.136283,0.758323,-0.052027,0.003013,0.037299,-0.997944,-0.330922,-0.049304,0.215753,0.519200,-0.247781,0.040627,-0.533888,-0.287413,-0.031144,1.245907,-0.332892,0.173792,-0.046277,-0.082879,0.079752,0.107096,0.041486,-0.278724,0.813788,0.477585,0.320731,0.101201,0.247419,-0.160433,-0.064174,0.647441,-0.757167,0.232383,0.027607
-5.216784,-3.141780,0.757343,-0.052307,0.001814,0.043151,-0.997697,-0.357667,-0.030388,0.224543,0.503320,-0.208665,0.022386,-0.469171,-0.286503,-0.005254,1.263812,-0.366880,0.177207,-0.042598,-0.087298,0.071558,0.096729,0.034201,-0.221710,0.859859,0.454311,0.355309,0.142384,0.239120,-0.162537,-0.057756,0.630237,-0.746408,0.222304,0.013925
-5.238795,-3.147382,0.755949,-0.052682,0.000245,0.051027,-0.997307,-0.384618,-0.009279,0.235702,0.488897,-0.168754,0.008988,-0.392079,-0.294681,-0.000882,1.239021,-0.390930,0.176012,-0.034799,-0.090400,0.061986,0.080191,0.041822,-0.202531,0.912511,0.459712,0.402417,0.160194,0.228056,-0.163079,-0.044627,0.617703,-0.739194,0.215056,0.010659
-5.260650,-3.153202,0.754486,-0.053029,-0.001561,0.059645,-0.996809,-0.410392,0.012511,0.246443,0.472702,-0.126751,-0.001488,-0.307812,-0.300050,-0.003961,1.170585,-0.373859,0.195104,-0.025451,-0.092129,0.052107,0.066144,0.064004,-0.222618,0.954647,0.487154,0.434881,0.130501,0.213508,-0.168806,-0.031130,0.605304,-0.733614,0.203939,0.021806
-5.282492,-3.159531,0.753289,-0.052370,-0.002824,0.068704,-0.996258,-0.432887,0.036850,0.254719,0.454838,-0.084503,-0.013814,-0.218622,-0.289474,-0.002886,1.059613,-0.317464,0.225460,-0.016038,-0.092198,0.043246,0.053822,0.091933,-0.265668,0.977325,0.527709,0.451145,0.071366,0.193347,-0.167816,-0.014855,0.596936,-0.729547,0.192737,0.035466
-5.304989,-3.166920,0.751285,-0.051785,-0.004117,0.079438,-0.995485,-0.458090,0.067321,0.263619,0.443814,-0.044143,-0.033722,-0.136811,-0.248829,0.028710,0.906816,-0.400194,0.218776,-0.008279,-0.090238,0.036575,0.052580,0.127807,-0.295129,0.976311,0.557386,0.440860,0.011571,0.169295,-0.165278,0.005838,0.587654,-0.730741,0.183212,0.048333
-5.327840,-3.175311,0.748255,-0.047182,-0.005531,0.093422,-0.994493,-0.477649,0.110637,0.272104,0.423658,-0.003784,-0.059365,-0.078981,-0.208516,0.038255,0.752865,-0.552021,0.174389,0.000100,-0.085094,0.032472,0.061766,0.165743,-0.285816,0.953304,0.560269,0.424347,-0.015664,0.140792,-0.154689,0.030529,0.579911,-0.733880,0.170269,0.049230
-5.351997,-3.185335,0.744916,-0.038981,-0.007827,0.109829,-0.993155,-0.496345,0.169403,0.280775,0.399900,0.026271,-0.107561,-0.055895,-0.169602,0.002555,0.640002,-0.650427,0.125998,0.007899,-0.076505,0.031876,0.077792,0.199524,-0.243471,0.919503,0.544468,0.413517,0.004734,0.110702,-0.133148,0.051995,0.578118,-0.733223,0.158577,0.037334
-5.376601,-3.196481,0.747526,-0.022210,-0.010767,0.123455,-0.992043,-0.514294,0.244094,0.281234,0.362273,0.028865,-0.148683,-0.073653,-0.093698,0.001259,0.598236,-0.654507,0.071762,0.007533,-0.061451,0.034295,0.092173,0.225916,-0.183417,0.891991,0.523923,0.409957,0.057622,0.084327,-0.101230,0.072078,0.585711,-0.731479,0.143035,0.018761
-5.401501,-3.206648,0.750292,-0.003297,-0.013325,0.130676,-0.991330,-0.534991,0.316888,0.291396,0.338573,-0.040779,-0.119706,-0.114729,-0.014902,0.005404,0.604785,-0.624589,0.035195,0.001973,-0.036090,0.039254,0.111467,0.245322,-0.151126,0.864274,0.513785,0.410551,0.112812,0.068707,-0.073827,0.080399,0.598103,-0.727231,0.134751,0.004242
-5.424672,-3.214494,0.750509,0.011792,-0.013779,0.133745,-0.990850,-0.524804,0.377931,0.364922,0.310489,-0.112475,-0.070602,-0.152316,0.036268,-0.006343,0.620209,-0.601710,0.031536,-0.007540,-0.004865,0.043091,0.126523,0.247817,-0.157549,0.851091,0.519299,0.410100,0.138333,0.072089,-0.065186,0.074791,0.603307,-0.725406,0.131878,-0.000529
-5.446590,-3.221431,0.751762,0.022986,-0.012663,0.132839,-0.990790,-0.506265,0.429797,0.450346,0.325501,-0.126953,-0.072175,-0.168650,0.073497,-0.024535,0.601698,-0.567914,0.029338,-0.018401,0.021261,0.046325,0.130041,0.248499,-0.200212,0.851791,0.539877,0.404437,0.113186,0.093143,-0.062743,0.055066,0.599887,-0.720487,0.126511,-0.006174
-5.468158,-3.227755,0.753599,0.029619,-0.008282,0.134492,-0.990437,-0.506419,0.458189,0.426096,0.433379,-0.140744,-0.051032,-0.180237,0.106370,-0.030565,0.581749,-0.531331,0.016318,-0.021740,0.035434,0.051072,0.125455,0.261353,-0.256067,0.856208,0.563877,0.387604,0.053131,0.124149,-0.057216,0.021419,0.601654,-0.711872,0.116934,-0.017900
-5.489502,-3.232660,0.755451,0.031785,-0.006182,0.141427,-0.989419,-0.520105,0.480941,0.385165,0.609691,-0.165081,-0.041093,-0.205238,0.133485,-0.024420,0.573198,-0.492861,-0.003661,-0.023389,0.044148,0.055122,0.113949,0.266915,-0.296112,0.852762,0.577182,0.373033,-0.014276,0.152831,-0.048393,-0.009915,0.611677,-0.693582,0.115513,-0.043999
-5.510293,-3.236052,0.757340,0.029799,-0.007193,0.152411,-0.987842,-0.523813,0.497202,0.365203,0.799179,-0.196464,-0.038397,-0.237376,0.152686,-0.010462,0.564661,-0.452955,-0.018432,-0.025125,0.051333,0.055227,0.107890,0.266023,-0.309092,0.834176,0.578423,0.358186,-0.062652,0.170273,-0.048181,-0.039130,0.637649,-0.673111,0.128393,-0.062195
-5.530490,-3.238571,0.758965,0.025603,-0.008046,0.164218,-0.986059,-0.512020,0.497598,0.352822,0.979741,-0.226884,-0.042115,-0.264547,0.166373,0.005858,0.548992,-0.412947,-0.026349,-0.026701,0.056322,0.052790,0.112650,0.261074,-0.294422,0.801320,0.577687,0.352249,-0.075627,0.185614,-0.059857,-0.060454,0.674847,-0.661433,0.154893,-0.065264
-5.550190,-3.240748,0.759867,0.021573,-0.008499,0.174005,-0.984472,-0.482171,0.484518,0.351772,1.135015,-0.246616,-0.084756,-0.287111,0.178153,0.018798,0.529484,-0.375190,-0.028283,-0.029410,0.059256,0.049286,0.121262,0.235958,-0.253829,0.762285,0.570868,0.361728,-0.045952,0.196307,-0.076413,-0.075282,0.717093,-0.663773,0.190640,-0.067691
-5.569673,-3.242880,0.760159,0.016295,-0.009489,0.182776,-0.982974,-0.435193,0.451811,0.364458,1.252920,-0.247954,-0.152163,-0.310693,0.186982,0.029189,0.510191,-0.338002,-0.027523,-0.033275,0.060707,0.044511,0.115578,0.198282,-0.207309,0.737668,0.565926,0.374321,0.013199,0.209569,-0.094865,-0.080150,0.750214,-0.679167,0.230566,-0.072841
-5.588914,-3.245031,0.759665,0.010231,-0.011237,0.191364,-0.981402,-0.378711,0.389725,0.383347,1.322498,-0.236064,-0.227931,-0.338880,0.195065,0.038720,0.497744,-0.303768,-0.027035,-0.038697,0.060384,0.038509,0.104115,0.163495,-0.169377,0.718197,0.564756,0.381349,0.075860,0.227033,-0.111482,-0.092549,0.776104,-0.688960,0.260321,-0.080905
-5.608189,-3.247425,0.758552,0.003755,-0.012941,0.196430,-0.980425,-0.323246,0.289120,0.422540,1.339109,-0.207051,-0.246995,-0.369018,0.200883,0.043816,0.488975,-0.270198,-0.030579,-0.050813,0.057587,0.031699,0.083743,0.140715,-0.157944,0.710015,0.573564,0.384582,0.111780,0.250931,-0.122911,-0.110265,0.789211,-0.690364,0.280990,-0.092872
-5.627742,-3.250310,0.756923,-0.003134,-0.014146,0.196967,-0.980303,-0.273042,0.157916,0.461565,1.301506,-0.162307,-0.247802,-0.400385,0.203774,0.043870,0.483632,-0.236856,-0.039623,-0.071223,0.051183,0.024254,0.055991,0.134117,-0.172063,0.708654,0.589437,0.381931,0.116373,0.278722,-0.128375,-0.128610,0.789923,-0.681016,0.288259,-0.094116
-5.647756,-3.253700,0.755010,-0.010276,-0.015367,0.195268,-0.980576,-0.227889,-0.000295,0.457712,1.202292,-0.099811,-0.247827,-0.434086,0.205388,0.041577,0.481727,-0.204120,-0.049899,-0.096682,0.041603,0.016380,0.023730,0.142419,-0.207739,0.711093,0.614245,0.370150,0.091591,0.309147,-0.129981,-0.146014,0.778349,-0.663508,0.284389,-0.085927
-5.668199,-3.257731,0.753847,-0.018207,-0.017514,0.197246,-0.980028,-0.165338,-0.158779,0.356009,1.030297,-0.066367,-0.247506,-0.467206,0.210961,0.046101,0.476417,-0.169859,-0.059110,-0.117224,0.029971,0.006920,-0.011580,0.155694,-0.245665,0.715044,0.637765,0.355687,0.054533,0.341121,-0.126851,-0.163726,0.752171,-0.640559,0.269958,-0.075371
-5.689754,-3.262385,0.756152,-0.027030,-0.020293,0.206706,-0.977819,-0.079833,-0.265664,0.176970,0.818998,-0.091992,-0.239582,-0.496675,0.226494,0.061117,0.457519,-0.135686,-0.062601,-0.124072,0.019952,-0.003181,-0.049875,0.163714,-0.277276,0.720289,0.651773,0.341924,0.020080,0.374117,-0.118480,-0.186155,0.714877,-0.615717,0.254299,-0.068738
-5.712946,-3.267337,0.753561,-0.027172,-0.025816,0.211218,-0.976720,-0.020987,-0.300186,0.046544,0.673989,-0.229252,-0.073569,-0.528584,0.250620,0.059737,0.435013,-0.094384,-0.052212,-0.129313,0.015190,-0.008970,-0.100194,0.176901,-0.311428,0.732065,0.666863,0.334944,-0.011014,0.409306,-0.088946,-0.219403,0.670051,-0.584138,0.238115,-0.074416
-5.737696,-3.272357,0.747335,-0.024175,-0.031758,0.203484,-0.978264,-0.001244,-0.294075,0.027277,0.598330,-0.352129,0.171329,-0.561400,0.262992,0.037053,0.400853,-0.053720,0.007202,-0.143949,0.012826,-0.009839,-0.164005,0.185495,-0.346380,0.754625,0.677265,0.332471,-0.030165,0.445373,-0.038656,-0.266088,0.622988,-0.542928,0.220760,-0.091025
-5.762649,-3.277287,0.744359,-0.023733,-0.036339,0.190082,-0.980808,-0.002388,-0.265615,0.053146,0.544910,-0.469103,0.235041,-0.591235,0.260385,0.018911,0.361000,-0.025342,0.169237,-0.161166,0.009501,-0.008667,-0.233272,0.181627,-0.380119,0.794875,0.683171,0.338849,-0.037105,0.477433,0.023095,-0.317896,0.585757,-0.503342,0.208853,-0.121058
-5.786498,-3.282133,0.740959,-0.028812,-0.041155,0.182692,-0.981886,-0.012794,-0.251229,0.062809,0.495356,-0.551595,0.239266,-0.616709,0.304878,0.007456,0.335396,-0.010751,0.244396,-0.165269,0.004431,-0.008607,-0.299460,0.167757,-0.405386,0.845110,0.684588,0.354812,-0.039951,0.501071,0.082306,-0.361770,0.568494,-0.473563,0.209797,-0.145518
-5.808726,-3.286311,0.739735,-0.031681,-0.044367,0.180312,-0.982097,-0.032264,-0.238619,0.058253,0.465190,-0.570326,0.232005,-0.630681,0.348497,0.133847,0.362069,-0.013212,0.247703,-0.167160,0.005753,-0.006430,-0.343375,0.152140,-0.419018,0.888023,0.682699,0.371900,-0.036828,0.514073,0.117417,-0.374120,0.568058,-0.475174,0.215329,-0.149442
-5.829437,-3.290400,0.743650,-0.032837,-0.044152,0.189570,-0.980324,-0.054741,-0.219554,0.071287,0.456330,-0.552336,0.214769,-0.643832,0.359598,0.240108,0.454432,-0.032335,0.247838,-0.163614,0.006131,-0.002563,-0.350336,0.144584,-0.417215,0.915705,0.675828,0.386748,-0.018207,0.514510,0.121622,-0.348503,0.594139,-0.509752,0.233743,-0.123297
-5.849977,-3.294914,0.748473,-0.035329,-0.040992,0.209687,-0.976270,-0.083632,-0.193374,0.108901,0.468676,-0.525662,0.188877,-0.667301,0.324465,0.202747,0.578164,-0.080953,0.247845,-0.151389,0.001596,0.002761,-0.321426,0.144301,-0.398815,0.921863,0.656301,0.386677,0.015179,0.502400,0.100846,-0.297387,0.642926,-0.569094,0.259736,-0.064120
-5.869921,-3.299510,0.753947,-0.034916,-0.040052,0.229124,-0.971946,-0.114129,-0.157723,0.145282,0.481522,-0.494191,0.162324,-0.687273,0.237754,0.122173,0.692063,-0.122568,0.247841,-0.140552,0.000781,0.008745,-0.274713,0.153282,-0.390903,0.913964,0.640618,0.367247,0.022405,0.484119,0.069586,-0.237199,0.686641,-0.643809,0.272953,0.036497
-5.888841,-3.304307,0.759323,-0.032590,-0.041313,0.243928,-0.968365,-0.137886,-0.120130,0.170686,0.481857,-0.465782,0.141290,-0.695759,0.123088,0.055164,0.794012,-0.155904,0.247723,-0.136818,0.004881,0.013733,-0.220781,0.168463,-0.390947,0.894175,0.629012,0.337881,0.008527,0.465085,0.043008,-0.206580,0.704171,-0.697708,0.279588,0.137899
-5.906745,-3.309426,0.763509,-0.030813,-0.042239,0.254322,-0.965705,-0.153878,-0.088056,0.184310,0.474655,-0.446484,0.122595,-0.692297,0.002495,0.018598,0.886529,-0.189077,0.245061,-0.140202,0.009663,0.017437,-0.165669,0.183099,-0.392606,0.872545,0.618680,0.310921,-0.015106,0.449896,0.025060,-0.213461,0.694349,-0.717250,0.279238,0.210753
-5.923731,-3.314974,0.765978,-0.031787,-0.042009,0.264281,-0.963006,-0.164815,-0.062394,0.196768,0.466107,-0.436042,0.102549,-0.681388,-0.100129,0.000500,0.963651,-0.220217,0.194445,-0.144933,0.011153,0.019690,-0.111844,0.191274,-0.389013,0.854569,0.608002,0.299864,-0.030945,0.438585,0.009787,-0.243302,0.668718,-0.719601,0.275890,0.232214
-5.939902,-3.320943,0.766986,-0.035752,-0.039789,0.275128,-0.959918,-0.173318,-0.041887,0.212600,0.463274,-0.428026,0.081280,-0.662421,-0.189171,0.004744,1.016012,-0.256465,0.141955,-0.146626,0.008883,0.020775,-0.059873,0.186308,-0.372583,0.845160,0.588921,0.306884,-0.023524,0.428776,-0.001187,-0.288751,0.637097,-0.705440,0.269131,0.192684
-5.955401,-3.327144,0.767370,-0.041160,-0.037238,0.287346,-0.956217,-0.180036,-0.023472,0.232094,0.459724,-0.416401,0.059849,-0.633139,-0.275848,0.009586,1.030756,-0.284617,0.105855,-0.142511,0.003235,0.019934,-0.015310,0.172223,-0.355470,0.854651,0.570599,0.326710,0.000244,0.417805,-0.007449,-0.334647,0.612865,-0.685690,0.255137,0.106527
-5.970334,-3.333854,0.767307,-0.047842,-0.034018,0.301122,-0.951777,-0.184855,-0.005890,0.255648,0.457689,-0.403339,0.037844,-0.588610,-0.369945,-0.007382,1.000413,-0.301784,0.093721,-0.131569,-0.004486,0.016858,0.017989,0.155093,-0.346901,0.886712,0.558270,0.355722,0.027473,0.405483,-0.011831,-0.371029,0.602443,-0.669055,0.243286,0.000454
-5.984811,-3.341192,0.767297,-0.054416,-0.031963,0.314842,-0.947044,-0.188830,0.013302,0.280383,0.452471,-0.385626,0.015165,-0.530681,-0.460203,-0.047559,0.926108,-0.302043,0.088834,-0.115201,-0.013238,0.011555,0.044431,0.142154,-0.353075,0.927348,0.554827,0.393202,0.035538,0.383783,-0.012559,-0.385206,0.605323,-0.659451,0.246918,-0.092352
-5.999231,-3.349529,0.767208,-0.060968,-0.031255,0.328496,-0.942017,-0.194776,0.035674,0.304611,0.449497,-0.368075,-0.008618,-0.459646,-0.540014,-0.114635,0.813606,-0.286917,0.111804,-0.095767,-0.022769,0.004979,0.060934,0.134751,-0.374185,0.973881,0.563420,0.425996,0.008365,0.369959,-0.020818,-0.378561,0.610488,-0.658492,0.248403,-0.129785
-6.013666,-3.358940,0.767526,-0.065057,-0.032406,0.342636,-0.936652,-0.197563,0.064987,0.328352,0.441436,-0.350874,-0.033007,-0.377285,-0.598783,-0.207944,0.675153,-0.205484,0.165834,-0.075477,-0.031936,-0.001729,0.073742,0.135468,-0.399069,1.014551,0.576530,0.442139,-0.040884,0.363277,-0.033769,-0.361253,0.607587,-0.654799,0.235937,-0.112860
-6.028705,-3.369548,0.767937,-0.065814,-0.034045,0.360972,-0.929628,-0.194033,0.105892,0.356722,0.432722,-0.335337,-0.062070,-0.304407,-0.587705,-0.289375,0.533585,-0.099029,0.244196,-0.053570,-0.038444,-0.006798,0.100207,0.144373,-0.407796,1.026309,0.580800,0.436900,-0.080039,0.350341,-0.046422,-0.329845,0.604965,-0.657770,0.220740,-0.068588
-6.044963,-3.381872,0.768444,-0.062723,-0.036735,0.377446,-0.923175,-0.197523,0.162736,0.379594,0.444862,-0.324197,-0.096661,-0.260467,-0.488501,-0.197049,0.424351,-0.160244,0.247656,-0.041228,-0.040423,-0.008430,0.141443,0.159019,-0.386816,1.012057,0.566666,0.422084,-0.093847,0.334603,-0.059015,-0.298083,0.605485,-0.663563,0.198290,-0.024421
-6.062325,-3.394765,0.767042,-0.057653,-0.041074,0.401983,-0.912907,-0.204168,0.236496,0.409625,0.473714,-0.310302,-0.132048,-0.234856,-0.412951,-0.162908,0.348306,-0.243785,0.247787,-0.026473,-0.042949,-0.008663,0.190319,0.165333,-0.326066,0.980045,0.530260,0.417429,-0.060462,0.302735,-0.059219,-0.258241,0.613974,-0.678867,0.181387,-0.001721
-6.078339,-3.407056,0.767687,-0.045918,-0.048866,0.426350,-0.902069,-0.214053,0.324201,0.425106,0.508438,-0.282283,-0.162412,-0.212814,-0.341126,-0.157172,0.272933,-0.247776,0.247826,-0.017617,-0.042953,-0.007410,0.241488,0.172821,-0.242405,0.944808,0.485429,0.417854,0.000345,0.262129,-0.039642,-0.216387,0.633296,-0.691034,0.174131,-0.001482
-6.094019,-3.419231,0.770473,-0.032628,-0.056100,0.445760,-0.892797,-0.241251,0.410471,0.405468,0.566230,-0.230586,-0.177643,-0.197246,-0.268840,-0.147783,0.223260,-0.231614,0.247801,-0.013019,-0.036112,-0.004664,0.282530,0.168966,-0.169129,0.917962,0.447685,0.415518,0.064061,0.223309,-0.022666,-0.171854,0.657627,-0.708096,0.174175,-0.011513
-6.108689,-3.430275,0.771139,-0.020179,-0.061868,0.461236,-0.884888,-0.286090,0.479886,0.357103,0.637649,-0.164839,-0.142700,-0.207555,-0.203220,-0.123485,0.235264,-0.240810,0.247730,-0.008158,-0.022741,-0.000774,0.300264,0.157088,-0.141337,0.911304,0.439877,0.417485,0.092633,0.190785,-0.022151,-0.124653,0.675973,-0.728384,0.171612,-0.012109
-6.121187,-3.439939,0.770495,-0.010496,-0.064003,0.473441,-0.878434,-0.334167,0.522663,0.296553,0.711276,-0.111563,-0.038130,-0.228002,-0.154158,-0.098458,0.283134,-0.266948,0.247097,-0.001601,-0.008237,0.004050,0.292585,0.144402,-0.156215,0.922448,0.456207,0.419167,0.075562,0.167251,-0.038212,-0.079811,0.682363,-0.747972,0.162131,0.002384
-6.132010,-3.449314,0.771507,-0.004167,-0.064650,0.485989,-0.871560,-0.388850,0.531225,0.214572,0.791606,-0.106481,0.037656,-0.240051,-0.113366,-0.078765,0.313945,-0.283910,0.240080,0.006569,0.002951,0.008883,0.266642,0.143017,-0.208624,0.940722,0.498747,0.412097,0.018122,0.149550,-0.057803,-0.046332,0.678282,-0.759739,0.150362,0.017808
-6.141544,-3.457761,0.771425,0.000890,-0.064015,0.495963,-0.865980,-0.439211,0.509549,0.132756,0.871543,-0.146678,0.050702,-0.243797,-0.078195,-0.070152,0.332006,-0.293856,0.218525,0.014045,0.010726,0.014063,0.230982,0.149283,-0.249851,0.948606,0.534752,0.401816,-0.041220,0.138178,-0.069922,-0.033085,0.668897,-0.756723,0.143562,0.018052
-6.149493,-3.465343,0.771265,0.004545,-0.063804,0.500344,-0.863461,-0.483967,0.482726,0.086784,0.938562,-0.187384,0.053935,-0.243369,-0.051206,-0.068989,0.343251,-0.302117,0.196605,0.018741,0.017142,0.018626,0.191648,0.162860,-0.267310,0.938577,0.559441,0.389753,-0.068899,0.133178,-0.072812,-0.043091,0.658098,-0.743080,0.139275,0.000980
-6.155724,-3.472312,0.771447,0.006052,-0.063134,0.500652,-0.863322,-0.517140,0.458232,0.085269,0.982101,-0.213403,0.052417,-0.238366,-0.035017,-0.073541,0.347788,-0.309470,0.180435,0.020586,0.022981,0.021520,0.151126,0.172950,-0.268266,0.912747,0.580997,0.383335,-0.044712,0.131524,-0.073134,-0.061719,0.651723,-0.722357,0.141432,-0.023299
-6.160467,-3.478847,0.771812,0.006539,-0.062549,0.498806,-0.864429,-0.538444,0.426943,0.107849,0.996651,-0.237503,0.056847,-0.232991,-0.025108,-0.080832,0.352315,-0.317791,0.168874,0.020723,0.028755,0.022987,0.111210,0.180438,-0.281138,0.881475,0.620164,0.377479,0.005815,0.132544,-0.077898,-0.075308,0.649243,-0.697085,0.147880,-0.045066
-6.164025,-3.485158,0.772504,0.005260,-0.061952,0.495515,-0.866372,-0.547815,0.382779,0.143071,0.976307,-0.256844,0.061240,-0.227102,-0.021075,-0.089460,0.354373,-0.325048,0.160401,0.019445,0.034358,0.022933,0.075906,0.189172,-0.298305,0.847186,0.661244,0.366130,0.051558,0.137568,-0.091031,-0.082420,0.650215,-0.683527,0.155646,-0.057135
-6.166469,-3.491336,0.773156,0.003983,-0.061930,0.490517,-0.869219,-0.549286,0.326077,0.179164,0.924294,-0.275492,0.055869,-0.220839,-0.019214,-0.100206,0.356409,-0.333840,0.153421,0.016707,0.039135,0.021705,0.050075,0.196271,-0.287018,0.804553,0.665596,0.351009,0.078820,0.148193,-0.106681,-0.087195,0.652019,-0.674018,0.164668,-0.059792
-6.167925,-3.497504,0.773684,0.002624,-0.062111,0.484452,-0.872606,-0.540274,0.255882,0.208927,0.837748,-0.288760,0.037654,-0.213345,-0.019060,-0.112180,0.357586,-0.343533,0.147500,0.012408,0.042971,0.019193,0.027905,0.196690,-0.273362,0.757941,0.655435,0.330692,0.088032,0.151362,-0.114059,-0.086289,0.655799,-0.666317,0.189555,-0.061089
-6.168555,-3.503599,0.773863,0.001718,-0.062079,0.478577,-0.875847,-0.517270,0.181711,0.233857,0.718331,-0.275421,0.004426,-0.203721,-0.018851,-0.123811,0.357063,-0.352896,0.141856,0.005904,0.045956,0.015312,0.004804,0.199875,-0.267730,0.721244,0.641464,0.308124,0.085227,0.166469,-0.126768,-0.094033,0.664822,-0.655539,0.202153,-0.057353
-6.168442,-3.509317,0.772930,-0.000380,-0.061691,0.472855,-0.878978,-0.466790,0.155693,0.330532,0.600799,-0.240891,0.170060,-0.190936,-0.021369,-0.133847,0.348150,-0.358324,0.136870,-0.004261,0.048590,0.009212,-0.010577,0.204039,-0.276883,0.686862,0.639222,0.288397,0.078603,0.175735,-0.138216,-0.103077,0.684191,-0.648483,0.218634,-0.051378
-6.166833,-3.513918,0.774544,-0.003292,-0.059881,0.472722,-0.879168,-0.415057,0.152962,0.396494,0.525574,-0.246075,0.168445,-0.187533,-0.026340,-0.130717,0.356349,-0.365736,0.134284,-0.010832,0.048098,0.004398,-0.020292,0.207538,-0.291880,0.655230,0.644121,0.275777,0.080105,0.176889,-0.149900,-0.108186,0.711155,-0.651483,0.244735,-0.044973
-6.165417,-3.518302,0.776161,-0.006953,-0.055937,0.476601,-0.877311,-0.376910,0.135719,0.402548,0.469529,-0.236653,0.146886,-0.196404,-0.035275,-0.122870,0.390783,-0.370293,0.132442,-0.013286,0.044252,0.002826,-0.028004,0.205943,-0.309455,0.633457,0.647926,0.267192,0.087881,0.174758,-0.156265,-0.119736,0.739057,-0.655929,0.274207,-0.042434
-6.164045,-3.522215,0.777107,-0.009918,-0.051259,0.478889,-0.876321,-0.351945,0.124405,0.407815,0.442121,-0.224138,0.134291,-0.221046,-0.048248,-0.120981,0.460411,-0.370172,0.130155,-0.016471,0.037229,0.003892,-0.037762,0.204215,-0.331943,0.631479,0.651151,0.263140,0.092210,0.177886,-0.148251,-0.148773,0.758326,-0.649517,0.300143,-0.051747
-6.162485,-3.526232,0.778752,-0.012464,-0.047471,0.481305,-0.875178,-0.336766,0.119057,0.412137,0.435042,-0.221107,0.125839,-0.260005,-0.062690,-0.122070,0.554120,-0.359194,0.133272,-0.019791,0.029102,0.006185,-0.049415,0.204915,-0.354962,0.644664,0.653327,0.267807,0.088965,0.184788,-0.128581,-0.177851,0.768373,-0.641301,0.314019,-0.064001
-6.160948,-3.530013,0.778705,-0.015655,-0.044634,0.485076,-0.873192,-0.325469,0.116383,0.423251,0.433315,-0.226725,0.119721,-0.315684,-0.078416,-0.115081,0.668250,-0.331639,0.148256,-0.023936,0.021961,0.008258,-0.060036,0.207100,-0.378643,0.664123,0.653519,0.277301,0.066384,0.192557,-0.108952,-0.199661,0.770504,-0.631806,0.313357,-0.059633
-6.159397,-3.533729,0.777406,-0.019968,-0.040726,0.490578,-0.870216,-0.314092,0.112422,0.439042,0.435639,-0.238399,0.115200,-0.379006,-0.093949,-0.092607,0.791390,-0.296287,0.189259,-0.027609,0.014440,0.010424,-0.067938,0.206957,-0.400119,0.685380,0.653318,0.284907,0.039579,0.201312,-0.102534,-0.198749,0.768140,-0.635128,0.296436,-0.022290
-6.158243,-3.537617,0.775734,-0.023786,-0.035543,0.497218,-0.866571,-0.298330,0.108210,0.455491,0.434975,-0.249728,0.110579,-0.439051,-0.096626,-0.051458,0.905031,-0.253446,0.244691,-0.028786,0.005468,0.012842,-0.071489,0.201992,-0.413638,0.709508,0.649512,0.293099,0.025591,0.210861,-0.105728,-0.188568,0.761303,-0.646181,0.273882,0.029878
-6.158436,-3.542050,0.774311,-0.028398,-0.029645,0.506116,-0.861488,-0.282621,0.106098,0.474559,0.437175,-0.260132,0.104026,-0.488978,-0.080586,-0.012911,0.997548,-0.230637,0.247612,-0.024163,-0.005445,0.014947,-0.071207,0.192463,-0.418126,0.741448,0.638892,0.303354,0.024167,0.219953,-0.110398,-0.185817,0.750960,-0.657251,0.255654,0.066615
-6.158864,-3.547001,0.776572,-0.031698,-0.024687,0.513877,-0.856923,-0.269753,0.109251,0.490172,0.445633,-0.267832,0.095446,-0.522157,-0.058876,0.035065,1.057629,-0.250301,0.247827,-0.017583,-0.015434,0.016015,-0.068322,0.180178,-0.414204,0.783260,0.623799,0.322925,0.034035,0.225893,-0.107672,-0.193621,0.746271,-0.664277,0.253348,0.078686
-6.160166,-3.552073,0.776833,-0.032963,-0.021976,0.517630,-0.854687,-0.262414,0.116169,0.496881,0.454942,-0.273097,0.086206,-0.535051,-0.057346,0.078156,1.069905,-0.293364,0.247824,-0.013422,-0.023584,0.015847,-0.065717,0.169747,-0.410642,0.831928,0.611469,0.345960,0.044373,0.228688,-0.098018,-0.206564,0.748592,-0.669916,0.263567,0.070933
-6.162066,-3.557302,0.776775,-0.033345,-0.021034,0.515885,-0.855750,-0.259789,0.121665,0.492078,0.462076,-0.275570,0.077481,-0.533679,-0.081516,0.107336,1.039838,-0.323064,0.247661,-0.013440,-0.029891,0.014675,-0.064234,0.163117,-0.413955,0.879784,0.605807,0.367960,0.044464,0.230121,-0.086388,-0.218967,0.754394,-0.676246,0.273872,0.056269
-6.164412,-3.562818,0.776714,-0.033826,-0.020446,0.509447,-0.859594,-0.258707,0.122843,0.477595,0.465551,-0.275468,0.069006,-0.518433,-0.107657,0.138864,0.970003,-0.342025,0.244085,-0.017500,-0.034591,0.012659,-0.060932,0.159663,-0.424380,0.920605,0.604282,0.386103,0.032471,0.232515,-0.079541,-0.224481,0.761413,-0.687312,0.281672,0.053892
-6.167051,-3.568731,0.776669,-0.034272,-0.020185,0.500420,-0.864869,-0.256816,0.121948,0.457577,0.464729,-0.273863,0.059555,-0.485607,-0.117818,0.175508,0.860540,-0.346720,0.224140,-0.022393,-0.038674,0.010116,-0.055143,0.162636,-0.446066,0.949299,0.610676,0.391038,0.008009,0.235999,-0.076658,-0.227622,0.763797,-0.696220,0.281737,0.062877
-6.169720,-3.574615,0.776112,-0.034761,-0.019784,0.490014,-0.870797,-0.251225,0.117142,0.435177,0.454477,-0.269474,0.050581,-0.437880,-0.116124,0.227606,0.721982,-0.321072,0.215136,-0.026530,-0.041653,0.006840,-0.044425,0.169557,-0.467398,0.964128,0.616070,0.384699,-0.017753,0.239717,-0.076596,-0.233975,0.765137,-0.700091,0.279161,0.070432
-6.172621,-3.579964,0.772494,-0.035133,-0.019732,0.479067,-0.876853,-0.244684,0.109921,0.412221,0.435994,-0.261580,0.043358,-0.378642,-0.116624,0.263354,0.595728,-0.305673,0.225527,-0.027310,-0.044309,0.003023,-0.028051,0.179671,-0.479786,0.961642,0.614440,0.370848,-0.035225,0.238176,-0.072305,-0.241160,0.770848,-0.701401,0.280302,0.062565
-6.176366,-3.585384,0.772492,-0.039073,-0.017701,0.468005,-0.882684,-0.245044,0.099305,0.390243,0.432173,-0.255465,0.035944,-0.340564,-0.137688,0.239651,0.543359,-0.343783,0.209120,-0.022396,-0.049026,0.000328,-0.017202,0.186243,-0.484972,0.960438,0.609928,0.359740,-0.036847,0.247532,-0.078843,-0.253903,0.768054,-0.701713,0.277456,0.054425
-6.181304,-3.590943,0.773413,-0.041420,-0.016848,0.457150,-0.888265,-0.247689,0.094682,0.367328,0.429765,-0.247150,0.027101,-0.309513,-0.158163,0.187590,0.499062,-0.362930,0.192062,-0.014308,-0.053370,-0.001674,-0.005874,0.194886,-0.479663,0.956337,0.603151,0.357098,-0.023777,0.250476,-0.078607,-0.260903,0.771648,-0.704549,0.281344,0.043244
-6.187647,-3.596482,0.775077,-0.040238,-0.018186,0.446170,-0.893858,-0.253121,0.100713,0.341490,0.427437,-0.234811,0.015457,-0.284691,-0.158803,0.148325,0.462881,-0.353819,0.174800,-0.007627,-0.054943,-0.002590,0.006813,0.203454,-0.456763,0.948840,0.589708,0.361944,0.002636,0.246466,-0.073555,-0.257614,0.780575,-0.712596,0.284696,0.033775
-6.195384,-3.602196,0.776497,-0.037788,-0.020193,0.435462,-0.899187,-0.263378,0.113093,0.314241,0.430923,-0.221042,0.001462,-0.271304,-0.149693,0.114308,0.445382,-0.341502,0.155185,-0.001333,-0.053525,-0.002207,0.021224,0.209175,-0.423691,0.938081,0.574132,0.373135,0.036007,0.238646,-0.069412,-0.247188,0.789784,-0.723194,0.281711,0.031103
-6.203941,-3.607931,0.777568,-0.034661,-0.022105,0.423233,-0.905088,-0.275315,0.125315,0.283277,0.433387,-0.205380,-0.012820,-0.260795,-0.138804,0.079509,0.434366,-0.332305,0.138296,0.004614,-0.050216,-0.000807,0.036066,0.211926,-0.393463,0.923287,0.561549,0.382305,0.063443,0.232181,-0.070542,-0.228154,0.795506,-0.736833,0.275018,0.039640
-6.213217,-3.613690,0.778093,-0.031402,-0.023868,0.408583,-0.911869,-0.289797,0.135100,0.246891,0.434954,-0.189571,-0.027142,-0.252717,-0.128826,0.041670,0.429467,-0.329960,0.123166,0.009842,-0.046326,0.001813,0.046589,0.213828,-0.375834,0.906195,0.553333,0.380402,0.071906,0.227923,-0.075232,-0.206805,0.791629,-0.749117,0.262631,0.048079
-6.223229,-3.619481,0.778086,-0.027735,-0.025463,0.390393,-0.919878,-0.307905,0.141966,0.203129,0.437067,-0.173659,-0.041695,-0.246541,-0.119688,-0.000566,0.430618,-0.332339,0.107976,0.013757,-0.042496,0.005623,0.051625,0.220525,-0.375450,0.888172,0.554611,0.371982,0.064457,0.222692,-0.074443,-0.188532,0.783079,-0.755172,0.250395,0.042129
-6.233971,-3.625284,0.777733,-0.023861,-0.026539,0.369759,-0.928442,-0.327380,0.145673,0.154337,0.437689,-0.156316,-0.056677,-0.240958,-0.111375,-0.046284,0.433872,-0.336556,0.090828,0.015761,-0.038497,0.010322,0.047951,0.228080,-0.385324,0.876949,0.562376,0.367576,0.052855,0.220891,-0.075374,-0.176548,0.767444,-0.757264,0.238528,0.025908
-6.245424,-3.630984,0.777246,-0.019929,-0.027635,0.346925,-0.937274,-0.348211,0.146177,0.101785,0.434732,-0.135615,-0.071854,-0.235709,-0.103558,-0.095190,0.434901,-0.339758,0.071534,0.015698,-0.034311,0.015578,0.038702,0.232521,-0.396727,0.869812,0.571320,0.366036,0.043418,0.219839,-0.073459,-0.171095,0.750118,-0.751243,0.225885,0.003771
-6.257604,-3.636455,0.776838,-0.015983,-0.029255,0.321529,-0.946313,-0.369971,0.142918,0.045083,0.424393,-0.108354,-0.087106,-0.229925,-0.096387,-0.148940,0.429147,-0.339384,0.051412,0.014016,-0.029696,0.021004,0.025893,0.232703,-0.405331,0.865610,0.577331,0.368410,0.038247,0.218527,-0.069920,-0.168223,0.734123,-0.739604,0.215465,-0.015507
-6.270341,-3.641511,0.776573,-0.011627,-0.031904,0.293583,-0.955330,-0.391519,0.136081,-0.016974,0.403447,-0.074546,-0.102427,-0.222882,-0.089309,-0.208896,0.413390,-0.333910,0.032218,0.011304,-0.023985,0.026252,0.011030,0.229736,-0.412697,0.861646,0.581055,0.372267,0.035586,0.216337,-0.066575,-0.164710,0.719550,-0.726418,0.209753,-0.030073
-6.283394,-3.645933,0.776232,-0.007395,-0.035611,0.263379,-0.964007,-0.410828,0.125715,-0.080539,0.369392,-0.035950,-0.117427,-0.218412,-0.084082,-0.273284,0.394228,-0.326477,0.014673,0.008311,-0.016617,0.031366,-0.004653,0.224554,-0.422418,0.855273,0.584519,0.372822,0.033354,0.213229,-0.065943,-0.157417,0.705898,-0.715129,0.206709,-0.036804
-6.296539,-3.649665,0.775510,-0.002938,-0.039479,0.232300,-0.971838,-0.428501,0.117467,-0.133909,0.330591,-0.000432,-0.134912,-0.217572,-0.080516,-0.339004,0.377275,-0.319115,-0.001268,0.005401,-0.006660,0.036981,-0.019407,0.217639,-0.433240,0.846179,0.585919,0.371233,0.031722,0.210096,-0.069353,-0.146746,0.691464,-0.706708,0.203384,-0.040250
-6.309435,-3.652575,0.774565,0.002297,-0.043497,0.201716,-0.978475,-0.450217,0.118499,-0.155870,0.301239,0.013164,-0.156784,-0.222430,-0.078230,-0.403080,0.367208,-0.312219,-0.015721,0.002534,0.006713,0.043419,-0.030930,0.211092,-0.447731,0.833759,0.588828,0.366029,0.031844,0.207117,-0.075657,-0.133866,0.677360,-0.700095,0.197993,-0.040787
-6.322860,-3.653928,0.777621,0.007315,-0.046382,0.172567,-0.983878,-0.481376,0.145601,-0.089365,0.299187,-0.006976,-0.128087,-0.229225,-0.079972,-0.463638,0.360271,-0.301783,-0.027795,-0.002122,0.023115,0.050057,-0.034796,0.200998,-0.463206,0.818616,0.591367,0.359393,0.034930,0.201601,-0.086543,-0.121764,0.668499,-0.695015,0.199340,-0.040437
-6.336153,-3.654168,0.778099,0.012325,-0.048532,0.144800,-0.988193,-0.501578,0.207183,0.096191,0.326444,-0.047701,-0.097117,-0.236338,-0.083745,-0.520619,0.352100,-0.287726,-0.037519,-0.009855,0.040639,0.055184,-0.032285,0.190083,-0.481212,0.805453,0.594224,0.350247,0.041396,0.191129,-0.099946,-0.113857,0.666991,-0.690055,0.201861,-0.038627
-6.349228,-3.653453,0.778227,0.015673,-0.050068,0.121547,-0.991198,-0.501558,0.287830,0.336167,0.393933,-0.081419,-0.087023,-0.244691,-0.090353,-0.567948,0.343355,-0.271032,-0.045709,-0.016829,0.056143,0.057707,-0.025583,0.181761,-0.508585,0.798599,0.608121,0.344405,0.055020,0.177821,-0.114377,-0.110045,0.670722,-0.686883,0.211761,-0.038821
-6.362039,-3.652159,0.778552,0.016241,-0.050260,0.106928,-0.992863,-0.501632,0.342451,0.449581,0.512071,-0.114057,-0.018436,-0.252794,-0.096945,-0.598497,0.331602,-0.251811,-0.053734,-0.014188,0.064181,0.059241,-0.019629,0.182254,-0.548655,0.791982,0.648186,0.341326,0.089074,0.165340,-0.125199,-0.110136,0.672974,-0.685679,0.225531,-0.034217
-6.374725,-3.650268,0.778681,0.015265,-0.048342,0.098551,-0.993840,-0.518817,0.363447,0.441230,0.668804,-0.140895,0.017778,-0.260701,-0.103561,-0.615356,0.322041,-0.232480,-0.061836,-0.004773,0.066268,0.061004,-0.009695,0.182777,-0.563882,0.779356,0.677951,0.346230,0.147912,0.155131,-0.131069,-0.112879,0.670238,-0.685614,0.235548,-0.031693
-6.387347,-3.647650,0.778122,0.014184,-0.045692,0.092709,-0.994543,-0.542551,0.363740,0.380056,0.835800,-0.171295,0.019880,-0.271608,-0.111413,-0.624895,0.319399,-0.215228,-0.069589,0.004731,0.065898,0.062146,0.005040,0.181741,-0.545546,0.763518,0.675088,0.350903,0.200161,0.149115,-0.133470,-0.115530,0.659630,-0.682892,0.234377,-0.034578
-6.399961,-3.644303,0.777062,0.012397,-0.043297,0.088320,-0.995074,-0.550590,0.359764,0.325095,0.981618,-0.200737,-0.000636,-0.286354,-0.121763,-0.629608,0.321167,-0.198651,-0.076816,0.010491,0.065685,0.061686,0.019862,0.178891,-0.511409,0.748043,0.649923,0.350031,0.221240,0.148403,-0.136794,-0.115043,0.643256,-0.681867,0.224160,-0.041246
-6.412529,-3.640247,0.775718,0.010772,-0.040699,0.085448,-0.995453,-0.536351,0.365945,0.292130,1.098821,-0.227035,-0.009377,-0.300979,-0.131441,-0.632111,0.321366,-0.180271,-0.083793,0.012635,0.066043,0.059293,0.031643,0.176079,-0.472156,0.740387,0.610820,0.345897,0.215446,0.151465,-0.138430,-0.113719,0.626125,-0.677521,0.211872,-0.047730
-6.425102,-3.635457,0.774152,0.009739,-0.037715,0.084036,-0.995701,-0.501533,0.378237,0.272987,1.178224,-0.244367,-0.011784,-0.314578,-0.139492,-0.633483,0.319416,-0.159908,-0.090826,0.012822,0.066518,0.056020,0.034941,0.176017,-0.441937,0.745587,0.572159,0.346745,0.188755,0.154822,-0.138099,-0.111249,0.610077,-0.668923,0.200976,-0.053615
-6.437781,-3.629844,0.772354,0.009154,-0.034224,0.083899,-0.995844,-0.453562,0.375261,0.246615,1.216138,-0.258729,-0.029232,-0.327219,-0.146511,-0.633543,0.315812,-0.137730,-0.097797,0.012251,0.066500,0.052396,0.027166,0.180262,-0.432161,0.765427,0.548396,0.355053,0.145056,0.159380,-0.137052,-0.107409,0.595438,-0.660893,0.193522,-0.058155
-6.450733,-3.623375,0.770279,0.008599,-0.030470,0.084720,-0.995902,-0.399656,0.338378,0.198985,1.211248,-0.273293,-0.065613,-0.339877,-0.153518,-0.632450,0.311055,-0.113945,-0.104720,0.009717,0.065462,0.048720,0.010548,0.188841,-0.443377,0.793451,0.543774,0.364551,0.092877,0.165217,-0.135561,-0.101984,0.582061,-0.657399,0.188253,-0.058701
-6.464208,-3.615876,0.767720,0.008988,-0.026977,0.084831,-0.995990,-0.341024,0.275453,0.132030,1.167235,-0.277582,-0.123527,-0.354897,-0.161592,-0.632064,0.308982,-0.089561,-0.111212,0.004191,0.063641,0.044662,-0.014708,0.201008,-0.471255,0.828259,0.553504,0.373791,0.038839,0.177865,-0.134830,-0.099003,0.568464,-0.653950,0.179542,-0.056585
-6.478334,-3.607421,0.764828,0.008153,-0.024328,0.085779,-0.995984,-0.272088,0.200907,0.060722,1.081398,-0.259814,-0.174101,-0.373333,-0.171721,-0.628984,0.305181,-0.062122,-0.117306,-0.003724,0.060884,0.039956,-0.038786,0.213335,-0.509340,0.857874,0.576758,0.377953,-0.014344,0.185595,-0.133151,-0.095066,0.556659,-0.651315,0.173623,-0.058464
-6.493397,-3.597952,0.760924,0.007079,-0.022163,0.087217,-0.995918,-0.201166,0.130903,-0.007195,0.961858,-0.242117,-0.182567,-0.395884,-0.183245,-0.624480,0.302097,-0.031114,-0.126661,-0.012510,0.057176,0.035712,-0.061883,0.223364,-0.540581,0.879968,0.598521,0.376914,-0.059599,0.193482,-0.130696,-0.092241,0.544711,-0.647221,0.169601,-0.057745
-6.508839,-3.587870,0.758920,0.005112,-0.020294,0.088528,-0.995854,-0.134299,0.092878,-0.037487,0.828244,-0.347832,-0.143320,-0.416179,-0.194239,-0.618956,0.290510,0.005843,-0.135371,-0.022065,0.052458,0.032054,-0.084700,0.228654,-0.558496,0.894177,0.612481,0.373423,-0.084365,0.202536,-0.128268,-0.093747,0.531131,-0.641208,0.167157,-0.056979
-6.525702,-3.576599,0.754526,0.000708,-0.018034,0.089117,-0.995858,-0.087785,0.077332,-0.002756,0.720685,-0.471314,-0.091532,-0.437674,-0.210743,-0.611423,0.273564,0.043604,-0.133219,-0.032853,0.045810,0.030727,-0.106988,0.227702,-0.563794,0.903320,0.620146,0.369972,-0.087929,0.214172,-0.128923,-0.097922,0.513917,-0.636933,0.165836,-0.058819
-6.543456,-3.564428,0.749850,-0.007255,-0.015047,0.089940,-0.995807,-0.064443,0.057447,0.060097,0.641319,-0.549702,-0.033441,-0.460796,-0.236797,-0.601888,0.257679,0.073430,-0.106955,-0.041677,0.035076,0.032520,-0.128907,0.221423,-0.556978,0.908032,0.620017,0.367393,-0.073346,0.229824,-0.130428,-0.106647,0.492291,-0.638537,0.165560,-0.062141
-6.562223,-3.551781,0.747402,-0.020455,-0.012509,0.091551,-0.995512,-0.073077,0.016126,0.094514,0.603668,-0.576779,0.003770,-0.494832,-0.275187,-0.581265,0.246356,0.073362,-0.012875,-0.046296,0.018993,0.037357,-0.151413,0.209918,-0.540824,0.908407,0.615966,0.362480,-0.042744,0.250696,-0.126601,-0.128461,0.465593,-0.637361,0.165007,-0.071073
-6.581561,-3.540429,0.745961,-0.037119,-0.008423,0.092907,-0.994947,-0.109188,-0.031007,0.107362,0.619222,-0.567290,0.020999,-0.527914,-0.313458,-0.537485,0.245060,0.031109,0.155747,-0.049474,-0.004533,0.044698,-0.169274,0.202012,-0.525416,0.908137,0.617825,0.358888,-0.003800,0.276838,-0.116593,-0.153793,0.442390,-0.632453,0.158976,-0.076992
-6.600984,-3.530558,0.743623,-0.050955,-0.001427,0.094898,-0.994181,-0.146649,-0.061441,0.129316,0.652251,-0.555386,0.023836,-0.565740,-0.306252,-0.461454,0.256554,-0.049508,0.243748,-0.049615,-0.030573,0.053508,-0.174558,0.203343,-0.503465,0.903456,0.614960,0.357099,0.029167,0.307021,-0.102806,-0.170045,0.432813,-0.631237,0.151633,-0.077006
-6.620258,-3.521119,0.743587,-0.057697,0.005992,0.102652,-0.993025,-0.167107,-0.078353,0.152340,0.656718,-0.532893,0.032711,-0.588778,-0.286941,-0.376957,0.306020,-0.087033,0.247674,-0.043526,-0.049774,0.061551,-0.160822,0.210586,-0.469408,0.888976,0.602412,0.351993,0.062295,0.330653,-0.095447,-0.165228,0.441293,-0.644432,0.144449,-0.059993
-6.639673,-3.511996,0.745529,-0.060765,0.012395,0.114734,-0.991459,-0.179948,-0.088802,0.174883,0.642758,-0.500783,0.049307,-0.604375,-0.310432,-0.306946,0.439665,-0.103147,0.247823,-0.036486,-0.060861,0.068607,-0.129153,0.217457,-0.426346,0.865301,0.585793,0.345768,0.094664,0.339421,-0.102123,-0.149316,0.464059,-0.669631,0.140345,-0.026784
-6.659757,-3.503977,0.748170,-0.063580,0.016094,0.127312,-0.989692,-0.197778,-0.091554,0.200314,0.626034,-0.461959,0.060840,-0.618433,-0.357231,-0.316861,0.622274,-0.141776,0.247617,-0.028174,-0.070409,0.072841,-0.086041,0.219483,-0.376509,0.837814,0.564865,0.342082,0.130111,0.337210,-0.115214,-0.134619,0.492139,-0.699888,0.139288,0.004445
-6.680525,-3.496694,0.751252,-0.063016,0.017395,0.135422,-0.988629,-0.220913,-0.085897,0.217746,0.608569,-0.419762,0.067949,-0.620311,-0.401838,-0.314217,0.813478,-0.175435,0.242578,-0.025270,-0.075728,0.073044,-0.033922,0.217782,-0.329704,0.809181,0.541000,0.336999,0.153690,0.324660,-0.117582,-0.130188,0.529208,-0.719743,0.147003,0.015686
-6.701814,-3.489613,0.754066,-0.060841,0.016724,0.140671,-0.988044,-0.247307,-0.078205,0.228110,0.587490,-0.374114,0.074043,-0.613230,-0.429441,-0.296880,0.993123,-0.208560,0.229714,-0.025615,-0.076975,0.070071,0.015330,0.215457,-0.303128,0.787837,0.525290,0.330545,0.157285,0.310477,-0.117488,-0.140396,0.557479,-0.722634,0.162599,0.018523
-6.723435,-3.482393,0.756115,-0.058138,0.015005,0.143267,-0.987861,-0.274798,-0.072120,0.233384,0.561735,-0.325236,0.080623,-0.591173,-0.451837,-0.273265,1.148870,-0.242486,0.216757,-0.027077,-0.075652,0.065105,0.058003,0.216406,-0.300103,0.775632,0.524048,0.326084,0.148120,0.294901,-0.119135,-0.155574,0.583332,-0.722715,0.176619,0.019633
-6.745202,-3.475212,0.757006,-0.056121,0.012184,0.143979,-0.987913,-0.306458,-0.067734,0.236543,0.539139,-0.277887,0.087054,-0.555629,-0.467453,-0.246096,1.271719,-0.275149,0.200713,-0.027952,-0.073886,0.058644,0.088536,0.218449,-0.316522,0.776902,0.533249,0.324534,0.126961,0.277651,-0.121657,-0.174036,0.605028,-0.717636,0.193023,0.016857
-6.767028,-3.468044,0.756959,-0.054508,0.009013,0.145951,-0.987748,-0.339103,-0.061925,0.242843,0.518913,-0.232808,0.093274,-0.506211,-0.468769,-0.215682,1.348329,-0.300818,0.181521,-0.026322,-0.072255,0.051102,0.108659,0.220340,-0.341677,0.791961,0.547430,0.329567,0.099048,0.258408,-0.123321,-0.190292,0.624705,-0.710068,0.206691,0.011429
-6.788918,-3.460885,0.756144,-0.053679,0.005775,0.149460,-0.987293,-0.371970,-0.055430,0.252014,0.499738,-0.188046,0.099432,-0.442536,-0.455985,-0.184917,1.374159,-0.314269,0.166041,-0.020431,-0.070658,0.043311,0.121387,0.218019,-0.364789,0.817663,0.559503,0.340852,0.068876,0.238318,-0.126183,-0.199062,0.646795,-0.706629,0.219527,0.008196
-6.810886,-3.453781,0.754862,-0.052740,0.002146,0.154485,-0.986584,-0.405347,-0.046518,0.262841,0.481225,-0.143055,0.105981,-0.364168,-0.440943,-0.167771,1.340939,-0.307268,0.169495,-0.010840,-0.068747,0.036098,0.128395,0.209110,-0.375943,0.848947,0.564182,0.360853,0.042227,0.217242,-0.130089,-0.197693,0.669113,-0.710479,0.232558,0.007340
-6.833033,-3.446835,0.753466,-0.051429,-0.001274,0.159947,-0.985784,-0.438219,-0.035712,0.273336,0.463614,-0.097340,0.113741,-0.275830,-0.419006,-0.157295,1.249190,-0.267479,0.172125,0.000581,-0.066053,0.030520,0.131784,0.197866,-0.380895,0.879469,0.566911,0.384025,0.018412,0.196539,-0.136203,-0.182257,0.688102,-0.724397,0.236895,0.014348
-6.855508,-3.440130,0.752786,-0.049330,-0.005299,0.164833,-0.985073,-0.469294,-0.023350,0.282053,0.441211,-0.048854,0.118100,-0.183493,-0.379983,-0.140608,1.093719,-0.193923,0.159119,0.012336,-0.062385,0.026380,0.133428,0.189644,-0.385634,0.904048,0.571105,0.397892,-0.002799,0.176832,-0.149537,-0.163727,0.694120,-0.743255,0.234156,0.040788
-6.878902,-3.433949,0.752725,-0.048452,-0.010212,0.171861,-0.983876,-0.504687,-0.007433,0.291959,0.422596,0.001188,0.124109,-0.090401,-0.323569,-0.105895,0.884328,-0.277283,0.218188,0.023574,-0.057974,0.024657,0.136416,0.179984,-0.379241,0.915148,0.568925,0.405494,-0.010553,0.153924,-0.154693,-0.140402,0.694901,-0.761761,0.231264,0.064541
-6.902502,-3.427943,0.750575,-0.043129,-0.015909,0.180941,-0.982419,-0.536499,0.018449,0.297942,0.393895,0.055517,0.126848,-0.020875,-0.287174,-0.119941,0.695060,-0.446718,0.243999,0.035753,-0.050664,0.026389,0.133866,0.174794,-0.374500,0.910240,0.569572,0.411514,-0.012861,0.126994,-0.147301,-0.117938,0.690997,-0.772096,0.222642,0.074994
-6.926164,-3.421658,0.748002,-0.032125,-0.021897,0.189065,-0.981195,-0.563697,0.054865,0.301597,0.359933,0.090649,0.115073,0.017730,-0.257979,-0.189540,0.546751,-0.539474,0.223166,0.046294,-0.037197,0.030229,0.137937,0.179765,-0.365769,0.898877,0.568281,0.406290,-0.005963,0.102428,-0.131423,-0.102612,0.689476,-0.773016,0.213065,0.066531
-6.949164,-3.414678,0.750571,-0.019669,-0.029759,0.195767,-0.980001,-0.591165,0.093959,0.304280,0.319970,0.060391,0.057676,0.023679,-0.214095,-0.218928,0.438015,-0.565446,0.198272,0.048303,-0.018795,0.032024,0.144868,0.180513,-0.346150,0.887962,0.558142,0.399581,0.007944,0.076549,-0.114849,-0.093728,0.692860,-0.769006,0.205953,0.045519
-6.969908,-3.405841,0.757397,-0.005293,-0.035135,0.205912,-0.977925,-0.596372,0.130202,0.305347,0.283006,-0.007593,0.003685,0.000786,-0.171185,-0.202634,0.388839,-0.528139,0.191737,0.043447,0.003823,0.031511,0.163602,0.176349,-0.322042,0.880430,0.542170,0.391448,0.021119,0.056115,-0.099508,-0.090153,0.701960,-0.767653,0.198721,0.026560
-6.989412,-3.395392,0.762734,0.003437,-0.036583,0.219213,-0.974985,-0.597499,0.154340,0.289128,0.313748,-0.029250,0.009219,-0.027202,-0.145186,-0.173951,0.357688,-0.471858,0.193761,0.037335,0.025882,0.030779,0.181849,0.159516,-0.313929,0.888110,0.530663,0.383814,0.024938,0.042998,-0.092748,-0.095317,0.716441,-0.768379,0.204259,0.006512
-7.007787,-3.383537,0.766486,0.007848,-0.036913,0.233268,-0.971680,-0.606410,0.170617,0.259638,0.427847,-0.056243,0.011292,-0.070917,-0.132821,-0.143584,0.360924,-0.427884,0.194140,0.031579,0.040714,0.030937,0.190274,0.146176,-0.330392,0.909999,0.533011,0.375112,-0.003829,0.041334,-0.087485,-0.109209,0.725754,-0.763246,0.210777,-0.000848
-7.025254,-3.370602,0.768847,0.010068,-0.037633,0.248772,-0.967778,-0.624965,0.179999,0.214584,0.602714,-0.093817,0.018050,-0.123824,-0.124898,-0.115219,0.378611,-0.393017,0.185627,0.027411,0.047590,0.032476,0.187827,0.144737,-0.353744,0.930890,0.544640,0.378942,-0.060644,0.048017,-0.079689,-0.119158,0.722545,-0.755987,0.208629,-0.004767
-7.041713,-3.356624,0.770111,0.010178,-0.038364,0.268437,-0.962479,-0.636628,0.189382,0.179687,0.791816,-0.133145,0.014580,-0.176670,-0.116451,-0.075050,0.389083,-0.357088,0.179766,0.022969,0.051977,0.034542,0.186264,0.150442,-0.354219,0.932329,0.543573,0.377624,-0.109027,0.057659,-0.073677,-0.123535,0.710788,-0.748720,0.197397,0.000305
-7.056950,-3.341924,0.769588,0.011406,-0.038190,0.291612,-0.955706,-0.637093,0.192383,0.137374,0.977740,-0.178548,0.004415,-0.224400,-0.101911,-0.025757,0.394160,-0.326777,0.187751,0.018529,0.055890,0.035637,0.189540,0.165750,-0.340715,0.926869,0.540917,0.384355,-0.128301,0.068124,-0.069060,-0.124458,0.700644,-0.741468,0.181019,0.012371
-7.071055,-3.326757,0.767685,0.014215,-0.037099,0.313640,-0.948710,-0.617329,0.188421,0.096816,1.136882,-0.210045,-0.030754,-0.265572,-0.083621,0.020481,0.396728,-0.295626,0.198896,0.013447,0.060210,0.035415,0.188791,0.181439,-0.326461,0.921542,0.542899,0.391638,-0.115848,0.077709,-0.067993,-0.122509,0.697359,-0.730808,0.170578,0.026842
-7.084272,-3.311074,0.764807,0.018682,-0.036220,0.334623,-0.941470,-0.576582,0.166143,0.050668,1.252380,-0.233316,-0.107358,-0.302391,-0.061149,0.062098,0.394977,-0.261961,0.209676,0.006197,0.064440,0.033945,0.181556,0.197343,-0.325124,0.923801,0.557788,0.405183,-0.081589,0.086128,-0.071496,-0.118143,0.701339,-0.726918,0.168596,0.035377
-7.096661,-3.294806,0.761512,0.022475,-0.035525,0.353938,-0.934324,-0.513700,0.116253,-0.001279,1.310997,-0.253823,-0.183261,-0.335277,-0.040310,0.099206,0.386716,-0.224720,0.221189,-0.003870,0.067518,0.030878,0.169549,0.207966,-0.330522,0.928012,0.572558,0.416621,-0.046984,0.091989,-0.077174,-0.122635,0.711818,-0.727284,0.180229,0.031143
-7.108202,-3.277594,0.757790,0.025200,-0.034998,0.371655,-0.927369,-0.432559,0.054130,-0.048213,1.311702,-0.268650,-0.242363,-0.369789,-0.022642,0.133107,0.381051,-0.186689,0.233149,-0.016747,0.067800,0.026826,0.154463,0.216828,-0.338442,0.928999,0.585235,0.424188,-0.021991,0.095843,-0.077622,-0.142523,0.725567,-0.723883,0.203466,0.011494
-7.119049,-3.259347,0.754137,0.025834,-0.034469,0.387570,-0.920834,-0.339690,-0.010663,-0.066198,1.256291,-0.263653,-0.247103,-0.405477,-0.008902,0.166150,0.375431,-0.147038,0.242541,-0.033007,0.064341,0.022571,0.137149,0.227440,-0.349764,0.923311,0.597987,0.425025,-0.011216,0.098323,-0.075379,-0.170380,0.738092,-0.715995,0.227598,-0.013688
-7.129207,-3.240225,0.751399,0.023265,-0.033401,0.406623,-0.912689,-0.242680,-0.069789,-0.127428,1.141107,-0.226404,-0.236032,-0.439636,0.004554,0.205409,0.363338,-0.104216,0.246975,-0.041188,0.057562,0.018809,0.116128,0.236305,-0.355567,0.906516,0.603559,0.415253,-0.006325,0.101952,-0.075655,-0.200580,0.742350,-0.700759,0.239466,-0.035569
-7.138869,-3.219996,0.749469,0.020069,-0.033184,0.424011,-0.904826,-0.154174,-0.113427,-0.168865,0.980295,-0.288575,-0.018783,-0.474467,0.016634,0.237007,0.350063,-0.060414,0.247672,-0.044884,0.049934,0.016067,0.087896,0.240854,-0.353041,0.883118,0.602256,0.403451,0.002627,0.109455,-0.079573,-0.224354,0.737236,-0.677199,0.240601,-0.051630
-7.147747,-3.198494,0.745292,0.015131,-0.032593,0.437921,-0.898295,-0.099573,-0.106913,-0.112909,0.844790,-0.458578,0.106377,-0.502113,0.016790,0.263470,0.315826,-0.010680,0.247718,-0.050415,0.041447,0.015479,0.060687,0.251645,-0.345483,0.849930,0.598311,0.382579,0.010437,0.119248,-0.084423,-0.246659,0.723502,-0.643448,0.233152,-0.064056
-7.156244,-3.175256,0.742705,0.007345,-0.029115,0.448787,-0.893134,-0.078283,-0.102789,-0.019090,0.745112,-0.567166,0.169411,-0.523741,-0.011805,0.258939,0.254032,0.029237,0.246952,-0.052704,0.029840,0.017899,0.023689,0.248070,-0.341635,0.825376,0.599745,0.370367,0.034095,0.133099,-0.091198,-0.257637,0.704117,-0.616453,0.225752,-0.082059
-7.163940,-3.150906,0.738930,-0.003391,-0.023566,0.459895,-0.887654,-0.084006,-0.131725,0.032194,0.680010,-0.613608,0.208939,-0.551886,-0.093552,0.164819,0.211775,-0.002003,0.227104,-0.046477,0.012197,0.021747,-0.016594,0.237877,-0.337662,0.810619,0.601546,0.358203,0.070750,0.157457,-0.099129,-0.271315,0.689118,-0.587684,0.210243,-0.096292
-7.171501,-3.127002,0.737831,-0.016827,-0.016737,0.473142,-0.880667,-0.121352,-0.167733,0.070117,0.671803,-0.603128,0.223972,-0.567964,-0.198730,-0.064730,0.198066,-0.108974,0.126932,-0.033560,-0.012009,0.024528,-0.055262,0.225594,-0.332238,0.809639,0.602933,0.347487,0.103998,0.192845,-0.109914,-0.279849,0.680826,-0.571783,0.195784,-0.096197
-7.179009,-3.103622,0.738589,-0.025664,-0.010388,0.488200,-0.872293,-0.170005,-0.182717,0.117760,0.688931,-0.562724,0.227864,-0.551392,-0.297340,-0.349021,0.208293,-0.165678,0.096087,-0.020596,-0.035473,0.025811,-0.072950,0.218571,-0.315687,0.807202,0.598265,0.343670,0.124246,0.219390,-0.110329,-0.271969,0.688606,-0.573872,0.197479,-0.089456
-7.185348,-3.081108,0.741871,-0.025153,-0.004338,0.502391,-0.864264,-0.195594,-0.183697,0.150319,0.682478,-0.515410,0.229380,-0.522695,-0.353402,-0.474236,0.282462,-0.138114,0.054472,-0.017235,-0.046206,0.026905,-0.066043,0.214366,-0.295694,0.796079,0.590478,0.339953,0.134851,0.235522,-0.112447,-0.240592,0.714494,-0.601846,0.206396,-0.066629
-7.190461,-3.059632,0.745942,-0.018415,0.003266,0.514801,-0.857106,-0.197918,-0.181665,0.168898,0.657518,-0.480551,0.233225,-0.525245,-0.364544,-0.380516,0.435710,-0.151408,0.026252,-0.024869,-0.042464,0.029227,-0.037372,0.207898,-0.276732,0.773532,0.581723,0.329142,0.137861,0.241003,-0.127084,-0.197886,0.745672,-0.650055,0.220063,-0.030480
-7.195058,-3.038431,0.750090,-0.011622,0.009888,0.530378,-0.847624,-0.195619,-0.175200,0.197069,0.622141,-0.446823,0.242589,-0.532450,-0.345392,-0.247687,0.605754,-0.179029,0.067772,-0.031180,-0.033534,0.029729,0.003050,0.199856,-0.267027,0.746323,0.580789,0.312763,0.136097,0.236383,-0.148011,-0.160198,0.772823,-0.699062,0.234361,0.019047
-7.199905,-3.016993,0.754250,-0.005167,0.012986,0.548027,-0.836344,-0.199136,-0.159613,0.230535,0.583970,-0.409074,0.246851,-0.533210,-0.311806,-0.138439,0.772626,-0.206209,0.116320,-0.033003,-0.023754,0.027838,0.045203,0.188749,-0.260504,0.719133,0.582865,0.292295,0.135992,0.224953,-0.163180,-0.144733,0.785141,-0.725922,0.244857,0.067432
-7.204984,-2.994926,0.757705,0.000946,0.014018,0.567391,-0.823329,-0.209417,-0.136400,0.269605,0.550314,-0.371176,0.247498,-0.519867,-0.294617,-0.090805,0.930624,-0.231103,0.141255,-0.031619,-0.015763,0.024030,0.087453,0.175849,-0.258398,0.700473,0.588774,0.280026,0.125191,0.213047,-0.170668,-0.150881,0.784773,-0.731757,0.254884,0.094325
-7.209715,-2.972021,0.760106,0.007067,0.013977,0.586475,-0.809816,-0.223572,-0.110310,0.309800,0.520574,-0.333300,0.247700,-0.490441,-0.308052,-0.097884,1.075807,-0.261823,0.128391,-0.030423,-0.009618,0.019551,0.127881,0.159056,-0.254067,0.690548,0.589983,0.274586,0.107931,0.204167,-0.171243,-0.166686,0.775530,-0.729226,0.261287,0.093109
-7.213973,-2.948184,0.761153,0.009917,0.013447,0.602143,-0.798214,-0.246680,-0.090829,0.344405,0.496257,-0.292341,0.247774,-0.450055,-0.344855,-0.127729,1.202245,-0.292072,0.103604,-0.031332,-0.005655,0.014456,0.157265,0.138269,-0.253309,0.695575,0.586697,0.274419,0.085544,0.197719,-0.164716,-0.197122,0.758743,-0.712823,0.261138,0.064692
-7.217789,-2.923532,0.761235,0.010149,0.011616,0.614209,-0.788993,-0.276398,-0.075706,0.374218,0.472364,-0.246554,0.247802,-0.399851,-0.363410,-0.147171,1.295383,-0.323382,0.113978,-0.033754,-0.003679,0.008159,0.168827,0.123264,-0.268559,0.720175,0.591747,0.286487,0.055596,0.194449,-0.150270,-0.233958,0.739895,-0.688299,0.255298,0.022999
-7.221192,-2.898204,0.760707,0.010199,0.008113,0.624709,-0.780749,-0.307496,-0.059573,0.401743,0.444787,-0.198650,0.247811,-0.346400,-0.339553,-0.146546,1.349070,-0.329396,0.175142,-0.034359,-0.001394,0.001703,0.169082,0.120299,-0.301620,0.751791,0.605358,0.305952,0.011204,0.191936,-0.129293,-0.267741,0.727028,-0.663575,0.244430,-0.024199
-7.224291,-2.872237,0.759544,0.010410,0.003474,0.636283,-0.771378,-0.340233,-0.039646,0.429402,0.416855,-0.149624,0.247797,-0.289478,-0.281896,-0.148592,1.353417,-0.308174,0.244477,-0.027815,0.003100,-0.003734,0.149293,0.119739,-0.336038,0.800659,0.618536,0.328319,-0.035048,0.190344,-0.108052,-0.288624,0.713806,-0.644724,0.232994,-0.062845
-7.226991,-2.845606,0.757891,0.012281,-0.002919,0.650229,-0.759634,-0.371489,-0.013079,0.457575,0.384303,-0.098454,0.247816,-0.234117,-0.207291,-0.172356,1.305285,-0.237023,0.247684,-0.013115,0.011723,-0.007273,0.119372,0.120824,-0.365365,0.857790,0.630563,0.362629,-0.071319,0.188579,-0.087653,-0.292385,0.705098,-0.634331,0.219783,-0.086339
-7.229490,-2.818324,0.755233,0.015988,-0.012112,0.662435,-0.748851,-0.403060,0.016275,0.478312,0.346351,-0.044941,0.247810,-0.178485,-0.131122,-0.168783,1.194893,-0.107604,0.247703,0.000659,0.024175,-0.008868,0.085847,0.124758,-0.394990,0.906712,0.642853,0.390519,-0.100692,0.182702,-0.070558,-0.280293,0.703911,-0.633478,0.205533,-0.091626
-7.232561,-2.789846,0.749208,0.017442,-0.020604,0.671753,-0.740283,-0.444391,0.041790,0.493689,0.318104,0.005600,0.247807,-0.120691,-0.062092,-0.108846,1.022990,-0.142094,0.245138,0.007383,0.035097,-0.008313,0.054847,0.131978,-0.421265,0.941015,0.652705,0.403111,-0.121755,0.175486,-0.066636,-0.251526,0.711434,-0.651335,0.190921,-0.078813
-7.235766,-2.760445,0.741469,0.016732,-0.027489,0.683672,-0.729080,-0.493791,0.069557,0.514588,0.303269,0.045496,0.247578,-0.072924,-0.040552,-0.105587,0.889611,-0.409051,0.187392,0.014475,0.042964,-0.003838,0.038146,0.148314,-0.442078,0.946628,0.665400,0.402891,-0.126063,0.152898,-0.070224,-0.206036,0.726363,-0.684856,0.185689,-0.045228
-7.238735,-2.730334,0.732392,0.018794,-0.036488,0.697868,-0.715049,-0.545286,0.105515,0.536697,0.293518,0.064436,0.242445,-0.050466,-0.030277,-0.168340,0.770481,-0.617213,0.108791,0.020792,0.050284,0.005121,0.037115,0.173115,-0.428386,0.918807,0.658922,0.394047,-0.097567,0.117112,-0.070902,-0.148956,0.745280,-0.728345,0.175042,-0.010915
-7.241379,-2.700035,0.731211,0.022767,-0.045954,0.712487,-0.699809,-0.607633,0.143261,0.528051,0.299343,0.044972,0.129852,-0.069263,0.003068,-0.194985,0.698871,-0.723230,0.062972,0.021269,0.059052,0.019101,0.054309,0.196734,-0.381278,0.871936,0.631610,0.387125,-0.042133,0.074819,-0.065997,-0.092678,0.767634,-0.771975,0.164582,0.011441
-7.242291,-2.671019,0.730187,0.032967,-0.052191,0.730361,-0.680266,-0.660505,0.183535,0.429451,0.337445,-0.002155,-0.179272,-0.144741,0.048240,-0.153094,0.749022,-0.720240,0.038466,0.019151,0.071846,0.040370,0.095593,0.210389,-0.307080,0.817955,0.582723,0.380971,0.034225,0.035601,-0.055609,-0.042616,0.795907,-0.811818,0.162186,0.021274
-7.240576,-2.643670,0.729618,0.041488,-0.050097,0.744935,-0.663959,-0.703217,0.162321,0.320088,0.404424,-0.053892,-0.244845,-0.212313,0.057453,-0.132984,0.813485,-0.690800,0.045377,0.012309,0.088938,0.062228,0.142555,0.197052,-0.245379,0.784268,0.526159,0.371087,0.111791,0.020150,-0.054244,-0.024300,0.813862,-0.831956,0.161502,0.012770
-7.237565,-2.618722,0.732500,0.049348,-0.046413,0.747627,-0.660655,-0.708000,0.165639,0.250409,0.512123,-0.074779,-0.247683,-0.231523,0.053390,-0.137771,0.807643,-0.657336,0.065081,0.001372,0.100239,0.076021,0.154442,0.177440,-0.255384,0.794027,0.505681,0.367705,0.143937,0.030614,-0.047426,-0.037343,0.819750,-0.824110,0.164594,-0.004237
-7.234017,-2.594225,0.737842,0.059750,-0.043723,0.742032,-0.666264,-0.696329,0.213610,0.251412,0.664214,-0.104840,-0.246969,-0.230594,0.057463,-0.152283,0.766747,-0.607302,0.069153,-0.009568,0.107955,0.083914,0.135874,0.186421,-0.325738,0.834701,0.524886,0.373513,0.112042,0.065274,-0.038691,-0.065595,0.815664,-0.800979,0.162815,-0.016532
-7.229263,-2.569454,0.744335,0.066174,-0.040461,0.741576,-0.666369,-0.673714,0.276582,0.252337,0.823609,-0.141351,-0.227076,-0.236050,0.064019,-0.149398,0.715312,-0.540550,0.062620,-0.013718,0.112793,0.085731,0.109273,0.206932,-0.395079,0.870857,0.549780,0.374238,0.040245,0.104829,-0.031428,-0.091343,0.806642,-0.772677,0.154268,-0.024216
-7.222733,-2.544989,0.750508,0.066436,-0.036250,0.748647,-0.658635,-0.645142,0.310376,0.236886,0.973867,-0.176146,-0.176958,-0.250643,0.065752,-0.125428,0.662484,-0.470213,0.060185,-0.014076,0.115618,0.081885,0.099670,0.205706,-0.381517,0.882443,0.519584,0.386117,0.012391,0.135439,-0.031239,-0.110375,0.798548,-0.753014,0.151298,-0.023736
-7.214881,-2.521027,0.755134,0.063045,-0.030845,0.757272,-0.649317,-0.609853,0.310041,0.195916,1.109561,-0.208098,-0.156971,-0.269607,0.059621,-0.095897,0.614828,-0.407004,0.066478,-0.012506,0.115647,0.075839,0.102919,0.195704,-0.332979,0.873477,0.478066,0.394114,0.027362,0.162594,-0.038250,-0.127053,0.787683,-0.735973,0.153017,-0.017825
-7.206295,-2.497324,0.757491,0.060142,-0.026675,0.763780,-0.642115,-0.564387,0.289778,0.142221,1.224629,-0.246806,-0.159220,-0.292280,0.050099,-0.075286,0.576620,-0.354642,0.086183,-0.010780,0.112985,0.069639,0.104545,0.195754,-0.310003,0.860908,0.471976,0.386274,0.056688,0.188103,-0.045002,-0.136708,0.770247,-0.719837,0.169018,-0.012353
-7.197242,-2.473856,0.757841,0.058307,-0.022515,0.769567,-0.635499,-0.501610,0.259642,0.088403,1.308316,-0.272290,-0.167735,-0.316961,0.039553,-0.059650,0.546690,-0.308543,0.112971,-0.010389,0.109283,0.063519,0.108655,0.205398,-0.310532,0.847026,0.491413,0.376599,0.086518,0.210141,-0.055704,-0.140391,0.756438,-0.705574,0.188030,-0.014162
-7.187676,-2.450539,0.756409,0.055877,-0.019190,0.776236,-0.627668,-0.421450,0.222572,0.041292,1.351084,-0.288483,-0.191134,-0.349925,0.031639,-0.041541,0.527793,-0.265642,0.141768,-0.012494,0.105374,0.056785,0.110808,0.214442,-0.310949,0.836285,0.506591,0.366967,0.102193,0.230214,-0.074763,-0.134200,0.752792,-0.702659,0.203441,-0.017662
-7.177492,-2.427210,0.753573,0.052632,-0.016569,0.784110,-0.618164,-0.326143,0.167425,-0.004239,1.346805,-0.302284,-0.232355,-0.390787,0.027527,-0.019008,0.517136,-0.223059,0.169000,-0.016458,0.100455,0.049545,0.110699,0.220798,-0.304412,0.830194,0.510885,0.362086,0.096295,0.242620,-0.095816,-0.128180,0.757818,-0.703561,0.219852,-0.026880
-7.166663,-2.403590,0.749996,0.048699,-0.013234,0.792005,-0.608425,-0.220925,0.087305,-0.044299,1.291025,-0.296735,-0.246777,-0.433973,0.023983,0.005104,0.507932,-0.177044,0.194154,-0.023381,0.093004,0.042104,0.106997,0.225446,-0.298559,0.829854,0.514108,0.364947,0.076356,0.246749,-0.113169,-0.130571,0.769672,-0.698064,0.237301,-0.035910
-7.154962,-2.379427,0.746295,0.043473,-0.010298,0.800616,-0.597510,-0.115836,0.003255,-0.114727,1.183835,-0.247202,-0.238512,-0.477880,0.021100,0.028759,0.492427,-0.127954,0.220046,-0.028090,0.082831,0.035088,0.092731,0.228147,-0.299213,0.836253,0.518380,0.366799,0.056662,0.247464,-0.127094,-0.144813,0.780891,-0.687390,0.254799,-0.041659
-7.142178,-2.354562,0.742728,0.037262,-0.008387,0.807906,-0.588072,-0.021371,-0.054006,-0.166289,1.023570,-0.270417,-0.074862,-0.516165,0.015954,0.046474,0.458308,-0.076976,0.244693,-0.032442,0.071974,0.028817,0.069790,0.229847,-0.314440,0.845825,0.533397,0.367141,0.041001,0.242249,-0.135575,-0.161720,0.784811,-0.677151,0.271596,-0.052610
-7.128886,-2.329760,0.738673,0.028707,-0.004943,0.813941,-0.580216,0.037363,-0.060478,-0.138867,0.868430,-0.469402,0.044244,-0.545339,0.005175,0.052730,0.402379,-0.034295,0.247576,-0.038489,0.059558,0.024206,0.038719,0.225769,-0.339928,0.859553,0.555267,0.369850,0.033577,0.236359,-0.139210,-0.184700,0.776889,-0.659495,0.279012,-0.065016
-7.114126,-2.304624,0.733344,0.017138,0.002308,0.819892,-0.572257,0.051817,-0.054780,-0.032043,0.756221,-0.611176,0.101192,-0.569080,-0.025811,0.046980,0.331579,-0.032770,0.247642,-0.044242,0.043402,0.023702,0.006464,0.210726,-0.365400,0.872608,0.572410,0.370309,0.037840,0.231616,-0.140671,-0.208519,0.760700,-0.641961,0.277390,-0.088231
-7.097945,-2.279169,0.731437,0.002529,0.013409,0.828121,-0.560383,0.030597,-0.086735,0.041191,0.693776,-0.670045,0.131394,-0.592923,-0.083237,0.011462,0.260166,-0.095949,0.244268,-0.042343,0.022893,0.025660,-0.022653,0.187921,-0.387125,0.887816,0.582774,0.370023,0.054104,0.229734,-0.138891,-0.227466,0.745676,-0.625239,0.270635,-0.119831
-7.082240,-2.253778,0.728064,-0.011290,0.029137,0.836924,-0.546426,-0.023638,-0.134606,0.073831,0.694930,-0.670549,0.146807,-0.605166,-0.155755,-0.097585,0.219824,-0.195405,0.194482,-0.033409,-0.004369,0.029951,-0.044042,0.164278,-0.407497,0.905973,0.589565,0.367146,0.070656,0.232884,-0.129098,-0.235433,0.740039,-0.602572,0.255863,-0.140722
-7.067534,-2.228198,0.728906,-0.018698,0.040827,0.846476,-0.530529,-0.083729,-0.154194,0.121190,0.716092,-0.630300,0.146932,-0.602541,-0.221824,-0.275647,0.241521,-0.205171,0.162617,-0.022009,-0.032625,0.036546,-0.051581,0.152272,-0.424623,0.922078,0.592605,0.363152,0.071865,0.236786,-0.111829,-0.210612,0.754176,-0.597506,0.244365,-0.135970
-7.054070,-2.203665,0.732116,-0.018162,0.048381,0.853968,-0.517752,-0.121448,-0.154697,0.157021,0.718549,-0.590522,0.143481,-0.603026,-0.254431,-0.305377,0.356573,-0.212558,0.105104,-0.018304,-0.048322,0.045616,-0.041481,0.144819,-0.435271,0.925684,0.592181,0.355589,0.065377,0.238694,-0.103807,-0.153565,0.780394,-0.619685,0.236412,-0.089771
-7.041260,-2.179863,0.736619,-0.014741,0.055128,0.861954,-0.503764,-0.139824,-0.154534,0.183915,0.694615,-0.552496,0.145340,-0.610730,-0.263142,-0.243838,0.525248,-0.226233,0.088205,-0.017015,-0.053652,0.054939,-0.015522,0.131342,-0.435936,0.914457,0.586869,0.342123,0.063631,0.236277,-0.114568,-0.078176,0.801584,-0.667391,0.212740,-0.028533
-7.028950,-2.155667,0.741486,-0.011318,0.059517,0.869411,-0.490360,-0.159132,-0.148405,0.208334,0.666655,-0.509301,0.147662,-0.617406,-0.258017,-0.160183,0.709115,-0.252564,0.103762,-0.015825,-0.054514,0.061495,0.018375,0.110924,-0.425571,0.895022,0.575584,0.326451,0.069280,0.229862,-0.128782,-0.031163,0.808677,-0.702228,0.181193,-0.001093
-7.017202,-2.130469,0.745998,-0.009209,0.061013,0.875956,-0.478428,-0.187323,-0.132500,0.231534,0.644222,-0.461089,0.144832,-0.612218,-0.258612,-0.103787,0.887012,-0.284158,0.136428,-0.014869,-0.055003,0.064825,0.052926,0.084177,-0.408302,0.876798,0.559929,0.312863,0.076361,0.223899,-0.127434,-0.046914,0.796545,-0.690841,0.161459,-0.045177
-7.005412,-2.104604,0.749806,-0.007400,0.059492,0.881684,-0.468016,-0.219936,-0.109096,0.251630,0.622652,-0.408994,0.140626,-0.590932,-0.274144,-0.080316,1.046608,-0.312414,0.143285,-0.014817,-0.055030,0.065333,0.088152,0.056802,-0.387943,0.861783,0.540914,0.301348,0.088766,0.219512,-0.118333,-0.079121,0.779188,-0.671714,0.151143,-0.114229
-6.993274,-2.078714,0.752271,-0.006684,0.057604,0.886464,-0.459150,-0.253960,-0.086725,0.269107,0.600224,-0.356524,0.139185,-0.552851,-0.307196,-0.076561,1.177894,-0.347826,0.124570,-0.016508,-0.054339,0.064155,0.120973,0.036990,-0.373959,0.843631,0.528769,0.295701,0.112278,0.210730,-0.106676,-0.106388,0.766544,-0.657761,0.146532,-0.179553
-6.980602,-2.053106,0.753330,-0.007663,0.056560,0.890321,-0.451742,-0.288038,-0.069787,0.284722,0.574080,-0.303452,0.137388,-0.501653,-0.346744,-0.073101,1.274123,-0.381075,0.118167,-0.019289,-0.053161,0.062336,0.142757,0.018027,-0.326519,0.825822,0.487186,0.309191,0.166481,0.200698,-0.099001,-0.133950,0.746482,-0.636094,0.149207,-0.229884
-6.967506,-2.027644,0.752921,-0.010161,0.056307,0.893508,-0.445387,-0.325230,-0.055925,0.299983,0.550609,-0.249760,0.137085,-0.440822,-0.370831,-0.058900,1.327406,-0.418253,0.126506,-0.020622,-0.051780,0.060447,0.144997,0.019715,-0.307069,0.820449,0.458940,0.313229,0.175292,0.190812,-0.099630,-0.151400,0.726480,-0.608998,0.153751,-0.243458
-6.954122,-2.002259,0.751318,-0.014008,0.057018,0.897174,-0.437757,-0.364418,-0.042209,0.318909,0.530101,-0.195713,0.137536,-0.374622,-0.379650,-0.035799,1.335058,-0.421255,0.160234,-0.017661,-0.049525,0.059079,0.128859,0.046807,-0.330961,0.827595,0.466615,0.306985,0.149258,0.180841,-0.108190,-0.151676,0.707942,-0.585960,0.162249,-0.225375
-6.940728,-1.976949,0.749398,-0.017574,0.056307,0.901587,-0.428557,-0.402985,-0.022773,0.338951,0.510988,-0.142675,0.136588,-0.300590,-0.372293,-0.012122,1.285104,-0.359544,0.216476,-0.009847,-0.045896,0.059479,0.101098,0.091405,-0.381163,0.841323,0.504863,0.299692,0.106630,0.169439,-0.122250,-0.130492,0.693086,-0.577973,0.168888,-0.193069
-6.927491,-1.951458,0.748163,-0.019931,0.053418,0.906910,-0.417449,-0.438844,0.004587,0.358433,0.491968,-0.090128,0.135834,-0.219094,-0.346811,0.011178,1.164627,-0.209708,0.245189,0.000734,-0.039533,0.062257,0.071411,0.138646,-0.427846,0.854571,0.545331,0.302270,0.057410,0.154689,-0.136376,-0.094125,0.684188,-0.581188,0.169781,-0.157036
-6.914598,-1.924782,0.747779,-0.023884,0.050956,0.913138,-0.403748,-0.481938,0.039159,0.379291,0.484757,-0.037561,0.134564,-0.133530,-0.288085,0.065323,0.981749,-0.252104,0.247643,0.011872,-0.030628,0.067668,0.046038,0.174832,-0.446452,0.859660,0.559688,0.315214,0.017511,0.131160,-0.154344,-0.048701,0.681023,-0.599107,0.170385,-0.124724
-6.902110,-1.897371,0.745005,-0.026038,0.044395,0.920187,-0.388082,-0.523382,0.086755,0.395932,0.470302,0.016723,0.130535,-0.081008,-0.253330,0.080390,0.822297,-0.455740,0.247600,0.023746,-0.018516,0.076043,0.023728,0.213837,-0.459052,0.857795,0.573805,0.328161,-0.001569,0.099887,-0.171175,-0.010709,0.680040,-0.624177,0.166857,-0.083923
-6.888857,-1.868856,0.740607,-0.026269,0.032109,0.928146,-0.369897,-0.569665,0.149929,0.407167,0.443469,0.055120,0.112968,-0.075577,-0.239836,0.024575,0.709337,-0.604724,0.243548,0.033880,-0.002342,0.086901,0.008698,0.249115,-0.452499,0.854018,0.583781,0.357438,0.020762,0.056755,-0.163113,0.018926,0.691098,-0.649370,0.170863,-0.056356
-6.876374,-1.842051,0.739768,-0.027065,0.017814,0.936823,-0.348300,-0.585917,0.218570,0.423355,0.395105,0.034497,0.053934,-0.113109,-0.190041,0.006086,0.664369,-0.661401,0.201098,0.031728,0.015762,0.093685,0.010303,0.252423,-0.420047,0.854593,0.573726,0.398150,0.079556,-0.000135,-0.132468,0.026613,0.717582,-0.663761,0.185238,-0.054359
-6.863545,-1.816408,0.744126,-0.025023,0.002697,0.945388,-0.324975,-0.585612,0.289093,0.456879,0.342968,-0.056680,0.036843,-0.178325,-0.112178,0.047374,0.674966,-0.640427,0.165641,0.019444,0.036175,0.098314,0.038401,0.241356,-0.365078,0.855393,0.534821,0.427163,0.140377,-0.046407,-0.097076,0.018204,0.746518,-0.669026,0.198935,-0.070360
-6.849974,-1.793504,0.746475,-0.023817,-0.007627,0.953598,-0.300044,-0.570965,0.345827,0.496664,0.328043,-0.116590,0.017998,-0.251253,-0.046996,0.090857,0.710469,-0.591296,0.144745,0.005935,0.056545,0.101794,0.068173,0.211986,-0.335657,0.862715,0.500071,0.442874,0.174779,-0.081261,-0.066507,0.007159,0.771700,-0.669606,0.212229,-0.099028
-6.836412,-1.773414,0.749855,-0.023687,-0.010203,0.959859,-0.279294,-0.560269,0.366466,0.481814,0.391362,-0.126493,0.034513,-0.299859,-0.009771,0.116546,0.715824,-0.538477,0.133472,-0.002990,0.069231,0.104240,0.081604,0.183284,-0.358736,0.882032,0.483163,0.435534,0.152406,-0.084128,-0.052646,-0.003237,0.776158,-0.669788,0.208588,-0.120235
-6.822666,-1.755219,0.754116,-0.021811,-0.011655,0.963260,-0.267431,-0.548652,0.369536,0.450529,0.510729,-0.146250,0.044033,-0.324717,0.013980,0.124177,0.692377,-0.485797,0.126078,-0.007860,0.076305,0.105322,0.069448,0.176117,-0.431706,0.909673,0.501474,0.403790,0.088691,-0.057859,-0.046946,-0.008908,0.759760,-0.667584,0.186017,-0.119753
-6.808657,-1.738070,0.758488,-0.020030,-0.012117,0.965919,-0.257783,-0.532474,0.379570,0.443262,0.668887,-0.173282,0.056901,-0.342208,0.033696,0.131218,0.657724,-0.433314,0.119045,-0.011445,0.081383,0.104497,0.045623,0.180925,-0.497044,0.926957,0.521711,0.372096,0.028583,-0.020909,-0.048674,-0.012323,0.736890,-0.663870,0.148052,-0.105768
-6.794474,-1.721601,0.762283,-0.019275,-0.011919,0.969007,-0.245993,-0.504757,0.395324,0.456451,0.832133,-0.207467,0.068657,-0.358950,0.054104,0.144533,0.618605,-0.377415,0.112529,-0.013138,0.087224,0.100979,0.020441,0.176534,-0.518424,0.927257,0.528546,0.374903,0.023667,0.018586,-0.058793,0.000351,0.714794,-0.661592,0.112254,-0.088816
-6.780417,-1.705500,0.764853,-0.018106,-0.010777,0.972461,-0.232111,-0.459364,0.408813,0.476326,0.980886,-0.237495,0.066202,-0.371789,0.075605,0.162603,0.577226,-0.321926,0.106058,-0.013785,0.092778,0.095980,-0.002103,0.180197,-0.559245,0.922167,0.574414,0.404552,0.028356,0.053815,-0.081469,0.018613,0.703283,-0.659739,0.090597,-0.066190
-6.766509,-1.689531,0.765672,-0.014900,-0.009635,0.975142,-0.220871,-0.406599,0.406204,0.480126,1.108507,-0.256780,0.072484,-0.379961,0.096427,0.177100,0.540916,-0.275144,0.099173,-0.013801,0.096351,0.090518,-0.025475,0.197411,-0.626749,0.915692,0.649405,0.419843,0.009254,0.087479,-0.112832,0.033185,0.702025,-0.659784,0.089681,-0.050015
-6.752536,-1.673164,0.765190,-0.010336,-0.008896,0.976568,-0.214779,-0.349959,0.390947,0.471093,1.207948,-0.265341,0.067372,-0.385014,0.114437,0.182922,0.506812,-0.233357,0.090669,-0.015814,0.097862,0.084998,-0.052922,0.210376,-0.674965,0.909743,0.699736,0.419926,-0.025394,0.118589,-0.137754,0.036115,0.707191,-0.658026,0.107034,-0.041781
-6.738148,-1.656246,0.763675,-0.006055,-0.009971,0.976714,-0.214228,-0.294705,0.368364,0.450489,1.273815,-0.264578,0.050612,-0.392029,0.130367,0.178588,0.473172,-0.190080,0.080646,-0.020958,0.098498,0.078853,-0.080651,0.215197,-0.671138,0.894876,0.693684,0.405993,-0.049312,0.138397,-0.149012,0.025894,0.707491,-0.655025,0.154474,-0.042400
-6.723119,-1.638920,0.761187,-0.002383,-0.011632,0.975882,-0.217974,-0.239474,0.336559,0.421987,1.301982,-0.267967,0.032355,-0.402916,0.142053,0.166552,0.441953,-0.146430,0.069833,-0.029005,0.099010,0.071516,-0.109128,0.214277,-0.638211,0.879740,0.647441,0.386013,-0.066686,0.167886,-0.150485,-0.009774,0.708183,-0.643783,0.202931,-0.060105
-6.707015,-1.621327,0.757606,0.000601,-0.013184,0.974121,-0.225640,-0.185732,0.293120,0.384239,1.288718,-0.261947,-0.012171,-0.422333,0.148083,0.148455,0.421040,-0.105051,0.061338,-0.038551,0.098858,0.064455,-0.142203,0.209518,-0.605880,0.866913,0.596234,0.369650,-0.073452,0.203768,-0.140429,-0.067488,0.707745,-0.619761,0.245380,-0.090877
-6.689683,-1.603434,0.753262,0.002902,-0.014632,0.971582,-0.236232,-0.136013,0.233468,0.330422,1.231039,-0.237571,-0.090049,-0.451081,0.148588,0.124749,0.411477,-0.065452,0.057068,-0.048707,0.096859,0.058510,-0.186780,0.204747,-0.594789,0.861243,0.566080,0.359617,-0.063859,0.250986,-0.122236,-0.139204,0.707701,-0.584540,0.266121,-0.128178
-6.671046,-1.585158,0.749445,0.003336,-0.015951,0.968399,-0.248874,-0.092322,0.164014,0.262518,1.131867,-0.198565,-0.138447,-0.487613,0.142846,0.097269,0.405506,-0.024449,0.058318,-0.059049,0.092795,0.053726,-0.233128,0.203703,-0.607893,0.846258,0.570271,0.349810,-0.038955,0.288806,-0.098491,-0.207268,0.704907,-0.548253,0.277308,-0.156701
-6.650579,-1.566226,0.749762,0.002063,-0.016857,0.964446,-0.263735,-0.047149,0.110147,0.207294,0.989336,-0.192054,-0.086753,-0.529994,0.129667,0.068240,0.389085,0.020262,0.060155,-0.069726,0.086914,0.050817,-0.277875,0.200566,-0.626238,0.822934,0.590788,0.345090,-0.002391,0.322075,-0.072141,-0.265420,0.700120,-0.510140,0.279600,-0.174460
-6.628764,-1.547157,0.746083,-0.000575,-0.017155,0.959754,-0.280317,-0.003982,0.087073,0.182647,0.853834,-0.366727,-0.043643,-0.563027,0.105152,0.034565,0.354388,0.072336,0.071128,-0.080907,0.078936,0.050386,-0.317396,0.189801,-0.636632,0.794634,0.608727,0.340742,0.034895,0.353038,-0.051203,-0.296501,0.698100,-0.489075,0.278809,-0.178365
-6.605811,-1.528139,0.739038,-0.004286,-0.011971,0.953895,-0.299870,0.013976,0.068903,0.182564,0.747449,-0.551607,-0.010426,-0.583560,0.057631,-0.008969,0.298127,0.116925,0.112210,-0.090588,0.066397,0.054960,-0.350165,0.164660,-0.635782,0.764545,0.613742,0.327011,0.076899,0.381950,-0.041163,-0.301180,0.696321,-0.490637,0.276112,-0.172403
-6.581522,-1.509684,0.731617,-0.009685,0.000074,0.948093,-0.317846,-0.002092,0.033185,0.186839,0.680777,-0.657144,0.026671,-0.600816,-0.010365,-0.057803,0.242483,0.107970,0.172022,-0.094973,0.046877,0.064324,-0.374935,0.127301,-0.622915,0.743330,0.599760,0.309937,0.114871,0.405539,-0.039111,-0.288856,0.699282,-0.504483,0.271951,-0.160744
-6.557768,-1.491167,0.730929,-0.015911,0.019514,0.943302,-0.330978,-0.053848,-0.019054,0.172132,0.686367,-0.671871,0.049631,-0.623247,-0.088234,-0.109462,0.215964,-0.007083,0.208260,-0.092589,0.018003,0.076714,-0.382783,0.084713,-0.599519,0.733524,0.572238,0.286225,0.151601,0.421803,-0.048895,-0.247248,0.716946,-0.543422,0.279063,-0.133773
-6.534979,-1.471099,0.730003,-0.018292,0.039226,0.940212,-0.337829,-0.117575,-0.050939,0.176613,0.733579,-0.642862,0.046878,-0.635023,-0.160960,-0.199039,0.230453,-0.103907,0.233019,-0.085565,-0.019339,0.090905,-0.366916,0.059611,-0.581814,0.738844,0.553231,0.264058,0.168375,0.432827,-0.060987,-0.172526,0.751563,-0.604132,0.279781,-0.075803
-6.513020,-1.450949,0.731745,-0.016972,0.051343,0.939862,-0.337246,-0.160987,-0.063576,0.189862,0.746169,-0.601229,0.041451,-0.635003,-0.221906,-0.315227,0.318104,-0.104203,0.210340,-0.074268,-0.051676,0.104418,-0.325359,0.058069,-0.566311,0.744930,0.548435,0.259301,0.167000,0.427012,-0.084759,-0.066391,0.802001,-0.689964,0.267947,0.019830
-6.492053,-1.431382,0.735560,-0.013289,0.061292,0.940552,-0.333810,-0.180970,-0.080160,0.195242,0.720796,-0.554936,0.047162,-0.642848,-0.258005,-0.308342,0.481855,-0.130529,0.148198,-0.065697,-0.068760,0.116485,-0.257678,0.056109,-0.545195,0.747471,0.547873,0.255075,0.165569,0.406364,-0.104505,0.015530,0.842082,-0.745590,0.248047,0.131570
-6.471634,-1.410854,0.739910,-0.010251,0.067262,0.941376,-0.330428,-0.204721,-0.088075,0.197684,0.692722,-0.502761,0.053417,-0.659095,-0.268694,-0.244607,0.683269,-0.164063,0.143593,-0.059456,-0.078806,0.125319,-0.179258,0.056761,-0.520082,0.752787,0.549710,0.251628,0.166291,0.383022,-0.127487,0.049509,0.859269,-0.765939,0.236319,0.228593
-6.452030,-1.388561,0.743785,-0.010073,0.068517,0.941296,-0.330401,-0.241538,-0.082462,0.196306,0.670388,-0.446185,0.049750,-0.670058,-0.258784,-0.173237,0.881049,-0.216427,0.160405,-0.054631,-0.086823,0.128493,-0.099303,0.057409,-0.488771,0.768646,0.539991,0.256408,0.169711,0.362724,-0.137050,0.029016,0.849722,-0.749993,0.249372,0.281926
-6.432951,-1.365194,0.746824,-0.012107,0.066069,0.940944,-0.331832,-0.283405,-0.069072,0.191326,0.643572,-0.389302,0.039921,-0.660472,-0.244853,-0.125884,1.051320,-0.274397,0.179307,-0.050531,-0.092700,0.126122,-0.027925,0.061487,-0.455277,0.803150,0.519848,0.274373,0.166118,0.348070,-0.136590,-0.012059,0.816515,-0.734296,0.269726,0.260060
-6.414013,-1.341639,0.748642,-0.014640,0.061715,0.940776,-0.333042,-0.325635,-0.053108,0.184452,0.613840,-0.332865,0.025070,-0.628466,-0.234267,-0.101249,1.187246,-0.325314,0.187620,-0.047036,-0.095105,0.119440,0.032988,0.074453,-0.429424,0.851745,0.499639,0.299905,0.153024,0.335151,-0.132922,-0.045114,0.777897,-0.730447,0.276719,0.188980
-6.395274,-1.318349,0.748801,-0.018228,0.058585,0.940274,-0.334843,-0.366757,-0.042171,0.177328,0.581351,-0.278658,0.002942,-0.579620,-0.214438,-0.071997,1.286217,-0.368441,0.202402,-0.043223,-0.095128,0.109898,0.081110,0.091147,-0.410816,0.913240,0.482126,0.335799,0.132863,0.324171,-0.131329,-0.072720,0.739418,-0.729592,0.269566,0.084598
-6.377050,-1.295104,0.747408,-0.023275,0.055707,0.938917,-0.338808,-0.410104,-0.034745,0.167898,0.548991,-0.226717,-0.026465,-0.514226,-0.174469,-0.038881,1.339494,-0.386851,0.244656,-0.035728,-0.094253,0.098135,0.113615,0.113031,-0.402998,0.980781,0.476760,0.386136,0.099861,0.317019,-0.129168,-0.094958,0.704957,-0.723301,0.253189,-0.021605
-6.359610,-1.271622,0.744943,-0.030138,0.051856,0.937113,-0.343834,-0.458808,-0.027425,0.156202,0.520334,-0.176043,-0.058679,-0.432065,-0.105372,-0.015708,1.331585,-0.362036,0.247405,-0.020496,-0.092235,0.084833,0.132835,0.143609,-0.405458,1.035226,0.484750,0.437382,0.047063,0.311397,-0.123502,-0.117842,0.673192,-0.702807,0.235376,-0.104336
-6.343183,-1.248038,0.742664,-0.036907,0.043265,0.933211,-0.354800,-0.512092,-0.020264,0.131890,0.493340,-0.123866,-0.089703,-0.331394,-0.028581,0.031850,1.243498,-0.272494,0.242708,-0.005964,-0.086605,0.071968,0.143883,0.190673,-0.427694,1.060534,0.518796,0.470833,-0.025151,0.306314,-0.113332,-0.141938,0.647157,-0.666459,0.213650,-0.142690
-6.328110,-1.223870,0.740642,-0.043670,0.033428,0.925488,-0.374764,-0.571067,-0.021725,0.096956,0.470918,-0.070627,-0.128542,-0.217694,0.061499,0.131853,1.069916,-0.324553,0.136378,-0.000409,-0.079346,0.060757,0.149497,0.250081,-0.436072,1.056697,0.555737,0.478343,-0.090933,0.299723,-0.099018,-0.158824,0.624715,-0.622326,0.191417,-0.149704
-6.313677,-1.198240,0.737884,-0.051321,0.023442,0.915878,-0.397472,-0.635045,-0.023475,0.069900,0.438921,-0.031228,-0.200453,-0.143583,0.096475,0.130061,0.884765,-0.539674,-0.040168,0.005443,-0.072001,0.053843,0.151010,0.308698,-0.395015,1.014948,0.566712,0.474134,-0.117884,0.290658,-0.088849,-0.165137,0.605332,-0.582831,0.167930,-0.144608
-6.301029,-1.172738,0.731030,-0.054171,0.010362,0.904206,-0.423519,-0.687692,-0.021450,0.059099,0.406063,-0.019388,-0.245629,-0.120784,0.095156,0.005839,0.745797,-0.684236,-0.132950,0.010694,-0.060660,0.054665,0.146654,0.356885,-0.291177,0.957655,0.542535,0.469058,-0.083867,0.280394,-0.079506,-0.156650,0.600754,-0.559191,0.150782,-0.139839
-6.289067,-1.146497,0.727622,-0.053593,-0.006309,0.889307,-0.454117,-0.740009,-0.018110,0.089875,0.386775,-0.059450,-0.247651,-0.141787,0.120441,-0.091306,0.677394,-0.741838,-0.189907,0.004654,-0.042277,0.060091,0.155108,0.382191,-0.162465,0.878518,0.496123,0.454321,0.010217,0.266151,-0.072218,-0.136958,0.614428,-0.552375,0.147967,-0.139768
-6.276766,-1.120909,0.726297,-0.050227,-0.021211,0.873512,-0.483741,-0.772858,0.040070,0.227064,0.397217,-0.109777,-0.247725,-0.207470,0.136324,-0.165421,0.698112,-0.729580,-0.207154,-0.006640,-0.016783,0.069205,0.170549,0.374899,-0.040050,0.807628,0.436045,0.415890,0.117155,0.251417,-0.079038,-0.105574,0.640407,-0.563149,0.159650,-0.135378
-6.264787,-1.096632,0.727531,-0.046417,-0.027985,0.859235,-0.508702,-0.774038,0.130508,0.375801,0.462800,-0.135338,-0.247680,-0.263132,0.123181,-0.233211,0.720503,-0.700803,-0.197622,-0.009292,0.006613,0.078180,0.173724,0.334731,0.031149,0.757525,0.392623,0.371895,0.205966,0.241793,-0.094015,-0.063019,0.667022,-0.591173,0.176664,-0.129080
-6.254649,-1.074096,0.731895,-0.043242,-0.029538,0.846443,-0.529897,-0.763639,0.183953,0.362434,0.560699,-0.148148,-0.246688,-0.286830,0.107083,-0.285096,0.697981,-0.662050,-0.195593,0.002050,0.016484,0.084618,0.163070,0.302546,0.029926,0.730297,0.392166,0.350374,0.244704,0.241927,-0.105455,-0.024585,0.692476,-0.626406,0.191100,-0.109340
-6.245955,-1.052680,0.737717,-0.040532,-0.028186,0.831737,-0.552971,-0.762378,0.179308,0.256305,0.676041,-0.168619,-0.230485,-0.295005,0.090206,-0.332793,0.654753,-0.619163,-0.206218,0.017551,0.017675,0.089007,0.133942,0.278965,-0.021561,0.725751,0.424521,0.344986,0.242096,0.253651,-0.104964,-0.001298,0.700518,-0.649828,0.197467,-0.092571
-6.237744,-1.032365,0.744001,-0.039209,-0.025251,0.817008,-0.574737,-0.748873,0.172059,0.164000,0.794322,-0.191596,-0.214923,-0.299769,0.067210,-0.378222,0.609079,-0.572908,-0.213764,0.029851,0.015698,0.090067,0.106296,0.275690,-0.089975,0.721627,0.475247,0.345303,0.188934,0.254230,-0.094650,0.008001,0.713646,-0.661594,0.194679,-0.079753
-6.229965,-1.012934,0.749969,-0.039976,-0.021280,0.803236,-0.593936,-0.714861,0.194426,0.124241,0.898040,-0.213435,-0.190492,-0.306171,0.039356,-0.418556,0.567526,-0.530436,-0.218482,0.037972,0.012257,0.088174,0.083131,0.264296,-0.154931,0.722589,0.529660,0.340698,0.129288,0.254850,-0.082953,0.009244,0.723373,-0.666256,0.189261,-0.071115
-6.223323,-0.993943,0.755643,-0.043276,-0.017185,0.788716,-0.612992,-0.658673,0.261387,0.152304,0.970940,-0.229971,-0.142151,-0.312167,0.010708,-0.458360,0.520874,-0.488540,-0.225104,0.042855,0.006870,0.083726,0.065043,0.239078,-0.199175,0.726159,0.569243,0.334956,0.079895,0.254793,-0.072860,0.005342,0.723976,-0.662727,0.183856,-0.067461
-6.217845,-0.975697,0.760942,-0.046337,-0.013519,0.774189,-0.631111,-0.586404,0.352413,0.217741,1.019666,-0.242077,-0.056731,-0.317238,-0.016444,-0.499062,0.479045,-0.452538,-0.232754,0.046799,0.000117,0.077874,0.054192,0.206352,-0.223852,0.731505,0.588406,0.329538,0.050653,0.254371,-0.069027,0.009203,0.717944,-0.663871,0.177218,-0.063486
-6.213351,-0.957978,0.768330,-0.047324,-0.011745,0.759283,-0.648931,-0.508389,0.440516,0.286667,1.050849,-0.234089,0.043723,-0.324072,-0.038023,-0.541142,0.443232,-0.426150,-0.238079,0.049778,-0.005441,0.071290,0.045600,0.178144,-0.249567,0.743620,0.607310,0.332197,0.038890,0.256060,-0.069548,0.019879,0.705806,-0.669166,0.165355,-0.064616
-6.209315,-0.940711,0.770997,-0.047429,-0.011770,0.743142,-0.667347,-0.428023,0.512407,0.348518,1.059412,-0.205819,0.099358,-0.332584,-0.059836,-0.583547,0.418609,-0.400623,-0.243022,0.050352,-0.008007,0.064504,0.034339,0.161691,-0.304285,0.764300,0.658885,0.342039,0.041085,0.259001,-0.074726,0.033512,0.690309,-0.674009,0.157042,-0.062573
-6.205160,-0.923379,0.770253,-0.048589,-0.011709,0.725523,-0.686380,-0.357258,0.547190,0.387139,1.045970,-0.187117,0.104404,-0.350170,-0.093052,-0.624326,0.416314,-0.372607,-0.246759,0.048140,-0.008906,0.059465,0.014842,0.158255,-0.404910,0.798792,0.772748,0.380810,0.052590,0.264963,-0.081903,0.038023,0.667485,-0.671115,0.153391,-0.062052
-6.200794,-0.905733,0.765221,-0.050600,-0.012021,0.706285,-0.706015,-0.301792,0.547943,0.406736,1.016144,-0.178680,0.096136,-0.374020,-0.137703,-0.666327,0.433343,-0.341072,-0.247348,0.042466,-0.009588,0.057030,-0.004723,0.146003,-0.493161,0.834442,0.871950,0.426557,0.047262,0.276938,-0.088970,0.027693,0.635219,-0.658010,0.147948,-0.069874
-6.196357,-0.887227,0.763429,-0.053901,-0.012669,0.685542,-0.725924,-0.255116,0.529664,0.423396,0.969628,-0.133231,0.061668,-0.400494,-0.186369,-0.709812,0.445475,-0.313408,-0.247449,0.032976,-0.010456,0.055941,-0.013529,0.120037,-0.520289,0.853288,0.895443,0.444223,0.038094,0.293649,-0.095140,0.006404,0.598482,-0.636656,0.149827,-0.075759
-6.191882,-0.867919,0.762170,-0.057637,-0.014399,0.664218,-0.745174,-0.214253,0.496330,0.436903,0.893576,-0.032088,-0.003555,-0.424438,-0.234270,-0.754324,0.446422,-0.282633,-0.247488,0.022012,-0.010052,0.055878,-0.019201,0.096524,-0.510742,0.865057,0.863774,0.426986,0.022598,0.312622,-0.098177,-0.021236,0.558782,-0.609277,0.149358,-0.083405
-6.187153,-0.847443,0.759280,-0.060029,-0.019177,0.641980,-0.764128,-0.172554,0.449760,0.454500,0.772266,-0.069202,-0.179363,-0.450159,-0.279201,-0.798993,0.442090,-0.249112,-0.247463,0.009245,-0.006104,0.056726,-0.030201,0.084454,-0.491283,0.881352,0.804590,0.389323,-0.011640,0.332568,-0.098067,-0.049383,0.520256,-0.584882,0.138037,-0.096889
-6.182914,-0.827644,0.757107,-0.066291,-0.020103,0.620909,-0.780816,-0.150673,0.390793,0.460161,0.652821,-0.192963,-0.243589,-0.476957,-0.333454,-0.828250,0.440846,-0.219863,-0.247565,-0.004015,-0.001725,0.059189,-0.045262,0.072895,-0.478888,0.902565,0.744048,0.353653,-0.057006,0.351887,-0.107375,-0.077049,0.483807,-0.579378,0.125359,-0.109626
-6.179769,-0.807582,0.754853,-0.074952,-0.018913,0.600566,-0.795830,-0.151339,0.329256,0.458795,0.565646,-0.289157,-0.246340,-0.524277,-0.393269,-0.825942,0.460169,-0.209373,-0.244741,-0.017048,-0.000431,0.063979,-0.062982,0.066705,-0.480415,0.920897,0.700958,0.325314,-0.094574,0.367491,-0.120461,-0.105196,0.450299,-0.591957,0.113018,-0.118468
-6.178832,-0.788665,0.749888,-0.082067,-0.016754,0.580114,-0.810217,-0.171136,0.274532,0.426186,0.508696,-0.339290,-0.238938,-0.589180,-0.430512,-0.746945,0.499471,-0.221291,-0.184392,-0.030868,-0.000828,0.070184,-0.080318,0.070910,-0.497181,0.932482,0.683870,0.309199,-0.106783,0.379429,-0.130057,-0.131118,0.420812,-0.625160,0.099849,-0.127117
-6.180179,-0.771590,0.750122,-0.087214,-0.012960,0.557358,-0.825577,-0.198555,0.224089,0.375916,0.467732,-0.326299,-0.224576,-0.654800,-0.442012,-0.601916,0.552660,-0.248298,-0.070293,-0.043858,-0.002327,0.075958,-0.095715,0.084448,-0.522969,0.940267,0.684226,0.304967,-0.092116,0.388719,-0.127104,-0.161404,0.404391,-0.662289,0.088098,-0.141382
-6.183844,-0.755636,0.752131,-0.089154,-0.010007,0.533502,-0.841027,-0.224199,0.183274,0.328109,0.428451,-0.283261,-0.205273,-0.704726,-0.436823,-0.456504,0.641151,-0.264721,-0.023644,-0.052493,-0.004469,0.078338,-0.108209,0.111002,-0.547725,0.948715,0.691426,0.305459,-0.059900,0.391635,-0.105086,-0.194837,0.410129,-0.678238,0.082067,-0.151201
-6.190107,-0.740775,0.752952,-0.088556,-0.007627,0.512508,-0.854070,-0.259244,0.158087,0.283797,0.419958,-0.247904,-0.187926,-0.732060,-0.433458,-0.366878,0.775837,-0.298408,0.003404,-0.056153,-0.006736,0.079518,-0.114778,0.148350,-0.557405,0.953589,0.695418,0.319958,-0.025047,0.389222,-0.081211,-0.216206,0.430421,-0.686247,0.074210,-0.146713
-6.198608,-0.726977,0.751725,-0.086087,-0.006781,0.490008,-0.867430,-0.311175,0.142009,0.233550,0.443567,-0.225434,-0.176274,-0.750183,-0.419721,-0.288765,0.942750,-0.334909,0.015399,-0.059805,-0.006380,0.081314,-0.118089,0.188206,-0.548772,0.946338,0.689851,0.339757,-0.003753,0.384230,-0.070087,-0.224989,0.446821,-0.701678,0.070614,-0.125793
-6.209023,-0.714312,0.748883,-0.081326,-0.005573,0.463847,-0.882157,-0.366523,0.125809,0.175264,0.474884,-0.206855,-0.172284,-0.759954,-0.379749,-0.200043,1.120325,-0.368936,0.056025,-0.063609,-0.004763,0.083365,-0.118196,0.230357,-0.525800,0.920923,0.675750,0.353041,0.005502,0.379659,-0.068239,-0.226374,0.449863,-0.714899,0.063297,-0.103169
-6.220910,-0.702878,0.745173,-0.076584,-0.004219,0.435461,-0.896934,-0.416908,0.103535,0.114405,0.495278,-0.184367,-0.172224,-0.751453,-0.312458,-0.114437,1.279088,-0.393476,0.134318,-0.064706,-0.003577,0.083929,-0.118074,0.272501,-0.491396,0.881740,0.650552,0.352109,0.012309,0.375301,-0.071314,-0.224579,0.447677,-0.722984,0.057315,-0.089508
-6.234058,-0.692630,0.741025,-0.073337,-0.003205,0.408322,-0.909881,-0.461194,0.077952,0.058769,0.503473,-0.156254,-0.174877,-0.720850,-0.216257,-0.039025,1.396668,-0.411492,0.225876,-0.061193,-0.003478,0.082244,-0.117194,0.308569,-0.441720,0.837217,0.609205,0.342475,0.027997,0.369456,-0.079119,-0.218290,0.443211,-0.727122,0.055223,-0.080458
-6.248299,-0.683433,0.736914,-0.071310,-0.003651,0.384565,-0.920332,-0.500296,0.054187,0.010982,0.498924,-0.122523,-0.182992,-0.668436,-0.091620,-0.000280,1.456408,-0.410050,0.246815,-0.048805,-0.004715,0.077931,-0.116224,0.338424,-0.389137,0.793073,0.564923,0.332226,0.056845,0.360330,-0.088721,-0.208948,0.441893,-0.723484,0.060756,-0.072884
-6.263452,-0.675500,0.733374,-0.067349,-0.005377,0.362016,-0.929720,-0.533194,0.036443,-0.035478,0.483955,-0.085936,-0.200527,-0.596072,0.022138,0.020701,1.452189,-0.367645,0.247579,-0.031542,-0.003788,0.072195,-0.113661,0.362652,-0.340979,0.750794,0.529164,0.323354,0.095425,0.350871,-0.099333,-0.193214,0.443476,-0.719242,0.072267,-0.067985
-6.279176,-0.668727,0.731099,-0.059921,-0.008360,0.337972,-0.939210,-0.559090,0.023925,-0.084258,0.457891,-0.047056,-0.227451,-0.503656,0.115749,0.050744,1.361335,-0.291010,0.244668,-0.016912,0.001247,0.066193,-0.109999,0.380038,-0.295411,0.711474,0.497457,0.316494,0.128277,0.340244,-0.107987,-0.170406,0.445804,-0.717330,0.082295,-0.062484
-6.294958,-0.662705,0.730374,-0.047788,-0.011399,0.303519,-0.951558,-0.577102,0.005738,-0.138682,0.418569,-0.007107,-0.246339,-0.392312,0.191143,0.157473,1.182332,-0.354295,0.176611,-0.017618,0.010164,0.060080,-0.107374,0.387114,-0.264578,0.680019,0.479972,0.312393,0.162303,0.336090,-0.110065,-0.145434,0.440124,-0.713678,0.090362,-0.053676
-6.312603,-0.656416,0.727526,-0.044161,-0.011034,0.271686,-0.961309,-0.603804,-0.022014,-0.156528,0.385631,0.022201,-0.247642,-0.306843,0.195704,0.139960,1.039493,-0.554834,-0.061501,-0.016394,0.014167,0.056420,-0.107811,0.390575,-0.234608,0.652253,0.464731,0.310233,0.180112,0.325827,-0.119552,-0.124426,0.434014,-0.714722,0.098766,-0.050013
-6.331044,-0.651752,0.722038,-0.041315,-0.010823,0.244858,-0.968618,-0.622453,-0.019512,-0.136494,0.344468,0.036187,-0.247354,-0.251930,0.158231,0.029181,0.897290,-0.711720,-0.193357,-0.011434,0.015807,0.055444,-0.105910,0.389266,-0.204053,0.631154,0.453777,0.313657,0.196090,0.303210,-0.125328,-0.101474,0.431731,-0.715671,0.107294,-0.053251
-6.351069,-0.647385,0.720460,-0.033554,-0.012064,0.222440,-0.974294,-0.644949,0.044302,-0.050497,0.315790,-0.004533,-0.238687,-0.257643,0.166464,-0.027876,0.844928,-0.732600,-0.231765,-0.011565,0.021385,0.059616,-0.091906,0.381109,-0.157933,0.617125,0.434347,0.322259,0.215322,0.263066,-0.122350,-0.073003,0.440635,-0.712131,0.115987,-0.061282
-6.371559,-0.642620,0.719231,-0.025970,-0.012991,0.209074,-0.977469,-0.657871,0.138250,0.156552,0.317289,-0.110632,-0.099096,-0.307017,0.172342,-0.068191,0.866872,-0.700501,-0.230534,-0.014949,0.036104,0.068678,-0.053834,0.356921,-0.100522,0.611340,0.411384,0.338991,0.247618,0.209001,-0.125207,-0.039670,0.465313,-0.707253,0.127968,-0.070198
-6.390621,-0.638625,0.719804,-0.019754,-0.012354,0.194459,-0.980634,-0.630116,0.234499,0.407810,0.318218,-0.183320,-0.045803,-0.336638,0.164377,-0.111154,0.865680,-0.675516,-0.226413,-0.018917,0.051570,0.074275,0.000404,0.319568,-0.052484,0.616607,0.393722,0.355208,0.278541,0.152064,-0.134482,-0.007037,0.505950,-0.704868,0.148159,-0.070614
-6.409463,-0.637046,0.723071,-0.015084,-0.008817,0.174657,-0.984474,-0.610122,0.286930,0.483391,0.368789,-0.180332,0.000473,-0.338898,0.158658,-0.150769,0.824514,-0.640538,-0.232244,-0.014601,0.055691,0.078460,0.039692,0.279159,-0.053086,0.648102,0.394133,0.383191,0.287098,0.121677,-0.139622,0.013809,0.539865,-0.703932,0.151712,-0.068775
-6.428320,-0.637079,0.726905,-0.013084,-0.002840,0.150876,-0.988462,-0.623090,0.301455,0.398701,0.488304,-0.185954,0.034351,-0.337225,0.150391,-0.187933,0.783845,-0.603455,-0.242057,-0.003164,0.049809,0.082708,0.053678,0.250965,-0.107598,0.713863,0.418503,0.414986,0.263069,0.109494,-0.135460,0.027979,0.560650,-0.704029,0.145027,-0.069196
-6.446602,-0.637664,0.731452,-0.014459,0.001928,0.126108,-0.991909,-0.633938,0.302152,0.300102,0.635432,-0.201738,0.034212,-0.336889,0.132182,-0.223089,0.742722,-0.566234,-0.246683,0.006562,0.040332,0.083894,0.062095,0.239453,-0.199157,0.795896,0.461053,0.443379,0.189155,0.112885,-0.130641,0.033261,0.574868,-0.699515,0.133243,-0.068589
-6.464382,-0.638711,0.736884,-0.018381,0.004723,0.098573,-0.994949,-0.628707,0.312943,0.247880,0.785430,-0.211248,0.024839,-0.333757,0.103217,-0.261987,0.692526,-0.527782,-0.247612,0.010998,0.029417,0.081804,0.067894,0.237691,-0.317395,0.879414,0.521968,0.451560,0.066912,0.124293,-0.127197,0.034383,0.585704,-0.694279,0.126929,-0.061559
-6.482157,-0.640575,0.742139,-0.022936,0.006297,0.066358,-0.997512,-0.607327,0.340159,0.238482,0.930265,-0.224112,0.023376,-0.330811,0.068324,-0.309946,0.640741,-0.488238,-0.247698,0.012397,0.017711,0.077641,0.073253,0.238088,-0.417975,0.947218,0.574817,0.441309,-0.066150,0.141522,-0.124464,0.034129,0.593020,-0.686082,0.124857,-0.050322
-6.499796,-0.643459,0.746556,-0.028234,0.007192,0.030566,-0.999108,-0.572449,0.375811,0.252722,1.065400,-0.232364,0.043816,-0.328135,0.028618,-0.366253,0.592611,-0.451979,-0.247715,0.013470,0.005711,0.071815,0.081340,0.233874,-0.464273,0.992554,0.598637,0.444113,-0.149430,0.161390,-0.126739,0.039158,0.597815,-0.686381,0.126089,-0.035125
-6.517313,-0.647159,0.749698,-0.032639,0.006974,-0.005295,-0.999429,-0.528319,0.405254,0.262897,1.179810,-0.241997,0.059146,-0.328291,-0.010631,-0.426937,0.551048,-0.419860,-0.247719,0.015518,-0.005090,0.064318,0.095650,0.227970,-0.462042,1.014377,0.594586,0.455579,-0.181150,0.182473,-0.131199,0.046612,0.601781,-0.689510,0.128778,-0.017205
-6.534912,-0.651586,0.751482,-0.036283,0.004648,-0.038216,-0.998600,-0.474084,0.431536,0.278776,1.264220,-0.237890,0.065778,-0.335788,-0.046309,-0.484143,0.517097,-0.390572,-0.247723,0.016304,-0.013719,0.055762,0.117442,0.225101,-0.429225,1.012569,0.575213,0.460178,-0.172830,0.201546,-0.137837,0.056283,0.604481,-0.692869,0.129957,0.001263
-6.552707,-0.656571,0.751884,-0.038793,0.001024,-0.069432,-0.996832,-0.406702,0.458544,0.309494,1.312976,-0.225355,0.064156,-0.350224,-0.079885,-0.537930,0.492728,-0.365721,-0.247725,0.014739,-0.019837,0.047075,0.143109,0.226006,-0.384979,0.995849,0.551580,0.453019,-0.140865,0.220384,-0.145676,0.063815,0.607278,-0.693109,0.130179,0.013013
-6.570930,-0.662191,0.751240,-0.040360,-0.002945,-0.099691,-0.994195,-0.332439,0.477359,0.347508,1.323896,-0.191654,0.070497,-0.368373,-0.112344,-0.590022,0.474194,-0.340738,-0.247731,0.011215,-0.024368,0.039563,0.168064,0.225781,-0.332681,0.972571,0.521006,0.436334,-0.102905,0.239927,-0.153120,0.066885,0.610652,-0.693862,0.135289,0.015314
-6.589974,-0.668116,0.749851,-0.039342,-0.007270,-0.129611,-0.990757,-0.257905,0.490680,0.390423,1.300558,-0.159467,0.068143,-0.390381,-0.144216,-0.642100,0.460875,-0.309256,-0.247732,0.004240,-0.027172,0.034210,0.186767,0.227968,-0.285013,0.948711,0.496700,0.423890,-0.061470,0.257634,-0.155129,0.064247,0.614355,-0.694737,0.145274,0.009693
-6.610024,-0.674400,0.748241,-0.038254,-0.011624,-0.159352,-0.986412,-0.190412,0.479872,0.423270,1.236752,-0.122478,0.038956,-0.410488,-0.177397,-0.693742,0.441452,-0.269894,-0.247731,-0.005147,-0.029278,0.031004,0.191347,0.230732,-0.258643,0.930325,0.488868,0.412418,-0.023886,0.277775,-0.151634,0.051089,0.612196,-0.690782,0.152565,-0.002039
-6.631376,-0.681162,0.745887,-0.037052,-0.016372,-0.188209,-0.981293,-0.128016,0.447602,0.446071,1.130005,-0.077586,-0.028002,-0.429949,-0.207866,-0.744296,0.412016,-0.227082,-0.247730,-0.016510,-0.030942,0.029546,0.179327,0.233437,-0.254393,0.920907,0.496126,0.402751,0.004523,0.300037,-0.143292,0.028742,0.603058,-0.683545,0.153545,-0.018796
-6.654507,-0.688483,0.741546,-0.033348,-0.021309,-0.216785,-0.975417,-0.070793,0.397943,0.457141,0.973727,-0.148765,-0.191853,-0.451851,-0.230978,-0.797186,0.372664,-0.185323,-0.247728,-0.028080,-0.031664,0.031161,0.148083,0.238649,-0.269898,0.922647,0.517232,0.406259,0.018818,0.325701,-0.127536,-0.001880,0.584332,-0.673193,0.148022,-0.037576
-6.677825,-0.696122,0.740442,-0.034781,-0.025768,-0.243031,-0.969052,-0.036786,0.332586,0.450710,0.825546,-0.349076,-0.244661,-0.474312,-0.251679,-0.839819,0.315838,-0.153613,-0.247308,-0.038652,-0.034436,0.036287,0.101571,0.238796,-0.300075,0.932428,0.545859,0.404308,0.014169,0.354398,-0.117495,-0.036709,0.550805,-0.663745,0.132714,-0.056828
-6.701237,-0.705028,0.736169,-0.041994,-0.029906,-0.266525,-0.962448,-0.023604,0.282253,0.469051,0.712041,-0.471691,-0.245157,-0.503472,-0.266196,-0.848119,0.258227,-0.151801,-0.238090,-0.047134,-0.042190,0.045231,0.042735,0.220459,-0.336953,0.950785,0.572963,0.402983,0.002023,0.376251,-0.109980,-0.068237,0.510789,-0.663419,0.125813,-0.077997
-6.724075,-0.714358,0.732712,-0.052202,-0.032245,-0.286343,-0.956161,-0.044569,0.235652,0.460217,0.659504,-0.516889,-0.229265,-0.531647,-0.280263,-0.781151,0.215519,-0.176469,-0.096057,-0.051779,-0.054800,0.055982,-0.015103,0.205464,-0.377323,0.970528,0.598671,0.398242,-0.006993,0.397325,-0.102681,-0.096904,0.480884,-0.665063,0.111676,-0.096077
-6.744906,-0.725685,0.732197,-0.062064,-0.030742,-0.305990,-0.949512,-0.099423,0.206121,0.419525,0.684205,-0.505633,-0.211336,-0.566675,-0.283854,-0.626684,0.221263,-0.211486,0.116802,-0.055808,-0.069332,0.067962,-0.063727,0.199262,-0.419002,0.986133,0.626937,0.396847,-0.011810,0.414994,-0.094775,-0.111812,0.473984,-0.674572,0.102344,-0.107345
-6.764779,-0.738396,0.734262,-0.063639,-0.028221,-0.322147,-0.944126,-0.154276,0.194746,0.388337,0.704095,-0.472229,-0.192539,-0.600701,-0.262510,-0.460355,0.281290,-0.194595,0.162798,-0.057483,-0.079791,0.077280,-0.096416,0.204671,-0.448429,0.983297,0.647677,0.388243,-0.003969,0.414776,-0.088929,-0.102031,0.491984,-0.689603,0.099589,-0.095888
-6.782336,-0.752247,0.737680,-0.066703,-0.025562,-0.333499,-0.940040,-0.183036,0.176370,0.368783,0.683946,-0.437661,-0.174790,-0.641509,-0.253420,-0.342086,0.452836,-0.212500,0.143552,-0.054239,-0.083769,0.082341,-0.105779,0.208436,-0.465171,0.959081,0.658993,0.372021,0.006440,0.404284,-0.104830,-0.074123,0.515786,-0.719741,0.099978,-0.057723
-6.798219,-0.767568,0.741639,-0.070035,-0.023604,-0.343593,-0.936206,-0.200686,0.154643,0.351231,0.640988,-0.396657,-0.157821,-0.671046,-0.265961,-0.289401,0.671417,-0.245165,0.115080,-0.048609,-0.085188,0.084138,-0.097199,0.205505,-0.458779,0.916413,0.652376,0.353994,0.028437,0.389939,-0.126273,-0.054536,0.531029,-0.736264,0.104242,-0.007766
-6.812889,-0.784887,0.744960,-0.070561,-0.022539,-0.359982,-0.930014,-0.228713,0.135664,0.319258,0.599580,-0.346531,-0.144598,-0.679104,-0.304353,-0.281287,0.894734,-0.288858,0.082558,-0.044562,-0.086450,0.082835,-0.085654,0.195249,-0.446300,0.868563,0.632120,0.325715,0.050468,0.382388,-0.134633,-0.062890,0.526641,-0.717823,0.115073,0.028560
-6.826627,-0.803898,0.746566,-0.068579,-0.021544,-0.383904,-0.920571,-0.268991,0.117539,0.271716,0.567650,-0.294131,-0.137511,-0.674440,-0.326906,-0.247780,1.101705,-0.328440,0.044643,-0.046320,-0.086034,0.079736,-0.075422,0.196519,-0.441476,0.825910,0.609853,0.290500,0.051774,0.370203,-0.141947,-0.078219,0.524170,-0.692650,0.128987,0.042366
-6.839506,-0.824189,0.745919,-0.064514,-0.021202,-0.414233,-0.907634,-0.322180,0.097308,0.212415,0.547826,-0.242955,-0.136373,-0.659078,-0.305742,-0.182049,1.275266,-0.363474,0.061123,-0.050621,-0.084172,0.075524,-0.079441,0.198715,-0.452478,0.793223,0.593809,0.264230,0.043004,0.367107,-0.150023,-0.088648,0.516264,-0.689542,0.140429,0.029871
-6.851492,-0.845168,0.743154,-0.059528,-0.022669,-0.445507,-0.893010,-0.382957,0.073521,0.152010,0.536448,-0.194368,-0.142889,-0.624770,-0.248838,-0.112329,1.401440,-0.391994,0.126598,-0.051424,-0.082110,0.068962,-0.093490,0.205900,-0.480309,0.768349,0.591725,0.245761,0.028682,0.367885,-0.153917,-0.098598,0.512077,-0.693464,0.151601,0.002077
-6.862560,-0.866340,0.738947,-0.053193,-0.024649,-0.475015,-0.878023,-0.444850,0.050183,0.097491,0.529343,-0.149297,-0.157578,-0.566060,-0.170364,-0.057489,1.469392,-0.398273,0.205042,-0.046085,-0.079273,0.060728,-0.112040,0.216139,-0.512125,0.749478,0.600267,0.239780,0.016691,0.368471,-0.150880,-0.110980,0.517120,-0.688596,0.163585,-0.032032
-6.872630,-0.887503,0.734147,-0.045559,-0.025873,-0.500565,-0.864112,-0.502113,0.031266,0.051257,0.521934,-0.107691,-0.179992,-0.484145,-0.094812,-0.045648,1.473058,-0.365347,0.245832,-0.032884,-0.074571,0.051655,-0.126280,0.224415,-0.531098,0.733140,0.607299,0.242804,0.012078,0.366642,-0.145551,-0.117491,0.533375,-0.679819,0.176136,-0.052732
-6.881803,-0.908696,0.729926,-0.036158,-0.024054,-0.522824,-0.851334,-0.549306,0.019226,0.009476,0.508201,-0.065533,-0.209961,-0.386589,-0.022455,-0.054546,1.407657,-0.278815,0.246104,-0.016589,-0.066485,0.043464,-0.130071,0.230164,-0.528340,0.718358,0.604858,0.255555,0.022936,0.359529,-0.141276,-0.113538,0.558603,-0.672954,0.189682,-0.049850
-6.890168,-0.929921,0.727045,-0.026702,-0.019697,-0.549169,-0.835052,-0.586441,0.002238,-0.032515,0.484791,-0.024254,-0.239256,-0.282436,0.055313,0.009364,1.268606,-0.254148,0.210744,-0.010219,-0.055759,0.037294,-0.126934,0.234135,-0.510280,0.706934,0.592232,0.267956,0.035953,0.346805,-0.142937,-0.098300,0.586244,-0.675461,0.196089,-0.031584
-6.899012,-0.952821,0.726826,-0.020471,-0.016786,-0.571452,-0.820209,-0.621104,-0.015263,-0.048734,0.448469,0.010331,-0.247251,-0.185873,0.099121,0.015982,1.090103,-0.417729,0.000142,-0.004010,-0.045450,0.033175,-0.116741,0.233707,-0.474680,0.698980,0.571820,0.283177,0.058655,0.328788,-0.152957,-0.074613,0.609076,-0.692200,0.198615,-0.008984
-6.907044,-0.976656,0.720650,-0.016343,-0.016211,-0.585796,-0.810132,-0.651431,-0.016569,-0.041829,0.410286,0.020409,-0.246794,-0.123428,0.074545,-0.084125,0.939885,-0.641410,-0.129767,0.008369,-0.035281,0.031881,-0.102250,0.228455,-0.421342,0.698704,0.542064,0.299565,0.098465,0.300205,-0.162953,-0.051699,0.625851,-0.706919,0.195279,0.002077
-6.915426,-1.002101,0.715965,-0.010176,-0.016949,-0.594904,-0.803554,-0.679641,0.008366,-0.006680,0.365998,-0.018212,-0.228514,-0.109576,0.063866,-0.170251,0.830303,-0.770153,-0.182839,0.020262,-0.023178,0.032323,-0.081235,0.213570,-0.339852,0.710572,0.487720,0.323236,0.150028,0.255356,-0.167387,-0.025552,0.646800,-0.720075,0.193654,-0.010431
-6.923089,-1.027753,0.715372,-0.001120,-0.014379,-0.598795,-0.800772,-0.690844,0.063374,0.094667,0.323999,-0.095454,-0.135611,-0.156179,0.089852,-0.178068,0.820976,-0.785529,-0.207438,0.024496,-0.005026,0.037727,-0.047317,0.199578,-0.251739,0.734405,0.437693,0.361646,0.222483,0.194078,-0.160609,0.003345,0.680872,-0.730246,0.200776,-0.029313
-6.931410,-1.053080,0.715888,0.005953,-0.007533,-0.598366,-0.801165,-0.675407,0.146090,0.276063,0.298790,-0.181976,-0.050810,-0.216127,0.102959,-0.190557,0.854551,-0.751663,-0.214430,0.023779,0.021198,0.046923,0.005235,0.180906,-0.182127,0.765879,0.392095,0.395505,0.286050,0.128968,-0.147912,0.030395,0.719534,-0.733999,0.210594,-0.047613
-6.939140,-1.077001,0.719799,0.007587,-0.002437,-0.602327,-0.798210,-0.654544,0.208824,0.416449,0.337160,-0.184512,-0.031165,-0.246500,0.099266,-0.208400,0.845697,-0.711878,-0.211080,0.021196,0.044148,0.056601,0.047306,0.164121,-0.182574,0.826063,0.377439,0.432525,0.295816,0.088107,-0.142956,0.045272,0.742424,-0.734949,0.213874,-0.051877
-6.945582,-1.100111,0.725687,0.006127,0.004370,-0.615601,-0.788022,-0.648867,0.236111,0.407437,0.443107,-0.194843,0.012732,-0.252392,0.091959,-0.236948,0.808151,-0.668420,-0.210429,0.023184,0.055191,0.065963,0.063659,0.168326,-0.290955,0.916403,0.426050,0.464654,0.203185,0.076707,-0.129284,0.041084,0.741061,-0.725653,0.196777,-0.054904
-6.951753,-1.122951,0.732460,0.003814,0.008982,-0.630265,-0.776319,-0.653533,0.256451,0.358404,0.594503,-0.212533,0.039520,-0.258379,0.079732,-0.266167,0.764937,-0.617963,-0.213150,0.025262,0.060414,0.072950,0.070442,0.199099,-0.462392,1.002762,0.520902,0.451328,0.027318,0.085354,-0.113985,0.033730,0.720356,-0.713823,0.164433,-0.071043
-6.958236,-1.145220,0.739873,-0.000276,0.008723,-0.639886,-0.768420,-0.646529,0.277007,0.313812,0.748623,-0.237614,0.038978,-0.267839,0.059017,-0.285994,0.719095,-0.563847,-0.213985,0.026635,0.062697,0.076271,0.085741,0.232111,-0.592180,1.050992,0.592420,0.402171,-0.149262,0.098771,-0.102204,0.032408,0.696402,-0.700519,0.125790,-0.082334
-6.964679,-1.167226,0.747284,-0.005940,0.004436,-0.648977,-0.760772,-0.627388,0.291146,0.280740,0.893062,-0.254574,0.032348,-0.279469,0.030256,-0.302292,0.670979,-0.508472,-0.213631,0.028713,0.061988,0.076706,0.110693,0.253909,-0.636254,1.062972,0.608277,0.376317,-0.277068,0.115181,-0.095655,0.034966,0.673372,-0.690963,0.098118,-0.084204
-6.970403,-1.188933,0.753650,-0.012800,0.000108,-0.663060,-0.748457,-0.591949,0.308573,0.269758,1.026597,-0.270054,0.036576,-0.287081,-0.005316,-0.327667,0.625703,-0.458344,-0.214019,0.030978,0.058769,0.075259,0.135373,0.269388,-0.624172,1.056618,0.593039,0.387319,-0.345471,0.141236,-0.090959,0.031871,0.649964,-0.682024,0.083157,-0.072897
-6.975195,-1.210566,0.758586,-0.018477,-0.003255,-0.681720,-0.731373,-0.542095,0.343011,0.282952,1.140693,-0.273379,0.045686,-0.293414,-0.044277,-0.365735,0.585412,-0.411378,-0.215805,0.033241,0.053867,0.071694,0.154360,0.288807,-0.587926,1.035060,0.572269,0.402419,-0.344612,0.172963,-0.080941,0.016133,0.625737,-0.666282,0.076518,-0.055230
-6.978714,-1.232083,0.762308,-0.021946,-0.006047,-0.702125,-0.711690,-0.479359,0.392244,0.307669,1.222255,-0.270492,0.068206,-0.298159,-0.080576,-0.411578,0.543519,-0.362831,-0.218520,0.034371,0.049368,0.065634,0.167738,0.308170,-0.531455,1.007803,0.543146,0.413816,-0.294630,0.205682,-0.071270,-0.003000,0.604498,-0.661048,0.079192,-0.045335
-6.981359,-1.253417,0.764470,-0.022935,-0.006694,-0.722088,-0.691388,-0.411308,0.447020,0.328417,1.273129,-0.254383,0.086722,-0.302659,-0.110907,-0.460250,0.504879,-0.316181,-0.218713,0.033814,0.046948,0.057677,0.176455,0.327673,-0.468423,0.978119,0.514750,0.413405,-0.214832,0.234779,-0.059760,-0.022681,0.590965,-0.659475,0.085639,-0.045012
-6.983453,-1.274612,0.765109,-0.021989,-0.005296,-0.741304,-0.670788,-0.336353,0.501968,0.349852,1.283302,-0.229598,0.099669,-0.307038,-0.136696,-0.510642,0.470023,-0.271381,-0.218204,0.030090,0.047091,0.048249,0.180618,0.341885,-0.401351,0.947247,0.486652,0.413190,-0.122725,0.256259,-0.050039,-0.041044,0.591293,-0.657659,0.095410,-0.056984
-6.985369,-1.295951,0.764075,-0.020286,-0.001478,-0.760770,-0.648703,-0.263613,0.550650,0.364325,1.257946,-0.188995,0.085077,-0.312753,-0.163555,-0.563601,0.447925,-0.232184,-0.219028,0.022326,0.048869,0.039433,0.176222,0.348863,-0.351698,0.918589,0.471607,0.412951,-0.034283,0.271188,-0.045671,-0.057709,0.607392,-0.661108,0.110751,-0.081903
-6.987309,-1.317904,0.761600,-0.018312,0.003535,-0.781076,-0.624158,-0.193611,0.588232,0.377786,1.191231,-0.140501,0.053732,-0.320442,-0.196248,-0.620213,0.437973,-0.197537,-0.221361,0.010365,0.051564,0.032597,0.159132,0.350627,-0.331745,0.894591,0.474258,0.410319,0.033591,0.282471,-0.041536,-0.079409,0.634711,-0.668294,0.135367,-0.107855
-6.989575,-1.340972,0.757842,-0.015625,0.008889,-0.801724,-0.597425,-0.130029,0.615612,0.391813,1.086831,-0.065797,0.016780,-0.332676,-0.237237,-0.677555,0.440965,-0.165370,-0.224285,-0.003817,0.055042,0.028690,0.125900,0.348834,-0.338472,0.878346,0.489177,0.410328,0.068064,0.291639,-0.034199,-0.110770,0.662016,-0.669526,0.166897,-0.131721
-6.992153,-1.365581,0.753203,-0.013318,0.012964,-0.821638,-0.569707,-0.085729,0.587525,0.352088,0.943618,-0.012692,-0.101845,-0.348261,-0.287437,-0.730252,0.449446,-0.130463,-0.231919,-0.016634,0.057324,0.028380,0.070694,0.345227,-0.361082,0.870946,0.505204,0.402657,0.062752,0.298449,-0.025627,-0.147803,0.670398,-0.656959,0.196604,-0.159183
-6.994777,-1.392363,0.746744,-0.010726,0.014613,-0.841671,-0.539686,-0.069977,0.489817,0.252176,0.814098,-0.192427,-0.240932,-0.368683,-0.349332,-0.779894,0.458087,-0.091226,-0.238549,-0.030384,0.056108,0.031009,0.004790,0.332587,-0.398502,0.866796,0.525876,0.397998,0.035503,0.300953,-0.014367,-0.185080,0.664349,-0.640508,0.218371,-0.189428
-6.997508,-1.420378,0.741170,-0.009462,0.009609,-0.861793,-0.507081,-0.082736,0.404073,0.193238,0.727758,-0.384998,-0.247394,-0.389342,-0.421945,-0.819056,0.452124,-0.048726,-0.245162,-0.048543,0.048820,0.035248,-0.070038,0.303853,-0.436944,0.871543,0.540638,0.401025,0.005130,0.311360,-0.007496,-0.222529,0.648227,-0.619860,0.214052,-0.214054
-6.997583,-1.447502,0.737004,-0.010202,-0.001504,-0.878439,-0.477743,-0.120905,0.348037,0.172816,0.684971,-0.484143,-0.247709,-0.415687,-0.483431,-0.833617,0.416165,-0.040838,-0.224913,-0.060514,0.036743,0.039595,-0.144155,0.260439,-0.474676,0.885075,0.548662,0.393344,-0.006578,0.331671,-0.007146,-0.259976,0.636502,-0.603653,0.186848,-0.225487
-6.995806,-1.472557,0.736650,-0.010196,-0.011423,-0.891053,-0.453641,-0.193393,0.293776,0.122004,0.704102,-0.481186,-0.247719,-0.437652,-0.505137,-0.794795,0.362203,-0.096837,-0.140996,-0.064169,0.021075,0.043883,-0.198965,0.225132,-0.506740,0.898278,0.559099,0.389325,0.001250,0.341428,0.003718,-0.290886,0.636820,-0.595290,0.171247,-0.221752
-6.992036,-1.496400,0.737626,-0.007885,-0.013945,-0.901182,-0.433145,-0.271747,0.263572,0.082256,0.744948,-0.447051,-0.247698,-0.444547,-0.490285,-0.732026,0.318160,-0.130589,-0.059447,-0.063884,0.006186,0.045863,-0.231823,0.213760,-0.537343,0.903346,0.572645,0.380643,0.000923,0.344481,0.025056,-0.302504,0.655822,-0.598536,0.161968,-0.204401
-6.986448,-1.518136,0.742019,-0.004741,-0.013096,-0.908596,-0.417444,-0.315526,0.241630,0.056740,0.730621,-0.396884,-0.247339,-0.449415,-0.459719,-0.645523,0.351096,-0.117168,-0.047864,-0.062032,-0.002241,0.045322,-0.235849,0.217050,-0.554440,0.884594,0.581178,0.362698,0.000915,0.335276,0.035351,-0.297225,0.684810,-0.611182,0.155511,-0.186638
-6.979281,-1.538120,0.747620,-0.004296,-0.012373,-0.914859,-0.403560,-0.331971,0.215141,0.035623,0.680842,-0.351720,-0.243462,-0.468615,-0.429564,-0.527343,0.478347,-0.133129,-0.043273,-0.061104,-0.005366,0.045140,-0.214351,0.223084,-0.553740,0.843270,0.582812,0.338847,0.006297,0.321854,0.030116,-0.297455,0.703586,-0.615963,0.146890,-0.186084
-6.970377,-1.557350,0.752206,-0.003969,-0.012367,-0.920838,-0.389729,-0.351740,0.185142,0.012163,0.635670,-0.303390,-0.233230,-0.488429,-0.409568,-0.446489,0.660962,-0.172423,-0.006775,-0.058917,-0.009958,0.045147,-0.179534,0.232464,-0.542614,0.790261,0.582758,0.316795,0.019474,0.308354,0.010162,-0.291581,0.714810,-0.635121,0.139957,-0.203027
-6.959870,-1.575813,0.754373,-0.002428,-0.013211,-0.927599,-0.373337,-0.383074,0.152538,-0.017521,0.604252,-0.255962,-0.222493,-0.495342,-0.399049,-0.406082,0.852324,-0.229809,0.031367,-0.056119,-0.017621,0.043850,-0.139843,0.244237,-0.520916,0.736034,0.572532,0.288061,0.040854,0.299488,-0.016809,-0.276023,0.717260,-0.665035,0.133301,-0.207727
-6.948094,-1.593819,0.753978,-0.001263,-0.013996,-0.935370,-0.353390,-0.418724,0.116295,-0.051641,0.579973,-0.210206,-0.213953,-0.496531,-0.373984,-0.354021,1.034976,-0.279016,0.050191,-0.054703,-0.025904,0.042683,-0.103116,0.257279,-0.503033,0.695468,0.557629,0.258186,0.059454,0.299071,-0.045340,-0.258210,0.706912,-0.686702,0.131467,-0.189633
-6.935229,-1.611548,0.751283,-0.000936,-0.015798,-0.942832,-0.332894,-0.455484,0.076372,-0.084593,0.561362,-0.168475,-0.208700,-0.489239,-0.326065,-0.293876,1.187805,-0.329168,0.082984,-0.051169,-0.034423,0.041577,-0.078507,0.274765,-0.498120,0.674665,0.549478,0.243325,0.065305,0.305367,-0.074861,-0.239117,0.685338,-0.693437,0.126575,-0.156893
-6.921182,-1.629029,0.747079,-0.000141,-0.018896,-0.949155,-0.314240,-0.493870,0.036909,-0.111541,0.544221,-0.126427,-0.207694,-0.474724,-0.252775,-0.227433,1.297968,-0.377447,0.167595,-0.043049,-0.042613,0.040177,-0.066503,0.291639,-0.495977,0.671182,0.545497,0.241820,0.062193,0.314031,-0.107795,-0.216634,0.658963,-0.688845,0.119506,-0.125916
-6.906050,-1.646053,0.742312,0.002096,-0.020733,-0.954271,-0.298216,-0.532406,0.004923,-0.133262,0.524141,-0.080082,-0.211080,-0.447360,-0.155244,-0.169079,1.354329,-0.398406,0.243637,-0.029886,-0.049921,0.037966,-0.060352,0.306180,-0.485068,0.682893,0.547139,0.254788,0.060715,0.320178,-0.141840,-0.185907,0.638908,-0.684526,0.115166,-0.099259
-6.889834,-1.662260,0.737341,0.004937,-0.020678,-0.957617,-0.287258,-0.569796,-0.014081,-0.146857,0.503859,-0.032968,-0.223029,-0.406226,-0.045976,-0.153305,1.354966,-0.372680,0.247359,-0.009946,-0.054777,0.035239,-0.054386,0.314624,-0.454456,0.707856,0.546177,0.288026,0.068144,0.319315,-0.172549,-0.150156,0.627710,-0.682700,0.116312,-0.074774
-6.873079,-1.677760,0.733351,0.008518,-0.014968,-0.961042,-0.275866,-0.601011,-0.022256,-0.162421,0.476531,0.012503,-0.242119,-0.347594,0.065430,-0.115250,1.278945,-0.288286,0.242576,0.006051,-0.054185,0.032472,-0.044906,0.314339,-0.393598,0.737225,0.528821,0.330480,0.095886,0.310748,-0.194189,-0.110594,0.620051,-0.687015,0.122046,-0.052454
-6.855467,-1.693429,0.731386,0.011578,-0.006101,-0.966196,-0.257477,-0.626895,-0.034895,-0.169875,0.435133,0.053284,-0.247493,-0.275567,0.149546,-0.016575,1.127798,-0.319055,0.133569,0.006773,-0.048901,0.030509,-0.035040,0.304914,-0.320631,0.767281,0.508132,0.384396,0.140150,0.301177,-0.208532,-0.070223,0.603391,-0.703950,0.127272,-0.032539
-6.836748,-1.708775,0.725979,0.011769,-0.004818,-0.969085,-0.246398,-0.650923,-0.044363,-0.140480,0.398236,0.079790,-0.247711,-0.215416,0.150433,-0.039157,1.003081,-0.521796,-0.062300,0.009302,-0.043926,0.031004,-0.013813,0.301593,-0.244244,0.783870,0.490173,0.422340,0.177836,0.277386,-0.230946,-0.033822,0.589762,-0.724507,0.128048,-0.016666
-6.816392,-1.723880,0.719264,0.013639,-0.001477,-0.970074,-0.242423,-0.668271,-0.021162,-0.085646,0.345837,0.076509,-0.247593,-0.180056,0.123494,-0.130132,0.888379,-0.684584,-0.149804,0.014212,-0.037828,0.033160,0.012216,0.299150,-0.181071,0.788208,0.484314,0.449890,0.206270,0.245228,-0.243934,0.000452,0.572541,-0.740137,0.120037,-0.017039
-6.794351,-1.739072,0.715357,0.017089,0.003585,-0.969976,-0.242571,-0.687791,0.042144,-0.008609,0.303687,0.006479,-0.244200,-0.193646,0.130358,-0.160625,0.829480,-0.753581,-0.183554,0.017097,-0.029093,0.039012,0.047314,0.298418,-0.136616,0.781326,0.488142,0.464613,0.205300,0.204313,-0.246419,0.032576,0.558015,-0.743659,0.109787,-0.032889
-6.772343,-1.754015,0.714125,0.019267,0.013349,-0.968920,-0.246261,-0.699225,0.125803,0.126997,0.294899,-0.103571,-0.168176,-0.248971,0.151011,-0.161466,0.849925,-0.738033,-0.198555,0.016963,-0.013206,0.049804,0.093967,0.297748,-0.108431,0.765629,0.493481,0.465411,0.181486,0.163112,-0.240188,0.062637,0.553574,-0.732594,0.100177,-0.047454
-6.751335,-1.769048,0.714906,0.017236,0.023462,-0.969764,-0.242304,-0.699107,0.201603,0.297148,0.330386,-0.172287,-0.087896,-0.291321,0.151552,-0.183528,0.867245,-0.701068,-0.193274,0.015068,0.006965,0.062604,0.135024,0.285766,-0.115288,0.752274,0.501978,0.460717,0.132259,0.139496,-0.232625,0.075091,0.559231,-0.720698,0.091249,-0.061393
-6.731333,-1.783351,0.719143,0.012150,0.031845,-0.973332,-0.226856,-0.693849,0.250582,0.386018,0.430315,-0.179749,-0.036028,-0.301785,0.139296,-0.216965,0.839943,-0.657738,-0.178491,0.015954,0.022768,0.073355,0.154104,0.280855,-0.164993,0.765054,0.521770,0.443244,0.056847,0.147191,-0.220525,0.074914,0.556764,-0.707809,0.087236,-0.073440
-6.711725,-1.797247,0.725146,0.005526,0.038731,-0.978048,-0.204675,-0.699703,0.277383,0.377368,0.589518,-0.201792,0.013355,-0.298497,0.124493,-0.250820,0.793360,-0.610596,-0.168171,0.019919,0.031247,0.081197,0.146375,0.286504,-0.234873,0.797328,0.546654,0.423026,-0.045098,0.176577,-0.199532,0.065292,0.546555,-0.689025,0.079779,-0.082915
-6.692168,-1.811775,0.732010,-0.000919,0.040958,-0.981430,-0.187396,-0.707355,0.291831,0.325180,0.771187,-0.220839,0.040083,-0.298845,0.105374,-0.271213,0.745999,-0.555180,-0.162396,0.025529,0.035168,0.085015,0.130998,0.290402,-0.297330,0.833038,0.576392,0.412522,-0.143000,0.206684,-0.181402,0.061317,0.542347,-0.679065,0.073769,-0.081562
-6.672828,-1.827353,0.739315,-0.005369,0.038566,-0.983112,-0.178815,-0.701196,0.299549,0.265695,0.937950,-0.246571,0.035302,-0.304031,0.082950,-0.275347,0.694105,-0.491085,-0.157688,0.029359,0.036018,0.085338,0.123154,0.279537,-0.322418,0.850476,0.593476,0.417016,-0.202606,0.223581,-0.167898,0.065570,0.551096,-0.675842,0.073462,-0.070838
-6.653601,-1.843761,0.745878,-0.008977,0.033877,-0.984424,-0.172279,-0.676488,0.307550,0.218041,1.083974,-0.266082,0.019440,-0.311015,0.055597,-0.275535,0.642212,-0.427062,-0.149331,0.032065,0.034777,0.083630,0.126098,0.262297,-0.326428,0.848614,0.609991,0.422391,-0.216937,0.231574,-0.157915,0.072446,0.572877,-0.674107,0.083569,-0.050586
-6.634245,-1.860519,0.750762,-0.011800,0.028893,-0.985875,-0.164551,-0.636266,0.315551,0.176435,1.205000,-0.278008,0.007086,-0.320408,0.025227,-0.279088,0.594642,-0.366945,-0.138911,0.033447,0.032498,0.080460,0.139650,0.248069,-0.314143,0.835449,0.619709,0.409542,-0.193705,0.236515,-0.156953,0.085426,0.600802,-0.682671,0.103612,-0.018498
-6.614715,-1.877463,0.753357,-0.014086,0.025722,-0.987419,-0.155384,-0.582055,0.321359,0.134266,1.297147,-0.289496,-0.005224,-0.333364,-0.004841,-0.287910,0.556093,-0.312387,-0.128002,0.033819,0.030757,0.075785,0.148172,0.231129,-0.295148,0.821671,0.620875,0.394407,-0.152475,0.240599,-0.155643,0.098976,0.628089,-0.701240,0.121682,0.001016
-6.594855,-1.894580,0.753738,-0.015132,0.023397,-0.988770,-0.146827,-0.514682,0.318632,0.088313,1.351016,-0.293616,-0.044501,-0.353423,-0.033598,-0.296292,0.526957,-0.261297,-0.117549,0.032468,0.030539,0.069918,0.146983,0.213220,-0.272725,0.816626,0.613180,0.378828,-0.111635,0.245375,-0.149597,0.110786,0.647671,-0.722389,0.131896,-0.008311
-6.574603,-1.912127,0.751813,-0.015046,0.022557,-0.989879,-0.139298,-0.435340,0.298121,0.036808,1.361820,-0.280224,-0.112840,-0.382971,-0.060540,-0.302773,0.511692,-0.214808,-0.108639,0.027974,0.031533,0.063702,0.139823,0.202971,-0.258948,0.816888,0.609353,0.367537,-0.090694,0.251676,-0.140111,0.103239,0.666835,-0.730132,0.139043,-0.053548
-6.553932,-1.930326,0.748190,-0.014325,0.021629,-0.990809,-0.132761,-0.341992,0.258095,-0.014304,1.325534,-0.249253,-0.211288,-0.420553,-0.089528,-0.306990,0.508215,-0.172345,-0.100334,0.018858,0.031894,0.057680,0.126601,0.202537,-0.264849,0.820128,0.625414,0.362002,-0.080156,0.259072,-0.121403,0.073456,0.683955,-0.708801,0.137825,-0.113366
-6.532728,-1.949287,0.744121,-0.013240,0.018767,-0.991796,-0.125753,-0.241158,0.193410,-0.056379,1.244003,-0.185086,-0.245489,-0.463027,-0.124080,-0.307789,0.510263,-0.129464,-0.094789,0.004121,0.029258,0.052202,0.107204,0.208247,-0.287503,0.825049,0.653922,0.358349,-0.082877,0.264891,-0.098487,0.027846,0.700632,-0.664810,0.139869,-0.165817
-6.510952,-1.969413,0.741144,-0.010840,0.014526,-0.992394,-0.121760,-0.136155,0.122955,-0.126442,1.107035,-0.144051,-0.232358,-0.508237,-0.158267,-0.301508,0.505677,-0.080710,-0.088474,-0.009368,0.023643,0.047484,0.079299,0.217419,-0.315619,0.830806,0.680552,0.356540,-0.098406,0.268234,-0.076848,-0.017609,0.709729,-0.615240,0.145563,-0.194659
-6.487901,-1.991004,0.741982,-0.007362,0.008873,-0.992818,-0.119080,-0.047374,0.077274,-0.161995,0.934134,-0.308500,-0.132509,-0.548094,-0.192703,-0.295341,0.466444,-0.031199,-0.068318,-0.021995,0.016385,0.043802,0.046884,0.226217,-0.343163,0.829937,0.703445,0.352706,-0.111419,0.263913,-0.059242,-0.051762,0.707734,-0.572761,0.153594,-0.200782
-6.465064,-2.013006,0.738333,-0.005176,-0.001595,-0.993158,-0.116649,-0.004496,0.061105,-0.107316,0.798245,-0.507207,-0.105675,-0.570293,-0.227868,-0.282787,0.398669,-0.006498,-0.040540,-0.034555,0.006440,0.043859,0.007069,0.225316,-0.367699,0.833433,0.719660,0.345847,-0.115416,0.264543,-0.058894,-0.074459,0.691734,-0.549104,0.151983,-0.192153
-6.441764,-2.036067,0.736239,-0.003622,-0.017978,-0.992915,-0.117406,0.007746,0.025522,-0.022545,0.692768,-0.614868,-0.063373,-0.589804,-0.266540,-0.263677,0.321899,-0.048012,-0.020435,-0.041519,-0.007713,0.046168,-0.032906,0.213050,-0.378584,0.839885,0.726192,0.345670,-0.094599,0.270096,-0.074323,-0.085879,0.670089,-0.552626,0.138938,-0.183970
-6.418182,-2.058678,0.732684,-0.003078,-0.038592,-0.991314,-0.125687,-0.011962,-0.039141,0.023140,0.641024,-0.643803,-0.024407,-0.599725,-0.308948,-0.267143,0.254603,-0.139092,-0.032273,-0.038229,-0.026069,0.048323,-0.069486,0.196642,-0.375622,0.852962,0.719989,0.348359,-0.060428,0.285508,-0.096377,-0.095041,0.650767,-0.571598,0.122514,-0.175947
-6.394174,-2.079860,0.733519,-0.002584,-0.053402,-0.989330,-0.135529,-0.063085,-0.092491,0.048484,0.644975,-0.624673,-0.000136,-0.611078,-0.348428,-0.308428,0.257257,-0.176213,-0.062946,-0.029732,-0.046682,0.049975,-0.091180,0.196047,-0.368369,0.861030,0.716730,0.352716,-0.024053,0.291946,-0.102593,-0.092413,0.651290,-0.599728,0.118445,-0.175334
-6.370067,-2.099600,0.736768,-0.005219,-0.060077,-0.987914,-0.142791,-0.114094,-0.120454,0.075317,0.659536,-0.577351,0.014323,-0.630893,-0.362787,-0.265037,0.371572,-0.171372,-0.067734,-0.027916,-0.059386,0.052972,-0.090003,0.202079,-0.347096,0.858706,0.702653,0.357080,0.013421,0.291625,-0.099024,-0.079605,0.672534,-0.627723,0.121752,-0.176486
-6.346514,-2.117823,0.741519,-0.009761,-0.062134,-0.986944,-0.148275,-0.145617,-0.138389,0.094449,0.647703,-0.528206,0.031093,-0.647345,-0.348188,-0.156406,0.551770,-0.182746,-0.058491,-0.029829,-0.062033,0.055500,-0.067483,0.206395,-0.318915,0.843179,0.681417,0.358459,0.045653,0.290296,-0.097439,-0.063035,0.701914,-0.646885,0.126041,-0.159402
-6.322685,-2.135240,0.746602,-0.011699,-0.063745,-0.985792,-0.154963,-0.174234,-0.155290,0.109934,0.618346,-0.477146,0.052996,-0.654836,-0.336402,-0.082927,0.744735,-0.214140,-0.015600,-0.029150,-0.059805,0.055968,-0.036451,0.206122,-0.293913,0.817710,0.662531,0.353789,0.066969,0.285627,-0.103432,-0.054196,0.720012,-0.655257,0.134226,-0.137030
-6.297866,-2.152019,0.751570,-0.008557,-0.063478,-0.985247,-0.158701,-0.209571,-0.165601,0.120685,0.577880,-0.419353,0.072170,-0.649811,-0.337475,-0.053984,0.919988,-0.249798,0.031403,-0.027466,-0.055959,0.053244,-0.009071,0.202214,-0.273840,0.788335,0.642788,0.337720,0.076200,0.280134,-0.106345,-0.063219,0.717620,-0.640140,0.133957,-0.124585
-6.272128,-2.168032,0.755210,-0.002499,-0.062245,-0.985501,-0.157819,-0.253213,-0.171773,0.125086,0.539936,-0.358413,0.086849,-0.628474,-0.350673,-0.055979,1.072988,-0.289867,0.049479,-0.027498,-0.052451,0.047220,0.012993,0.197432,-0.260605,0.763024,0.619540,0.315831,0.082133,0.280627,-0.112642,-0.075186,0.702833,-0.629032,0.130384,-0.118829
-6.246152,-2.183841,0.757105,0.005375,-0.060111,-0.986462,-0.152480,-0.302146,-0.177748,0.124281,0.505964,-0.296865,0.099807,-0.590496,-0.363986,-0.070589,1.198052,-0.325460,0.039179,-0.029491,-0.049334,0.039262,0.027212,0.195842,-0.265796,0.748012,0.604175,0.298810,0.075578,0.284642,-0.118416,-0.089215,0.684035,-0.631371,0.133856,-0.119186
-6.220435,-2.199678,0.756933,0.013616,-0.058180,-0.987728,-0.144299,-0.355004,-0.186934,0.121099,0.480519,-0.238878,0.111810,-0.537184,-0.360726,-0.079851,1.289409,-0.354482,0.055000,-0.031534,-0.045837,0.030394,0.033240,0.198897,-0.291219,0.743052,0.605975,0.294216,0.063431,0.289648,-0.113678,-0.117215,0.665430,-0.624666,0.143291,-0.122102
-6.195157,-2.215871,0.755126,0.022953,-0.057337,-0.988805,-0.135834,-0.409634,-0.200101,0.120155,0.455245,-0.180717,0.124800,-0.472972,-0.332102,-0.079866,1.336041,-0.371304,0.113734,-0.030448,-0.042071,0.021087,0.032282,0.200205,-0.326144,0.744142,0.612535,0.289806,0.046267,0.290856,-0.104132,-0.152661,0.650305,-0.605151,0.154578,-0.131665
-6.170425,-2.232251,0.752500,0.032039,-0.055184,-0.989591,-0.128990,-0.460568,-0.210876,0.121417,0.427807,-0.122318,0.138518,-0.393709,-0.279750,-0.079037,1.323692,-0.370371,0.201596,-0.023510,-0.036750,0.012752,0.027378,0.201603,-0.362478,0.752264,0.624437,0.294533,0.023410,0.286956,-0.094048,-0.179049,0.645307,-0.583755,0.165273,-0.141818
-6.146278,-2.248678,0.749902,0.040356,-0.050708,-0.989966,-0.125567,-0.506364,-0.214870,0.125383,0.399349,-0.064036,0.150792,-0.305674,-0.220803,-0.091202,1.249593,-0.301600,0.244750,-0.010802,-0.028160,0.006878,0.022403,0.200641,-0.387742,0.763443,0.633535,0.306275,0.002605,0.274973,-0.090039,-0.184986,0.652389,-0.573716,0.174830,-0.144875
-6.122722,-2.265208,0.748606,0.048206,-0.042476,-0.990058,-0.125130,-0.541525,-0.209880,0.129458,0.360375,-0.004227,0.159141,-0.212895,-0.173924,-0.109678,1.109184,-0.159635,0.237447,0.002816,-0.016079,0.003310,0.023604,0.197313,-0.392923,0.771867,0.633481,0.319009,-0.010619,0.251314,-0.093933,-0.162228,0.670199,-0.587771,0.186679,-0.131648
-6.099045,-2.281229,0.748349,0.055487,-0.037412,-0.989175,-0.130590,-0.582770,-0.198970,0.145276,0.336011,0.045947,0.156909,-0.114650,-0.150220,-0.141636,0.904205,-0.213413,0.169579,0.016933,-0.004291,0.002619,0.033909,0.191440,-0.383399,0.774817,0.628292,0.331650,-0.014947,0.215489,-0.109690,-0.117560,0.691285,-0.619504,0.194114,-0.102293
-6.075991,-2.296859,0.745291,0.062186,-0.029395,-0.987529,-0.141617,-0.619073,-0.173560,0.164149,0.308818,0.077542,0.120793,-0.039189,-0.136814,-0.188841,0.706663,-0.417073,0.139917,0.030965,0.007177,0.004597,0.053633,0.191966,-0.364692,0.769501,0.622258,0.341306,-0.010094,0.164286,-0.122715,-0.055935,0.715572,-0.663294,0.194431,-0.063051
-6.052767,-2.312987,0.743360,0.068489,-0.016067,-0.984841,-0.158555,-0.665171,-0.126758,0.184352,0.295861,0.059617,0.006166,-0.006469,-0.106521,-0.208089,0.549529,-0.547485,0.130270,0.041199,0.021652,0.010035,0.081020,0.198931,-0.336700,0.763178,0.608702,0.346505,0.006980,0.100857,-0.125936,-0.000637,0.736297,-0.703271,0.188961,-0.027703
-6.032017,-2.330213,0.743520,0.072691,-0.003171,-0.979529,-0.187695,-0.709137,-0.068667,0.192673,0.310870,-0.009962,-0.168186,-0.008257,-0.078748,-0.184631,0.450213,-0.616082,0.126341,0.046209,0.039008,0.016807,0.127949,0.200922,-0.309305,0.763965,0.587985,0.354552,0.026278,0.031753,-0.121450,0.034412,0.761860,-0.736346,0.185846,-0.006510
-6.013847,-2.348382,0.744259,0.072945,0.012467,-0.972976,-0.218728,-0.737932,-0.028901,0.185009,0.357237,-0.090224,-0.244246,-0.023984,-0.049017,-0.130394,0.398833,-0.608626,0.133522,0.041643,0.057085,0.024647,0.173283,0.197077,-0.300232,0.787194,0.571157,0.375184,0.023948,-0.017665,-0.091535,0.042965,0.773545,-0.751799,0.179120,-0.023440
-5.997513,-2.367681,0.748493,0.071422,0.023483,-0.967164,-0.242780,-0.770705,0.014968,0.143090,0.486839,-0.103330,-0.247553,-0.040192,-0.032081,-0.083049,0.354136,-0.548032,0.148743,0.033133,0.072042,0.032351,0.201613,0.193252,-0.330391,0.831847,0.574837,0.393270,-0.014483,-0.051059,-0.055024,0.033025,0.777429,-0.744740,0.176566,-0.065390
-5.982054,-2.388723,0.752216,0.070264,0.029395,-0.961605,-0.263655,-0.800493,0.061865,0.121721,0.676477,-0.143053,-0.247300,-0.081752,-0.029556,-0.041830,0.353728,-0.498844,0.162708,0.023802,0.083413,0.037228,0.213536,0.191423,-0.386846,0.893957,0.590397,0.406080,-0.083899,-0.057562,-0.027894,0.019127,0.764356,-0.722588,0.152313,-0.100966
-5.967544,-2.410995,0.755134,0.069870,0.030260,-0.954361,-0.288787,-0.816484,0.095243,0.085232,0.877843,-0.179669,-0.240089,-0.142210,-0.033471,0.003670,0.374702,-0.450837,0.171885,0.017920,0.087484,0.040602,0.218375,0.191024,-0.449148,0.949818,0.609631,0.401818,-0.192232,-0.045479,-0.014581,0.025945,0.736098,-0.706353,0.110136,-0.110134
-5.954476,-2.434254,0.756634,0.069468,0.028000,-0.944011,-0.321300,-0.811644,0.106806,0.037525,1.060153,-0.208656,-0.230351,-0.207351,-0.035287,0.065079,0.391492,-0.402689,0.183093,0.013882,0.086476,0.043114,0.228175,0.188682,-0.475396,0.977777,0.606948,0.394934,-0.299579,-0.029972,-0.015218,0.059502,0.702033,-0.696421,0.068418,-0.090724
-5.943065,-2.457810,0.755920,0.068584,0.024753,-0.931283,-0.356925,-0.780546,0.111430,-0.001907,1.213302,-0.238365,-0.234188,-0.267699,-0.029955,0.140232,0.398008,-0.364975,0.204209,0.009460,0.082722,0.044936,0.242458,0.189446,-0.477211,0.979982,0.598541,0.389004,-0.375830,-0.018714,-0.031936,0.117500,0.663536,-0.690545,0.025439,-0.061411
-5.933132,-2.481206,0.752896,0.067522,0.023521,-0.918104,-0.389838,-0.722774,0.090045,-0.039431,1.326867,-0.262524,-0.247018,-0.323378,-0.015717,0.211970,0.405491,-0.336032,0.229469,0.002149,0.078550,0.045254,0.260605,0.193323,-0.453679,0.963174,0.585758,0.386853,-0.388279,-0.012922,-0.059476,0.184780,0.631249,-0.683711,-0.007476,-0.029790
-5.924416,-2.504313,0.748477,0.066771,0.024772,-0.905850,-0.417569,-0.636600,0.038844,-0.063104,1.387821,-0.283550,-0.247681,-0.375243,0.006556,0.271317,0.416960,-0.306734,0.245649,-0.011938,0.074695,0.044366,0.277297,0.197471,-0.417822,0.940928,0.575282,0.392396,-0.336332,-0.011465,-0.094283,0.252941,0.605400,-0.678606,-0.024959,-0.010707
-5.916638,-2.526821,0.744034,0.065134,0.025219,-0.894049,-0.442491,-0.523112,-0.032563,-0.100266,1.383651,-0.280637,-0.247409,-0.422122,0.033205,0.323096,0.429675,-0.276130,0.247614,-0.027683,0.069170,0.042548,0.287929,0.203774,-0.392294,0.924133,0.577043,0.391752,-0.230757,-0.011534,-0.128254,0.304615,0.591083,-0.670236,-0.033936,0.000270
-5.909943,-2.549154,0.740296,0.061086,0.023970,-0.881095,-0.468364,-0.384843,-0.098792,-0.163263,1.299018,-0.248307,-0.239632,-0.462369,0.060864,0.375407,0.440931,-0.243960,0.247714,-0.038493,0.060350,0.040387,0.282745,0.197616,-0.381063,0.923307,0.587650,0.405005,-0.103762,-0.011413,-0.164247,0.336102,0.594338,-0.663281,-0.017969,0.004123
-5.904295,-2.571705,0.737902,0.055765,0.021784,-0.865299,-0.497668,-0.239956,-0.141117,-0.259812,1.132127,-0.279941,-0.076304,-0.494468,0.091271,0.432671,0.442334,-0.207447,0.247711,-0.038298,0.050392,0.039357,0.255852,0.185628,-0.402098,0.935291,0.614684,0.419751,-0.008706,-0.006408,-0.195069,0.333392,0.606778,-0.650033,0.021635,0.008218
-5.899650,-2.595349,0.734689,0.052626,0.021583,-0.853757,-0.517555,-0.152255,-0.118256,-0.220915,0.971706,-0.494647,0.094710,-0.513555,0.106854,0.477165,0.411505,-0.158301,0.247597,-0.043507,0.042852,0.042137,0.203971,0.178050,-0.435168,0.950391,0.639936,0.433297,0.026612,0.003759,-0.216395,0.290102,0.616654,-0.637334,0.077084,-0.004686
-5.896237,-2.622278,0.732244,0.048828,0.019224,-0.846370,-0.530004,-0.125419,-0.088902,-0.107229,0.864890,-0.635578,0.178243,-0.527341,0.083481,0.502938,0.337472,-0.099632,0.245002,-0.050745,0.035007,0.050013,0.131001,0.172370,-0.467462,0.959305,0.653240,0.436843,0.015675,0.023669,-0.226097,0.200856,0.615199,-0.626055,0.131224,-0.057332
-5.893834,-2.650809,0.729356,0.044121,0.012876,-0.839513,-0.541392,-0.133207,-0.096474,-0.020709,0.795491,-0.688641,0.226538,-0.556510,-0.007452,0.419518,0.257934,-0.064399,0.184882,-0.048287,0.020889,0.060054,0.051294,0.170301,-0.474097,0.955025,0.644182,0.427533,-0.002939,0.062281,-0.202164,0.054647,0.603143,-0.581273,0.171419,-0.156847
-5.891452,-2.679152,0.729399,0.037315,0.003377,-0.828058,-0.559390,-0.172596,-0.121375,0.031316,0.785286,-0.677034,0.239329,-0.588646,-0.124977,0.139480,0.229593,-0.128458,0.016896,-0.033552,-0.003641,0.070005,-0.018398,0.178436,-0.453174,0.936161,0.623368,0.422744,-0.002451,0.104422,-0.145171,-0.106393,0.585321,-0.495425,0.192889,-0.266810
-5.889078,-2.706823,0.730137,0.030340,-0.003287,-0.811671,-0.583317,-0.223830,-0.122868,0.100307,0.804679,-0.643354,0.235451,-0.591396,-0.250828,-0.245993,0.248933,-0.179441,0.023893,-0.017510,-0.030037,0.077444,-0.056898,0.202879,-0.400213,0.899544,0.591449,0.403868,0.030586,0.134580,-0.078937,-0.237697,0.574363,-0.390477,0.202870,-0.354850
-5.888465,-2.732811,0.733162,0.023638,-0.002837,-0.796515,-0.604150,-0.245525,-0.112971,0.158596,0.791216,-0.608890,0.233857,-0.585799,-0.318273,-0.371972,0.355790,-0.181907,0.003813,-0.017334,-0.042462,0.083191,-0.055989,0.223175,-0.333374,0.841295,0.560948,0.388615,0.082481,0.156825,-0.045293,-0.290898,0.591859,-0.328427,0.207673,-0.403932
-5.889548,-2.757529,0.737378,0.016113,0.000888,-0.780731,-0.624659,-0.246033,-0.110134,0.200659,0.751303,-0.577245,0.240494,-0.602103,-0.323726,-0.281120,0.525872,-0.195344,0.014811,-0.025296,-0.043306,0.087859,-0.032648,0.228955,-0.259778,0.777622,0.535287,0.366612,0.150733,0.179979,-0.063794,-0.274369,0.618729,-0.330171,0.229411,-0.397042
-5.891399,-2.782043,0.742063,0.010678,0.006466,-0.760649,-0.649043,-0.246297,-0.097840,0.247176,0.708620,-0.542976,0.246567,-0.617398,-0.291283,-0.153770,0.707895,-0.213430,0.077023,-0.030929,-0.040278,0.089151,0.008711,0.228850,-0.189479,0.713937,0.514614,0.336542,0.213693,0.196053,-0.107855,-0.204616,0.652317,-0.376279,0.255553,-0.326517
-5.893346,-2.806770,0.747382,0.008584,0.012360,-0.737594,-0.675077,-0.251004,-0.070464,0.302627,0.664623,-0.496314,0.247600,-0.613890,-0.250737,-0.064128,0.874160,-0.238778,0.120571,-0.032485,-0.035927,0.086931,0.053489,0.225385,-0.128372,0.660903,0.496431,0.303513,0.259481,0.206673,-0.161421,-0.122228,0.681844,-0.446885,0.260567,-0.206143
-5.895728,-2.831686,0.752206,0.009631,0.018537,-0.712099,-0.701768,-0.260175,-0.031769,0.363838,0.625157,-0.451760,0.247679,-0.589806,-0.252435,-0.063504,1.023004,-0.267186,0.119386,-0.031662,-0.030678,0.082266,0.096477,0.220791,-0.077863,0.622928,0.474492,0.280155,0.283258,0.212405,-0.207895,-0.058948,0.701916,-0.519753,0.255999,-0.075224
-5.899178,-2.856653,0.755942,0.012006,0.024080,-0.686912,-0.726242,-0.270864,0.007409,0.423687,0.587413,-0.409364,0.247454,-0.545571,-0.298784,-0.118777,1.150415,-0.294849,0.060033,-0.033433,-0.024502,0.075868,0.132806,0.224437,-0.059618,0.602407,0.469581,0.271989,0.271477,0.214312,-0.235568,-0.036484,0.707815,-0.568381,0.254052,0.023323
-5.903841,-2.881704,0.758151,0.014817,0.027084,-0.664907,-0.746287,-0.287475,0.039093,0.475263,0.553138,-0.367155,0.247555,-0.486040,-0.352511,-0.178544,1.252188,-0.328289,-0.005617,-0.039527,-0.019016,0.067505,0.158007,0.233677,-0.067401,0.593380,0.479272,0.268719,0.237316,0.216136,-0.246672,-0.048643,0.702780,-0.593498,0.267770,0.064946
-5.909408,-2.906843,0.758941,0.018908,0.025797,-0.646748,-0.762033,-0.314326,0.063401,0.518123,0.521671,-0.323332,0.247640,-0.425125,-0.372684,-0.206795,1.325540,-0.351834,-0.010863,-0.046840,-0.015069,0.057183,0.165170,0.253002,-0.100321,0.598466,0.507947,0.273091,0.180662,0.219455,-0.244411,-0.082725,0.688159,-0.602742,0.277042,0.053931
-5.915564,-2.931990,0.758759,0.024275,0.023443,-0.630661,-0.775325,-0.345703,0.087665,0.554569,0.492650,-0.277992,0.247685,-0.361333,-0.353273,-0.213472,1.360119,-0.352831,0.044101,-0.050206,-0.012037,0.045505,0.157035,0.278180,-0.146081,0.615006,0.550306,0.277480,0.109838,0.229424,-0.227567,-0.131452,0.669132,-0.597471,0.273026,0.005239
-5.922299,-2.957128,0.757663,0.030016,0.020229,-0.614451,-0.788124,-0.378018,0.112826,0.590699,0.463636,-0.232054,0.247703,-0.294464,-0.313096,-0.215652,1.345256,-0.335743,0.113333,-0.046918,-0.008682,0.034145,0.139320,0.297269,-0.185627,0.637759,0.586905,0.284471,0.041408,0.243515,-0.198043,-0.188503,0.650636,-0.576349,0.261602,-0.061329
-5.929486,-2.982527,0.755531,0.036087,0.016913,-0.597043,-0.801218,-0.411458,0.141687,0.627353,0.436651,-0.186451,0.247709,-0.225330,-0.261578,-0.214712,1.275447,-0.296489,0.193707,-0.038121,-0.004132,0.024740,0.119625,0.306243,-0.209194,0.662490,0.607898,0.302189,-0.015705,0.255336,-0.164549,-0.237747,0.638695,-0.550868,0.245448,-0.116206
-5.937133,-3.008348,0.752236,0.043293,0.014721,-0.578876,-0.814133,-0.442686,0.173016,0.661828,0.403240,-0.136973,0.247710,-0.154504,-0.206773,-0.219142,1.147318,-0.204306,0.244195,-0.026152,0.001690,0.017904,0.101303,0.308931,-0.222425,0.683576,0.624204,0.327093,-0.042531,0.260672,-0.132899,-0.269413,0.634971,-0.529545,0.233035,-0.144927
-5.945276,-3.035531,0.745410,0.049270,0.011362,-0.559304,-0.827419,-0.478941,0.202996,0.696228,0.370430,-0.088196,0.247708,-0.090480,-0.147216,-0.216571,0.965162,-0.167226,0.247447,-0.013576,0.007173,0.014181,0.088554,0.307201,-0.230238,0.698117,0.639315,0.347431,-0.042478,0.255156,-0.115356,-0.272476,0.640530,-0.529335,0.230231,-0.147340
-5.953792,-3.062669,0.738957,0.055535,0.008360,-0.539750,-0.839950,-0.514884,0.229788,0.724724,0.331932,-0.041657,0.247517,-0.035775,-0.104883,-0.195886,0.795070,-0.392465,0.245414,-0.004042,0.011163,0.013767,0.082212,0.305143,-0.229751,0.702350,0.649714,0.359565,-0.028069,0.236804,-0.107385,-0.245040,0.655702,-0.556382,0.232529,-0.132480
-5.963943,-3.090853,0.729614,0.064369,0.008716,-0.517365,-0.853296,-0.554843,0.258782,0.747148,0.293196,-0.020589,0.243265,-0.015560,-0.075316,-0.215785,0.666553,-0.569381,0.218949,0.002927,0.018000,0.019005,0.085782,0.306648,-0.218339,0.698505,0.658141,0.372775,0.003376,0.203783,-0.102270,-0.191121,0.682000,-0.602423,0.233361,-0.097700
-5.973421,-3.118822,0.724672,0.075147,0.010979,-0.493159,-0.866618,-0.610965,0.297831,0.736712,0.275452,-0.034549,0.146886,-0.040750,-0.031422,-0.215017,0.598608,-0.657671,0.179555,0.005293,0.028587,0.029030,0.107196,0.300202,-0.186023,0.683196,0.649803,0.375155,0.050011,0.156532,-0.094781,-0.127498,0.712632,-0.655728,0.242239,-0.061622
-5.984542,-3.144262,0.723327,0.085779,0.020541,-0.464440,-0.881201,-0.646630,0.351303,0.657034,0.286734,-0.082885,-0.096236,-0.107970,0.021773,-0.160222,0.631760,-0.649461,0.154736,0.005353,0.044323,0.043902,0.145403,0.282006,-0.146527,0.671367,0.623533,0.373786,0.092852,0.116737,-0.083723,-0.066726,0.741372,-0.706423,0.240055,-0.032587
-5.997554,-3.167477,0.723246,0.090232,0.029236,-0.435947,-0.894960,-0.678288,0.389881,0.565941,0.344641,-0.127365,-0.207109,-0.178665,0.053047,-0.121000,0.687465,-0.611750,0.149719,0.006876,0.062742,0.060792,0.186355,0.251612,-0.141890,0.676306,0.607049,0.377787,0.099343,0.095941,-0.076737,-0.036778,0.765283,-0.738502,0.228205,-0.021527
-6.011197,-3.188042,0.726218,0.089840,0.035314,-0.418704,-0.902978,-0.694120,0.409094,0.493318,0.464239,-0.137736,-0.164290,-0.211064,0.070839,-0.096971,0.684359,-0.569441,0.148989,0.005265,0.075611,0.072377,0.198564,0.229944,-0.191593,0.716608,0.616501,0.365901,0.051295,0.107008,-0.067138,-0.044405,0.763246,-0.743117,0.214018,-0.025835
-6.025644,-3.207169,0.730876,0.091182,0.041610,-0.412772,-0.905303,-0.702697,0.433247,0.457383,0.642384,-0.169286,-0.117687,-0.221135,0.090401,-0.084079,0.644441,-0.520615,0.140424,0.000028,0.081948,0.079250,0.179240,0.229289,-0.274174,0.779297,0.645758,0.353753,-0.044702,0.146488,-0.047570,-0.063348,0.749011,-0.725192,0.185002,-0.039420
-6.041765,-3.225495,0.736104,0.089171,0.044362,-0.404819,-0.908957,-0.713094,0.434613,0.389080,0.841231,-0.199822,-0.072607,-0.234082,0.101054,-0.063953,0.597717,-0.464685,0.131975,-0.002413,0.083356,0.082439,0.151433,0.221591,-0.299015,0.831585,0.629300,0.358850,-0.115606,0.188186,-0.028767,-0.084435,0.727655,-0.700196,0.159038,-0.041930
-6.059647,-3.242462,0.740238,0.084840,0.042402,-0.390433,-0.915733,-0.718917,0.403381,0.297605,1.034650,-0.233995,-0.061211,-0.259070,0.103367,-0.032772,0.556984,-0.409369,0.131553,-0.003137,0.083178,0.082348,0.132134,0.200051,-0.251786,0.861665,0.571823,0.397451,-0.116572,0.221851,-0.018270,-0.099022,0.703902,-0.675696,0.136082,-0.043565
-6.078781,-3.258030,0.742395,0.080468,0.038453,-0.372861,-0.923591,-0.704522,0.353959,0.215327,1.203519,-0.260047,-0.086325,-0.293501,0.101982,-0.000464,0.526544,-0.360834,0.144742,-0.004239,0.082859,0.079171,0.120822,0.187280,-0.223470,0.875442,0.551962,0.415368,-0.078829,0.247049,-0.019294,-0.094575,0.682589,-0.661768,0.133224,-0.038655
-6.098440,-3.272410,0.743295,0.076594,0.035623,-0.353756,-0.931515,-0.659295,0.292171,0.149121,1.332638,-0.274520,-0.136418,-0.329743,0.101418,0.028150,0.503609,-0.320554,0.177656,-0.007019,0.082210,0.075175,0.120048,0.192088,-0.236059,0.880046,0.573215,0.409070,-0.047625,0.267825,-0.034415,-0.076851,0.672923,-0.657519,0.132752,-0.029118
-6.118600,-3.286178,0.746754,0.073572,0.033060,-0.332998,-0.939471,-0.586782,0.207705,0.091205,1.410509,-0.275925,-0.239782,-0.372647,0.105706,0.057896,0.484948,-0.282866,0.210092,-0.013914,0.080947,0.070504,0.124771,0.204089,-0.250475,0.878556,0.597016,0.397173,-0.025226,0.277595,-0.059697,-0.050074,0.676202,-0.665501,0.143374,-0.019248
-6.138603,-3.299142,0.746106,0.071021,0.029677,-0.314748,-0.946049,-0.496459,0.087250,0.065325,1.434221,-0.245605,-0.247372,-0.416923,0.112369,0.084473,0.473218,-0.241052,0.235339,-0.030001,0.078371,0.064324,0.131727,0.215118,-0.248664,0.873432,0.603483,0.388624,-0.015006,0.277378,-0.083503,-0.030362,0.686243,-0.674312,0.165139,-0.013641
-6.158474,-3.311447,0.744213,0.065518,0.025176,-0.295930,-0.952627,-0.380999,-0.041495,0.010716,1.385966,-0.201206,-0.247083,-0.458605,0.119562,0.116428,0.460289,-0.195555,0.246496,-0.046953,0.070129,0.056356,0.136243,0.222807,-0.236576,0.867340,0.596285,0.384271,-0.014286,0.271995,-0.098516,-0.030406,0.696015,-0.674293,0.190340,-0.020459
-6.178471,-3.323172,0.742306,0.058495,0.021486,-0.273672,-0.959802,-0.247046,-0.140867,-0.085126,1.260011,-0.139706,-0.232076,-0.491622,0.133307,0.156728,0.439009,-0.145972,0.247092,-0.056373,0.058394,0.048198,0.133966,0.230736,-0.230936,0.864846,0.591064,0.383460,-0.023429,0.268928,-0.100557,-0.056302,0.699957,-0.657957,0.217203,-0.048529
-6.199187,-3.334495,0.740188,0.054050,0.018396,-0.251380,-0.966203,-0.120190,-0.192425,-0.152494,1.069661,-0.215740,0.047567,-0.519621,0.150739,0.190150,0.407697,-0.095974,0.247427,-0.061228,0.048068,0.042045,0.120172,0.243049,-0.237276,0.863558,0.598949,0.383280,-0.025832,0.267794,-0.090885,-0.096898,0.696445,-0.630081,0.241591,-0.085212
-6.220476,-3.344908,0.735932,0.051699,0.015049,-0.234333,-0.970664,-0.041183,-0.169845,-0.109741,0.903349,-0.446770,0.222808,-0.543003,0.154312,0.202582,0.362252,-0.063276,0.247399,-0.068780,0.039714,0.039342,0.093287,0.255408,-0.250898,0.864570,0.611575,0.385499,-0.025084,0.268047,-0.074644,-0.144547,0.684559,-0.591875,0.248939,-0.117554
-6.243193,-3.354779,0.731047,0.047076,0.010683,-0.218424,-0.974659,-0.011286,-0.123426,0.007026,0.778298,-0.600247,0.246647,-0.562405,0.134230,0.185629,0.302619,-0.067813,0.241523,-0.073825,0.032148,0.039835,0.057342,0.258446,-0.267854,0.869945,0.624201,0.388405,-0.012136,0.269163,-0.059405,-0.194038,0.671602,-0.547601,0.243823,-0.151322
-6.267646,-3.363949,0.729752,0.041616,0.004354,-0.199923,-0.978918,-0.018964,-0.111153,0.084889,0.694349,-0.668452,0.247670,-0.576516,0.092305,0.108791,0.228938,-0.128734,0.200018,-0.067929,0.023637,0.040545,0.017249,0.252604,-0.287246,0.880920,0.637560,0.397230,0.013393,0.272644,-0.046643,-0.227870,0.666651,-0.514215,0.241629,-0.178790
-6.291887,-3.372036,0.730893,0.029411,-0.001900,-0.179672,-0.983285,-0.060672,-0.129797,0.131970,0.678317,-0.666996,0.247691,-0.582009,0.019837,-0.052323,0.185449,-0.210164,0.154105,-0.055997,0.007800,0.041972,-0.015029,0.239245,-0.305294,0.888540,0.644854,0.404754,0.035988,0.273558,-0.043163,-0.228307,0.672738,-0.509086,0.248834,-0.190631
-6.316808,-3.379290,0.733873,0.021700,-0.004612,-0.159005,-0.987028,-0.114692,-0.137022,0.173657,0.688117,-0.626624,0.247710,-0.579154,-0.051410,-0.234730,0.199235,-0.213385,0.131401,-0.045814,-0.012038,0.044656,-0.039887,0.231727,-0.319151,0.899436,0.645886,0.407999,0.049716,0.288005,-0.049338,-0.198351,0.692455,-0.531212,0.246384,-0.163991
-6.340576,-3.384857,0.738691,0.017207,-0.002726,-0.140558,-0.989919,-0.140617,-0.139580,0.204838,0.664058,-0.582335,0.247707,-0.585810,-0.094866,-0.249139,0.303931,-0.207387,0.064162,-0.045175,-0.021651,0.047410,-0.040396,0.224470,-0.327232,0.895423,0.639516,0.394195,0.054897,0.291928,-0.062337,-0.147942,0.726204,-0.575297,0.251824,-0.115970
-6.363267,-3.388962,0.744250,0.013952,0.000470,-0.119606,-0.992723,-0.149975,-0.140535,0.235404,0.618328,-0.539313,0.247717,-0.602800,-0.111889,-0.165264,0.461169,-0.221537,0.065051,-0.045962,-0.019680,0.049110,-0.023023,0.209999,-0.323410,0.876232,0.621225,0.373429,0.059769,0.290215,-0.089456,-0.083927,0.759167,-0.638212,0.252725,-0.032143
-6.385487,-3.392897,0.750650,0.014728,0.002239,-0.098637,-0.995012,-0.157578,-0.126469,0.272048,0.566467,-0.490722,0.247718,-0.613919,-0.095271,-0.034748,0.620303,-0.245202,0.101711,-0.047039,-0.010009,0.049526,0.000862,0.189753,-0.318130,0.849076,0.602091,0.348751,0.068590,0.284544,-0.114134,-0.045765,0.773939,-0.681734,0.252974,0.075566
-6.408100,-3.396934,0.756882,0.020147,0.001880,-0.078436,-0.996714,-0.175034,-0.099764,0.308114,0.523783,-0.442047,0.247719,-0.612066,-0.071748,0.061641,0.768599,-0.265984,0.137249,-0.047920,0.002114,0.048421,0.022913,0.169594,-0.316791,0.820366,0.587836,0.327845,0.075413,0.278112,-0.127459,-0.044700,0.767943,-0.701449,0.257775,0.163464
-6.431409,-3.400475,0.761897,0.027806,0.001026,-0.058882,-0.997877,-0.200121,-0.067727,0.339431,0.492716,-0.398899,0.247723,-0.597787,-0.087308,0.072553,0.905777,-0.280941,0.145063,-0.048355,0.014204,0.046648,0.041372,0.150923,-0.321252,0.794824,0.577280,0.307722,0.070361,0.273413,-0.127361,-0.080827,0.746644,-0.695150,0.266561,0.198848
-6.455190,-3.402655,0.765218,0.035423,-0.001631,-0.041452,-0.998511,-0.230411,-0.036781,0.369431,0.467006,-0.359548,0.247727,-0.576787,-0.148557,0.023421,1.032882,-0.301449,0.101585,-0.050740,0.025791,0.043942,0.051462,0.133230,-0.334364,0.775728,0.574225,0.302860,0.052172,0.267956,-0.120602,-0.132828,0.718887,-0.679669,0.273346,0.180014
-6.479348,-3.403348,0.766430,0.040151,-0.005492,-0.026484,-0.998827,-0.266339,-0.012364,0.398108,0.450340,-0.323276,0.247727,-0.546891,-0.226729,-0.037456,1.148271,-0.335108,0.044366,-0.055153,0.035452,0.040002,0.046496,0.118969,-0.362447,0.767736,0.578375,0.302111,0.020742,0.261981,-0.112249,-0.190149,0.692226,-0.659381,0.268389,0.117686
-6.503853,-3.402640,0.765667,0.041673,-0.011001,-0.012206,-0.998996,-0.309304,0.006035,0.427609,0.442374,-0.289298,0.247726,-0.506013,-0.298589,-0.099062,1.243033,-0.375104,0.000037,-0.058786,0.041504,0.034685,0.029543,0.113901,-0.402404,0.767680,0.589793,0.303473,-0.019364,0.252209,-0.101574,-0.246768,0.672875,-0.636234,0.261726,0.024202
-6.528376,-3.400740,0.763845,0.043354,-0.016786,0.001085,-0.998918,-0.352698,0.023609,0.454455,0.434692,-0.254623,0.247727,-0.449719,-0.347068,-0.163882,1.300952,-0.388798,-0.004820,-0.058836,0.044223,0.028656,0.002228,0.125502,-0.452774,0.776395,0.617076,0.302341,-0.065169,0.239589,-0.085429,-0.291412,0.664155,-0.612953,0.254831,-0.066187
-6.552709,-3.397862,0.761289,0.045052,-0.022039,0.015025,-0.998629,-0.393954,0.040881,0.479147,0.425513,-0.218892,0.247727,-0.381691,-0.359578,-0.223432,1.317303,-0.386843,0.049965,-0.053723,0.045464,0.023397,-0.023669,0.144863,-0.485898,0.785316,0.641253,0.305281,-0.100831,0.223951,-0.072001,-0.313601,0.665803,-0.598651,0.253475,-0.130266
-6.576851,-3.394183,0.758275,0.047381,-0.026102,0.030616,-0.998066,-0.430241,0.059800,0.503746,0.412136,-0.182498,0.247727,-0.312558,-0.331730,-0.265696,1.290557,-0.350043,0.157134,-0.043754,0.047432,0.019722,-0.039854,0.165109,-0.492878,0.785021,0.657427,0.319797,-0.105347,0.203104,-0.065867,-0.311882,0.679832,-0.597332,0.252832,-0.146736
-6.601003,-3.389934,0.755042,0.051545,-0.029244,0.048138,-0.997081,-0.459724,0.082416,0.529253,0.388824,-0.143008,0.247727,-0.242657,-0.280918,-0.304553,1.212562,-0.253969,0.242468,-0.029667,0.050522,0.016995,-0.044159,0.186827,-0.481848,0.772532,0.667820,0.335653,-0.089924,0.180006,-0.069595,-0.281216,0.696068,-0.614002,0.251503,-0.124762
-6.625787,-3.385375,0.750671,0.055913,-0.032338,0.068604,-0.995551,-0.488310,0.108212,0.557735,0.361002,-0.103036,0.247722,-0.177065,-0.223574,-0.354344,1.080972,-0.130147,0.247454,-0.012458,0.054141,0.015351,-0.037345,0.206757,-0.447136,0.747975,0.660978,0.347652,-0.051956,0.153971,-0.081306,-0.233719,0.710472,-0.641557,0.242373,-0.079380
-6.651640,-3.380432,0.742753,0.058921,-0.035899,0.092075,-0.993359,-0.524319,0.136095,0.588101,0.340390,-0.070578,0.247671,-0.108698,-0.180137,-0.397558,0.906825,-0.300784,0.247288,0.004203,0.056495,0.015682,-0.020800,0.226789,-0.401625,0.716505,0.646859,0.350389,-0.001184,0.122133,-0.097087,-0.175941,0.722731,-0.676088,0.229112,-0.027999
-6.677389,-3.374725,0.734827,0.067180,-0.038090,0.116215,-0.990217,-0.563693,0.173291,0.607995,0.331075,-0.055233,0.246734,-0.066522,-0.127211,-0.415746,0.757505,-0.488995,0.244953,0.015770,0.059573,0.022155,0.005702,0.253771,-0.345225,0.682674,0.626611,0.351051,0.052378,0.082871,-0.102915,-0.110421,0.736117,-0.714566,0.215889,0.011101
-6.702539,-3.368540,0.729823,0.077545,-0.040242,0.143377,-0.985804,-0.629169,0.210949,0.607048,0.353101,-0.067560,0.223112,-0.069542,-0.077671,-0.419608,0.666048,-0.592083,0.209974,0.022269,0.066488,0.034272,0.046874,0.270395,-0.263525,0.648670,0.580615,0.355228,0.112606,0.033573,-0.099352,-0.044449,0.747887,-0.753146,0.211114,0.019546
-6.726075,-3.360187,0.725392,0.086783,-0.037338,0.178844,-0.979331,-0.686746,0.269381,0.529210,0.426944,-0.098199,-0.004100,-0.113312,-0.036174,-0.368994,0.657864,-0.623560,0.172209,0.025958,0.073969,0.049865,0.116354,0.271103,-0.180539,0.619809,0.520712,0.356143,0.174952,-0.009066,-0.091155,0.014551,0.770258,-0.787824,0.201008,0.012186
-6.747187,-3.349302,0.724586,0.094181,-0.028983,0.216628,-0.971268,-0.742211,0.304015,0.386798,0.552313,-0.129965,-0.140904,-0.165527,-0.009766,-0.305215,0.689928,-0.595647,0.158317,0.029993,0.082331,0.067747,0.188140,0.260608,-0.127549,0.625267,0.473286,0.367604,0.210578,-0.031831,-0.079995,0.059729,0.787084,-0.810486,0.186993,-0.005362
-6.766228,-3.336359,0.726500,0.097775,-0.021683,0.244950,-0.964349,-0.777512,0.334487,0.294730,0.721853,-0.156551,-0.119360,-0.197693,0.005543,-0.259234,0.688741,-0.554492,0.158100,0.028701,0.090089,0.080581,0.230527,0.227631,-0.125300,0.669780,0.444746,0.388978,0.219417,-0.038354,-0.072844,0.084365,0.803307,-0.812863,0.178280,-0.021740
-6.783970,-3.322012,0.730566,0.100283,-0.017709,0.263425,-0.959290,-0.787848,0.381557,0.266568,0.906804,-0.196345,-0.066234,-0.212232,0.022217,-0.223895,0.646178,-0.504164,0.160254,0.024422,0.095084,0.086048,0.252053,0.216658,-0.183859,0.744716,0.452542,0.405326,0.162913,-0.016094,-0.073911,0.093547,0.795839,-0.800231,0.161611,-0.025967
-6.801175,-3.306006,0.735219,0.098744,-0.015128,0.284998,-0.953308,-0.787503,0.405285,0.216367,1.089841,-0.231356,-0.022489,-0.228720,0.034423,-0.183873,0.591047,-0.445386,0.163226,0.024316,0.094837,0.087188,0.261580,0.218467,-0.283351,0.826491,0.494289,0.408404,0.042493,0.021400,-0.080419,0.096594,0.770906,-0.779711,0.137709,-0.021568
-6.817101,-3.288406,0.738645,0.093486,-0.013661,0.313804,-0.944775,-0.771372,0.391040,0.147074,1.257554,-0.263512,-0.028407,-0.256561,0.042197,-0.132952,0.545278,-0.386542,0.175143,0.024392,0.092818,0.084466,0.275241,0.216529,-0.366863,0.891369,0.532607,0.393074,-0.090666,0.059281,-0.092444,0.098909,0.739953,-0.756535,0.109936,-0.010208
-6.831476,-3.269639,0.740341,0.086705,-0.013303,0.345401,-0.934347,-0.728049,0.348174,0.087505,1.390449,-0.283525,-0.089459,-0.292459,0.048383,-0.078515,0.509625,-0.332929,0.199795,0.021866,0.090804,0.079242,0.297407,0.190659,-0.384755,0.930029,0.529708,0.390622,-0.180564,0.089817,-0.110683,0.107859,0.715415,-0.733260,0.085176,0.000210
-6.844580,-3.250312,0.741033,0.080874,-0.013456,0.375273,-0.923281,-0.656669,0.278696,0.042453,1.477936,-0.296360,-0.170488,-0.331785,0.056734,-0.029150,0.482943,-0.284897,0.227783,0.015458,0.088571,0.072533,0.322382,0.158339,-0.372269,0.952252,0.516201,0.401227,-0.220017,0.113375,-0.132950,0.117826,0.700518,-0.708163,0.074986,0.009327
-6.857092,-3.230382,0.744550,0.075248,-0.013138,0.401301,-0.912755,-0.562086,0.179621,0.016401,1.512616,-0.297890,-0.244041,-0.375971,0.065835,0.012954,0.462910,-0.242940,0.245442,0.004510,0.084776,0.065708,0.343332,0.127072,-0.350614,0.962365,0.502352,0.408774,-0.219449,0.129916,-0.162373,0.130520,0.693616,-0.691798,0.080819,0.015888
-6.869062,-3.210746,0.743966,0.068367,-0.011808,0.424530,-0.902752,-0.454434,0.061643,0.014707,1.489248,-0.286077,-0.247497,-0.419872,0.078717,0.051890,0.452933,-0.197166,0.247589,-0.011426,0.077854,0.059344,0.355799,0.103586,-0.342804,0.966657,0.504276,0.404537,-0.198030,0.137392,-0.193846,0.136746,0.694616,-0.680578,0.099528,0.014877
-6.880581,-3.190986,0.741694,0.059324,-0.008905,0.450046,-0.890988,-0.336040,-0.044119,0.001222,1.397009,-0.251197,-0.245642,-0.463458,0.094635,0.100064,0.445921,-0.146382,0.247712,-0.026378,0.067098,0.052895,0.357950,0.085910,-0.340051,0.969606,0.511350,0.400510,-0.180737,0.137154,-0.222084,0.129608,0.703031,-0.676574,0.128674,0.006884
-6.891846,-3.171050,0.739088,0.050067,-0.004311,0.480550,-0.875526,-0.214418,-0.118894,-0.051411,1.235618,-0.207362,-0.198588,-0.496010,0.118510,0.156825,0.425011,-0.091966,0.247722,-0.031560,0.055912,0.047097,0.346043,0.077937,-0.346214,0.971095,0.528277,0.397726,-0.163552,0.130894,-0.235180,0.089278,0.716767,-0.663794,0.172302,-0.016727
-6.903269,-3.150476,0.735176,0.043758,-0.001067,0.507753,-0.860390,-0.112472,-0.149824,-0.042113,1.048804,-0.348060,0.096999,-0.522827,0.144254,0.195541,0.395696,-0.042110,0.247714,-0.035992,0.047242,0.044235,0.315798,0.082379,-0.358134,0.972095,0.551141,0.400971,-0.143998,0.123435,-0.226978,0.006684,0.725038,-0.623341,0.219898,-0.057242
-6.914601,-3.128959,0.729797,0.037597,0.002968,0.525387,-0.850027,-0.052257,-0.123314,0.065413,0.907748,-0.543559,0.226186,-0.535843,0.142545,0.200332,0.339267,-0.011816,0.247705,-0.043864,0.038813,0.045383,0.259155,0.095088,-0.386480,0.979763,0.584617,0.408593,-0.119764,0.123322,-0.202690,-0.112064,0.715007,-0.560255,0.266970,-0.125535
-6.926383,-3.105275,0.726419,0.029641,0.007259,0.536375,-0.843428,-0.038209,-0.097893,0.180462,0.818690,-0.653666,0.246796,-0.551616,0.093334,0.150968,0.272612,-0.036652,0.247409,-0.047706,0.029029,0.050424,0.182395,0.117543,-0.424342,0.991794,0.621876,0.415305,-0.095866,0.135973,-0.159675,-0.263474,0.684200,-0.467693,0.277644,-0.219398
-6.938206,-3.080607,0.721242,0.019720,0.010657,0.543659,-0.839007,-0.075079,-0.103783,0.219609,0.796788,-0.690163,0.247650,-0.561655,0.013547,0.034111,0.211928,-0.120855,0.240146,-0.043900,0.015693,0.057245,0.092346,0.141265,-0.454125,1.001230,0.655625,0.423322,-0.065969,0.160353,-0.111076,-0.381702,0.648866,-0.372949,0.250940,-0.297458
-6.949750,-3.055999,0.719144,0.008177,0.020312,0.551163,-0.834110,-0.131367,-0.124181,0.246308,0.825848,-0.671154,0.247669,-0.567687,-0.075845,-0.147204,0.203216,-0.216360,0.189071,-0.036779,-0.004674,0.065977,0.017061,0.167800,-0.452794,1.000100,0.676340,0.434264,-0.027755,0.197403,-0.082705,-0.421523,0.628700,-0.328374,0.236963,-0.331147
-6.960480,-3.031247,0.720202,0.004949,0.029375,0.561530,-0.826920,-0.170879,-0.126084,0.277363,0.837503,-0.630106,0.247661,-0.579433,-0.144642,-0.267449,0.283663,-0.216794,0.113425,-0.032551,-0.023295,0.076580,-0.019198,0.197165,-0.406827,0.960646,0.670330,0.443723,0.026907,0.232671,-0.068430,-0.390431,0.641532,-0.333709,0.230320,-0.327871
-6.970202,-3.007338,0.723186,0.004940,0.039802,0.574739,-0.817353,-0.185188,-0.126645,0.306195,0.816679,-0.592750,0.247593,-0.609663,-0.180141,-0.224633,0.453143,-0.218685,0.064401,-0.034503,-0.031262,0.087370,-0.021682,0.212110,-0.317148,0.892765,0.629993,0.431467,0.085347,0.268189,-0.090755,-0.314260,0.667157,-0.381733,0.236979,-0.256077
-6.979718,-2.983298,0.726879,0.006873,0.049053,0.588722,-0.806817,-0.196673,-0.122429,0.332001,0.789538,-0.556204,0.247598,-0.640707,-0.183252,-0.113305,0.657730,-0.242452,0.089954,-0.038000,-0.031775,0.096373,0.002480,0.215819,-0.215940,0.802871,0.578790,0.390074,0.150700,0.288437,-0.128073,-0.229081,0.702326,-0.453048,0.248973,-0.147354
-6.989953,-2.958497,0.731801,0.011297,0.051675,0.599386,-0.798711,-0.219364,-0.103871,0.347827,0.763123,-0.505503,0.247702,-0.656215,-0.160100,0.002883,0.855479,-0.265190,0.131868,-0.039909,-0.027686,0.101114,0.029661,0.211623,-0.132416,0.717295,0.525373,0.330904,0.202593,0.297290,-0.158121,-0.164683,0.732677,-0.525771,0.254120,-0.028750
-7.000751,-2.933033,0.737091,0.017241,0.049299,0.609031,-0.791425,-0.249049,-0.073834,0.358713,0.736643,-0.447511,0.247707,-0.646691,-0.156726,0.049924,1.031150,-0.286846,0.163939,-0.039303,-0.021462,0.100808,0.050743,0.210074,-0.080362,0.649906,0.479482,0.272092,0.233178,0.298943,-0.167125,-0.140966,0.751013,-0.575145,0.259758,0.066942
-7.010942,-2.907050,0.741756,0.024699,0.044930,0.619447,-0.783362,-0.275663,-0.039463,0.370064,0.704665,-0.390882,0.247611,-0.611135,-0.187134,0.037015,1.178070,-0.315011,0.140072,-0.039239,-0.012800,0.096424,0.067411,0.218764,-0.063994,0.601979,0.461432,0.237402,0.247526,0.296662,-0.160705,-0.147019,0.756034,-0.607704,0.268079,0.114783
-7.020241,-2.880652,0.744697,0.030359,0.041205,0.630210,-0.774736,-0.300840,-0.008482,0.385535,0.672093,-0.338232,0.247617,-0.560388,-0.224766,0.018944,1.300401,-0.341315,0.111654,-0.040658,-0.003522,0.088164,0.080122,0.234914,-0.078117,0.564645,0.473107,0.229495,0.233496,0.294214,-0.147579,-0.173663,0.750049,-0.626043,0.275196,0.115019
-7.028689,-2.853584,0.745665,0.031712,0.036459,0.639373,-0.767377,-0.333797,0.014960,0.400992,0.639923,-0.285390,0.247637,-0.496838,-0.249470,0.008728,1.388202,-0.364274,0.111252,-0.040690,0.004320,0.075937,0.084662,0.255242,-0.113805,0.530471,0.513308,0.234871,0.196941,0.290543,-0.128404,-0.216637,0.735192,-0.626579,0.269459,0.074287
-7.036699,-2.825913,0.744861,0.030610,0.029884,0.646389,-0.761808,-0.375434,0.035411,0.412868,0.610409,-0.231035,0.247662,-0.417921,-0.264560,-0.014101,1.428551,-0.370337,0.143040,-0.036747,0.009794,0.060807,0.081303,0.273764,-0.154494,0.497994,0.563042,0.234832,0.153548,0.286554,-0.103196,-0.265780,0.718482,-0.611865,0.254951,0.024124
-7.044469,-2.797696,0.742365,0.028413,0.022604,0.651586,-0.757706,-0.422084,0.054139,0.421787,0.583668,-0.175927,0.247682,-0.326591,-0.272804,-0.053948,1.419626,-0.359897,0.179670,-0.027759,0.013400,0.045338,0.071696,0.286225,-0.192797,0.475885,0.610066,0.237878,0.111184,0.283980,-0.075165,-0.315308,0.701770,-0.589968,0.244280,-0.023225
-7.052090,-2.768931,0.738512,0.026643,0.014206,0.656213,-0.753971,-0.471171,0.074496,0.428808,0.557939,-0.119954,0.247717,-0.229745,-0.265173,-0.099889,1.353632,-0.320989,0.218811,-0.016178,0.016570,0.031539,0.059621,0.287810,-0.218619,0.463269,0.634129,0.237930,0.076610,0.278449,-0.049191,-0.350880,0.687916,-0.573853,0.234306,-0.059965
-7.059641,-2.739348,0.733530,0.025781,0.005110,0.661486,-0.749497,-0.518564,0.096892,0.437241,0.526944,-0.060392,0.247699,-0.138550,-0.235778,-0.139542,1.231972,-0.246404,0.244411,-0.004848,0.020319,0.020814,0.052229,0.282624,-0.231407,0.460394,0.640697,0.242770,0.054308,0.265959,-0.031242,-0.361569,0.682870,-0.573351,0.224929,-0.081877
-7.067311,-2.708379,0.726468,0.023191,-0.003581,0.668830,-0.743045,-0.565570,0.119109,0.455634,0.488603,-0.005736,0.247525,-0.060090,-0.189167,-0.163734,1.050914,-0.318502,0.246903,0.004172,0.024054,0.014792,0.053505,0.270679,-0.231241,0.464961,0.640849,0.256343,0.041239,0.242668,-0.026279,-0.344525,0.687545,-0.591769,0.216532,-0.086053
-7.074184,-2.677376,0.720999,0.024397,-0.015808,0.676982,-0.735425,-0.605411,0.144290,0.474655,0.436645,0.027563,0.243473,-0.008494,-0.150263,-0.199855,0.877744,-0.566142,0.243180,0.008154,0.030133,0.014626,0.063220,0.259698,-0.215928,0.471770,0.639108,0.276085,0.045285,0.204993,-0.024787,-0.301302,0.702324,-0.627593,0.212706,-0.075973
-7.080990,-2.645019,0.726472,0.030244,-0.030594,0.688475,-0.723983,-0.654369,0.180455,0.466928,0.387128,0.014409,0.152691,0.000375,-0.113624,-0.263728,0.755903,-0.720873,0.212133,0.011023,0.042222,0.020668,0.081504,0.247897,-0.187799,0.488581,0.628079,0.293605,0.067698,0.156218,-0.023137,-0.242839,0.723425,-0.671770,0.208181,-0.057223
-7.085724,-2.613398,0.723694,0.040016,-0.042454,0.702491,-0.709297,-0.682077,0.226422,0.437690,0.359352,-0.039230,0.032815,-0.057713,-0.067612,-0.259194,0.746503,-0.760252,0.181409,0.008348,0.060888,0.032596,0.113107,0.227566,-0.154767,0.537718,0.601089,0.317802,0.096468,0.103652,-0.027264,-0.177984,0.748252,-0.720478,0.200558,-0.033551
-7.087694,-2.582714,0.722981,0.051178,-0.046648,0.723075,-0.687290,-0.700171,0.280803,0.410922,0.393546,-0.099280,-0.015260,-0.144512,-0.032078,-0.215353,0.811504,-0.727321,0.163502,0.000949,0.082782,0.050697,0.163519,0.202350,-0.135989,0.618989,0.570985,0.346910,0.118847,0.051508,-0.039165,-0.118498,0.774887,-0.773211,0.196809,-0.011984
-7.087362,-2.553640,0.725744,0.056903,-0.042741,0.741320,-0.667368,-0.717497,0.317069,0.367360,0.515267,-0.101519,0.027652,-0.198690,-0.013608,-0.177470,0.828162,-0.683390,0.156038,-0.008307,0.098145,0.068013,0.192700,0.178396,-0.193244,0.755642,0.570800,0.389182,0.084084,0.026452,-0.050365,-0.077716,0.791125,-0.807180,0.170617,-0.012410
-7.084981,-2.525988,0.730843,0.063985,-0.041215,0.751146,-0.655734,-0.729011,0.353188,0.335444,0.693859,-0.131157,0.039508,-0.223870,0.009883,-0.153784,0.798608,-0.634108,0.149023,-0.016655,0.105734,0.080721,0.196558,0.175730,-0.307443,0.904358,0.601811,0.402817,-0.037235,0.026690,-0.054860,-0.056130,0.786418,-0.816966,0.141654,-0.015603
-7.080736,-2.498558,0.736810,0.067157,-0.039510,0.760634,-0.644488,-0.740687,0.368227,0.278366,0.897035,-0.168492,0.070361,-0.249395,0.029139,-0.127382,0.756318,-0.573939,0.144570,-0.020027,0.108429,0.088314,0.190415,0.178683,-0.435089,1.030891,0.653557,0.392895,-0.196469,0.042131,-0.052898,-0.048949,0.765284,-0.806975,0.111132,-0.020142
-7.074511,-2.471452,0.742506,0.064471,-0.037184,0.775647,-0.626764,-0.738390,0.356344,0.211740,1.092398,-0.205672,0.035813,-0.284118,0.043726,-0.086830,0.710031,-0.509440,0.153348,-0.020381,0.109085,0.090185,0.201576,0.173486,-0.510975,1.093265,0.681570,0.378524,-0.320395,0.058656,-0.051570,-0.044140,0.738268,-0.785192,0.076255,-0.022728
-7.066781,-2.444937,0.747198,0.057634,-0.034486,0.793683,-0.604613,-0.710643,0.314671,0.157697,1.251829,-0.222645,-0.030908,-0.321676,0.054758,-0.040151,0.657116,-0.444015,0.171827,-0.019818,0.108760,0.086787,0.234768,0.160921,-0.524561,1.094795,0.676803,0.379508,-0.371640,0.074593,-0.056391,-0.034761,0.712320,-0.761804,0.046180,-0.014816
-7.058150,-2.419113,0.749935,0.049418,-0.031561,0.811270,-0.581724,-0.652980,0.241203,0.123008,1.360474,-0.223169,-0.159318,-0.361433,0.062762,0.002218,0.608568,-0.386999,0.198827,-0.020584,0.106331,0.079798,0.283275,0.144210,-0.488900,1.059288,0.643505,0.377077,-0.354946,0.089885,-0.069929,-0.019834,0.690381,-0.739218,0.027048,0.000543
-7.049182,-2.393903,0.750250,0.042005,-0.030871,0.825608,-0.561831,-0.581376,0.110111,0.105829,1.419212,-0.195755,-0.243800,-0.405099,0.071408,0.030398,0.570247,-0.340776,0.230037,-0.028984,0.101752,0.071510,0.335499,0.124964,-0.424875,1.014538,0.595612,0.374975,-0.297100,0.105850,-0.089188,0.004715,0.669990,-0.721888,0.022820,0.011843
-7.040196,-2.369044,0.748678,0.033520,-0.031436,0.836886,-0.545445,-0.501516,-0.056732,0.104323,1.421837,-0.142528,-0.247555,-0.455727,0.082604,0.049866,0.542252,-0.295157,0.245555,-0.046903,0.094067,0.062724,0.384426,0.108871,-0.351027,0.967944,0.542711,0.366275,-0.215018,0.114753,-0.106798,0.026194,0.655449,-0.710914,0.031947,0.019494
-7.031612,-2.344448,0.746462,0.023617,-0.030071,0.849446,-0.526288,-0.401822,-0.209638,0.084636,1.350746,-0.086927,-0.247239,-0.503198,0.102839,0.072187,0.509483,-0.242941,0.247594,-0.064913,0.082097,0.053250,0.418836,0.093848,-0.295569,0.931661,0.504019,0.351798,-0.120752,0.116945,-0.117207,0.034292,0.647338,-0.694536,0.057353,0.026609
-7.023137,-2.320239,0.744341,0.014520,-0.025178,0.866532,-0.498275,-0.281448,-0.299585,0.022101,1.194169,-0.040217,-0.235641,-0.534718,0.135201,0.108058,0.460036,-0.187324,0.247726,-0.070232,0.067280,0.044369,0.429720,0.086110,-0.291887,0.915875,0.508295,0.347500,-0.046220,0.116327,-0.122634,0.027248,0.641573,-0.674110,0.086341,0.025087
-7.014470,-2.296165,0.741745,0.007867,-0.020405,0.887610,-0.460075,-0.166546,-0.335217,-0.071233,0.988533,-0.149138,-0.005108,-0.556146,0.184548,0.147490,0.405590,-0.142183,0.247726,-0.058074,0.056092,0.038388,0.413350,0.088616,-0.331111,0.917425,0.544516,0.351275,-0.010506,0.113679,-0.124058,0.003987,0.636497,-0.642001,0.111472,0.013993
-7.004522,-2.271807,0.735949,0.005803,-0.022312,0.902972,-0.429080,-0.112192,-0.261959,0.029067,0.864529,-0.359132,0.234962,-0.583660,0.225168,0.139607,0.362519,-0.127598,0.247728,-0.051934,0.049883,0.038437,0.371465,0.107768,-0.393784,0.934794,0.595583,0.365452,-0.021980,0.114487,-0.118832,-0.027839,0.629929,-0.608198,0.127099,-0.009603
-6.993651,-2.246505,0.733649,0.000173,-0.019393,0.915310,-0.402282,-0.099336,-0.182286,0.188603,0.781535,-0.513368,0.247163,-0.621960,0.228179,0.081393,0.334350,-0.171042,0.247727,-0.042555,0.043966,0.043188,0.300498,0.125286,-0.461107,0.960523,0.638919,0.365187,-0.066906,0.120379,-0.118196,-0.073735,0.615787,-0.575780,0.136369,-0.064546
-6.981222,-2.221722,0.729372,-0.005618,-0.015910,0.924638,-0.380474,-0.122905,-0.163129,0.247651,0.738903,-0.611445,0.247691,-0.659446,0.183239,-0.034116,0.327935,-0.254448,0.247683,-0.026305,0.035362,0.050967,0.213628,0.148263,-0.507916,0.989642,0.667690,0.369999,-0.114309,0.137579,-0.105735,-0.127374,0.609089,-0.530566,0.139037,-0.127862
-6.968323,-2.197491,0.726218,-0.008867,-0.010246,0.930247,-0.366685,-0.163933,-0.155291,0.272686,0.728273,-0.631821,0.247713,-0.680237,0.091115,-0.176290,0.354269,-0.287730,0.246502,-0.017325,0.024842,0.060815,0.131984,0.170090,-0.518547,1.003238,0.680297,0.390334,-0.132335,0.163596,-0.093714,-0.162837,0.611540,-0.495486,0.144337,-0.179987
-6.954669,-2.174211,0.728508,-0.007845,-0.006143,0.933138,-0.359381,-0.208046,-0.143421,0.289319,0.738579,-0.601980,0.247725,-0.700075,0.009287,-0.209573,0.444640,-0.275274,0.218587,-0.022883,0.018040,0.073213,0.072296,0.186388,-0.480046,0.984764,0.670831,0.426284,-0.091242,0.186834,-0.088795,-0.172801,0.626531,-0.480731,0.163139,-0.209840
-6.941009,-2.152296,0.733302,-0.005600,-0.003715,0.935454,-0.353384,-0.239641,-0.130846,0.297943,0.729721,-0.559472,0.247721,-0.716996,-0.025227,-0.147958,0.550410,-0.285661,0.184638,-0.032843,0.018261,0.083219,0.040608,0.203060,-0.414403,0.932436,0.654362,0.440005,-0.004836,0.207324,-0.094135,-0.160803,0.655474,-0.481582,0.183363,-0.206568
-6.927088,-2.132144,0.740003,-0.002808,-0.002948,0.938953,-0.344022,-0.253481,-0.119797,0.306083,0.688636,-0.508147,0.247720,-0.719587,-0.025017,-0.031843,0.654234,-0.295724,0.193129,-0.039977,0.026901,0.088578,0.036228,0.203000,-0.331382,0.855782,0.622270,0.424620,0.091612,0.214011,-0.104212,-0.131193,0.694124,-0.497620,0.226135,-0.176647
-6.912632,-2.112918,0.747431,-0.000153,-0.004107,0.944336,-0.328958,-0.259477,-0.104396,0.321663,0.629943,-0.450181,0.247714,-0.705328,-0.010444,0.082233,0.751890,-0.302584,0.230460,-0.043018,0.039229,0.090670,0.045735,0.195649,-0.249305,0.775187,0.571453,0.380927,0.160316,0.223258,-0.133650,-0.093536,0.727933,-0.527589,0.252938,-0.104048
-6.897859,-2.093704,0.754255,0.003136,-0.006735,0.950650,-0.310177,-0.266315,-0.077818,0.345933,0.576534,-0.391772,0.247713,-0.678638,-0.016536,0.134851,0.852147,-0.316562,0.239211,-0.043006,0.050495,0.090783,0.066812,0.191078,-0.188822,0.692154,0.521077,0.323572,0.193226,0.226578,-0.165090,-0.055619,0.757573,-0.567909,0.266902,-0.020232
-6.882382,-2.074539,0.759518,0.005947,-0.010234,0.956859,-0.290311,-0.279470,-0.044056,0.374239,0.535142,-0.336981,0.247724,-0.650573,-0.063517,0.113450,0.961400,-0.334840,0.206611,-0.043072,0.058564,0.089199,0.090117,0.197218,-0.159090,0.612870,0.491658,0.275171,0.198233,0.223705,-0.192743,-0.029158,0.780513,-0.609445,0.279522,0.046262
-6.865856,-2.055919,0.762623,0.006608,-0.012321,0.962440,-0.271135,-0.299055,-0.013602,0.403264,0.501246,-0.285766,0.247699,-0.621107,-0.115337,0.089274,1.073886,-0.359061,0.157088,-0.046738,0.063672,0.085971,0.109730,0.212879,-0.156719,0.539048,0.490232,0.241370,0.188300,0.217092,-0.212614,-0.022477,0.792516,-0.642982,0.290094,0.083366
-6.848296,-2.037977,0.763456,0.005143,-0.011892,0.967126,-0.253969,-0.324013,0.010094,0.432503,0.473433,-0.238490,0.247697,-0.585155,-0.156913,0.080041,1.172502,-0.386091,0.158065,-0.049904,0.065143,0.081377,0.121992,0.234472,-0.171326,0.469661,0.515187,0.220542,0.169693,0.212979,-0.222262,-0.039247,0.790361,-0.662820,0.292575,0.082622
-6.829820,-2.020758,0.762623,0.001955,-0.009886,0.971348,-0.237450,-0.351208,0.029150,0.462920,0.445529,-0.191114,0.247700,-0.539053,-0.190835,0.069119,1.239223,-0.401914,0.182355,-0.048601,0.063290,0.075426,0.127185,0.255492,-0.188676,0.409247,0.549982,0.208592,0.149241,0.213564,-0.220429,-0.073727,0.778516,-0.666488,0.288940,0.055954
-6.810810,-2.003755,0.760492,-0.001433,-0.006042,0.975306,-0.220769,-0.379227,0.047545,0.494181,0.421979,-0.143234,0.247708,-0.480018,-0.208222,0.061688,1.262847,-0.394080,0.231981,-0.040876,0.059367,0.069311,0.129107,0.263639,-0.196132,0.365329,0.574333,0.201607,0.131545,0.217753,-0.210433,-0.115427,0.763078,-0.656216,0.275950,0.017838
-6.791380,-1.986637,0.757701,-0.003981,-0.003819,0.979378,-0.201960,-0.408413,0.074598,0.524611,0.405010,-0.095823,0.247701,-0.406744,-0.191320,0.041249,1.234104,-0.346017,0.246953,-0.025166,0.055599,0.064273,0.129909,0.258912,-0.189894,0.342928,0.580301,0.201337,0.111951,0.220761,-0.194290,-0.150622,0.750835,-0.639605,0.257041,-0.012671
-6.771420,-1.969203,0.754579,-0.005719,-0.006122,0.982839,-0.184273,-0.437949,0.109344,0.548370,0.386091,-0.046729,0.247721,-0.322864,-0.137823,0.049248,1.143727,-0.232809,0.247609,-0.008674,0.055650,0.060611,0.128364,0.248641,-0.175339,0.336531,0.583080,0.215458,0.095652,0.215876,-0.174843,-0.170275,0.745712,-0.627505,0.241153,-0.031917
-6.750788,-1.950446,0.749262,-0.009841,-0.009275,0.985102,-0.171438,-0.483381,0.146170,0.562348,0.381830,-0.001786,0.247665,-0.240342,-0.097548,0.085175,0.988000,-0.289049,0.245565,0.001014,0.056558,0.058520,0.125492,0.242870,-0.165312,0.339380,0.602543,0.238320,0.080024,0.198612,-0.161897,-0.166529,0.748516,-0.633620,0.236075,-0.033169
-6.730400,-1.931281,0.744268,-0.014242,-0.018945,0.986964,-0.159187,-0.538778,0.196303,0.560097,0.386606,0.044942,0.246725,-0.185664,-0.072299,0.058472,0.824457,-0.478853,0.207526,0.007994,0.058368,0.059408,0.121120,0.256662,-0.166824,0.343503,0.661141,0.265708,0.060761,0.168692,-0.143149,-0.144791,0.755625,-0.654042,0.235542,-0.024727
-6.709746,-1.911566,0.741841,-0.017446,-0.031917,0.988100,-0.149449,-0.624511,0.243248,0.526524,0.420304,0.068735,0.223655,-0.163358,-0.046855,-0.019044,0.698941,-0.596733,0.153853,0.011049,0.064479,0.065120,0.118682,0.280108,-0.180115,0.348426,0.743034,0.291911,0.025601,0.134294,-0.122971,-0.118898,0.761454,-0.679806,0.231221,-0.021616
-6.688941,-1.893237,0.738525,-0.017752,-0.044005,0.988916,-0.140690,-0.705715,0.284852,0.409384,0.493026,0.042320,-0.028518,-0.181966,-0.001168,-0.040037,0.654145,-0.636844,0.114988,0.009113,0.071444,0.072971,0.123145,0.300498,-0.200255,0.364815,0.830900,0.312562,-0.014898,0.101918,-0.106986,-0.094081,0.770199,-0.704306,0.228313,-0.020962
-6.667520,-1.877190,0.737849,-0.015399,-0.052146,0.990081,-0.129547,-0.760017,0.321057,0.317103,0.609151,0.000034,-0.230874,-0.239017,0.039356,-0.033001,0.684185,-0.607686,0.091319,0.003269,0.081330,0.081406,0.135353,0.297371,-0.207599,0.399165,0.879354,0.327148,-0.061535,0.080476,-0.098973,-0.081571,0.775625,-0.725832,0.215762,-0.040352
-6.645992,-1.862930,0.739730,-0.013990,-0.051351,0.991269,-0.120635,-0.769398,0.384455,0.330536,0.769566,-0.051704,-0.186393,-0.289359,0.053540,-0.031591,0.703149,-0.565829,0.079314,-0.004086,0.090395,0.084428,0.145762,0.256681,-0.203810,0.452456,0.879429,0.341456,-0.089065,0.073417,-0.101581,-0.081217,0.777286,-0.733664,0.208151,-0.054078
-6.624994,-1.849848,0.744371,-0.013182,-0.049535,0.991502,-0.119565,-0.731096,0.472939,0.404091,0.933685,-0.101249,-0.094773,-0.311335,0.061461,-0.035576,0.672255,-0.515072,0.068167,-0.009160,0.093814,0.081741,0.142417,0.215235,-0.210523,0.515233,0.865656,0.348963,-0.114450,0.085627,-0.105846,-0.082844,0.765292,-0.725723,0.193904,-0.060686
-6.604197,-1.837335,0.749910,-0.013005,-0.046792,0.991463,-0.121004,-0.682671,0.528364,0.419192,1.085007,-0.143475,-0.004092,-0.320482,0.066409,-0.039565,0.616931,-0.457126,0.056962,-0.006874,0.091416,0.076749,0.128495,0.193580,-0.224069,0.572395,0.849816,0.354209,-0.141482,0.117068,-0.105420,-0.088266,0.732494,-0.706066,0.164102,-0.060459
-6.583528,-1.825543,0.754397,-0.014170,-0.041867,0.991713,-0.120632,-0.627985,0.548410,0.396433,1.210219,-0.164172,0.057721,-0.334780,0.065298,-0.041212,0.568585,-0.400326,0.049937,-0.000951,0.087823,0.069901,0.119915,0.179703,-0.231503,0.602867,0.838513,0.348677,-0.125784,0.147691,-0.105720,-0.088031,0.686823,-0.684391,0.148341,-0.054038
-6.563291,-1.814348,0.757090,-0.016186,-0.036703,0.992083,-0.119001,-0.557740,0.545241,0.367425,1.293985,-0.174152,0.100908,-0.355594,0.063408,-0.040638,0.532446,-0.350037,0.045566,0.003642,0.084936,0.061213,0.114283,0.168698,-0.233746,0.623783,0.835569,0.342735,-0.082437,0.189713,-0.113743,-0.080471,0.637300,-0.662456,0.130296,-0.046572
-6.543427,-1.803356,0.757854,-0.018777,-0.032563,0.992305,-0.117975,-0.464593,0.539612,0.362370,1.328695,-0.170898,0.140061,-0.383876,0.063463,-0.040358,0.509800,-0.305074,0.037858,0.004452,0.082971,0.051820,0.109223,0.161404,-0.239000,0.647734,0.834256,0.340503,-0.071704,0.235897,-0.126363,-0.071961,0.594518,-0.642447,0.115626,-0.044046
-6.523897,-1.792241,0.756509,-0.021320,-0.030550,0.992003,-0.120592,-0.353156,0.541249,0.386637,1.315340,-0.169459,0.148787,-0.420627,0.064752,-0.046641,0.506078,-0.269513,0.027555,0.000497,0.081347,0.043223,0.093481,0.158293,-0.245024,0.677452,0.824678,0.336571,-0.092044,0.287764,-0.140968,-0.070887,0.560905,-0.625143,0.105530,-0.045468
-6.504704,-1.781033,0.753686,-0.023348,-0.030504,0.991292,-0.125958,-0.234171,0.536798,0.426925,1.254172,-0.157706,0.166617,-0.461816,0.066106,-0.059852,0.515365,-0.241447,0.015728,-0.007946,0.079744,0.036629,0.075802,0.161958,-0.255152,0.699127,0.815762,0.329020,-0.125183,0.325505,-0.145495,-0.074727,0.538898,-0.610456,0.107918,-0.045835
-6.485510,-1.769852,0.750728,-0.025430,-0.030481,0.990057,-0.134949,-0.111182,0.522539,0.483930,1.137305,-0.107640,0.145575,-0.504258,0.061360,-0.079005,0.529558,-0.215954,0.004336,-0.021088,0.077741,0.032139,0.056233,0.170218,-0.273639,0.710146,0.814443,0.328112,-0.162084,0.347612,-0.136882,-0.085927,0.523561,-0.602009,0.129438,-0.056726
-6.465688,-1.758855,0.748750,-0.026670,-0.031428,0.987918,-0.149397,0.011676,0.489115,0.536419,0.957096,-0.063822,-0.022431,-0.547904,0.048408,-0.105615,0.550628,-0.191547,-0.007056,-0.037794,0.075035,0.030715,0.023609,0.181464,-0.304396,0.719927,0.826072,0.328229,-0.181923,0.375987,-0.120695,-0.109165,0.506315,-0.597382,0.143364,-0.073104
-6.444746,-1.748020,0.747418,-0.028054,-0.031616,0.984616,-0.169543,0.103314,0.426950,0.543869,0.747416,-0.229339,-0.197679,-0.590786,0.022429,-0.135293,0.569420,-0.163426,-0.013774,-0.054290,0.071492,0.033410,-0.032056,0.186775,-0.349006,0.741841,0.844554,0.327171,-0.181259,0.418378,-0.099549,-0.149608,0.484142,-0.591543,0.131573,-0.098192
-6.423124,-1.736981,0.744999,-0.030595,-0.024780,0.980086,-0.194632,0.137621,0.362767,0.532645,0.580523,-0.379785,-0.245158,-0.625750,-0.023625,-0.159029,0.569762,-0.131154,-0.018060,-0.069607,0.063388,0.038450,-0.094808,0.177494,-0.398284,0.767019,0.862227,0.323513,-0.161150,0.454501,-0.068679,-0.201792,0.458335,-0.579202,0.119055,-0.130123
-6.401237,-1.724844,0.746799,-0.036895,-0.014581,0.974310,-0.221690,0.133980,0.308485,0.518427,0.454057,-0.448661,-0.246802,-0.656028,-0.080075,-0.182929,0.535243,-0.109523,-0.015533,-0.081329,0.050153,0.042909,-0.157178,0.157775,-0.431234,0.794598,0.861909,0.321973,-0.133017,0.484355,-0.031160,-0.254138,0.439299,-0.564212,0.105717,-0.157336
-6.381325,-1.711478,0.748743,-0.042997,-0.005311,0.967917,-0.247506,0.107678,0.269159,0.484771,0.373184,-0.456547,-0.238911,-0.658300,-0.129061,-0.210362,0.474905,-0.133181,0.009038,-0.086847,0.035452,0.045049,-0.206846,0.137629,-0.441637,0.820364,0.844772,0.326782,-0.099211,0.508172,0.005044,-0.289269,0.438200,-0.563566,0.095419,-0.168880
-6.362930,-1.696559,0.755373,-0.047880,0.000451,0.960847,-0.272911,0.056565,0.244080,0.422823,0.339541,-0.426525,-0.227636,-0.646579,-0.164080,-0.241880,0.423484,-0.177895,0.050915,-0.086332,0.021125,0.046369,-0.239533,0.124223,-0.438236,0.834225,0.816744,0.326530,-0.076071,0.520848,0.029751,-0.301246,0.456263,-0.582905,0.093710,-0.156860
-6.345292,-1.679915,0.759828,-0.050816,0.004942,0.953542,-0.296901,-0.014343,0.231975,0.359980,0.355933,-0.390110,-0.214807,-0.648582,-0.194473,-0.256790,0.479827,-0.187044,0.059478,-0.084758,0.007590,0.049393,-0.248721,0.121971,-0.427411,0.828528,0.787027,0.323772,-0.055810,0.521426,0.032145,-0.289961,0.488182,-0.620939,0.098846,-0.117206
-6.329163,-1.662040,0.761780,-0.052322,0.009016,0.944918,-0.322973,-0.097964,0.224258,0.295249,0.404366,-0.360410,-0.204692,-0.676239,-0.208900,-0.212211,0.653234,-0.218401,0.043331,-0.084551,-0.003432,0.054045,-0.238566,0.130099,-0.414789,0.802205,0.758176,0.307580,-0.030390,0.511507,0.018940,-0.268992,0.526268,-0.662242,0.110686,-0.054463
-6.314747,-1.643361,0.762029,-0.054132,0.012107,0.935611,-0.348647,-0.174618,0.212548,0.235684,0.439511,-0.328280,-0.198646,-0.697651,-0.213558,-0.165635,0.857570,-0.266945,0.063721,-0.082462,-0.013163,0.056357,-0.218098,0.152113,-0.409151,0.767528,0.730857,0.279806,-0.012309,0.494623,-0.005426,-0.242517,0.564646,-0.697082,0.127224,0.022515
-6.302043,-1.624211,0.760839,-0.055867,0.015251,0.925853,-0.373420,-0.240804,0.195005,0.178498,0.459433,-0.296211,-0.198445,-0.700095,-0.207636,-0.123820,1.045170,-0.319938,0.097050,-0.077693,-0.022032,0.056020,-0.192481,0.183465,-0.409345,0.730846,0.705132,0.249408,-0.000680,0.476478,-0.036797,-0.215895,0.594297,-0.724103,0.145611,0.098652
-6.290987,-1.604858,0.758731,-0.056453,0.017912,0.915455,-0.398039,-0.294989,0.173482,0.121984,0.463849,-0.265868,-0.201088,-0.681918,-0.170349,-0.069544,1.197260,-0.356782,0.160973,-0.070665,-0.029486,0.054530,-0.166611,0.220259,-0.412399,0.696904,0.681604,0.228882,0.005641,0.461219,-0.072600,-0.190285,0.610316,-0.750148,0.156373,0.146377
-6.281613,-1.585167,0.755903,-0.057549,0.021746,0.904870,-0.421219,-0.339765,0.147643,0.071791,0.455334,-0.233477,-0.208625,-0.638648,-0.098909,-0.012718,1.293527,-0.373501,0.243220,-0.059088,-0.035995,0.051717,-0.142670,0.257162,-0.415659,0.668410,0.664660,0.216253,0.013707,0.449742,-0.109532,-0.171422,0.615242,-0.771422,0.166979,0.164549
-6.274031,-1.564982,0.752825,-0.059378,0.025647,0.895288,-0.440768,-0.376984,0.123938,0.031095,0.436402,-0.197630,-0.225738,-0.573016,-0.000905,0.015480,1.319229,-0.339398,0.247332,-0.039746,-0.041832,0.047610,-0.122685,0.287118,-0.408723,0.653789,0.649724,0.221313,0.025979,0.441511,-0.141873,-0.159530,0.613317,-0.787444,0.177355,0.151325
-6.268302,-1.544556,0.750571,-0.059318,0.024217,0.883923,-0.463222,-0.411134,0.106198,-0.014652,0.407458,-0.155372,-0.244584,-0.480684,0.081695,0.052447,1.242390,-0.268406,0.242292,-0.022925,-0.043926,0.041915,-0.109081,0.311065,-0.386128,0.656784,0.636810,0.245848,0.045151,0.432849,-0.155778,-0.161486,0.612143,-0.787149,0.189405,0.107405
-6.263679,-1.524341,0.748380,-0.057804,0.019763,0.865997,-0.496304,-0.446193,0.075481,-0.066507,0.371560,-0.110572,-0.247588,-0.375400,0.131105,0.131421,1.073682,-0.383302,0.127750,-0.021502,-0.043529,0.035616,-0.106680,0.327658,-0.351505,0.677944,0.628425,0.286875,0.070207,0.424685,-0.148396,-0.178093,0.615481,-0.769566,0.207042,0.043136
-6.259959,-1.503467,0.742625,-0.057659,0.017980,0.846349,-0.529194,-0.485381,0.036152,-0.096599,0.344551,-0.076869,-0.247676,-0.296209,0.124182,0.074012,0.910727,-0.553363,-0.070877,-0.021533,-0.045515,0.031892,-0.116077,0.344102,-0.321454,0.709427,0.641678,0.346420,0.089719,0.414762,-0.127285,-0.205035,0.623802,-0.734532,0.223957,-0.023210
-6.258385,-1.481677,0.739023,-0.054127,0.011782,0.824654,-0.562919,-0.523902,0.008152,-0.099351,0.310927,-0.056227,-0.247741,-0.242341,0.109761,-0.048186,0.752646,-0.663469,-0.170626,-0.028678,-0.045493,0.031173,-0.124965,0.366165,-0.295912,0.734470,0.673668,0.413902,0.099658,0.396975,-0.096431,-0.224480,0.639990,-0.691082,0.237939,-0.067738
-6.259281,-1.458873,0.737114,-0.047785,0.003321,0.803285,-0.593665,-0.572885,0.032812,-0.059580,0.310442,-0.064421,-0.247736,-0.248944,0.126782,-0.119889,0.697229,-0.666735,-0.219809,-0.042527,-0.039186,0.037514,-0.122569,0.389461,-0.270026,0.743391,0.712105,0.462023,0.095764,0.366500,-0.073186,-0.226565,0.660139,-0.654360,0.247945,-0.091308
-6.258732,-1.435933,0.735279,-0.041624,-0.002014,0.788061,-0.614185,-0.630003,0.128536,0.086623,0.364535,-0.111009,-0.247729,-0.293015,0.124717,-0.182237,0.713700,-0.640026,-0.223761,-0.050808,-0.023318,0.048146,-0.092021,0.390200,-0.223645,0.736488,0.729732,0.477004,0.097345,0.331695,-0.077932,-0.200894,0.682137,-0.643072,0.248218,-0.091990
-6.258128,-1.414588,0.735287,-0.035539,-0.004575,0.778460,-0.626671,-0.651722,0.228645,0.238523,0.461146,-0.135981,-0.247722,-0.321006,0.114470,-0.232093,0.714862,-0.609757,-0.216908,-0.047840,-0.007525,0.055898,-0.037521,0.365361,-0.162300,0.718794,0.717041,0.473418,0.106619,0.303941,-0.099760,-0.157584,0.699229,-0.655274,0.246390,-0.082040
-6.259389,-1.394039,0.736943,-0.029409,-0.002575,0.772237,-0.634648,-0.661187,0.277539,0.201633,0.604299,-0.151176,-0.247655,-0.326395,0.116170,-0.258382,0.685121,-0.575345,-0.224192,-0.029746,-0.004442,0.061061,0.017935,0.339003,-0.120193,0.710812,0.689616,0.454707,0.100380,0.292509,-0.118638,-0.105521,0.701357,-0.679441,0.234685,-0.065792
-6.261796,-1.373859,0.739118,-0.023297,0.000397,0.764376,-0.644349,-0.675923,0.285591,0.119796,0.785403,-0.178793,-0.246393,-0.324733,0.120457,-0.282499,0.644248,-0.538384,-0.238962,-0.010555,-0.006279,0.063392,0.061102,0.319028,-0.109051,0.726211,0.660087,0.427876,0.073170,0.298449,-0.129679,-0.060378,0.680839,-0.700230,0.212325,-0.049027
-6.264545,-1.354051,0.742000,-0.020537,0.004187,0.754956,-0.655441,-0.674251,0.292115,0.071568,0.968405,-0.206719,-0.223658,-0.323176,0.114213,-0.310034,0.598667,-0.498339,-0.246162,0.004393,-0.009578,0.061679,0.094247,0.315761,-0.126713,0.752176,0.649019,0.402149,0.013564,0.304652,-0.132423,-0.035266,0.655218,-0.703971,0.191092,-0.039630
-6.267886,-1.334501,0.745489,-0.021602,0.009598,0.743999,-0.667763,-0.641965,0.332327,0.107163,1.122599,-0.231191,-0.157832,-0.322187,0.097200,-0.340519,0.550320,-0.457755,-0.247302,0.013797,-0.013905,0.056469,0.119269,0.316316,-0.148979,0.780669,0.657548,0.399013,-0.051902,0.307305,-0.128922,-0.030892,0.633315,-0.687732,0.169883,-0.043392
-6.272255,-1.315156,0.749343,-0.024182,0.015209,0.732387,-0.680289,-0.581345,0.378908,0.170590,1.242044,-0.253345,-0.084994,-0.322877,0.078916,-0.371775,0.502898,-0.418618,-0.247448,0.022266,-0.020941,0.048620,0.135324,0.303820,-0.170652,0.807812,0.680763,0.410488,-0.098363,0.317225,-0.120899,-0.035580,0.610579,-0.657138,0.154100,-0.046201
-6.277858,-1.295688,0.755678,-0.027392,0.019535,0.720629,-0.692504,-0.507079,0.395703,0.224746,1.326830,-0.262447,-0.041358,-0.331248,0.063634,-0.403239,0.459741,-0.383813,-0.247519,0.030079,-0.029364,0.039067,0.146236,0.287780,-0.186355,0.828729,0.711861,0.429119,-0.124370,0.330409,-0.117349,-0.033567,0.587380,-0.627902,0.142541,-0.041372
-6.284395,-1.276284,0.757561,-0.030941,0.021348,0.707237,-0.705976,-0.431999,0.372809,0.256098,1.375852,-0.245758,-0.079285,-0.342440,0.047755,-0.437764,0.420570,-0.343528,-0.247677,0.033335,-0.037821,0.029400,0.154750,0.273489,-0.188943,0.837187,0.734642,0.439149,-0.135647,0.343409,-0.125973,-0.026488,0.563405,-0.607454,0.131691,-0.024419
-6.291785,-1.256500,0.756147,-0.034316,0.021950,0.690919,-0.721784,-0.358484,0.315519,0.272492,1.378609,-0.198371,-0.136709,-0.356037,0.029531,-0.478108,0.383724,-0.300690,-0.247707,0.028732,-0.045796,0.020952,0.157186,0.254696,-0.176199,0.837642,0.741548,0.440719,-0.131888,0.357645,-0.135328,-0.012025,0.541519,-0.599852,0.125064,-0.014654
-6.299837,-1.236264,0.750426,-0.037798,0.022175,0.670719,-0.740416,-0.289778,0.236582,0.275771,1.332815,-0.119642,-0.182471,-0.371305,0.004424,-0.525237,0.354737,-0.257091,-0.247740,0.016503,-0.053868,0.015327,0.153281,0.234571,-0.162548,0.834459,0.740061,0.432819,-0.120137,0.376365,-0.144378,-0.000634,0.518332,-0.597592,0.119586,-0.010773
-6.308575,-1.215005,0.747086,-0.042206,0.022648,0.648164,-0.759992,-0.219856,0.155507,0.272040,1.227205,-0.021416,-0.207495,-0.392813,-0.024096,-0.575736,0.326417,-0.216878,-0.247739,-0.000964,-0.062132,0.012524,0.142013,0.214118,-0.157111,0.833070,0.735245,0.415075,-0.107506,0.399436,-0.147905,-0.001562,0.492214,-0.595201,0.117493,-0.015759
-6.317506,-1.192483,0.742816,-0.045482,0.019333,0.624955,-0.779095,-0.141446,0.112735,0.279419,1.058184,-0.083374,-0.149068,-0.425179,-0.050448,-0.626131,0.305727,-0.179675,-0.247724,-0.018747,-0.067877,0.012411,0.115215,0.195481,-0.160459,0.837499,0.731124,0.396118,-0.097763,0.420395,-0.141545,-0.005825,0.465923,-0.600894,0.119006,-0.033655
-6.326412,-1.169710,0.741567,-0.052955,0.018969,0.604097,-0.794923,-0.072018,0.074395,0.288919,0.888267,-0.328272,-0.100916,-0.467874,-0.082892,-0.659034,0.289805,-0.150087,-0.247218,-0.032669,-0.071682,0.015455,0.079264,0.172712,-0.180094,0.847142,0.732991,0.373593,-0.092238,0.440474,-0.141651,-0.022864,0.434958,-0.610691,0.113737,-0.052021
-6.335886,-1.145808,0.735731,-0.064260,0.022081,0.584549,-0.808509,-0.038203,0.028058,0.293956,0.746770,-0.502435,-0.069802,-0.526918,-0.117899,-0.659856,0.297957,-0.134216,-0.235987,-0.040701,-0.078466,0.024278,0.034443,0.145860,-0.212253,0.860422,0.742726,0.355085,-0.085465,0.457399,-0.144950,-0.050974,0.405142,-0.624563,0.108705,-0.067321
-6.345689,-1.121560,0.731707,-0.073553,0.024138,0.564720,-0.821644,-0.048725,-0.013794,0.272834,0.663408,-0.592204,-0.039506,-0.602888,-0.159732,-0.591058,0.351862,-0.122976,-0.042870,-0.045801,-0.085554,0.036133,-0.014614,0.124581,-0.249244,0.875674,0.757233,0.343318,-0.076211,0.470669,-0.144649,-0.081382,0.385887,-0.644557,0.102140,-0.080291
-6.357302,-1.098470,0.727814,-0.081010,0.029619,0.545956,-0.833362,-0.088163,-0.046529,0.229774,0.646773,-0.610633,-0.027448,-0.694230,-0.137248,-0.398009,0.443035,-0.125216,0.232733,-0.044924,-0.092898,0.050046,-0.057801,0.105583,-0.283603,0.890093,0.770772,0.336525,-0.057205,0.482834,-0.143486,-0.109555,0.378815,-0.671784,0.098808,-0.087690
-6.370843,-1.076758,0.729110,-0.083746,0.033873,0.533284,-0.841099,-0.136701,-0.053233,0.211042,0.661316,-0.576870,-0.030629,-0.757787,-0.049788,-0.146256,0.581491,-0.148861,0.247123,-0.037096,-0.100972,0.061644,-0.082878,0.096639,-0.308684,0.898131,0.781539,0.334039,-0.037394,0.486901,-0.135855,-0.126895,0.387445,-0.688260,0.101132,-0.082347
-6.386315,-1.055596,0.731980,-0.086691,0.037234,0.529725,-0.842905,-0.185912,-0.047842,0.215338,0.676651,-0.524624,-0.037057,-0.784750,-0.059498,-0.107231,0.763368,-0.192315,0.247681,-0.018618,-0.111827,0.066904,-0.086816,0.092074,-0.314082,0.890452,0.777389,0.333346,-0.014648,0.483359,-0.132312,-0.126459,0.407660,-0.699218,0.103690,-0.067176
-6.402696,-1.034799,0.736890,-0.087235,0.037636,0.525735,-0.845326,-0.223862,-0.040641,0.216108,0.660700,-0.462855,-0.035580,-0.778795,-0.177336,-0.156757,0.949603,-0.237140,0.246791,-0.007943,-0.115729,0.067468,-0.068680,0.093841,-0.308958,0.866150,0.762515,0.321594,-0.000644,0.465960,-0.142193,-0.113659,0.434645,-0.713171,0.113222,-0.027411
-6.420224,-1.014699,0.742144,-0.085486,0.036204,0.513702,-0.852931,-0.256435,-0.038979,0.192931,0.625654,-0.399379,-0.035228,-0.743571,-0.298715,-0.175993,1.107052,-0.269974,0.224959,-0.012159,-0.113349,0.065836,-0.041079,0.099923,-0.302400,0.829959,0.745041,0.302977,0.005817,0.443243,-0.159453,-0.100928,0.453358,-0.729367,0.128021,0.020111
-6.438783,-0.995322,0.745643,-0.082660,0.033133,0.497216,-0.863044,-0.291302,-0.040388,0.154296,0.590644,-0.344117,-0.038424,-0.701802,-0.360076,-0.154861,1.237338,-0.300369,0.133534,-0.023790,-0.109210,0.062955,-0.009058,0.115634,-0.296714,0.787587,0.724500,0.274382,0.009131,0.413577,-0.175381,-0.092978,0.467509,-0.739722,0.140282,0.065078
-6.458091,-0.976684,0.746776,-0.079663,0.030197,0.480347,-0.872931,-0.329958,-0.042590,0.112362,0.566987,-0.296412,-0.046547,-0.652279,-0.365736,-0.090914,1.334992,-0.330030,0.082333,-0.035587,-0.104245,0.059247,0.019407,0.132161,-0.295502,0.747464,0.702620,0.251730,0.010731,0.391151,-0.185678,-0.094891,0.469017,-0.743621,0.146269,0.084427
-6.477856,-0.958574,0.746174,-0.077692,0.026476,0.466666,-0.880617,-0.372878,-0.042940,0.076936,0.550745,-0.250855,-0.057695,-0.589534,-0.334087,-0.008348,1.392186,-0.348467,0.079767,-0.042155,-0.099603,0.054816,0.043711,0.152193,-0.299196,0.714480,0.684238,0.234667,0.018874,0.371289,-0.190784,-0.102813,0.467668,-0.740972,0.150839,0.080870
-6.497829,-0.940831,0.744601,-0.075618,0.022159,0.456415,-0.886271,-0.416650,-0.039929,0.048291,0.537206,-0.205912,-0.069889,-0.505949,-0.300027,0.058916,1.397265,-0.345973,0.085092,-0.041805,-0.095576,0.050166,0.063155,0.174118,-0.303858,0.693521,0.670425,0.228679,0.028157,0.351151,-0.189016,-0.111591,0.469526,-0.733758,0.155548,0.055229
-6.517931,-0.923450,0.742784,-0.072593,0.016781,0.447872,-0.890988,-0.461964,-0.034257,0.021476,0.526889,-0.160961,-0.081176,-0.405173,-0.277910,0.097242,1.338865,-0.299445,0.080851,-0.036567,-0.090859,0.045703,0.079100,0.197314,-0.304256,0.682037,0.661819,0.238753,0.032268,0.324247,-0.174236,-0.111754,0.484091,-0.726309,0.164723,0.016160
-6.538385,-0.906252,0.741995,-0.068776,0.010686,0.441134,-0.894738,-0.504984,-0.026401,-0.003930,0.512540,-0.109932,-0.091670,-0.295213,-0.265592,0.111282,1.208201,-0.206148,0.080087,-0.029513,-0.084721,0.041975,0.086416,0.214974,-0.292814,0.687487,0.653659,0.267301,0.038463,0.297876,-0.165229,-0.106140,0.498453,-0.724969,0.168345,-0.007621
-6.560058,-0.889302,0.742637,-0.066898,0.004046,0.437833,-0.896555,-0.551076,-0.014400,-0.023510,0.500794,-0.056273,-0.107846,-0.182174,-0.243522,0.119649,1.009847,-0.297810,0.122426,-0.021815,-0.077766,0.040037,0.089272,0.227835,-0.276730,0.700708,0.652570,0.309806,0.041934,0.269629,-0.164714,-0.091885,0.508698,-0.732742,0.168926,-0.016970
-6.581580,-0.872328,0.741613,-0.061869,-0.004783,0.438680,-0.896498,-0.583328,0.009840,-0.040869,0.459409,0.004404,-0.116802,-0.105656,-0.236448,0.073938,0.814314,-0.489750,0.148878,-0.011089,-0.067982,0.041198,0.088197,0.241027,-0.260745,0.716314,0.663436,0.353953,0.047295,0.241628,-0.164796,-0.074131,0.506788,-0.735284,0.160294,-0.007930
-6.603570,-0.854918,0.739634,-0.052942,-0.015895,0.443284,-0.894675,-0.608320,0.053078,-0.044740,0.401534,0.055920,-0.095784,-0.077480,-0.224841,-0.014797,0.669153,-0.604837,0.128318,0.000185,-0.051332,0.046640,0.093367,0.255925,-0.248907,0.725083,0.686019,0.392878,0.059297,0.208599,-0.159578,-0.049896,0.506381,-0.736778,0.149267,-0.005749
-6.625557,-0.836994,0.746414,-0.043377,-0.027469,0.447984,-0.892566,-0.632951,0.124470,0.016332,0.331668,0.028967,-0.017241,-0.087671,-0.189904,-0.057301,0.578882,-0.638887,0.110496,0.004866,-0.027786,0.051674,0.108815,0.258714,-0.240505,0.731151,0.702018,0.419993,0.067599,0.174626,-0.157657,-0.035059,0.515929,-0.731826,0.134097,-0.011260
-6.645557,-0.818796,0.750614,-0.030502,-0.037409,0.452692,-0.890360,-0.622647,0.214525,0.155648,0.280089,-0.046659,0.037380,-0.130080,-0.142583,-0.054554,0.560742,-0.615176,0.104890,0.001977,-0.000530,0.055091,0.123495,0.245451,-0.242553,0.749060,0.708115,0.439765,0.060376,0.142192,-0.149302,-0.026049,0.538487,-0.722639,0.134551,-0.019039
-6.663792,-0.800419,0.753987,-0.020904,-0.043141,0.457585,-0.887873,-0.602080,0.299731,0.337522,0.302743,-0.079459,0.017923,-0.183897,-0.106758,-0.042189,0.576685,-0.568531,0.100476,-0.004403,0.024722,0.056706,0.140346,0.223686,-0.255775,0.782230,0.697445,0.436787,0.026045,0.122015,-0.145431,-0.029186,0.565672,-0.709723,0.138870,-0.027970
-6.680127,-0.782403,0.757754,-0.017433,-0.044478,0.463641,-0.884735,-0.587138,0.341278,0.390412,0.408813,-0.100529,0.033196,-0.231359,-0.087944,-0.028767,0.588847,-0.516646,0.094248,-0.003954,0.037317,0.057596,0.147009,0.201980,-0.283172,0.825798,0.681933,0.417040,-0.042819,0.120608,-0.141333,-0.047504,0.584175,-0.696820,0.155579,-0.037447
-6.694893,-0.764607,0.761645,-0.015325,-0.043501,0.467527,-0.882775,-0.586698,0.351593,0.354862,0.573310,-0.124924,0.050461,-0.261412,-0.078008,-0.024272,0.579638,-0.470655,0.085161,0.000190,0.040696,0.058096,0.139273,0.196302,-0.328814,0.866909,0.681960,0.382959,-0.142740,0.140270,-0.134640,-0.065766,0.584005,-0.689996,0.160606,-0.046826
-6.708435,-0.746702,0.765072,-0.014037,-0.042641,0.470753,-0.881122,-0.589334,0.347529,0.296281,0.758024,-0.159531,0.054882,-0.279713,-0.070616,-0.018850,0.548237,-0.434129,0.081667,0.004143,0.040906,0.057533,0.126284,0.196941,-0.349692,0.889985,0.674974,0.366204,-0.221351,0.166826,-0.127008,-0.077072,0.574577,-0.688845,0.157729,-0.053440
-6.720982,-0.728624,0.767389,-0.012370,-0.042774,0.477229,-0.877650,-0.576780,0.343251,0.246554,0.928765,-0.188074,0.036346,-0.295080,-0.060548,-0.009226,0.506652,-0.398550,0.084012,0.005475,0.042010,0.054931,0.118146,0.197331,-0.332117,0.889287,0.657403,0.374356,-0.236637,0.191022,-0.121150,-0.075739,0.564434,-0.684065,0.142580,-0.051651
-6.732786,-0.710345,0.768171,-0.009834,-0.043769,0.486672,-0.872432,-0.540993,0.346625,0.219015,1.067268,-0.212656,0.030120,-0.314360,-0.046101,0.004958,0.469219,-0.358931,0.089134,0.004543,0.045633,0.051659,0.116919,0.200450,-0.313566,0.873331,0.657716,0.377760,-0.201861,0.211708,-0.122300,-0.067029,0.558837,-0.674506,0.126919,-0.051694
-6.743994,-0.691954,0.767227,-0.005840,-0.045323,0.497968,-0.865991,-0.479718,0.358541,0.213014,1.159983,-0.221598,0.028835,-0.340596,-0.025951,0.022816,0.446241,-0.319534,0.093862,0.002254,0.050780,0.048253,0.123992,0.210624,-0.297121,0.855795,0.669393,0.371883,-0.138156,0.229933,-0.128572,-0.054046,0.562729,-0.656961,0.117771,-0.044605
-6.754615,-0.673597,0.764917,-0.002275,-0.047709,0.511290,-0.858080,-0.403177,0.356107,0.210316,1.201681,-0.208694,0.008279,-0.375754,-0.002029,0.044896,0.438346,-0.281417,0.095795,-0.002005,0.056204,0.044408,0.124113,0.214080,-0.292777,0.849582,0.689195,0.370428,-0.075914,0.242218,-0.136554,-0.043284,0.572938,-0.642472,0.125041,-0.034709
-6.764674,-0.655107,0.761440,0.000621,-0.052074,0.523606,-0.850367,-0.322105,0.319536,0.192966,1.183104,-0.159703,-0.039067,-0.423829,0.023075,0.064059,0.451014,-0.249729,0.097304,-0.009279,0.059851,0.040842,0.114272,0.214976,-0.288925,0.851897,0.700093,0.376773,-0.041458,0.252265,-0.142654,-0.039241,0.580023,-0.643407,0.137029,-0.033589
-6.774319,-0.636629,0.758225,0.001965,-0.056852,0.533306,-0.844007,-0.235639,0.249097,0.158872,1.087226,-0.082608,-0.086280,-0.476489,0.044122,0.076378,0.472130,-0.221575,0.099180,-0.020338,0.060780,0.038006,0.094373,0.216739,-0.285641,0.853506,0.698790,0.380165,-0.032404,0.265531,-0.140537,-0.048959,0.575539,-0.652232,0.149511,-0.044477
-6.783397,-0.617979,0.755985,0.003636,-0.064332,0.538929,-0.839883,-0.130724,0.226908,0.178631,0.908602,-0.195305,-0.118974,-0.535359,0.063199,0.079626,0.500264,-0.195777,0.102285,-0.037461,0.060913,0.035805,0.061927,0.227960,-0.291682,0.856976,0.697421,0.378124,-0.050439,0.280785,-0.122174,-0.070947,0.550278,-0.653552,0.162494,-0.062831
-6.792099,-0.599985,0.752358,0.001228,-0.068569,0.544257,-0.836111,-0.043447,0.213737,0.230174,0.726599,-0.398241,-0.116117,-0.581233,0.072345,0.085983,0.505196,-0.162498,0.104265,-0.055674,0.059352,0.035674,0.026101,0.240729,-0.309752,0.853238,0.701533,0.363641,-0.071438,0.303386,-0.102580,-0.104930,0.516108,-0.640860,0.159550,-0.079224
-6.800131,-0.581496,0.748628,-0.002577,-0.071473,0.549274,-0.832576,0.015203,0.199796,0.303170,0.569063,-0.525332,-0.097719,-0.616985,0.072865,0.090666,0.488101,-0.125015,0.111451,-0.071134,0.054498,0.039007,-0.012234,0.252775,-0.323435,0.845678,0.701749,0.352389,-0.072089,0.326647,-0.078332,-0.144969,0.486157,-0.613213,0.150919,-0.094490
-6.808149,-0.562699,0.750275,-0.007484,-0.073421,0.554658,-0.828799,0.042929,0.175146,0.343122,0.445459,-0.577884,-0.081496,-0.643972,0.062869,0.086872,0.442901,-0.103540,0.141663,-0.079443,0.047312,0.043132,-0.053439,0.262343,-0.337601,0.844213,0.704556,0.354317,-0.055542,0.349865,-0.055861,-0.177074,0.472376,-0.593550,0.141702,-0.108194
-6.816231,-0.545523,0.753246,-0.013382,-0.076538,0.557421,-0.826586,0.040163,0.153602,0.343226,0.366470,-0.570439,-0.076200,-0.647421,0.040151,0.057498,0.373949,-0.130062,0.164020,-0.080678,0.038595,0.044873,-0.100549,0.269663,-0.358073,0.848490,0.715624,0.364235,-0.034468,0.369643,-0.037594,-0.198823,0.475374,-0.593965,0.134441,-0.109574
-6.825571,-0.528511,0.760697,-0.020529,-0.078878,0.556093,-0.827114,0.004336,0.141002,0.331636,0.342526,-0.540402,-0.071210,-0.643997,-0.007614,-0.019408,0.321796,-0.178881,0.184703,-0.078812,0.026865,0.045218,-0.145524,0.268525,-0.374082,0.853707,0.725059,0.373229,-0.006724,0.385264,-0.026075,-0.213701,0.492495,-0.616707,0.140290,-0.098201
-6.835280,-0.511901,0.765696,-0.026225,-0.081464,0.551328,-0.829887,-0.055855,0.139633,0.315029,0.368750,-0.512244,-0.062263,-0.645979,-0.063719,-0.111344,0.353008,-0.196656,0.146250,-0.077631,0.014624,0.045747,-0.177410,0.261866,-0.373769,0.852703,0.720740,0.383313,0.015907,0.391474,-0.014013,-0.225177,0.523882,-0.639515,0.155216,-0.071337
-6.844718,-0.496947,0.768958,-0.029385,-0.083449,0.544810,-0.833879,-0.114886,0.142850,0.296344,0.407380,-0.490662,-0.052520,-0.655197,-0.110304,-0.156223,0.464684,-0.226350,0.097537,-0.078927,0.007640,0.047584,-0.192084,0.254409,-0.366755,0.836358,0.708598,0.384091,0.028710,0.390194,-0.007326,-0.233187,0.562129,-0.658798,0.176046,-0.030356
-6.853715,-0.484097,0.771010,-0.030922,-0.083837,0.538028,-0.838177,-0.158158,0.144298,0.276596,0.432892,-0.473619,-0.045650,-0.660186,-0.138389,-0.147015,0.607254,-0.264126,0.068853,-0.080962,0.005369,0.049136,-0.190814,0.247620,-0.360298,0.805029,0.691218,0.369382,0.033425,0.384843,-0.011927,-0.235910,0.597139,-0.669470,0.199069,0.022831
-6.862321,-0.472920,0.772092,-0.031744,-0.082416,0.531893,-0.842193,-0.188649,0.142911,0.256907,0.447696,-0.463274,-0.043096,-0.654148,-0.155877,-0.114815,0.745357,-0.306938,0.069012,-0.080987,0.004103,0.049612,-0.178380,0.241107,-0.358269,0.765417,0.669280,0.336057,0.034498,0.378261,-0.032826,-0.225877,0.627957,-0.690885,0.219428,0.081866
-6.870460,-0.463031,0.772555,-0.034403,-0.080010,0.526752,-0.845545,-0.211961,0.135898,0.241454,0.452874,-0.453410,-0.041636,-0.633649,-0.173762,-0.083982,0.856462,-0.343783,0.084109,-0.077965,0.001228,0.048067,-0.161967,0.234030,-0.361229,0.727254,0.650641,0.302403,0.038813,0.370427,-0.060284,-0.216182,0.651159,-0.714382,0.230189,0.119356
-6.878042,-0.454263,0.772858,-0.038566,-0.077795,0.521798,-0.848638,-0.231344,0.125156,0.229393,0.449794,-0.440136,-0.040473,-0.594918,-0.197197,-0.069167,0.922022,-0.352486,0.092055,-0.072635,-0.004570,0.043203,-0.141685,0.223775,-0.364736,0.694549,0.634597,0.273796,0.046372,0.361168,-0.082457,-0.215427,0.669010,-0.731933,0.239752,0.130071
-6.885082,-0.446696,0.773080,-0.044595,-0.076209,0.517212,-0.851290,-0.248457,0.111264,0.220041,0.440329,-0.422384,-0.039917,-0.535753,-0.227326,-0.075847,0.924007,-0.323414,0.123282,-0.065274,-0.013466,0.034910,-0.118564,0.209259,-0.364500,0.675335,0.618587,0.258601,0.059519,0.350883,-0.092956,-0.226972,0.684381,-0.739841,0.257861,0.108949
-6.891680,-0.440496,0.772791,-0.052517,-0.075128,0.512711,-0.853654,-0.264494,0.095387,0.212901,0.428619,-0.402454,-0.040419,-0.457250,-0.254192,-0.100253,0.850483,-0.291192,0.186105,-0.055582,-0.025201,0.024348,-0.097442,0.191989,-0.363036,0.675975,0.603932,0.257606,0.071486,0.342190,-0.089491,-0.246864,0.694361,-0.738974,0.273125,0.061884
-6.897834,-0.435529,0.770572,-0.059694,-0.073852,0.509541,-0.855191,-0.274329,0.082641,0.211095,0.413717,-0.382327,-0.041103,-0.366695,-0.259991,-0.131029,0.697501,-0.374202,0.210165,-0.044563,-0.037740,0.012832,-0.077588,0.178096,-0.361603,0.696583,0.594836,0.268268,0.077028,0.334554,-0.077510,-0.262702,0.701102,-0.731598,0.280154,0.017466
-6.903490,-0.432124,0.771155,-0.064089,-0.074131,0.509357,-0.854958,-0.278684,0.079267,0.215208,0.394972,-0.360103,-0.041592,-0.281770,-0.258542,-0.187280,0.526249,-0.422429,0.196314,-0.031627,-0.048527,0.002531,-0.059397,0.171929,-0.358271,0.729925,0.594173,0.293745,0.070322,0.323039,-0.063743,-0.260366,0.706413,-0.726092,0.277422,-0.010160
-6.909428,-0.429444,0.772868,-0.065971,-0.075745,0.512813,-0.852604,-0.282712,0.086742,0.224610,0.380921,-0.339565,-0.043458,-0.219707,-0.240638,-0.228105,0.382481,-0.411055,0.172490,-0.020811,-0.055113,-0.004702,-0.039128,0.167606,-0.342395,0.768110,0.593896,0.329113,0.069392,0.303105,-0.056498,-0.236557,0.712624,-0.727251,0.264522,-0.013248
-6.915512,-0.427494,0.775664,-0.064880,-0.078085,0.518844,-0.848819,-0.287295,0.104475,0.236773,0.375140,-0.321380,-0.047341,-0.181543,-0.212651,-0.237628,0.277681,-0.366777,0.155851,-0.013936,-0.057287,-0.009187,-0.010945,0.161267,-0.313590,0.807286,0.585791,0.364471,0.078659,0.278410,-0.057492,-0.196174,0.717664,-0.735843,0.243380,0.003433
-6.921395,-0.425640,0.777497,-0.063078,-0.080031,0.526813,-0.843851,-0.294034,0.126137,0.252180,0.380102,-0.308497,-0.052637,-0.166049,-0.187352,-0.229529,0.218099,-0.330133,0.146581,-0.008811,-0.055457,-0.010863,0.022404,0.150413,-0.284533,0.847071,0.574883,0.397736,0.087312,0.253104,-0.066106,-0.150460,0.713212,-0.748756,0.224093,0.027793
-6.926836,-0.423786,0.778255,-0.061993,-0.081923,0.535667,-0.838156,-0.302761,0.146964,0.268087,0.389743,-0.299990,-0.057479,-0.177292,-0.168903,-0.207144,0.211535,-0.318246,0.139909,-0.005077,-0.051399,-0.010007,0.053088,0.138094,-0.267781,0.886417,0.565787,0.417087,0.078836,0.229889,-0.080035,-0.107494,0.691304,-0.762262,0.203828,0.047122
-6.931926,-0.422020,0.778480,-0.060838,-0.083001,0.543686,-0.832955,-0.309474,0.165415,0.281050,0.397935,-0.293948,-0.061945,-0.200345,-0.154495,-0.184429,0.234980,-0.319396,0.130978,-0.002911,-0.046805,-0.007493,0.080328,0.130236,-0.274156,0.924276,0.566499,0.422389,0.047118,0.214813,-0.092689,-0.076548,0.652010,-0.767223,0.180625,0.050269
-6.936474,-0.420618,0.778620,-0.059224,-0.083313,0.549576,-0.829167,-0.311778,0.180956,0.290946,0.400744,-0.288518,-0.065966,-0.217440,-0.141288,-0.168724,0.255400,-0.320918,0.120103,-0.001779,-0.042587,-0.004530,0.102715,0.126098,-0.301072,0.953929,0.576815,0.423689,-0.005908,0.209357,-0.101800,-0.066202,0.606318,-0.755543,0.151302,0.036423
-6.940323,-0.419617,0.778818,-0.057115,-0.083558,0.552983,-0.827022,-0.312639,0.194213,0.296391,0.401137,-0.283129,-0.069589,-0.225143,-0.128697,-0.160510,0.264017,-0.319147,0.109635,-0.001888,-0.038730,-0.002096,0.119916,0.126201,-0.323334,0.977014,0.582305,0.412189,-0.062313,0.212128,-0.100491,-0.067966,0.560007,-0.732246,0.125196,0.001881
-6.943251,-0.418820,0.778943,-0.054440,-0.083699,0.553885,-0.826585,-0.316061,0.205434,0.295665,0.406827,-0.279139,-0.072274,-0.226056,-0.118101,-0.159315,0.265624,-0.315759,0.101784,-0.002602,-0.034941,-0.000955,0.128898,0.132041,-0.346124,0.997538,0.591697,0.403509,-0.124440,0.221226,-0.089055,-0.080571,0.521263,-0.690475,0.102471,-0.037158
-6.944893,-0.417912,0.778802,-0.051612,-0.083081,0.553332,-0.827199,-0.322806,0.213140,0.290120,0.421659,-0.278798,-0.071829,-0.224969,-0.111996,-0.161218,0.268976,-0.313606,0.097803,-0.003438,-0.031091,-0.000423,0.131799,0.142078,-0.357948,1.006432,0.598186,0.400486,-0.178773,0.231854,-0.077383,-0.093876,0.495360,-0.644131,0.087335,-0.068208
-6.945088,-0.416671,0.778232,-0.048751,-0.081604,0.552228,-0.828256,-0.335804,0.216678,0.275852,0.451238,-0.282213,-0.070706,-0.224359,-0.110955,-0.163685,0.277866,-0.314083,0.098256,-0.003940,-0.026840,0.000526,0.131043,0.156119,-0.362065,1.000149,0.607401,0.392450,-0.201772,0.239966,-0.072615,-0.100355,0.484459,-0.610722,0.087406,-0.083581
-6.944149,-0.414995,0.777199,-0.045863,-0.079629,0.550965,-0.829454,-0.357502,0.217519,0.251045,0.497868,-0.285720,-0.072805,-0.225737,-0.113494,-0.165560,0.292700,-0.316823,0.101992,-0.004641,-0.022363,0.002459,0.126779,0.170885,-0.353596,0.984795,0.614615,0.391387,-0.197644,0.245520,-0.076455,-0.098738,0.485060,-0.598849,0.095178,-0.090902
-6.942252,-0.412891,0.775878,-0.042921,-0.077432,0.549648,-0.830692,-0.388302,0.212437,0.207320,0.559965,-0.285641,-0.088459,-0.229309,-0.118668,-0.166605,0.312395,-0.321389,0.108683,-0.005412,-0.017958,0.005232,0.118288,0.186267,-0.338750,0.961197,0.621507,0.386893,-0.166165,0.249198,-0.085806,-0.092462,0.496108,-0.599697,0.106786,-0.087448
-6.938999,-0.410593,0.775938,-0.039794,-0.075670,0.546751,-0.832919,-0.423777,0.199638,0.140206,0.627670,-0.283347,-0.118427,-0.232718,-0.125966,-0.170693,0.332858,-0.326266,0.117924,-0.006575,-0.014360,0.008092,0.104872,0.202627,-0.321223,0.935339,0.628681,0.381213,-0.118141,0.253513,-0.097236,-0.085562,0.516439,-0.607625,0.123544,-0.077955
-6.934738,-0.407998,0.774705,-0.036203,-0.074167,0.542807,-0.835792,-0.456279,0.183553,0.069999,0.688979,-0.286075,-0.146616,-0.234416,-0.135435,-0.177367,0.351989,-0.332067,0.130651,-0.009503,-0.011145,0.010292,0.087071,0.218047,-0.302823,0.910574,0.634994,0.379578,-0.071196,0.259773,-0.106670,-0.082163,0.541300,-0.617204,0.143195,-0.066519
-6.928684,-0.405066,0.774872,-0.032482,-0.072633,0.538644,-0.838768,-0.481411,0.191315,0.037018,0.736891,-0.296613,-0.139077,-0.232382,-0.147040,-0.185002,0.365566,-0.336324,0.147688,-0.014697,-0.007024,0.011291,0.066563,0.232646,-0.281460,0.886163,0.637713,0.371263,-0.032629,0.267691,-0.115480,-0.077124,0.562686,-0.626555,0.171062,-0.053412
-6.921236,-0.401787,0.773352,-0.028536,-0.071266,0.535678,-0.840926,-0.496052,0.228629,0.047211,0.768195,-0.307719,-0.102926,-0.227160,-0.158893,-0.189563,0.372213,-0.338238,0.167638,-0.020392,-0.002594,0.011235,0.046208,0.243941,-0.268132,0.859000,0.643383,0.358830,-0.005526,0.276649,-0.124496,-0.077475,0.588566,-0.634335,0.197364,-0.041639
-6.912354,-0.398196,0.771104,-0.024359,-0.070286,0.535037,-0.841547,-0.503251,0.273992,0.059840,0.778024,-0.314551,-0.067334,-0.222460,-0.169682,-0.187606,0.377444,-0.339068,0.188542,-0.024052,0.001133,0.010617,0.026455,0.254417,-0.259460,0.831182,0.650813,0.345442,0.011016,0.285975,-0.130280,-0.085202,0.614113,-0.635694,0.220399,-0.035404
-6.901951,-0.394225,0.768270,-0.019938,-0.069249,0.536096,-0.841075,-0.504361,0.308356,0.053300,0.766834,-0.320649,-0.044945,-0.219471,-0.180640,-0.180052,0.385587,-0.340043,0.208533,-0.025405,0.004070,0.010091,0.006536,0.263573,-0.255342,0.805297,0.657864,0.332825,0.014258,0.296733,-0.135039,-0.096062,0.638192,-0.634200,0.237513,-0.035656
-6.889757,-0.389673,0.764607,-0.015151,-0.068262,0.539419,-0.839129,-0.504805,0.320262,0.011314,0.746053,-0.330829,-0.041136,-0.222389,-0.192365,-0.166015,0.403116,-0.343190,0.226930,-0.024962,0.005742,0.010461,-0.013659,0.275012,-0.256117,0.781218,0.665999,0.319292,0.008634,0.307442,-0.138596,-0.107386,0.660759,-0.631703,0.248751,-0.039139
-6.875691,-0.384281,0.760148,-0.010562,-0.067063,0.544257,-0.836167,-0.504353,0.302961,-0.071139,0.724763,-0.342801,-0.060944,-0.233937,-0.206147,-0.145760,0.433531,-0.347728,0.241454,-0.024086,0.005821,0.011770,-0.033806,0.288650,-0.262835,0.760681,0.679169,0.305917,-0.000241,0.317953,-0.139514,-0.122033,0.677909,-0.624349,0.260710,-0.046699
-6.859904,-0.377938,0.755253,-0.007153,-0.065462,0.550951,-0.831935,-0.496758,0.258922,-0.179728,0.705987,-0.344792,-0.101193,-0.256231,-0.220464,-0.117851,0.475538,-0.346407,0.247176,-0.023353,0.005113,0.013620,-0.055507,0.302735,-0.275988,0.745715,0.696348,0.298661,-0.014665,0.328845,-0.141573,-0.133297,0.686332,-0.620395,0.266183,-0.051966
-6.842231,-0.370359,0.749143,-0.004794,-0.063749,0.560074,-0.825972,-0.481909,0.210740,-0.272067,0.698584,-0.360044,-0.177518,-0.290232,-0.234096,-0.080007,0.526569,-0.335265,0.247684,-0.024283,0.004272,0.016136,-0.076315,0.315599,-0.288660,0.733057,0.712313,0.295012,-0.028293,0.338477,-0.143997,-0.145836,0.685225,-0.615195,0.267392,-0.057931
-6.822509,-0.361093,0.744503,-0.003071,-0.062830,0.570996,-0.818539,-0.475060,0.179506,-0.294554,0.720343,-0.417045,-0.214110,-0.332153,-0.248396,-0.038468,0.575816,-0.302296,0.247716,-0.026553,0.004574,0.019910,-0.096471,0.325104,-0.300321,0.723603,0.726536,0.292216,-0.036713,0.348874,-0.144351,-0.160357,0.669080,-0.607282,0.260373,-0.066061
-6.799999,-0.350953,0.744236,-0.003658,-0.062029,0.583672,-0.809609,-0.480708,0.154452,-0.256977,0.757297,-0.465366,-0.180675,-0.371429,-0.266020,0.006425,0.600237,-0.240562,0.247722,-0.029269,0.005509,0.024099,-0.115192,0.325084,-0.305633,0.720854,0.731817,0.295312,-0.034242,0.361135,-0.143135,-0.181262,0.638996,-0.596555,0.244825,-0.075155
-6.775710,-0.339780,0.745139,-0.007268,-0.061276,0.599700,-0.797843,-0.489572,0.126780,-0.201944,0.786957,-0.478251,-0.130053,-0.400491,-0.285000,0.055325,0.578981,-0.149684,0.247706,-0.029697,0.005032,0.027171,-0.128948,0.313677,-0.302637,0.725825,0.726550,0.304343,-0.015153,0.371407,-0.139497,-0.206704,0.601984,-0.585998,0.223720,-0.079360
-6.749776,-0.328448,0.746537,-0.011038,-0.060502,0.617558,-0.784117,-0.489771,0.101663,-0.138818,0.794475,-0.482682,-0.076397,-0.414502,-0.310885,0.099045,0.519566,-0.045253,0.247569,-0.029156,0.002330,0.028607,-0.135763,0.298270,-0.298357,0.739154,0.715541,0.315764,0.008694,0.378663,-0.126666,-0.238791,0.567800,-0.575663,0.206233,-0.080361
-6.723774,-0.317970,0.747370,-0.013539,-0.059060,0.637601,-0.767980,-0.482762,0.083744,-0.073804,0.789519,-0.483732,-0.030570,-0.421564,-0.358922,0.070861,0.456242,0.028006,0.244026,-0.029050,-0.004150,0.028076,-0.132645,0.290705,-0.296479,0.755818,0.702036,0.324658,0.022786,0.380625,-0.108088,-0.262691,0.542671,-0.575987,0.188503,-0.081097
-6.699227,-0.307488,0.751445,-0.014947,-0.056498,0.659959,-0.749025,-0.473803,0.076034,-0.002588,0.781228,-0.478996,0.006847,-0.420071,-0.419818,-0.077328,0.438268,-0.003424,0.163700,-0.027909,-0.015139,0.026026,-0.119149,0.293596,-0.296565,0.771421,0.687359,0.330376,0.026478,0.376664,-0.088569,-0.271925,0.533629,-0.593299,0.175900,-0.079352
-6.675195,-0.297480,0.753569,-0.016310,-0.052578,0.678531,-0.732507,-0.464054,0.064122,0.062463,0.765803,-0.467975,0.042149,-0.405322,-0.456807,-0.224241,0.503076,-0.095140,0.133642,-0.030442,-0.025815,0.022818,-0.099050,0.295993,-0.302454,0.785069,0.673942,0.330062,0.021148,0.370137,-0.074316,-0.274438,0.535527,-0.621832,0.165520,-0.073301
-6.650452,-0.287879,0.755173,-0.017405,-0.047835,0.695357,-0.716860,-0.450901,0.044232,0.120810,0.740482,-0.452350,0.081300,-0.393641,-0.477296,-0.318422,0.635954,-0.147535,0.132741,-0.036071,-0.034191,0.018718,-0.069378,0.295124,-0.307820,0.794616,0.663011,0.327573,0.017434,0.360752,-0.068825,-0.270689,0.545146,-0.658174,0.161199,-0.056525
-6.624855,-0.278677,0.755935,-0.018312,-0.041772,0.714038,-0.698620,-0.434936,0.023701,0.183575,0.710770,-0.436179,0.122095,-0.384525,-0.478719,-0.367390,0.798466,-0.209902,0.133764,-0.040796,-0.040576,0.014289,-0.026525,0.290346,-0.303102,0.795416,0.650185,0.327623,0.020443,0.345335,-0.068219,-0.264868,0.556967,-0.688161,0.156069,-0.034247
-6.597948,-0.269863,0.755941,-0.018598,-0.035883,0.736785,-0.674918,-0.417234,0.007480,0.256159,0.674645,-0.418235,0.164311,-0.365151,-0.470215,-0.411142,0.954485,-0.262247,0.130407,-0.041466,-0.045334,0.008744,0.035217,0.281459,-0.282856,0.780423,0.632480,0.326580,0.031557,0.317503,-0.068604,-0.252519,0.578730,-0.710528,0.155187,-0.020940
-6.569887,-0.261719,0.755380,-0.017578,-0.030114,0.761827,-0.646841,-0.396944,-0.005619,0.335390,0.631158,-0.398183,0.206087,-0.326775,-0.451882,-0.459215,1.080729,-0.299135,0.155145,-0.036491,-0.047849,0.002463,0.106485,0.264324,-0.254357,0.759446,0.616345,0.320518,0.045175,0.288036,-0.078177,-0.238164,0.602561,-0.729069,0.153118,-0.007246
-6.541169,-0.254304,0.754697,-0.014111,-0.025862,0.785875,-0.617683,-0.376147,-0.014629,0.412820,0.582838,-0.375526,0.239810,-0.283355,-0.397001,-0.479990,1.172374,-0.307609,0.219760,-0.027755,-0.046214,-0.002755,0.182508,0.239009,-0.219082,0.733936,0.601837,0.313977,0.054753,0.256866,-0.090579,-0.223911,0.622937,-0.745602,0.148973,0.005085
-6.512652,-0.247374,0.754599,-0.009193,-0.024371,0.810312,-0.585420,-0.356332,-0.010756,0.490491,0.532047,-0.349719,0.247362,-0.250176,-0.295149,-0.495100,1.223868,-0.270722,0.246556,-0.009104,-0.038573,-0.007047,0.258616,0.210410,-0.185000,0.703354,0.593806,0.309804,0.059588,0.224394,-0.106656,-0.216810,0.634224,-0.759630,0.140951,0.015866
-6.484172,-0.240470,0.754923,-0.003234,-0.027175,0.835782,-0.548380,-0.341734,0.007031,0.570425,0.482491,-0.322044,0.247705,-0.226191,-0.163268,-0.516533,1.227832,-0.182268,0.247684,0.022042,-0.023930,-0.011816,0.324409,0.177149,-0.150843,0.678988,0.587520,0.301251,0.058923,0.198939,-0.111883,-0.213415,0.630271,-0.773427,0.134314,0.024692
-6.455691,-0.233078,0.754983,0.002832,-0.033228,0.859011,-0.510870,-0.334788,0.029944,0.643967,0.435076,-0.291247,0.247724,-0.201852,-0.021520,-0.479232,1.167442,-0.073666,0.247570,0.055484,-0.004194,-0.017481,0.375500,0.143144,-0.121629,0.663487,0.584994,0.299631,0.039900,0.164407,-0.118797,-0.209517,0.631358,-0.778646,0.128383,0.028782
-6.427208,-0.224553,0.753585,0.005390,-0.041420,0.877053,-0.478575,-0.344321,0.048545,0.701461,0.392716,-0.254860,0.247714,-0.154728,0.065178,-0.372062,1.033182,-0.088138,0.243546,0.078169,0.015123,-0.025016,0.401962,0.112694,-0.100539,0.655165,0.595276,0.319335,0.001680,0.133247,-0.120239,-0.208830,0.628168,-0.780208,0.123496,0.022655
-6.398266,-0.213936,0.747712,0.001219,-0.048245,0.893032,-0.447397,-0.385656,0.065197,0.744370,0.377782,-0.214553,0.247650,-0.122511,0.104692,-0.270061,0.908935,-0.266514,0.153107,0.093548,0.027901,-0.029781,0.417243,0.094653,-0.086661,0.653074,0.622026,0.341036,-0.048083,0.099512,-0.123099,-0.206251,0.619463,-0.778599,0.117378,0.015242
-6.368679,-0.202316,0.740708,-0.003873,-0.053732,0.908595,-0.414191,-0.463036,0.089360,0.742443,0.412084,-0.162496,0.246929,-0.118679,0.111857,-0.249379,0.837487,-0.453401,0.022280,0.110404,0.035905,-0.027559,0.419087,0.086267,-0.074246,0.656525,0.663159,0.362980,-0.094491,0.067926,-0.126064,-0.199305,0.603205,-0.774343,0.116030,0.009502
-6.340706,-0.190082,0.734815,-0.004805,-0.057330,0.919915,-0.387874,-0.599574,0.078535,0.613682,0.516782,-0.107986,0.228368,-0.135466,0.108511,-0.252049,0.798128,-0.562960,-0.027993,0.118735,0.040280,-0.015134,0.411946,0.089773,-0.066011,0.662347,0.707697,0.383410,-0.123571,0.051869,-0.125149,-0.190832,0.592573,-0.766984,0.115790,-0.008953
-6.313975,-0.178323,0.729561,-0.001388,-0.059148,0.927052,-0.370234,-0.720725,0.014628,0.326413,0.638387,-0.073639,-0.093413,-0.159003,0.112371,-0.238660,0.778780,-0.621759,-0.046993,0.114451,0.041445,0.002365,0.401806,0.109735,-0.064412,0.672552,0.748828,0.394825,-0.130601,0.063981,-0.119519,-0.183390,0.580220,-0.757278,0.112159,-0.031064
-6.287464,-0.167948,0.724853,0.006294,-0.067230,0.925795,-0.371948,-0.780981,-0.066575,0.176464,0.767017,-0.105056,-0.240540,-0.174420,0.114038,-0.257069,0.751295,-0.651556,-0.051574,0.085673,0.050378,0.016311,0.388424,0.143684,-0.081337,0.684030,0.793040,0.398247,-0.144916,0.092994,-0.119097,-0.174089,0.580523,-0.753956,0.111856,-0.049430
-6.260719,-0.158211,0.727870,0.009626,-0.070420,0.921363,-0.382150,-0.797261,-0.044546,0.115459,0.913864,-0.158158,-0.247265,-0.192732,0.096894,-0.279730,0.719595,-0.637582,-0.041466,0.052184,0.056967,0.026781,0.359926,0.179452,-0.103906,0.689334,0.828273,0.389025,-0.166103,0.134567,-0.119786,-0.176725,0.583963,-0.741421,0.114743,-0.058162
-6.232880,-0.148941,0.734425,0.009476,-0.070145,0.917482,-0.391430,-0.786131,0.084478,0.140586,1.061955,-0.178049,-0.242912,-0.216077,0.065986,-0.296612,0.685205,-0.590307,-0.022030,0.029697,0.060273,0.032653,0.325200,0.212382,-0.114773,0.686751,0.848491,0.373712,-0.178230,0.181908,-0.122632,-0.186884,0.595133,-0.722446,0.123572,-0.062428
-6.205050,-0.140737,0.741734,0.007548,-0.067770,0.916317,-0.394605,-0.741134,0.240277,0.186526,1.175640,-0.189091,-0.140618,-0.237325,0.031750,-0.303327,0.644627,-0.532491,0.000789,0.023124,0.060680,0.033478,0.284421,0.236187,-0.115081,0.675810,0.856628,0.368775,-0.173730,0.233638,-0.114181,-0.203392,0.611951,-0.696115,0.144151,-0.069374
-6.177855,-0.133837,0.747696,0.006068,-0.064440,0.917527,-0.392370,-0.668646,0.374500,0.218677,1.244207,-0.205232,0.010607,-0.254237,0.001236,-0.298805,0.602112,-0.475823,0.024868,0.026859,0.059231,0.031470,0.238903,0.252113,-0.112901,0.667474,0.860711,0.362856,-0.159468,0.288393,-0.101724,-0.217111,0.633068,-0.667716,0.175606,-0.073643
-6.151335,-0.127829,0.751384,0.005271,-0.062706,0.919631,-0.387709,-0.585867,0.474997,0.222993,1.274984,-0.212889,0.125123,-0.272057,-0.022683,-0.290595,0.564003,-0.421262,0.048529,0.033654,0.057349,0.028720,0.196737,0.267575,-0.106034,0.655027,0.860991,0.353345,-0.135359,0.344318,-0.096564,-0.227332,0.660367,-0.646704,0.200744,-0.070137
-6.125253,-0.122520,0.752525,0.005622,-0.062603,0.921352,-0.383615,-0.494784,0.555060,0.215462,1.271909,-0.199178,0.179113,-0.294634,-0.042908,-0.282408,0.539964,-0.372713,0.070552,0.037640,0.056514,0.025699,0.162321,0.283745,-0.097012,0.634600,0.854972,0.340653,-0.105122,0.389485,-0.092804,-0.219192,0.696289,-0.641778,0.226293,-0.053090
-6.099101,-0.118005,0.751235,0.006550,-0.064062,0.921334,-0.383401,-0.392518,0.626105,0.221506,1.227189,-0.183642,0.182648,-0.325143,-0.065058,-0.277362,0.536499,-0.331597,0.092089,0.035380,0.057534,0.022204,0.127400,0.298508,-0.092736,0.613602,0.846436,0.325041,-0.073848,0.427498,-0.093314,-0.198814,0.735750,-0.652501,0.248930,-0.030598
-6.072318,-0.114407,0.748285,0.007541,-0.065856,0.919289,-0.387962,-0.282558,0.677997,0.243197,1.137022,-0.171329,0.163570,-0.360218,-0.094048,-0.276183,0.547517,-0.296155,0.114219,0.027013,0.059409,0.018528,0.087368,0.309616,-0.097708,0.599435,0.838869,0.313664,-0.048393,0.461270,-0.091670,-0.179399,0.773703,-0.669063,0.271223,-0.006309
-6.044319,-0.111638,0.744933,0.006844,-0.065896,0.914841,-0.398342,-0.178687,0.694372,0.266105,1.007638,-0.135707,0.138638,-0.397218,-0.136227,-0.277602,0.564985,-0.263259,0.139316,0.014443,0.060011,0.015047,0.036482,0.313390,-0.117696,0.595433,0.835496,0.305169,-0.033677,0.492709,-0.084721,-0.171528,0.802180,-0.679556,0.288267,0.015944
-6.014303,-0.109574,0.742649,0.003406,-0.062580,0.908216,-0.413782,-0.097340,0.651233,0.240531,0.853785,-0.089782,-0.017625,-0.431987,-0.193720,-0.277095,0.576090,-0.227128,0.160553,0.002144,0.056317,0.012706,-0.028953,0.309038,-0.156469,0.603486,0.840398,0.297535,-0.031237,0.522985,-0.068646,-0.185738,0.816829,-0.677132,0.303204,0.026491
-5.981180,-0.107941,0.741510,-0.002971,-0.059078,0.898623,-0.434715,-0.050243,0.549681,0.160634,0.711088,-0.208384,-0.236064,-0.461280,-0.261072,-0.274921,0.564532,-0.179245,0.171367,-0.011191,0.048940,0.011969,-0.107282,0.299815,-0.207928,0.620542,0.851018,0.291989,-0.040513,0.549831,-0.041030,-0.213598,0.816893,-0.664990,0.306490,0.030539
-5.946469,-0.106288,0.740367,-0.014471,-0.050166,0.886797,-0.459201,-0.060001,0.447406,0.110976,0.635683,-0.362258,-0.247098,-0.472465,-0.339201,-0.272402,0.505139,-0.126853,0.151357,-0.026282,0.037139,0.012624,-0.184920,0.273386,-0.263387,0.639403,0.856520,0.285376,-0.047886,0.569781,-0.014260,-0.249907,0.802248,-0.649831,0.302609,0.030902
-5.911117,-0.103990,0.741178,-0.029381,-0.039103,0.874383,-0.482765,-0.107087,0.373759,0.122677,0.618426,-0.462210,-0.246219,-0.475324,-0.421428,-0.273381,0.409213,-0.122741,0.082643,-0.038549,0.022824,0.014682,-0.251634,0.237906,-0.313927,0.657220,0.857148,0.274385,-0.049170,0.580018,0.007691,-0.289491,0.779360,-0.634590,0.290572,0.035436
-5.875816,-0.101760,0.740887,-0.044871,-0.026202,0.864009,-0.500788,-0.168040,0.290444,0.133829,0.635446,-0.509957,-0.213612,-0.459331,-0.501725,-0.304397,0.308463,-0.202699,0.018574,-0.042187,0.006034,0.017018,-0.298803,0.199211,-0.350359,0.670376,0.850229,0.266035,-0.042860,0.584048,0.019466,-0.322268,0.755487,-0.628278,0.272674,0.049030
-5.842069,-0.099290,0.741012,-0.058493,-0.014281,0.856132,-0.513238,-0.235499,0.198324,0.120174,0.679058,-0.526970,-0.168646,-0.441555,-0.567234,-0.353695,0.245240,-0.288135,-0.049614,-0.040320,-0.011706,0.019128,-0.321255,0.171408,-0.372030,0.673313,0.831982,0.255328,-0.030446,0.576706,0.013150,-0.327520,0.742675,-0.645740,0.257610,0.075693
-5.809855,-0.096625,0.742865,-0.065509,-0.009586,0.851864,-0.519562,-0.290194,0.133401,0.124001,0.715313,-0.518001,-0.122637,-0.431879,-0.613253,-0.420583,0.286996,-0.270632,0.005397,-0.037562,-0.025545,0.020129,-0.313664,0.164241,-0.380553,0.671321,0.810144,0.250337,-0.008223,0.551631,-0.008411,-0.302904,0.741844,-0.688434,0.244018,0.099436
-5.780277,-0.093997,0.746592,-0.066178,-0.005533,0.848529,-0.524965,-0.324441,0.087676,0.143581,0.738113,-0.486086,-0.073289,-0.438155,-0.618748,-0.370898,0.444593,-0.288266,-0.021049,-0.044462,-0.031326,0.021695,-0.272912,0.165452,-0.376776,0.664583,0.782420,0.243008,0.024031,0.519668,-0.043479,-0.275928,0.740157,-0.741322,0.233987,0.109352
-5.752239,-0.091586,0.753818,-0.065522,-0.000911,0.847273,-0.527101,-0.343535,0.047894,0.174219,0.744215,-0.443599,-0.021145,-0.451031,-0.608406,-0.316045,0.656099,-0.302921,-0.023082,-0.049933,-0.035473,0.023151,-0.212063,0.168527,-0.364745,0.658693,0.748693,0.239615,0.050737,0.483154,-0.077829,-0.263581,0.729161,-0.780207,0.230598,0.107620
-5.724673,-0.089032,0.758541,-0.066307,0.003587,0.847690,-0.526319,-0.357862,0.007552,0.206766,0.732107,-0.402379,0.026630,-0.445875,-0.603948,-0.315174,0.855390,-0.326999,-0.001468,-0.049167,-0.041555,0.021486,-0.146768,0.176509,-0.356524,0.661207,0.721369,0.241048,0.064224,0.447080,-0.106022,-0.262938,0.704277,-0.800459,0.226886,0.085803
-5.697312,-0.086450,0.761614,-0.067524,0.005725,0.848962,-0.524091,-0.369635,-0.032764,0.229351,0.705751,-0.364464,0.063765,-0.413062,-0.602936,-0.364816,1.021053,-0.341745,0.017692,-0.042557,-0.048958,0.017656,-0.083263,0.189493,-0.347021,0.671032,0.689252,0.239639,0.059636,0.410679,-0.122818,-0.268623,0.672130,-0.799119,0.219954,0.049356
-5.670395,-0.083846,0.763055,-0.068239,0.006530,0.850651,-0.521242,-0.382677,-0.067662,0.252141,0.681069,-0.331279,0.098401,-0.361771,-0.581864,-0.425225,1.145669,-0.348391,0.047458,-0.034346,-0.054566,0.013988,-0.023809,0.208382,-0.338023,0.692126,0.669479,0.254422,0.051132,0.374029,-0.132095,-0.275693,0.638392,-0.775248,0.202810,0.007840
-5.644041,-0.081199,0.763019,-0.067005,0.005415,0.851369,-0.520243,-0.399761,-0.095749,0.273023,0.666716,-0.302806,0.135689,-0.312486,-0.510647,-0.455600,1.229088,-0.345433,0.139674,-0.026158,-0.056344,0.012182,0.031976,0.225539,-0.326992,0.720144,0.659721,0.277578,0.045840,0.339160,-0.139482,-0.276556,0.608230,-0.737616,0.179718,-0.027661
-5.618182,-0.078435,0.761781,-0.064111,0.002472,0.852222,-0.519232,-0.421676,-0.115533,0.294809,0.663540,-0.277091,0.173222,-0.282757,-0.376877,-0.457078,1.264502,-0.333603,0.242629,-0.013949,-0.053464,0.012168,0.090067,0.234269,-0.296495,0.748503,0.639043,0.308183,0.046808,0.302616,-0.147277,-0.260060,0.589471,-0.704277,0.164505,-0.058296
-5.592593,-0.075562,0.759641,-0.060295,-0.003396,0.856567,-0.512489,-0.449812,-0.121968,0.319724,0.670020,-0.254601,0.204767,-0.268874,-0.197035,-0.482082,1.240948,-0.306334,0.247529,0.011411,-0.045515,0.012524,0.144236,0.235118,-0.248178,0.777949,0.614900,0.349837,0.052369,0.268044,-0.165262,-0.234002,0.572001,-0.677134,0.148869,-0.075600
-5.566861,-0.072487,0.756666,-0.056726,-0.010275,0.864052,-0.500090,-0.483159,-0.118995,0.348906,0.683039,-0.235144,0.228865,-0.256296,-0.022101,-0.487313,1.162493,-0.276616,0.247721,0.044577,-0.033744,0.011649,0.197553,0.229154,-0.192106,0.804119,0.597905,0.389124,0.056287,0.230735,-0.199810,-0.196589,0.553457,-0.668568,0.138808,-0.069325
-5.540724,-0.069130,0.753414,-0.054385,-0.018593,0.872195,-0.485770,-0.517568,-0.112673,0.373763,0.691093,-0.217000,0.240885,-0.229257,0.104810,-0.452093,1.033778,-0.238558,0.247504,0.075816,-0.021053,0.008533,0.262167,0.222573,-0.129368,0.804857,0.585801,0.419412,0.060621,0.180076,-0.234657,-0.150789,0.545980,-0.677776,0.135146,-0.052648
-5.513674,-0.065179,0.750125,-0.053519,-0.028672,0.878079,-0.474648,-0.548634,-0.112348,0.385206,0.680745,-0.195058,0.245712,-0.194363,0.165598,-0.338154,0.889520,-0.231062,0.241833,0.091690,-0.009926,0.004698,0.323474,0.208844,-0.068466,0.778704,0.585271,0.444323,0.057638,0.130630,-0.251639,-0.099569,0.537227,-0.701446,0.134041,-0.034862
-5.484868,-0.060079,0.744580,-0.058395,-0.032067,0.886501,-0.457906,-0.587883,-0.121806,0.406848,0.664400,-0.163671,0.246772,-0.183674,0.170171,-0.259989,0.805329,-0.303994,0.118289,0.103521,-0.003264,0.005304,0.394292,0.176496,-0.004779,0.739081,0.584581,0.445985,0.057566,0.064305,-0.272935,-0.045886,0.537205,-0.733066,0.141894,-0.016732
-5.455539,-0.053804,0.740106,-0.063625,-0.033470,0.896863,-0.436426,-0.636211,-0.123476,0.440842,0.654677,-0.115031,0.238334,-0.189733,0.151565,-0.271734,0.765942,-0.417917,-0.065782,0.118054,0.002988,0.011881,0.457387,0.128795,0.057082,0.697033,0.582777,0.437357,0.060691,-0.021411,-0.291754,0.009046,0.557442,-0.754142,0.146311,-0.001249
-5.426944,-0.046525,0.735720,-0.066804,-0.037891,0.902950,-0.422828,-0.702588,-0.116079,0.440846,0.679750,-0.058851,0.112211,-0.203335,0.134195,-0.297614,0.726442,-0.514975,-0.125434,0.125995,0.010986,0.020856,0.497440,0.085387,0.102573,0.672728,0.580635,0.430079,0.061968,-0.084355,-0.296523,0.044840,0.571089,-0.755158,0.145773,0.002603
-5.399755,-0.039336,0.734650,-0.064840,-0.046974,0.903456,-0.421137,-0.782736,-0.127552,0.372840,0.734695,-0.042570,-0.228392,-0.220777,0.139602,-0.292286,0.688113,-0.582044,-0.129475,0.120988,0.022417,0.030286,0.515259,0.066943,0.113606,0.670023,0.593171,0.423695,0.039841,-0.117736,-0.291597,0.067552,0.576424,-0.747273,0.139559,-0.010935
-5.373545,-0.033165,0.730844,-0.054421,-0.063075,0.895899,-0.436378,-0.850547,-0.138624,0.391490,0.835302,-0.019984,-0.246954,-0.228646,0.148897,-0.317582,0.648715,-0.623980,-0.114987,0.093424,0.045523,0.037191,0.520258,0.082859,0.084004,0.684062,0.630544,0.416998,-0.031535,-0.119310,-0.277018,0.078550,0.577103,-0.728267,0.130014,-0.029108
-5.348687,-0.027700,0.734254,-0.051056,-0.066816,0.889595,-0.448943,-0.862285,-0.085506,0.301284,0.925236,-0.097180,-0.247716,-0.235470,0.128543,-0.343167,0.613259,-0.626157,-0.102419,0.073437,0.055237,0.041351,0.504694,0.114320,0.029356,0.703921,0.687537,0.401228,-0.120989,-0.097879,-0.261997,0.077230,0.575953,-0.707524,0.122234,-0.049646
-5.323538,-0.023026,0.740940,-0.049730,-0.067963,0.883099,-0.461566,-0.846032,0.029509,0.252800,1.014803,-0.162589,-0.247640,-0.245897,0.096220,-0.365058,0.584202,-0.593269,-0.086124,0.061957,0.059195,0.044406,0.470858,0.146709,-0.012097,0.717591,0.739382,0.388009,-0.178708,-0.057173,-0.243527,0.063536,0.577548,-0.688886,0.119122,-0.065679
-5.298342,-0.019292,0.748981,-0.050524,-0.064307,0.878547,-0.470603,-0.807573,0.151487,0.209809,1.073739,-0.196973,-0.245051,-0.257015,0.052603,-0.373677,0.561182,-0.545995,-0.064047,0.061993,0.057753,0.046346,0.426844,0.164313,-0.027614,0.723196,0.769871,0.391392,-0.189288,-0.002857,-0.221111,0.040504,0.583398,-0.673331,0.125936,-0.075626
-5.273347,-0.016758,0.756294,-0.051018,-0.059162,0.874257,-0.479136,-0.755265,0.252328,0.197538,1.104834,-0.207467,-0.186430,-0.265983,0.003900,-0.379174,0.544876,-0.500117,-0.037446,0.065492,0.055004,0.047181,0.381932,0.177533,-0.040115,0.720756,0.793883,0.385857,-0.163222,0.066083,-0.201969,0.018039,0.587186,-0.672270,0.138702,-0.065960
-5.248797,-0.015038,0.762401,-0.052282,-0.053349,0.870849,-0.485843,-0.689045,0.344345,0.204495,1.102381,-0.201658,-0.098025,-0.274245,-0.044708,-0.379943,0.528165,-0.456555,-0.012861,0.068756,0.051440,0.046456,0.341531,0.185342,-0.049503,0.705655,0.809830,0.373406,-0.123266,0.126398,-0.186023,0.004560,0.597920,-0.680878,0.151917,-0.036296
-5.224698,-0.014023,0.766491,-0.053033,-0.049002,0.868152,-0.491018,-0.617183,0.431656,0.214179,1.073745,-0.172539,-0.004058,-0.283154,-0.088817,-0.378839,0.514574,-0.421013,0.010582,0.071628,0.047872,0.044777,0.305520,0.190913,-0.051367,0.678776,0.814975,0.356962,-0.086073,0.170979,-0.171846,-0.003967,0.620240,-0.690874,0.164505,-0.001478
-5.200870,-0.013741,0.768113,-0.052046,-0.047244,0.865765,-0.495490,-0.545698,0.502630,0.212319,1.021212,-0.133055,0.078821,-0.293926,-0.127605,-0.377461,0.510307,-0.394892,0.035124,0.072909,0.046206,0.042695,0.281588,0.201960,-0.038027,0.644822,0.807362,0.324691,-0.048072,0.214423,-0.151532,-0.015733,0.642507,-0.693300,0.178849,0.023938
-5.176961,-0.014001,0.767381,-0.049806,-0.048138,0.862884,-0.500633,-0.476904,0.558790,0.202362,0.945897,-0.099196,0.114921,-0.308924,-0.163470,-0.377064,0.517876,-0.375896,0.060600,0.070275,0.047704,0.040090,0.250158,0.206293,-0.020951,0.610192,0.788174,0.301221,-0.016483,0.254023,-0.134720,-0.047877,0.661092,-0.682928,0.194363,0.034121
-5.152404,-0.014824,0.764681,-0.046738,-0.051216,0.858393,-0.508286,-0.406991,0.599154,0.191687,0.842892,-0.074525,0.107987,-0.327570,-0.200968,-0.379879,0.537255,-0.360963,0.089689,0.062179,0.052243,0.036826,0.217128,0.207446,-0.012891,0.576668,0.768291,0.285871,0.009675,0.284170,-0.114919,-0.086831,0.684576,-0.667218,0.219043,0.024594
-5.126701,-0.016135,0.760762,-0.044380,-0.054169,0.853400,-0.516531,-0.340017,0.623314,0.186088,0.728313,-0.011358,0.084124,-0.350663,-0.244202,-0.381038,0.564368,-0.346447,0.121524,0.049637,0.058630,0.033864,0.181451,0.206643,-0.023263,0.551400,0.759423,0.277139,0.030516,0.305284,-0.101146,-0.124671,0.711385,-0.654318,0.243574,0.005386
-5.099183,-0.017831,0.756295,-0.044221,-0.055253,0.848205,-0.524919,-0.283421,0.609973,0.152845,0.624382,0.063962,-0.075346,-0.380449,-0.297922,-0.375769,0.597352,-0.331067,0.156384,0.035927,0.064772,0.032254,0.138632,0.206593,-0.057419,0.539992,0.767357,0.273823,0.039077,0.321877,-0.096699,-0.159187,0.737445,-0.648654,0.266804,-0.010697
-5.069206,-0.019553,0.752044,-0.045485,-0.056431,0.840177,-0.537447,-0.245650,0.540792,0.110283,0.545092,-0.038843,-0.239483,-0.408175,-0.360292,-0.371806,0.618977,-0.305539,0.192814,0.017098,0.068762,0.031904,0.085221,0.211389,-0.110071,0.539822,0.784428,0.275669,0.032118,0.336980,-0.095007,-0.189405,0.757369,-0.649756,0.285066,-0.020870
-5.037548,-0.021186,0.751448,-0.051207,-0.054345,0.830918,-0.551361,-0.244517,0.465460,0.105019,0.519265,-0.197313,-0.247330,-0.432059,-0.432133,-0.365965,0.610458,-0.267795,0.219754,-0.003316,0.069151,0.033881,0.021774,0.207027,-0.168982,0.549752,0.798464,0.277232,0.022659,0.349346,-0.097614,-0.219371,0.763488,-0.651051,0.286591,-0.029337
-5.007013,-0.021882,0.748954,-0.061308,-0.049281,0.821998,-0.564032,-0.259724,0.402707,0.127030,0.511562,-0.311221,-0.247692,-0.443900,-0.497465,-0.357440,0.565627,-0.217905,0.209921,-0.017308,0.065216,0.036687,-0.045853,0.185319,-0.223475,0.577239,0.795227,0.281507,0.017863,0.361893,-0.099387,-0.257080,0.759663,-0.650101,0.288537,-0.038629
-4.978327,-0.021959,0.747875,-0.075828,-0.042064,0.814652,-0.573431,-0.278713,0.333268,0.139773,0.499518,-0.364699,-0.247715,-0.446060,-0.549762,-0.342715,0.487038,-0.177251,0.132767,-0.024798,0.054922,0.037184,-0.112198,0.157589,-0.275697,0.623589,0.787050,0.287656,0.010218,0.370187,-0.089684,-0.304663,0.747741,-0.639109,0.283978,-0.049867
-4.952663,-0.021989,0.751638,-0.088571,-0.035580,0.807369,-0.582275,-0.296761,0.265771,0.138431,0.481019,-0.364600,-0.247585,-0.428604,-0.579319,-0.339320,0.406219,-0.191641,0.043637,-0.028904,0.038299,0.033966,-0.169732,0.141460,-0.328692,0.678689,0.783173,0.296692,-0.011134,0.374011,-0.065066,-0.342421,0.739954,-0.633586,0.276549,-0.053441
-4.929381,-0.021561,0.756681,-0.096674,-0.032565,0.801520,-0.589203,-0.305080,0.214901,0.143656,0.450068,-0.337116,-0.244744,-0.400301,-0.594506,-0.369374,0.387528,-0.193703,0.036127,-0.030918,0.022162,0.028756,-0.215227,0.142928,-0.383285,0.731343,0.787239,0.303689,-0.036407,0.367099,-0.033949,-0.361401,0.743215,-0.637090,0.268236,-0.051225
-4.908261,-0.020713,0.762059,-0.100423,-0.030395,0.794737,-0.597816,-0.314262,0.169063,0.145422,0.428483,-0.302582,-0.218179,-0.391444,-0.580476,-0.338161,0.484643,-0.202655,0.061420,-0.038901,0.012852,0.025159,-0.242504,0.149699,-0.426849,0.774426,0.789567,0.308348,-0.057524,0.356451,-0.014816,-0.356062,0.749132,-0.656481,0.248975,-0.029831
-4.889226,-0.019321,0.766072,-0.102647,-0.028330,0.790002,-0.603787,-0.325957,0.131501,0.151593,0.422098,-0.276975,-0.185206,-0.404532,-0.550304,-0.292531,0.654640,-0.232737,0.084264,-0.048107,0.006682,0.023699,-0.250321,0.158972,-0.449543,0.799216,0.787165,0.316097,-0.066226,0.345596,-0.012030,-0.340687,0.744774,-0.692709,0.225574,-0.010313
-4.871601,-0.017499,0.767738,-0.105191,-0.026344,0.788847,-0.604947,-0.343192,0.100906,0.160651,0.433526,-0.267344,-0.157051,-0.417679,-0.520026,-0.284255,0.830811,-0.268742,0.107008,-0.052543,-0.000557,0.022311,-0.239244,0.169742,-0.449915,0.802655,0.774295,0.318233,-0.062217,0.334901,-0.016972,-0.332704,0.723176,-0.726863,0.206552,-0.013338
-4.854710,-0.015563,0.767496,-0.108760,-0.024007,0.789887,-0.603053,-0.363511,0.072067,0.171646,0.453110,-0.269459,-0.131569,-0.419988,-0.488451,-0.300078,0.977702,-0.308059,0.122931,-0.052726,-0.010126,0.020488,-0.213837,0.184438,-0.437478,0.790206,0.756268,0.318791,-0.046997,0.324176,-0.025631,-0.330282,0.690879,-0.751246,0.186546,-0.035097
-4.838363,-0.013851,0.766633,-0.111998,-0.021913,0.791370,-0.600591,-0.380385,0.044966,0.184863,0.467575,-0.275487,-0.106938,-0.420898,-0.417363,-0.282862,1.079664,-0.342660,0.158105,-0.051361,-0.019899,0.019329,-0.177361,0.200227,-0.412967,0.767928,0.727275,0.309554,-0.019224,0.313646,-0.035620,-0.328643,0.658587,-0.765666,0.170265,-0.063752
-4.822857,-0.012506,0.765612,-0.115246,-0.020056,0.792793,-0.598160,-0.397830,0.019988,0.198662,0.482506,-0.280718,-0.083747,-0.414461,-0.305263,-0.244368,1.119481,-0.371186,0.229743,-0.045634,-0.029249,0.018040,-0.137367,0.214388,-0.383265,0.749463,0.692191,0.297016,0.013484,0.303111,-0.048902,-0.322770,0.632189,-0.766944,0.158299,-0.088716
-4.808276,-0.011721,0.764989,-0.118584,-0.018877,0.796130,-0.593092,-0.414110,-0.000379,0.216166,0.495729,-0.282779,-0.061567,-0.392780,-0.175021,-0.228994,1.078570,-0.371613,0.246800,-0.030687,-0.036883,0.015226,-0.097963,0.224622,-0.348453,0.742344,0.651276,0.292850,0.048759,0.294496,-0.071011,-0.300734,0.615054,-0.763336,0.148918,-0.094391
-4.794842,-0.011735,0.765133,-0.121624,-0.019141,0.799642,-0.587719,-0.428641,-0.016930,0.231453,0.506296,-0.283202,-0.040396,-0.345724,-0.074512,-0.223865,0.955968,-0.324093,0.243144,-0.012438,-0.041400,0.010612,-0.062143,0.232289,-0.315521,0.748590,0.616835,0.297495,0.072461,0.287974,-0.103256,-0.259521,0.602170,-0.762769,0.136719,-0.072848
-4.782401,-0.012487,0.766076,-0.122262,-0.022120,0.801220,-0.585328,-0.436877,-0.029292,0.240216,0.509669,-0.294957,-0.017973,-0.262883,-0.078652,-0.292424,0.787345,-0.296657,0.145266,0.002000,-0.044355,0.004436,-0.030586,0.242576,-0.286182,0.762995,0.599919,0.319945,0.085049,0.281918,-0.136757,-0.205677,0.589514,-0.765897,0.125421,-0.038845
-4.771820,-0.012505,0.765406,-0.126457,-0.019678,0.804101,-0.580554,-0.457881,-0.043148,0.261600,0.540114,-0.309467,0.003171,-0.174822,-0.096754,-0.403922,0.629325,-0.383288,0.023491,0.016854,-0.048011,0.000271,-0.000464,0.243749,-0.258725,0.777291,0.596979,0.349933,0.092014,0.274096,-0.182237,-0.147965,0.571735,-0.771375,0.116989,-0.004757
-4.761456,-0.011703,0.766040,-0.128874,-0.018550,0.808485,-0.573932,-0.494870,-0.040247,0.292545,0.602749,-0.298743,0.014823,-0.113821,-0.095977,-0.466966,0.496758,-0.438614,-0.007848,0.028989,-0.050720,0.000473,0.032272,0.239400,-0.224086,0.785416,0.596957,0.377319,0.099975,0.254370,-0.224981,-0.089808,0.553007,-0.770908,0.110412,0.026988
-4.751340,-0.010015,0.764319,-0.131287,-0.019537,0.815035,-0.564003,-0.566867,-0.013626,0.331674,0.719906,-0.250322,0.024593,-0.098798,-0.090381,-0.457192,0.431559,-0.479523,-0.010854,0.037975,-0.049790,0.005919,0.069795,0.228798,-0.179450,0.784010,0.595238,0.395545,0.118549,0.217482,-0.262587,-0.039655,0.535739,-0.765454,0.108759,0.047053
-4.741678,-0.008425,0.761060,-0.132591,-0.023118,0.823717,-0.550796,-0.668917,0.041867,0.367463,0.883470,-0.149033,0.014714,-0.117127,-0.085670,-0.399682,0.428537,-0.521759,0.002231,0.044906,-0.044396,0.014179,0.117214,0.209076,-0.129927,0.774845,0.581998,0.398195,0.136853,0.168957,-0.288405,-0.002825,0.523252,-0.754518,0.115833,0.052643
-4.733095,-0.007651,0.756293,-0.131685,-0.028186,0.833260,-0.536229,-0.772151,0.106112,0.377178,1.042829,-0.055023,-0.009666,-0.136232,-0.081466,-0.355220,0.440518,-0.558623,0.018943,0.052155,-0.035960,0.021530,0.172669,0.192504,-0.102186,0.764268,0.570970,0.388551,0.132954,0.116201,-0.301610,0.015476,0.512633,-0.741305,0.124867,0.049604
-4.725614,-0.009216,0.754537,-0.127766,-0.032826,0.842591,-0.522148,-0.852576,0.178406,0.375207,1.161769,-0.045609,-0.022128,-0.144620,-0.074850,-0.323334,0.448504,-0.589929,0.028151,0.057402,-0.026683,0.026762,0.214423,0.177741,-0.108624,0.762779,0.572564,0.382718,0.096987,0.074845,-0.291871,0.022511,0.503242,-0.728140,0.132079,0.031279
-4.719232,-0.012807,0.752464,-0.121925,-0.037907,0.851687,-0.508259,-0.889789,0.268279,0.383841,1.214118,-0.094438,-0.018979,-0.142333,-0.065658,-0.301869,0.450565,-0.606366,0.035404,0.061940,-0.017817,0.029041,0.260954,0.177867,-0.138546,0.778958,0.589150,0.361825,0.042047,0.053829,-0.263869,0.014348,0.487596,-0.716500,0.134688,-0.000686
-4.713567,-0.018154,0.751799,-0.119365,-0.041727,0.860299,-0.493858,-0.910218,0.318190,0.366827,1.188936,-0.135697,-0.009680,-0.135341,-0.060084,-0.278033,0.436577,-0.602747,0.043317,0.066723,-0.011019,0.030082,0.290254,0.169727,-0.163681,0.808484,0.604750,0.362138,-0.021956,0.030896,-0.224924,-0.003101,0.483352,-0.691479,0.139568,-0.040332
-4.708112,-0.025472,0.752106,-0.117817,-0.043245,0.867521,-0.481307,-0.913554,0.324012,0.321207,1.102660,-0.154555,-0.020985,-0.124118,-0.062303,-0.253034,0.419163,-0.590294,0.056244,0.071561,-0.006948,0.030231,0.305127,0.155741,-0.177000,0.844949,0.610636,0.378029,-0.081574,0.027657,-0.183687,-0.021885,0.481100,-0.663726,0.138629,-0.081594
-4.702847,-0.034639,0.752744,-0.117780,-0.043522,0.873482,-0.470386,-0.900436,0.305747,0.259432,0.976241,-0.159063,-0.028022,-0.114145,-0.072274,-0.229149,0.405008,-0.572393,0.074920,0.076998,-0.004599,0.028872,0.307415,0.144099,-0.194309,0.881580,0.623995,0.402036,-0.134336,0.037941,-0.152727,-0.025991,0.481735,-0.644870,0.132728,-0.100818
-4.698039,-0.045442,0.752788,-0.119048,-0.044372,0.878743,-0.460076,-0.877051,0.275244,0.182226,0.833603,-0.174476,-0.017339,-0.106414,-0.085235,-0.207786,0.393487,-0.558040,0.096149,0.084214,-0.003599,0.026294,0.303935,0.136676,-0.208326,0.904961,0.641076,0.417437,-0.169039,0.052506,-0.135635,-0.013951,0.488190,-0.637467,0.127210,-0.085737
-4.693952,-0.057482,0.752037,-0.121405,-0.045888,0.883455,-0.450181,-0.846854,0.250520,0.115413,0.704640,-0.187778,0.004300,-0.100233,-0.099213,-0.190247,0.383219,-0.546947,0.116842,0.090820,-0.002499,0.022795,0.302088,0.130803,-0.209659,0.910261,0.653299,0.424728,-0.187693,0.066049,-0.132767,0.008874,0.498290,-0.643316,0.124214,-0.048478
-4.690615,-0.070692,0.750271,-0.122358,-0.047526,0.887677,-0.441361,-0.815835,0.232550,0.064437,0.618491,-0.197611,0.022730,-0.090564,-0.112621,-0.176650,0.375381,-0.542108,0.136538,0.094830,-0.000666,0.019740,0.306178,0.127352,-0.192858,0.896457,0.654106,0.420253,-0.182926,0.076251,-0.139467,0.035664,0.514855,-0.659812,0.126926,-0.000853
-4.687765,-0.085346,0.747393,-0.121435,-0.048893,0.890571,-0.435598,-0.788258,0.215126,0.033073,0.589445,-0.207000,0.013647,-0.077769,-0.127896,-0.167864,0.376936,-0.546921,0.157401,0.096336,0.001911,0.017914,0.311244,0.126626,-0.165164,0.872350,0.646184,0.405260,-0.160621,0.085816,-0.148271,0.055358,0.536723,-0.675969,0.137776,0.045051
-4.685469,-0.101615,0.744589,-0.119072,-0.049300,0.891500,-0.434302,-0.766786,0.201761,0.031818,0.601151,-0.206845,-0.003206,-0.059384,-0.146775,-0.163439,0.387191,-0.547582,0.181843,0.095073,0.005163,0.016789,0.310448,0.127447,-0.133003,0.848277,0.633023,0.388597,-0.121597,0.101309,-0.157239,0.063976,0.557899,-0.689711,0.150605,0.068610
-4.683821,-0.118610,0.744019,-0.118139,-0.047043,0.889739,-0.438401,-0.755579,0.193815,0.054536,0.622576,-0.200860,-0.048595,-0.043600,-0.172818,-0.162061,0.404929,-0.531518,0.207948,0.091651,0.007121,0.016863,0.295212,0.130832,-0.116673,0.834309,0.631786,0.380945,-0.080219,0.134332,-0.166055,0.053896,0.568613,-0.708493,0.167913,0.066741
-4.682509,-0.137114,0.743730,-0.116603,-0.044473,0.885327,-0.447908,-0.755373,0.170795,0.063914,0.668295,-0.223176,-0.053657,-0.035938,-0.201246,-0.163332,0.450911,-0.499330,0.224049,0.086848,0.006736,0.018801,0.262134,0.139256,-0.118193,0.827951,0.644122,0.384327,-0.040376,0.164691,-0.168025,0.028859,0.593660,-0.711092,0.189390,0.040099
-4.681992,-0.156625,0.744791,-0.114398,-0.039817,0.879304,-0.460599,-0.741020,0.138391,0.070809,0.699905,-0.252867,-0.066051,-0.035881,-0.231244,-0.160101,0.520042,-0.436434,0.224652,0.080119,0.005558,0.020849,0.226655,0.153379,-0.132285,0.830954,0.662575,0.375396,-0.007877,0.204750,-0.164161,-0.011878,0.624566,-0.693170,0.211439,-0.002749
-4.682304,-0.176222,0.747197,-0.111744,-0.033316,0.874186,-0.471383,-0.706449,0.103462,0.076600,0.704727,-0.285259,-0.073408,-0.059293,-0.261851,-0.145461,0.625842,-0.333906,0.204826,0.071423,0.003612,0.023352,0.177603,0.159840,-0.152935,0.840054,0.682730,0.379252,0.010538,0.240750,-0.158930,-0.040339,0.669167,-0.677098,0.233955,-0.038910
-4.683372,-0.195181,0.748513,-0.108914,-0.028033,0.870491,-0.479162,-0.665684,0.073833,0.080618,0.698965,-0.314863,-0.069806,-0.117415,-0.286478,-0.118731,0.774012,-0.205557,0.143589,0.060118,0.000391,0.026354,0.137210,0.167126,-0.168326,0.834012,0.692271,0.376896,0.017057,0.258779,-0.153932,-0.050996,0.727260,-0.670440,0.262711,-0.050211
-4.685708,-0.214248,0.747916,-0.107335,-0.023735,0.866995,-0.486040,-0.618582,0.046494,0.083150,0.679487,-0.333469,-0.065102,-0.196421,-0.323166,-0.117652,0.940998,-0.101201,0.066567,0.045740,-0.005150,0.029627,0.096257,0.174927,-0.177619,0.820697,0.690907,0.361861,0.017045,0.269808,-0.162001,-0.055072,0.772534,-0.673372,0.281284,-0.024073
-4.689478,-0.232796,0.749446,-0.106581,-0.018652,0.862824,-0.493788,-0.571903,0.017669,0.080277,0.652072,-0.348016,-0.059852,-0.277236,-0.370240,-0.137793,1.087077,-0.062511,-0.002260,0.027452,-0.013299,0.033127,0.058421,0.186465,-0.187404,0.801585,0.688308,0.345895,0.018585,0.276663,-0.166361,-0.048740,0.806209,-0.687416,0.293944,0.014655
-4.694802,-0.251260,0.751841,-0.104604,-0.014180,0.858234,-0.502286,-0.523535,-0.008332,0.069572,0.624404,-0.359456,-0.054689,-0.361333,-0.364187,-0.128817,1.202086,-0.122264,-0.037189,0.005730,-0.020808,0.037197,0.022610,0.200761,-0.195902,0.779701,0.685100,0.333348,0.025565,0.284972,-0.164706,-0.042101,0.821852,-0.702890,0.295629,0.048895
-4.701589,-0.270103,0.754783,-0.101300,-0.012372,0.854685,-0.509017,-0.472681,-0.025002,0.054322,0.595302,-0.370238,-0.052407,-0.452165,-0.306636,-0.098663,1.280064,-0.171522,-0.020443,-0.014684,-0.024785,0.040668,-0.011156,0.216940,-0.203430,0.756399,0.683397,0.321363,0.041307,0.294847,-0.155693,-0.043539,0.819274,-0.710797,0.285466,0.072333
-4.709776,-0.289490,0.757215,-0.098637,-0.011248,0.853013,-0.512361,-0.423456,-0.034493,0.042353,0.571681,-0.383459,-0.053588,-0.538153,-0.243525,-0.081418,1.308166,-0.209317,0.029392,-0.030156,-0.026337,0.042197,-0.038451,0.228825,-0.206383,0.732508,0.680383,0.314652,0.058427,0.307644,-0.143220,-0.059176,0.801530,-0.705167,0.271014,0.082812
-4.719185,-0.309629,0.758649,-0.096565,-0.009931,0.851389,-0.515474,-0.376375,-0.042343,0.030843,0.554414,-0.398796,-0.058043,-0.615676,-0.182231,-0.071700,1.287596,-0.248255,0.055713,-0.041637,-0.026961,0.042430,-0.061381,0.234614,-0.207015,0.706729,0.675773,0.310606,0.071940,0.321809,-0.131585,-0.079191,0.777215,-0.694801,0.255949,0.083785
-4.729720,-0.330536,0.758977,-0.095024,-0.007764,0.848548,-0.520458,-0.329046,-0.051895,0.017014,0.539191,-0.416269,-0.065099,-0.677801,-0.139784,-0.072831,1.219898,-0.277252,0.073334,-0.050661,-0.027890,0.042157,-0.082480,0.236436,-0.213685,0.681314,0.675932,0.303669,0.080929,0.337426,-0.122434,-0.098943,0.748240,-0.684614,0.239424,0.078859
-4.741458,-0.351951,0.758293,-0.094012,-0.004912,0.843257,-0.529202,-0.281159,-0.063663,-0.003655,0.523597,-0.435462,-0.072519,-0.721453,-0.110739,-0.075205,1.107194,-0.285795,0.092066,-0.058736,-0.029457,0.041833,-0.102256,0.231086,-0.218793,0.657697,0.671295,0.296404,0.086917,0.354160,-0.115342,-0.117615,0.716655,-0.678512,0.225097,0.073720
-4.754353,-0.373687,0.757122,-0.093094,-0.003704,0.834838,-0.542554,-0.232438,-0.072877,-0.035115,0.502744,-0.453795,-0.080234,-0.745103,-0.087210,-0.072275,0.947710,-0.262006,0.102440,-0.066407,-0.030957,0.041314,-0.120766,0.222147,-0.227505,0.635698,0.667859,0.285480,0.091948,0.369245,-0.107632,-0.132598,0.686347,-0.681150,0.218630,0.063566
-4.768253,-0.395540,0.755723,-0.092052,-0.004579,0.824235,-0.558697,-0.181376,-0.075725,-0.074128,0.472791,-0.466616,-0.088901,-0.744789,-0.057849,-0.047689,0.740041,-0.203394,0.104776,-0.073466,-0.031110,0.040037,-0.133396,0.210242,-0.238493,0.617390,0.664894,0.276438,0.098594,0.379651,-0.101375,-0.140141,0.661340,-0.690159,0.213275,0.057850
-4.783177,-0.417404,0.753785,-0.091117,-0.006440,0.811647,-0.576962,-0.130341,-0.072053,-0.117595,0.439483,-0.474406,-0.101565,-0.725105,-0.018310,0.025990,0.518827,-0.146164,0.130381,-0.079644,-0.028792,0.038049,-0.139079,0.192451,-0.249306,0.603630,0.660184,0.272243,0.102724,0.385143,-0.094631,-0.150241,0.641473,-0.694493,0.214890,0.050967
-4.799210,-0.438963,0.751699,-0.089783,-0.007339,0.797341,-0.596769,-0.081755,-0.064030,-0.165683,0.411776,-0.478384,-0.116564,-0.693075,0.009698,0.113929,0.345196,-0.115318,0.161177,-0.083246,-0.026465,0.035925,-0.137594,0.173034,-0.265094,0.596703,0.656070,0.263724,0.104780,0.387649,-0.091760,-0.154440,0.628563,-0.699510,0.218675,0.044689
-4.816654,-0.459752,0.752049,-0.086638,-0.007276,0.782141,-0.617006,-0.038530,-0.050401,-0.217600,0.402275,-0.476387,-0.128964,-0.674965,0.022502,0.149663,0.304673,-0.037944,0.155900,-0.080759,-0.026915,0.035258,-0.130282,0.157764,-0.287803,0.601136,0.653550,0.257323,0.101047,0.387019,-0.091075,-0.147845,0.625263,-0.706935,0.221431,0.043023
-4.835406,-0.479386,0.750378,-0.082006,-0.006616,0.766813,-0.636577,-0.010521,-0.031178,-0.262971,0.419513,-0.470448,-0.134303,-0.684158,0.036132,0.132382,0.394195,0.016078,0.048501,-0.074401,-0.029567,0.037374,-0.115186,0.147099,-0.308097,0.611624,0.647279,0.254904,0.093513,0.381676,-0.091579,-0.132653,0.630483,-0.713120,0.224162,0.041533
-4.855183,-0.497263,0.749069,-0.078508,-0.006860,0.751931,-0.654515,-0.006045,-0.010214,-0.291929,0.468091,-0.444872,-0.129359,-0.706605,0.033754,0.072721,0.514978,-0.034662,-0.022910,-0.065895,-0.031866,0.043093,-0.095723,0.139426,-0.319410,0.628085,0.640620,0.262964,0.089255,0.367834,-0.094306,-0.112309,0.638661,-0.722751,0.225300,0.037956
-4.875426,-0.513558,0.748591,-0.078812,-0.009019,0.732441,-0.676193,-0.041221,0.013254,-0.288146,0.552615,-0.390026,-0.117686,-0.719745,0.016605,0.008577,0.600161,-0.095014,-0.066117,-0.061520,-0.033376,0.049018,-0.077772,0.127599,-0.322072,0.655831,0.630463,0.281926,0.090420,0.349621,-0.090678,-0.107392,0.642973,-0.720644,0.230163,0.024735
-4.895795,-0.528191,0.749249,-0.078184,-0.013381,0.706271,-0.703484,-0.110668,0.063339,-0.219736,0.666410,-0.329295,-0.136662,-0.708852,-0.008721,-0.064030,0.631654,-0.140403,-0.102778,-0.063915,-0.032307,0.053582,-0.068193,0.116835,-0.325224,0.702734,0.624029,0.312622,0.098839,0.337889,-0.081037,-0.108244,0.635490,-0.717368,0.235009,0.009360
-4.916935,-0.541197,0.754136,-0.075079,-0.017795,0.676388,-0.732493,-0.186015,0.172197,-0.053978,0.792958,-0.302573,-0.102467,-0.677019,-0.032463,-0.143830,0.624425,-0.167357,-0.134930,-0.068929,-0.027194,0.056972,-0.071455,0.113767,-0.346314,0.767777,0.633706,0.353374,0.093979,0.333452,-0.072246,-0.109192,0.613100,-0.714542,0.227018,-0.011485
-4.937928,-0.553351,0.757062,-0.072068,-0.021909,0.651353,-0.755027,-0.228353,0.305939,0.161021,0.899158,-0.316344,0.014951,-0.642178,-0.042317,-0.216751,0.600721,-0.178102,-0.164763,-0.069529,-0.018228,0.057573,-0.076020,0.116529,-0.378031,0.831796,0.651654,0.389699,0.071455,0.329416,-0.074236,-0.106244,0.587197,-0.711525,0.204923,-0.039865
-4.958790,-0.564946,0.758838,-0.070042,-0.024598,0.634459,-0.769384,-0.246262,0.366962,0.298755,0.999047,-0.340804,0.082956,-0.609483,-0.036603,-0.275324,0.572209,-0.179649,-0.194336,-0.062934,-0.009432,0.056142,-0.072655,0.127144,-0.417560,0.883904,0.675493,0.410830,0.030470,0.323812,-0.084179,-0.103935,0.565883,-0.699931,0.176250,-0.067796
-4.979743,-0.575978,0.759402,-0.067254,-0.024766,0.620343,-0.781049,-0.267977,0.351540,0.351214,1.099448,-0.332407,0.023630,-0.578157,-0.023112,-0.322703,0.547075,-0.177319,-0.220421,-0.054555,-0.004536,0.054988,-0.061099,0.145978,-0.451280,0.918306,0.690138,0.413069,-0.018595,0.322056,-0.092169,-0.106731,0.552335,-0.670451,0.154798,-0.080545
-5.001207,-0.586760,0.758544,-0.063439,-0.023402,0.603563,-0.794443,-0.295867,0.292395,0.365035,1.184856,-0.308391,-0.121768,-0.548756,-0.012217,-0.368961,0.530169,-0.172025,-0.239464,-0.051575,-0.002894,0.054586,-0.047979,0.173826,-0.478269,0.938655,0.694361,0.399104,-0.064624,0.327698,-0.097191,-0.111316,0.541422,-0.633916,0.140646,-0.077456
-5.023064,-0.596866,0.758177,-0.059959,-0.020690,0.581846,-0.810822,-0.323249,0.197637,0.382977,1.235090,-0.280008,-0.241872,-0.525978,-0.009454,-0.416086,0.519544,-0.167485,-0.246662,-0.059689,-0.003757,0.054046,-0.037320,0.207714,-0.503340,0.949113,0.694579,0.376286,-0.094055,0.342356,-0.099616,-0.116472,0.530528,-0.595799,0.134634,-0.067047
-5.045551,-0.606461,0.757366,-0.057679,-0.017412,0.553486,-0.830676,-0.350152,0.086552,0.445433,1.255233,-0.249213,-0.247498,-0.509849,-0.018356,-0.470152,0.515449,-0.164460,-0.247624,-0.083787,-0.006882,0.052889,-0.030363,0.243272,-0.523281,0.953287,0.689882,0.355004,-0.108743,0.365198,-0.098906,-0.121179,0.515729,-0.557268,0.128614,-0.061195
-5.068752,-0.615471,0.755795,-0.056171,-0.013822,0.521525,-0.851273,-0.368569,-0.017487,0.504369,1.243699,-0.208606,-0.247730,-0.499715,-0.032568,-0.528478,0.516270,-0.161922,-0.247705,-0.116838,-0.012061,0.050991,-0.027449,0.278454,-0.539312,0.952987,0.683959,0.341523,-0.110829,0.397068,-0.094648,-0.124487,0.498634,-0.521777,0.122119,-0.063582
-5.092531,-0.623743,0.753749,-0.055767,-0.009911,0.489457,-0.870186,-0.369616,-0.100656,0.527054,1.194641,-0.180368,-0.247674,-0.492604,-0.046891,-0.584116,0.514816,-0.155722,-0.247719,-0.149741,-0.018511,0.048725,-0.031056,0.308175,-0.552479,0.949802,0.679533,0.336956,-0.105207,0.436340,-0.089573,-0.123710,0.476330,-0.502207,0.115314,-0.074673
-5.116823,-0.631089,0.751340,-0.057409,-0.006252,0.460371,-0.885846,-0.344089,-0.142845,0.504830,1.103303,-0.126714,-0.245984,-0.487032,-0.056278,-0.631309,0.503009,-0.142378,-0.247719,-0.173062,-0.026207,0.044391,-0.041747,0.329368,-0.562502,0.943225,0.675872,0.336722,-0.092907,0.480225,-0.083318,-0.121032,0.450329,-0.503560,0.112009,-0.086505
-5.141908,-0.637215,0.747331,-0.061627,-0.002563,0.439713,-0.896018,-0.304126,-0.141596,0.437593,1.000316,-0.068013,-0.205971,-0.486329,-0.056443,-0.666456,0.482897,-0.116530,-0.247675,-0.177896,-0.033902,0.039684,-0.060948,0.337868,-0.565496,0.936460,0.667640,0.339879,-0.080042,0.524670,-0.076032,-0.119889,0.419888,-0.529851,0.110528,-0.089845
-5.168090,-0.641615,0.744920,-0.057574,-0.004155,0.416789,-0.907169,-0.263532,-0.124478,0.439422,0.939350,-0.230253,-0.003320,-0.506792,-0.050589,-0.706868,0.488962,-0.065995,-0.246845,-0.179864,-0.036898,0.039195,-0.090401,0.351097,-0.560599,0.929665,0.656894,0.345749,-0.066628,0.565092,-0.054529,-0.122546,0.392214,-0.568796,0.103630,-0.082451
-5.194500,-0.644458,0.743757,-0.054637,-0.002417,0.399573,-0.915069,-0.240281,-0.119010,0.426676,0.881841,-0.356910,0.109290,-0.564697,-0.052289,-0.718294,0.550503,-0.001660,-0.226778,-0.175014,-0.039003,0.044110,-0.118838,0.354795,-0.549703,0.919254,0.642822,0.353290,-0.048404,0.592656,-0.032978,-0.134784,0.370677,-0.609588,0.093409,-0.072268
-5.220648,-0.646554,0.740566,-0.050252,0.001771,0.388285,-0.920166,-0.227569,-0.110717,0.401609,0.839305,-0.451058,0.135692,-0.656667,-0.051852,-0.604340,0.676574,0.079989,-0.000299,-0.165653,-0.038359,0.052426,-0.134872,0.352758,-0.531083,0.902003,0.627559,0.359953,-0.016040,0.604630,-0.020835,-0.147817,0.361578,-0.647745,0.086638,-0.059662
-5.246628,-0.649245,0.736170,-0.053609,0.010558,0.386085,-0.920844,-0.219622,-0.104635,0.394680,0.812063,-0.522926,0.142424,-0.745808,0.004831,-0.469198,0.798377,0.059709,0.235315,-0.141597,-0.042730,0.057929,-0.135475,0.343376,-0.510375,0.875498,0.613704,0.355878,0.019334,0.610336,-0.025858,-0.160610,0.357796,-0.675896,0.083904,-0.040972
-5.273326,-0.652193,0.733762,-0.057149,0.017932,0.388601,-0.919457,-0.216178,-0.088634,0.394118,0.781807,-0.558547,0.132664,-0.792793,0.057508,-0.328910,0.926728,-0.050793,0.247242,-0.108376,-0.049664,0.059316,-0.122871,0.332267,-0.491825,0.842470,0.603149,0.343640,0.051968,0.607910,-0.043477,-0.168993,0.354016,-0.699875,0.084848,-0.019867
-5.301483,-0.654927,0.733555,-0.057375,0.022333,0.390835,-0.918400,-0.227244,-0.057773,0.387620,0.760999,-0.544044,0.110985,-0.793573,0.012674,-0.232396,1.058748,-0.111003,0.247719,-0.079143,-0.054446,0.058936,-0.096074,0.318993,-0.477124,0.810662,0.595960,0.327367,0.088741,0.598573,-0.062820,-0.174272,0.349016,-0.716040,0.088433,-0.004193
-5.330816,-0.657655,0.738421,-0.053721,0.022671,0.387144,-0.920173,-0.249014,-0.018316,0.366130,0.746714,-0.497590,0.083379,-0.768876,-0.110981,-0.173063,1.168344,-0.128855,0.247413,-0.064949,-0.055565,0.057110,-0.061293,0.311231,-0.452314,0.777049,0.581089,0.313838,0.115481,0.570179,-0.076600,-0.178815,0.357813,-0.722132,0.101457,0.002429
-5.360921,-0.660817,0.743602,-0.048265,0.022179,0.377180,-0.924615,-0.270620,0.019602,0.332702,0.726357,-0.448718,0.054730,-0.725254,-0.247818,-0.127073,1.244958,-0.157585,0.239485,-0.066726,-0.054658,0.053402,-0.018386,0.305603,-0.424701,0.745922,0.558982,0.300588,0.121060,0.531898,-0.085130,-0.182844,0.377014,-0.719118,0.119123,0.003214
-5.391466,-0.664236,0.747194,-0.045766,0.021734,0.364553,-0.929803,-0.293284,0.045797,0.294548,0.697497,-0.399249,0.027851,-0.674076,-0.348589,-0.092910,1.294095,-0.210917,0.142043,-0.073871,-0.054926,0.048475,0.025452,0.307670,-0.404842,0.718108,0.547983,0.293689,0.113196,0.482981,-0.099430,-0.182465,0.403100,-0.718686,0.140791,-0.001561
-5.422457,-0.667828,0.748737,-0.043501,0.019985,0.349500,-0.935713,-0.323668,0.067141,0.248744,0.671089,-0.352635,0.000958,-0.615147,-0.401151,-0.043487,1.319350,-0.252322,0.077686,-0.081924,-0.055064,0.043589,0.065909,0.305359,-0.395111,0.692289,0.546885,0.292871,0.098062,0.436144,-0.111701,-0.170981,0.422474,-0.720486,0.152187,-0.008326
-5.453693,-0.671612,0.747998,-0.042203,0.017843,0.333341,-0.941692,-0.362126,0.083624,0.199772,0.652190,-0.308445,-0.026739,-0.547378,-0.402492,0.031999,1.324950,-0.267416,0.086155,-0.087407,-0.055066,0.038700,0.094642,0.299943,-0.395773,0.680492,0.553666,0.296452,0.078017,0.402049,-0.127939,-0.162657,0.426698,-0.718728,0.148917,-0.007433
-5.485049,-0.675832,0.745525,-0.040562,0.014774,0.316460,-0.947623,-0.409638,0.099390,0.149017,0.643531,-0.263096,-0.057599,-0.458205,-0.357322,0.116110,1.296540,-0.260615,0.148616,-0.086641,-0.055542,0.034015,0.109671,0.295837,-0.405432,0.685720,0.569711,0.311721,0.055433,0.378319,-0.137356,-0.162651,0.419366,-0.712147,0.141666,-0.010720
-5.516427,-0.680560,0.742788,-0.035989,0.009795,0.299165,-0.953472,-0.462478,0.117599,0.094357,0.636874,-0.215234,-0.089671,-0.344462,-0.284751,0.189361,1.216200,-0.212990,0.209319,-0.079366,-0.053561,0.029350,0.110157,0.294090,-0.418696,0.703625,0.587548,0.330274,0.032754,0.362052,-0.137448,-0.168574,0.406015,-0.702849,0.134245,-0.016970
-5.548225,-0.686099,0.741557,-0.029642,0.003859,0.282721,-0.958736,-0.512360,0.138488,0.040103,0.619358,-0.162878,-0.122037,-0.219786,-0.206778,0.246227,1.070392,-0.166605,0.211090,-0.069266,-0.047643,0.025646,0.097459,0.295448,-0.439432,0.737033,0.611724,0.354920,0.003335,0.354832,-0.135908,-0.177267,0.388893,-0.694697,0.120692,-0.024078
-5.581363,-0.692191,0.744184,-0.023302,-0.002563,0.268910,-0.962880,-0.552312,0.166512,-0.003894,0.570797,-0.109736,-0.149603,-0.114660,-0.170523,0.246389,0.881343,-0.319358,0.227884,-0.057721,-0.040799,0.023278,0.092439,0.303646,-0.460289,0.760035,0.646130,0.379862,-0.030897,0.340423,-0.135536,-0.180027,0.385864,-0.695767,0.103960,-0.032263
-5.614366,-0.698786,0.743001,-0.013725,-0.009970,0.259320,-0.965643,-0.575112,0.211356,-0.027671,0.494058,-0.079133,-0.147641,-0.065028,-0.155033,0.152649,0.739880,-0.487235,0.209460,-0.045536,-0.033304,0.024338,0.090346,0.315909,-0.466595,0.769005,0.680768,0.402501,-0.059974,0.308624,-0.128776,-0.167137,0.396678,-0.704386,0.098781,-0.037722
-5.648075,-0.705320,0.745080,-0.000199,-0.016577,0.249264,-0.968294,-0.589784,0.270057,-0.024008,0.409088,-0.106627,-0.082752,-0.044657,-0.125679,0.020488,0.636743,-0.568797,0.150945,-0.036423,-0.020893,0.028370,0.093655,0.326114,-0.454364,0.767961,0.704606,0.418512,-0.073126,0.275478,-0.117616,-0.146230,0.416643,-0.712224,0.093618,-0.046468
-5.681348,-0.710749,0.744851,0.013209,-0.022590,0.236609,-0.971252,-0.586852,0.342893,0.065193,0.330678,-0.163760,0.009348,-0.050424,-0.072039,-0.044637,0.573858,-0.596948,0.107862,-0.036705,-0.002882,0.033328,0.101638,0.316072,-0.426362,0.765869,0.706358,0.433227,-0.066764,0.241909,-0.113766,-0.120269,0.443590,-0.723537,0.095041,-0.044835
-5.713669,-0.714803,0.747231,0.024746,-0.027032,0.225005,-0.973668,-0.579131,0.429719,0.237440,0.323133,-0.202259,0.041855,-0.083907,-0.014521,-0.066280,0.557688,-0.585735,0.068623,-0.042675,0.015488,0.037676,0.112162,0.303591,-0.400002,0.762913,0.693645,0.425266,-0.071205,0.214593,-0.122189,-0.090416,0.465916,-0.735175,0.090373,-0.030292
-5.745050,-0.717741,0.750645,0.030270,-0.027752,0.220186,-0.974593,-0.569446,0.492229,0.346655,0.429961,-0.210610,0.037374,-0.128709,0.023368,-0.082810,0.564931,-0.550878,0.033999,-0.043098,0.026982,0.041636,0.119916,0.293737,-0.391222,0.764677,0.684223,0.408720,-0.095261,0.197110,-0.135926,-0.064125,0.481565,-0.745064,0.087874,-0.018043
-5.775210,-0.719537,0.754651,0.030461,-0.026219,0.217043,-0.975334,-0.566129,0.510607,0.348735,0.610313,-0.227051,0.055370,-0.169989,0.043988,-0.096532,0.569559,-0.508296,0.005328,-0.036539,0.030272,0.044875,0.117641,0.289471,-0.402017,0.767244,0.687608,0.386380,-0.126059,0.195446,-0.142198,-0.053097,0.486628,-0.740549,0.084579,-0.013521
-5.804317,-0.720634,0.758696,0.028918,-0.025148,0.211046,-0.976725,-0.562340,0.503685,0.315654,0.808950,-0.247540,0.064303,-0.201162,0.057062,-0.112471,0.554541,-0.465356,-0.019373,-0.029593,0.030097,0.045219,0.105010,0.292367,-0.422521,0.767683,0.701908,0.365341,-0.160581,0.207753,-0.143965,-0.050479,0.482439,-0.729482,0.080898,-0.013092
-5.832859,-0.721344,0.762177,0.026360,-0.025218,0.205101,-0.978061,-0.540847,0.491299,0.292917,0.989414,-0.259681,0.058166,-0.227725,0.067240,-0.126816,0.525329,-0.422886,-0.038216,-0.026518,0.030026,0.042138,0.088761,0.294119,-0.428938,0.762167,0.710405,0.351905,-0.183814,0.227660,-0.146065,-0.047750,0.471697,-0.716574,0.073697,-0.012516
-5.861073,-0.721894,0.764522,0.024325,-0.025413,0.200834,-0.978994,-0.495400,0.475555,0.277753,1.132997,-0.257751,0.038113,-0.250581,0.079130,-0.138279,0.487768,-0.379296,-0.054437,-0.026556,0.030308,0.037466,0.072318,0.296036,-0.426938,0.752409,0.722304,0.346634,-0.190720,0.252253,-0.150686,-0.040740,0.459139,-0.706324,0.069225,-0.009683
-5.889086,-0.722387,0.765324,0.022488,-0.026541,0.198237,-0.979537,-0.431855,0.454012,0.268257,1.236109,-0.248143,0.014583,-0.276624,0.092113,-0.149695,0.452529,-0.335441,-0.076157,-0.029955,0.030818,0.032082,0.056108,0.303797,-0.415054,0.740163,0.736105,0.347133,-0.191403,0.281001,-0.154407,-0.033768,0.442206,-0.689346,0.063214,-0.008284
-5.917008,-0.722751,0.764334,0.021335,-0.030041,0.195233,-0.980065,-0.354978,0.434117,0.271321,1.295482,-0.224904,-0.019102,-0.312142,0.105809,-0.163451,0.426990,-0.292994,-0.102723,-0.037309,0.031666,0.026779,0.032264,0.301950,-0.395617,0.728814,0.743263,0.349943,-0.177959,0.302093,-0.150963,-0.027173,0.423264,-0.673747,0.078819,-0.004907
-5.944888,-0.722953,0.761640,0.020873,-0.035323,0.191073,-0.980718,-0.272377,0.401941,0.272972,1.302949,-0.168388,-0.045758,-0.356291,0.118519,-0.180241,0.412065,-0.254091,-0.126548,-0.048395,0.032515,0.021785,0.003382,0.302858,-0.380381,0.719361,0.749475,0.351990,-0.152192,0.328929,-0.144524,-0.033269,0.406397,-0.663049,0.091709,-0.008331
-5.972786,-0.722867,0.757588,0.020061,-0.040674,0.186171,-0.981470,-0.190053,0.329799,0.248024,1.248853,-0.069734,-0.096742,-0.408278,0.126487,-0.199574,0.411882,-0.220325,-0.147386,-0.062797,0.031578,0.018267,-0.030349,0.305659,-0.376278,0.715875,0.756533,0.351516,-0.126552,0.361626,-0.131042,-0.052670,0.389927,-0.656696,0.101620,-0.020334
-6.000858,-0.722441,0.753041,0.016611,-0.046583,0.179674,-0.982482,-0.106616,0.222141,0.193693,1.120635,0.047443,-0.121677,-0.470095,0.124467,-0.219873,0.426571,-0.190944,-0.164131,-0.081016,0.026498,0.016244,-0.071630,0.309308,-0.381345,0.717519,0.763295,0.351852,-0.105904,0.396279,-0.109949,-0.082673,0.370971,-0.652160,0.106451,-0.035173
-6.029259,-0.721383,0.749276,0.011728,-0.055400,0.171797,-0.983504,-0.011367,0.152907,0.160878,0.921851,0.078649,-0.123205,-0.546282,0.113939,-0.240967,0.454436,-0.162100,-0.176176,-0.102141,0.019209,0.014510,-0.120676,0.317484,-0.395270,0.719730,0.770663,0.346992,-0.095327,0.429705,-0.080876,-0.118826,0.349598,-0.644656,0.104227,-0.050637
-6.058621,-0.719712,0.749963,0.008772,-0.068540,0.161563,-0.984440,0.083490,0.140342,0.183430,0.685468,-0.074358,-0.119820,-0.636810,0.099856,-0.266837,0.479138,-0.138722,-0.163008,-0.124904,0.014311,0.013649,-0.176076,0.331727,-0.414976,0.719237,0.778938,0.336123,-0.095210,0.460766,-0.045085,-0.155911,0.325098,-0.632838,0.095480,-0.061556
-6.086863,-0.718826,0.744906,0.003846,-0.082727,0.152644,-0.984805,0.137017,0.142068,0.232069,0.504872,-0.291627,-0.142142,-0.717908,0.081914,-0.287974,0.492563,-0.116962,-0.094376,-0.145218,0.011310,0.014775,-0.228201,0.337331,-0.435453,0.721649,0.782224,0.321757,-0.080769,0.494307,-0.014431,-0.186953,0.288903,-0.630595,0.077864,-0.064560
-6.114969,-0.718790,0.741924,-0.001485,-0.094177,0.148663,-0.984392,0.162325,0.136010,0.270205,0.355145,-0.426520,-0.161913,-0.797096,0.069556,-0.284357,0.510885,-0.112402,0.105375,-0.157757,0.008463,0.018521,-0.273786,0.339013,-0.440074,0.719539,0.773970,0.318314,-0.050868,0.519433,0.007328,-0.212754,0.262467,-0.634669,0.061158,-0.060208
-6.142532,-0.719984,0.735740,-0.009002,-0.105774,0.152475,-0.982590,0.151406,0.131119,0.308632,0.270482,-0.522745,-0.180687,-0.879673,0.106962,-0.275199,0.554049,-0.123075,0.241148,-0.154562,0.002120,0.022404,-0.308245,0.333131,-0.428842,0.720500,0.755988,0.326095,0.004252,0.533389,0.022585,-0.236609,0.257796,-0.645051,0.049059,-0.059792
-6.169638,-0.722695,0.730001,-0.012622,-0.117438,0.156374,-0.980610,0.082225,0.152754,0.329085,0.298105,-0.616454,-0.193206,-0.949479,0.130842,-0.240862,0.675597,-0.156613,0.247466,-0.142366,-0.003905,0.028314,-0.329002,0.322063,-0.419296,0.727381,0.735882,0.330338,0.058718,0.543714,0.036781,-0.258675,0.265067,-0.667298,0.052058,-0.054958
-6.194396,-0.727557,0.730519,-0.019002,-0.123283,0.156174,-0.979821,0.005799,0.173875,0.324000,0.363075,-0.637394,-0.201757,-0.979554,0.048199,-0.252964,0.868949,-0.223976,0.247592,-0.127759,-0.011249,0.034909,-0.333547,0.302934,-0.425384,0.738836,0.724571,0.334316,0.086703,0.554768,0.045335,-0.282997,0.267651,-0.696282,0.051837,-0.059894
-6.217074,-0.733628,0.733733,-0.023643,-0.127336,0.157750,-0.978949,-0.049923,0.191487,0.317048,0.396899,-0.612779,-0.206016,-0.963509,-0.083340,-0.281242,1.058462,-0.280939,0.244456,-0.119280,-0.018485,0.035961,-0.313177,0.287263,-0.426455,0.754659,0.708976,0.342530,0.096159,0.557124,0.053201,-0.299596,0.288246,-0.706403,0.048275,-0.075949
-6.237619,-0.741163,0.737500,-0.025172,-0.130304,0.160506,-0.978072,-0.095783,0.215776,0.311265,0.424326,-0.573285,-0.212735,-0.913681,-0.179400,-0.271707,1.192036,-0.318274,0.173932,-0.119319,-0.020905,0.032909,-0.264118,0.277917,-0.418731,0.770182,0.680700,0.339201,0.095286,0.546807,0.053680,-0.306862,0.330892,-0.702791,0.054825,-0.068388
-6.255799,-0.750211,0.740131,-0.027187,-0.134500,0.161026,-0.977364,-0.136346,0.239424,0.307386,0.441126,-0.535818,-0.221986,-0.851755,-0.249758,-0.232544,1.268759,-0.352448,0.056031,-0.124304,-0.018617,0.027340,-0.202301,0.280584,-0.410647,0.776847,0.656260,0.336854,0.062436,0.521622,0.034111,-0.311726,0.375393,-0.707935,0.071547,-0.025904
-6.271511,-0.761068,0.740834,-0.031162,-0.139405,0.161473,-0.976484,-0.165192,0.258974,0.309077,0.440874,-0.508096,-0.234101,-0.778882,-0.318079,-0.192281,1.284025,-0.399722,-0.056665,-0.131333,-0.015203,0.019353,-0.133715,0.277782,-0.409860,0.781178,0.643987,0.334668,0.027502,0.500548,0.003146,-0.316627,0.389126,-0.730920,0.081254,0.015895
-6.285123,-0.773653,0.739526,-0.037184,-0.143365,0.162102,-0.975596,-0.184175,0.270546,0.304369,0.430529,-0.495157,-0.244044,-0.695146,-0.384875,-0.169943,1.235813,-0.432219,-0.139774,-0.136505,-0.015066,0.010783,-0.059713,0.269195,-0.405418,0.781668,0.632723,0.334740,0.000209,0.479003,-0.023699,-0.326033,0.379339,-0.748367,0.081159,0.039018
-6.296746,-0.787765,0.736799,-0.044401,-0.146824,0.165452,-0.974216,-0.193983,0.277075,0.302508,0.414369,-0.492605,-0.247423,-0.599437,-0.441465,-0.174838,1.121550,-0.405448,-0.148613,-0.138274,-0.019536,0.001950,0.012320,0.256550,-0.396614,0.789418,0.616648,0.341435,-0.009512,0.466006,-0.047097,-0.343222,0.351841,-0.752045,0.074783,0.035889
-6.306659,-0.803901,0.732732,-0.049336,-0.150125,0.176397,-0.971552,-0.195623,0.293261,0.309312,0.404075,-0.486576,-0.247675,-0.489129,-0.448763,-0.182164,0.948255,-0.365571,0.113463,-0.135690,-0.027752,-0.007558,0.078441,0.246199,-0.388555,0.816196,0.601519,0.352671,-0.002683,0.456025,-0.062901,-0.361422,0.321512,-0.744228,0.063732,0.018823
-6.314478,-0.822367,0.729557,-0.050625,-0.150418,0.194502,-0.967977,-0.186233,0.326872,0.332285,0.409254,-0.478513,-0.247687,-0.396325,-0.380585,-0.169342,0.791526,-0.517273,0.241484,-0.128614,-0.036852,-0.015819,0.154250,0.243786,-0.380570,0.846902,0.585626,0.368687,0.008960,0.439509,-0.068702,-0.371798,0.310630,-0.739541,0.047537,-0.014817
-6.321090,-0.841610,0.725714,-0.044056,-0.152374,0.216902,-0.963221,-0.176052,0.390526,0.371679,0.432189,-0.453565,-0.247391,-0.326669,-0.322008,-0.205572,0.666724,-0.624226,0.247432,-0.118001,-0.041732,-0.021651,0.224401,0.243050,-0.381302,0.881306,0.580781,0.397245,0.007363,0.398847,-0.052940,-0.363232,0.320671,-0.740797,0.036188,-0.056517
-6.325371,-0.861338,0.725216,-0.031154,-0.156721,0.240106,-0.957506,-0.189913,0.488646,0.395196,0.513156,-0.410086,-0.240185,-0.293356,-0.254243,-0.217163,0.599252,-0.651945,0.247402,-0.104649,-0.038300,-0.020698,0.285302,0.243692,-0.370203,0.912193,0.579288,0.431405,0.002213,0.348872,-0.027876,-0.339131,0.344515,-0.739403,0.029605,-0.084624
-6.327972,-0.878768,0.725942,-0.018986,-0.158683,0.262898,-0.951496,-0.241737,0.574695,0.382348,0.659568,-0.344300,-0.087932,-0.286291,-0.189517,-0.188354,0.585665,-0.653266,0.243833,-0.085128,-0.027161,-0.012223,0.335329,0.225444,-0.348845,0.934619,0.569046,0.451832,-0.020429,0.302912,-0.016247,-0.302675,0.366260,-0.738774,0.023214,-0.087333
-6.328520,-0.895231,0.725554,-0.012631,-0.158479,0.282637,-0.945960,-0.352865,0.594038,0.309175,0.866709,-0.300363,0.140256,-0.284954,-0.141222,-0.156832,0.593949,-0.648299,0.230059,-0.056193,-0.017669,0.000879,0.364051,0.199297,-0.335946,0.947981,0.563820,0.459702,-0.060379,0.268723,-0.019885,-0.259444,0.372354,-0.733508,0.009920,-0.077771
-6.326211,-0.911148,0.725440,-0.011058,-0.156370,0.296423,-0.942104,-0.480676,0.553623,0.228205,1.078231,-0.318870,0.176879,-0.274603,-0.111843,-0.139629,0.600550,-0.637964,0.206874,-0.026909,-0.012915,0.013741,0.376697,0.177768,-0.334725,0.945430,0.564397,0.450460,-0.117458,0.243941,-0.034902,-0.207648,0.366400,-0.724657,-0.005570,-0.072121
-6.320763,-0.927172,0.726551,-0.012408,-0.153860,0.303788,-0.940152,-0.602030,0.491179,0.193875,1.252034,-0.337940,0.159772,-0.253691,-0.093525,-0.128348,0.597891,-0.620185,0.183430,-0.003416,-0.010417,0.023262,0.384879,0.167498,-0.334856,0.921006,0.573880,0.417924,-0.163415,0.220571,-0.052461,-0.150616,0.362794,-0.702588,-0.017578,-0.062182
-6.311812,-0.944064,0.730718,-0.015270,-0.153642,0.305398,-0.939624,-0.711063,0.426069,0.215053,1.355704,-0.349233,0.119264,-0.223976,-0.080698,-0.120609,0.585192,-0.595784,0.168272,0.013550,-0.006874,0.027628,0.392216,0.157523,-0.303809,0.880782,0.572189,0.386441,-0.171885,0.196654,-0.072051,-0.091797,0.363658,-0.679434,-0.021246,-0.042685
-6.300333,-0.961902,0.732793,-0.017731,-0.155738,0.300806,-0.940716,-0.808634,0.354659,0.261825,1.379545,-0.359341,0.068245,-0.187510,-0.068838,-0.122795,0.559192,-0.568414,0.158881,0.026094,-0.001997,0.028039,0.396634,0.145485,-0.253771,0.831879,0.569428,0.367667,-0.145915,0.172623,-0.091219,-0.038457,0.366239,-0.667519,-0.015677,-0.018067
-6.286145,-0.980970,0.732835,-0.017993,-0.158261,0.290674,-0.943471,-0.890368,0.279017,0.315402,1.329418,-0.365845,0.041796,-0.139728,-0.055105,-0.138376,0.525923,-0.542552,0.150333,0.036461,0.003969,0.025839,0.400572,0.135480,-0.205702,0.780386,0.576487,0.351549,-0.094742,0.150773,-0.105178,0.003890,0.368225,-0.663712,-0.003173,0.005844
-6.269432,-1.001062,0.731183,-0.017403,-0.160964,0.282069,-0.945635,-0.949269,0.198532,0.359720,1.209208,-0.370672,0.015796,-0.085811,-0.039513,-0.159348,0.486989,-0.515582,0.139799,0.046373,0.009122,0.022245,0.403718,0.127861,-0.166195,0.730826,0.590578,0.337083,-0.041765,0.127488,-0.112089,0.037984,0.368622,-0.661186,0.006298,0.022023
-6.250427,-1.021504,0.728585,-0.017506,-0.164024,0.279112,-0.945984,-0.990864,0.102717,0.360704,1.030320,-0.356584,-0.002790,-0.034198,-0.025308,-0.171795,0.450614,-0.479722,0.130399,0.057393,0.011446,0.018831,0.407626,0.121025,-0.133739,0.679934,0.608570,0.322386,-0.002698,0.098370,-0.114937,0.067941,0.372117,-0.662840,0.013660,0.026338
-6.229471,-1.041717,0.725887,-0.018882,-0.165822,0.285206,-0.943824,-1.002071,0.014195,0.316631,0.823343,-0.325320,-0.009113,0.010857,-0.018285,-0.168331,0.426241,-0.430571,0.123006,0.070410,0.009284,0.015599,0.412290,0.116388,-0.107078,0.636018,0.630176,0.314168,0.022654,0.064581,-0.117202,0.100607,0.381827,-0.670022,0.019809,0.027628
-6.207582,-1.061592,0.724228,-0.025627,-0.164171,0.298017,-0.939988,-0.982755,-0.026427,0.298224,0.700618,-0.210204,0.186499,0.048829,-0.026911,-0.150583,0.411734,-0.347449,0.115034,0.082933,0.002591,0.013434,0.411031,0.103488,-0.082732,0.610422,0.644049,0.315431,0.041114,0.032635,-0.124446,0.135409,0.394701,-0.685915,0.029252,0.029411
-6.184156,-1.081569,0.718801,-0.023973,-0.158078,0.319761,-0.933911,-0.950373,0.002064,0.282549,0.751531,-0.225073,0.245035,0.059233,-0.029484,-0.098052,0.474702,-0.244855,0.126159,0.094401,-0.006516,0.013598,0.412713,0.095414,-0.054373,0.602706,0.649731,0.326979,0.055422,0.005192,-0.127844,0.181313,0.415351,-0.715639,0.038283,0.025997
-6.161450,-1.099959,0.719738,-0.024182,-0.149157,0.339647,-0.928336,-0.912823,0.025976,0.289051,0.802779,-0.267026,0.247588,0.017183,-0.030622,-0.010774,0.620734,-0.098089,0.169774,0.102174,-0.013675,0.017281,0.399301,0.086471,-0.036181,0.624057,0.650683,0.351834,0.059093,-0.005936,-0.133150,0.214423,0.435026,-0.736630,0.051350,0.018836
-6.138478,-1.118419,0.722393,-0.021407,-0.142265,0.353353,-0.924361,-0.866023,0.047020,0.303982,0.839054,-0.324823,0.247678,-0.064666,-0.015346,0.061225,0.823979,0.053421,0.228507,0.104569,-0.017531,0.021479,0.364143,0.087716,-0.029042,0.666262,0.653305,0.387227,0.051257,0.000799,-0.135079,0.230252,0.450184,-0.745035,0.062820,0.011049
-6.115963,-1.136995,0.726118,-0.018057,-0.138005,0.360652,-0.922257,-0.814103,0.059182,0.316691,0.852174,-0.369877,0.247595,-0.171876,-0.013679,0.070519,1.027670,0.147533,0.246593,0.099408,-0.019327,0.025063,0.308510,0.107611,-0.057447,0.714577,0.679311,0.419400,0.007770,0.018327,-0.135231,0.226033,0.461003,-0.738553,0.072559,0.007161
-6.093385,-1.156034,0.731275,-0.017377,-0.134169,0.358245,-0.923773,-0.754701,0.051918,0.322992,0.842055,-0.400286,0.246721,-0.282340,-0.035470,0.060910,1.194452,0.113295,0.245621,0.082028,-0.021299,0.027622,0.243044,0.139757,-0.112779,0.751585,0.729537,0.434941,-0.056583,0.043991,-0.137468,0.204228,0.467259,-0.725433,0.080006,0.001179
-6.069862,-1.175804,0.737981,-0.017247,-0.128894,0.347155,-0.928748,-0.679412,0.027598,0.314674,0.805864,-0.419685,0.240618,-0.389078,-0.063251,0.048793,1.307451,0.034035,0.212391,0.055644,-0.023531,0.029231,0.181248,0.170013,-0.160954,0.758857,0.781349,0.435551,-0.101357,0.078843,-0.134048,0.163847,0.477375,-0.706722,0.087454,-0.020986
-6.045011,-1.196314,0.745179,-0.018927,-0.122969,0.332643,-0.934810,-0.593208,-0.006724,0.292764,0.750647,-0.429788,0.225816,-0.492914,-0.077855,0.041474,1.364700,-0.043386,0.147704,0.026646,-0.024919,0.029287,0.128261,0.189549,-0.187096,0.734741,0.815877,0.417260,-0.094995,0.117428,-0.124033,0.106227,0.497768,-0.674339,0.101003,-0.051366
-6.018453,-1.217296,0.751562,-0.020746,-0.116320,0.318340,-0.940584,-0.498902,-0.041854,0.263261,0.686651,-0.435115,0.207589,-0.585176,-0.082546,0.040171,1.361469,-0.113285,0.105531,0.000111,-0.024636,0.027548,0.089043,0.197222,-0.190762,0.694307,0.821311,0.388014,-0.049673,0.159321,-0.113520,0.042471,0.525542,-0.636728,0.122907,-0.073826
-5.990196,-1.238681,0.756230,-0.022573,-0.111249,0.305032,-0.945553,-0.405590,-0.070907,0.234356,0.623995,-0.436194,0.193711,-0.666340,-0.087049,0.035237,1.303788,-0.167207,0.089935,-0.022394,-0.022779,0.024434,0.055647,0.201337,-0.180780,0.650882,0.802295,0.345319,0.006022,0.198928,-0.108780,-0.011411,0.548259,-0.608288,0.155996,-0.087173
-5.960442,-1.260606,0.759052,-0.022811,-0.106027,0.290621,-0.950672,-0.313184,-0.091340,0.204708,0.571375,-0.437533,0.182765,-0.724547,-0.087793,0.028586,1.194535,-0.207272,0.089712,-0.041121,-0.019976,0.021217,0.024636,0.204248,-0.179480,0.607247,0.772861,0.298347,0.050717,0.241180,-0.111636,-0.058366,0.572849,-0.588592,0.187314,-0.093034
-5.929038,-1.283006,0.762058,-0.023090,-0.100777,0.274211,-0.956096,-0.220008,-0.108804,0.172701,0.527751,-0.443520,0.174086,-0.761889,-0.094096,0.016433,1.042310,-0.223075,0.077836,-0.056429,-0.017158,0.018446,-0.010770,0.210220,-0.191767,0.567188,0.741250,0.251244,0.065838,0.286117,-0.122352,-0.092360,0.594408,-0.580721,0.204626,-0.086536
-5.896935,-1.305294,0.760612,-0.020714,-0.096853,0.256683,-0.961407,-0.128248,-0.114574,0.138621,0.484530,-0.454467,0.165700,-0.772335,-0.100854,-0.003133,0.840628,-0.211099,0.089985,-0.068966,-0.014172,0.015996,-0.051255,0.223111,-0.214511,0.531472,0.718792,0.216678,0.059874,0.331601,-0.133051,-0.116702,0.614286,-0.584470,0.217692,-0.070385
-5.864464,-1.327125,0.756289,-0.017585,-0.094771,0.239285,-0.966153,-0.042815,-0.110628,0.109627,0.447723,-0.464781,0.156695,-0.765190,-0.093491,-0.003141,0.605873,-0.186399,0.095449,-0.080785,-0.011161,0.013632,-0.091413,0.239691,-0.241548,0.499566,0.712198,0.198276,0.051670,0.373512,-0.142138,-0.132704,0.630168,-0.596658,0.225922,-0.052466
-5.831895,-1.348511,0.750474,-0.014364,-0.092448,0.223629,-0.970174,0.034395,-0.100302,0.083819,0.426988,-0.466868,0.146263,-0.740719,-0.086367,0.002959,0.377728,-0.169522,0.150934,-0.091692,-0.008229,0.010881,-0.121351,0.249923,-0.262635,0.470920,0.708520,0.185881,0.055710,0.411768,-0.147585,-0.147917,0.643682,-0.609368,0.230186,-0.036762
-5.799623,-1.369371,0.744690,-0.009960,-0.088805,0.212155,-0.973142,0.101957,-0.083846,0.060366,0.427917,-0.452146,0.132563,-0.714785,-0.087983,-0.023305,0.246389,-0.125854,0.190053,-0.099499,-0.005842,0.008917,-0.133845,0.257588,-0.275118,0.452240,0.701796,0.181625,0.073526,0.443323,-0.146662,-0.162554,0.659586,-0.622894,0.239072,-0.019766
-5.768006,-1.389508,0.740232,-0.000765,-0.082878,0.204356,-0.975382,0.150472,-0.053163,0.049058,0.469542,-0.399332,0.108828,-0.712418,-0.083209,-0.054990,0.295982,-0.017591,0.152212,-0.106491,-0.002364,0.009922,-0.124167,0.268542,-0.280995,0.444303,0.692295,0.187364,0.083168,0.463237,-0.136512,-0.174565,0.680511,-0.639875,0.252764,-0.006918
-5.736647,-1.409091,0.734823,0.012607,-0.075124,0.197927,-0.977252,0.160655,-0.007540,0.048038,0.586934,-0.289408,0.058212,-0.716361,-0.067012,-0.067982,0.436927,0.014495,0.123989,-0.112128,0.005172,0.016441,-0.098835,0.280621,-0.279583,0.444541,0.680855,0.201821,0.093672,0.469183,-0.114210,-0.195035,0.704903,-0.646033,0.269585,-0.005628
-5.706475,-1.426730,0.727853,0.023923,-0.067288,0.197179,-0.977763,0.113360,0.034903,0.048692,0.790437,-0.132300,-0.030064,-0.715239,-0.047622,-0.075745,0.588805,-0.075120,0.096490,-0.115170,0.016826,0.029425,-0.055240,0.282210,-0.261409,0.457575,0.660166,0.221088,0.107151,0.456154,-0.096265,-0.219238,0.732353,-0.648169,0.289628,-0.009920
-5.677270,-1.441379,0.728047,0.030781,-0.061276,0.198019,-0.977797,0.019522,0.071635,0.055224,1.022262,0.004494,-0.087272,-0.684055,-0.038218,-0.085653,0.662054,-0.159113,0.093416,-0.115881,0.027433,0.041973,-0.013237,0.263286,-0.239845,0.496649,0.634378,0.257213,0.130634,0.427256,-0.087180,-0.233576,0.755691,-0.657535,0.313041,-0.012463
-5.649418,-1.453479,0.732860,0.036167,-0.059079,0.186006,-0.980104,-0.109818,0.118284,0.050278,1.218495,0.025847,-0.101845,-0.624781,-0.046564,-0.111109,0.667621,-0.214777,0.095422,-0.109715,0.034953,0.050438,-0.005457,0.242332,-0.255946,0.568149,0.623256,0.294573,0.122360,0.400909,-0.075137,-0.241251,0.760938,-0.662123,0.316277,-0.007546
-5.621976,-1.462777,0.740557,0.037558,-0.059346,0.172092,-0.982574,-0.252813,0.144923,0.044365,1.352906,-0.037762,-0.068719,-0.556508,-0.063125,-0.135183,0.636680,-0.244944,0.099607,-0.097828,0.041468,0.055455,-0.015714,0.230081,-0.298201,0.656581,0.634273,0.339065,0.080987,0.375321,-0.072283,-0.233117,0.749703,-0.680260,0.298902,-0.014184
-5.593734,-1.470057,0.749008,0.036800,-0.060581,0.164962,-0.983750,-0.384420,0.159933,0.059880,1.409043,-0.076509,-0.016505,-0.484124,-0.075087,-0.149084,0.584657,-0.259987,0.109632,-0.082646,0.045646,0.055955,-0.013679,0.222365,-0.338453,0.739583,0.649736,0.375587,0.018097,0.344803,-0.075096,-0.218797,0.731984,-0.694338,0.274924,-0.024777
-5.564552,-1.476344,0.756593,0.036284,-0.061949,0.161590,-0.984243,-0.497417,0.168413,0.086522,1.396422,-0.111784,0.009959,-0.407979,-0.081764,-0.160191,0.521843,-0.268120,0.118704,-0.067064,0.046355,0.053517,0.005096,0.219441,-0.361172,0.805960,0.659234,0.398694,-0.034188,0.311796,-0.080239,-0.192832,0.710662,-0.707283,0.248258,-0.039438
-5.534336,-1.482199,0.761863,0.036761,-0.064022,0.158589,-0.984581,-0.597759,0.160597,0.099154,1.330945,-0.134202,0.021399,-0.334387,-0.086786,-0.175413,0.464587,-0.279307,0.129091,-0.053017,0.045047,0.049594,0.039659,0.222897,-0.362384,0.847765,0.655637,0.412818,-0.072774,0.272511,-0.084891,-0.156806,0.686161,-0.711742,0.224920,-0.041160
-5.502887,-1.487564,0.763783,0.039871,-0.067152,0.153430,-0.985069,-0.683907,0.150452,0.092896,1.223251,-0.148187,0.017605,-0.267034,-0.089782,-0.196385,0.424276,-0.301469,0.142842,-0.040645,0.042937,0.044563,0.074006,0.234481,-0.354536,0.880411,0.643662,0.411870,-0.107577,0.245215,-0.096543,-0.120528,0.652794,-0.709030,0.190717,-0.032367
-5.470043,-1.492232,0.762463,0.043431,-0.069918,0.148030,-0.985552,-0.746709,0.148865,0.081632,1.074192,-0.154724,0.012957,-0.202957,-0.093735,-0.216257,0.398182,-0.335530,0.161885,-0.029808,0.041275,0.039030,0.114540,0.246250,-0.335891,0.896440,0.623657,0.408081,-0.124408,0.216856,-0.113504,-0.090652,0.618050,-0.708097,0.149603,-0.029140
-5.435963,-1.496037,0.758466,0.047082,-0.072479,0.144762,-0.985685,-0.779790,0.155697,0.075285,0.876529,-0.145530,0.019015,-0.137864,-0.096954,-0.231182,0.373007,-0.372883,0.185039,-0.019729,0.041086,0.033541,0.158849,0.260056,-0.301845,0.903726,0.595222,0.405778,-0.122559,0.188307,-0.128068,-0.070330,0.577971,-0.704663,0.118355,-0.038354
-5.401206,-1.498600,0.753122,0.048881,-0.075780,0.144482,-0.985390,-0.780850,0.169365,0.087701,0.630835,-0.112979,0.019479,-0.074520,-0.103689,-0.240690,0.342640,-0.394784,0.211786,-0.009373,0.042231,0.027706,0.200543,0.268337,-0.264224,0.909021,0.568196,0.405719,-0.106421,0.161930,-0.138184,-0.065683,0.533694,-0.687731,0.096590,-0.056673
-5.366008,-1.499633,0.747179,0.049454,-0.078652,0.145346,-0.985009,-0.755987,0.184185,0.131401,0.382595,-0.079923,0.034616,-0.013535,-0.115537,-0.249664,0.314582,-0.403543,0.236448,0.000428,0.044326,0.021582,0.240067,0.273616,-0.229633,0.915050,0.548876,0.407519,-0.080208,0.144924,-0.142446,-0.078040,0.489623,-0.665417,0.074973,-0.073318
-5.330697,-1.499024,0.742079,0.050252,-0.077738,0.147653,-0.984698,-0.719221,0.196601,0.207918,0.228081,-0.069114,0.065273,0.036968,-0.130083,-0.247849,0.316331,-0.396369,0.246839,0.008141,0.047489,0.017591,0.275103,0.266023,-0.200937,0.924350,0.537484,0.420393,-0.051042,0.136252,-0.143894,-0.097717,0.454691,-0.640998,0.069746,-0.095087
-5.294619,-1.496361,0.742792,0.049966,-0.073119,0.150946,-0.984567,-0.704487,0.200563,0.260854,0.263026,-0.027163,0.107702,0.068058,-0.151788,-0.225304,0.365182,-0.356326,0.247653,0.014386,0.048767,0.018087,0.296338,0.247215,-0.190736,0.936471,0.537562,0.437074,-0.035173,0.132846,-0.149756,-0.113611,0.431712,-0.614042,0.072891,-0.113903
-5.258397,-1.491713,0.742293,0.046309,-0.065204,0.152024,-0.985136,-0.702655,0.189000,0.275835,0.364261,0.056687,0.166238,0.070921,-0.188458,-0.179941,0.465643,-0.267921,0.247600,0.018799,0.047164,0.022312,0.305606,0.225719,-0.201932,0.950867,0.549163,0.443582,-0.038586,0.140262,-0.159281,-0.134009,0.418769,-0.596457,0.082344,-0.129349
-5.223271,-1.485384,0.740877,0.040651,-0.056384,0.148706,-0.986435,-0.696001,0.166035,0.285133,0.482371,0.030344,0.218128,0.023778,-0.230797,-0.100154,0.639056,-0.116198,0.245422,0.017946,0.042778,0.029255,0.300014,0.207569,-0.226184,0.965066,0.568157,0.444758,-0.055278,0.159143,-0.162811,-0.160590,0.416558,-0.586460,0.096159,-0.141904
-5.188978,-1.479542,0.741704,0.036559,-0.049029,0.140373,-0.988208,-0.682846,0.140611,0.293097,0.585399,-0.056743,0.224894,-0.068884,-0.259887,-0.025421,0.862679,0.032553,0.202366,0.013322,0.035523,0.037524,0.282543,0.201598,-0.252153,0.969445,0.585406,0.434209,-0.085076,0.186292,-0.154560,-0.189665,0.428832,-0.587724,0.106974,-0.148138
-5.155938,-1.473900,0.743203,0.030153,-0.042125,0.132940,-0.989769,-0.643676,0.106048,0.306788,0.633028,-0.128388,0.230940,-0.178746,-0.305189,-0.000026,1.063027,0.120348,0.140093,0.005525,0.026345,0.044865,0.255445,0.198270,-0.278315,0.959448,0.605615,0.419124,-0.106053,0.204311,-0.148421,-0.200398,0.462089,-0.605421,0.133573,-0.140314
-5.123943,-1.468577,0.746524,0.023312,-0.035829,0.122708,-0.991522,-0.587017,0.059886,0.313027,0.635014,-0.177627,0.236376,-0.284338,-0.305447,0.041457,1.209124,0.078860,0.114910,-0.008940,0.016241,0.050979,0.215725,0.194993,-0.298870,0.937040,0.623473,0.404191,-0.103379,0.209550,-0.151970,-0.186049,0.513093,-0.633439,0.161484,-0.109910
-5.092232,-1.463538,0.751010,0.019035,-0.031700,0.106814,-0.993591,-0.526192,0.008550,0.303052,0.615308,-0.211885,0.240737,-0.384126,-0.258646,0.085471,1.301346,0.020508,0.101642,-0.023972,0.009191,0.054331,0.164441,0.198550,-0.324241,0.909991,0.646327,0.387835,-0.076000,0.220403,-0.151113,-0.173369,0.569242,-0.660627,0.185159,-0.069744
-5.060384,-1.458752,0.756062,0.018459,-0.028974,0.084738,-0.995811,-0.460787,-0.041651,0.275890,0.581809,-0.236086,0.244014,-0.468783,-0.210819,0.099731,1.330551,-0.001658,0.136804,-0.036819,0.006690,0.055014,0.103021,0.208666,-0.354848,0.884511,0.675477,0.370206,-0.036166,0.247232,-0.141246,-0.170655,0.619367,-0.678760,0.206522,-0.023464
-5.028317,-1.453835,0.760427,0.020019,-0.027258,0.060004,-0.997625,-0.395480,-0.085351,0.239111,0.548967,-0.258455,0.246167,-0.538968,-0.164269,0.096095,1.299200,-0.022797,0.180785,-0.049785,0.007874,0.054481,0.035465,0.206426,-0.383355,0.858743,0.697945,0.360772,-0.002001,0.270706,-0.117317,-0.169448,0.656119,-0.693788,0.244060,0.020774
-4.995831,-1.448365,0.763177,0.021758,-0.026715,0.034339,-0.998816,-0.333218,-0.123341,0.197533,0.523657,-0.284621,0.247249,-0.599238,-0.114701,0.091071,1.221073,-0.051325,0.207257,-0.063876,0.011681,0.053003,-0.037456,0.196721,-0.413207,0.834486,0.710784,0.351491,0.012837,0.312224,-0.099041,-0.182075,0.677107,-0.697895,0.257369,0.056342
-4.962724,-1.441839,0.763897,0.023242,-0.027545,0.008842,-0.999311,-0.274281,-0.156456,0.154035,0.507271,-0.317440,0.247627,-0.648072,-0.070639,0.086500,1.099086,-0.075741,0.222445,-0.078483,0.016611,0.050884,-0.104319,0.185749,-0.445513,0.796811,0.717782,0.328741,0.014191,0.350160,-0.080349,-0.195924,0.688946,-0.699368,0.263797,0.078246
-4.929089,-1.433938,0.762715,0.025391,-0.028832,-0.016059,-0.999133,-0.215104,-0.182716,0.111196,0.496588,-0.356460,0.247692,-0.677666,-0.033149,0.076229,0.932135,-0.083976,0.225264,-0.093444,0.021569,0.048202,-0.161984,0.175663,-0.472363,0.747687,0.716204,0.300475,0.014939,0.385001,-0.059026,-0.210297,0.693738,-0.699797,0.266075,0.083305
-4.895521,-1.424096,0.760440,0.029705,-0.030981,-0.037552,-0.998372,-0.150944,-0.199921,0.071984,0.475008,-0.389133,0.247689,-0.685009,0.003513,0.053486,0.718967,-0.057342,0.224681,-0.106273,0.026948,0.045141,-0.206594,0.168315,-0.491673,0.690364,0.704433,0.267486,0.024868,0.414207,-0.033890,-0.223531,0.694954,-0.699931,0.265504,0.077138
-4.862608,-1.412643,0.756796,0.033715,-0.032784,-0.049538,-0.997665,-0.086144,-0.209514,0.050667,0.450072,-0.416153,0.247698,-0.671310,0.047320,-0.021545,0.488153,0.020622,0.246753,-0.112101,0.032245,0.041937,-0.234628,0.164938,-0.506916,0.632471,0.692282,0.242404,0.046492,0.436715,-0.010050,-0.236087,0.695552,-0.701244,0.265569,0.064455
-4.830836,-1.400070,0.752022,0.036031,-0.033361,-0.051868,-0.997446,-0.031857,-0.216409,0.051578,0.443583,-0.435404,0.247694,-0.656638,0.107501,-0.141196,0.312945,0.143782,0.247676,-0.109588,0.036938,0.039841,-0.246123,0.162288,-0.516471,0.577732,0.675469,0.216617,0.074510,0.452389,0.009016,-0.249935,0.697709,-0.701829,0.268678,0.049845
-4.799472,-1.386032,0.749660,0.038356,-0.031612,-0.051323,-0.997444,0.006294,-0.223633,0.064994,0.481898,-0.436889,0.247662,-0.648646,0.137655,-0.220507,0.256149,0.201612,0.247192,-0.108368,0.044414,0.040143,-0.240271,0.160933,-0.520842,0.532608,0.659413,0.200657,0.097872,0.461586,0.023315,-0.264061,0.703935,-0.700931,0.276187,0.036853
-4.769314,-1.370938,0.745454,0.044392,-0.028491,-0.060534,-0.996771,0.015972,-0.223004,0.088089,0.573772,-0.385341,0.247002,-0.639157,0.098157,-0.216939,0.319616,0.159464,0.234442,-0.123004,0.056547,0.043090,-0.223848,0.158349,-0.525814,0.500633,0.644919,0.194425,0.107487,0.464905,0.036113,-0.275045,0.713200,-0.700377,0.280114,0.027707
-4.740363,-1.355334,0.736885,0.043728,-0.023054,-0.079685,-0.995594,-0.017248,-0.231734,0.132120,0.744942,-0.258306,0.231276,-0.621388,0.068844,-0.232403,0.413835,0.028831,-0.013316,-0.143913,0.060686,0.048230,-0.209413,0.150859,-0.537698,0.493707,0.628621,0.198767,0.096826,0.470331,0.050421,-0.292151,0.721731,-0.694419,0.281445,0.018108
-4.713988,-1.342540,0.732388,0.049076,-0.016400,-0.101808,-0.993457,-0.089845,-0.192924,0.155059,0.960385,-0.089245,-0.052761,-0.598160,0.044942,-0.254410,0.489003,-0.034772,-0.081178,-0.166561,0.059914,0.058761,-0.202624,0.156438,-0.554729,0.513569,0.621952,0.220339,0.070692,0.464644,0.072608,-0.298745,0.739063,-0.693150,0.284106,0.010896
-4.690390,-1.328397,0.732351,0.053537,-0.008378,-0.122241,-0.991020,-0.186544,-0.137802,0.173293,1.178034,0.023794,-0.237303,-0.567429,0.017996,-0.266197,0.547360,-0.105794,-0.068438,-0.189438,0.061957,0.073618,-0.197996,0.165821,-0.569137,0.550180,0.621517,0.250764,0.040759,0.441690,0.079702,-0.287445,0.764719,-0.706328,0.284998,0.014422
-4.669606,-1.311621,0.735072,0.055156,-0.004092,-0.138182,-0.988861,-0.306113,-0.037159,0.200608,1.361618,0.006322,-0.242864,-0.531338,-0.016269,-0.275369,0.578179,-0.158522,-0.036603,-0.202878,0.066183,0.089252,-0.195626,0.165422,-0.576418,0.607380,0.619126,0.296937,0.029394,0.401157,0.069000,-0.264232,0.784173,-0.731744,0.288693,0.031281
-4.650507,-1.292937,0.739753,0.055973,-0.002998,-0.150140,-0.987075,-0.425918,0.077151,0.216196,1.477076,-0.034626,-0.185382,-0.486687,-0.047807,-0.282334,0.577432,-0.193372,-0.000341,-0.201362,0.071330,0.099002,-0.198940,0.162296,-0.585653,0.683839,0.610407,0.342265,0.032513,0.361251,0.048169,-0.235189,0.781032,-0.770059,0.289238,0.052327
-4.632239,-1.272397,0.745263,0.057215,-0.002891,-0.153509,-0.986485,-0.532184,0.170429,0.216479,1.515278,-0.057075,-0.120682,-0.434647,-0.066448,-0.278189,0.548953,-0.211093,0.032326,-0.187170,0.075277,0.102624,-0.196236,0.167441,-0.587984,0.768474,0.594598,0.382452,0.038558,0.331101,0.026259,-0.209681,0.748113,-0.806747,0.270272,0.057166
-4.613970,-1.249992,0.750470,0.056524,-0.002400,-0.145837,-0.987690,-0.618190,0.222298,0.197785,1.482815,-0.074450,-0.074873,-0.380454,-0.077547,-0.256440,0.509136,-0.220509,0.065131,-0.166353,0.077688,0.102332,-0.175878,0.185730,-0.583495,0.837804,0.578790,0.410479,0.039299,0.307214,0.003498,-0.191223,0.695614,-0.825755,0.236829,0.042212
-4.595584,-1.225953,0.753975,0.054535,-0.001436,-0.132278,-0.989710,-0.681785,0.248281,0.158428,1.397879,-0.093852,-0.063151,-0.332091,-0.090422,-0.223635,0.478542,-0.232842,0.099972,-0.142880,0.077808,0.100207,-0.129993,0.213801,-0.556225,0.871603,0.552009,0.423386,0.040029,0.279786,-0.020529,-0.172402,0.630126,-0.819162,0.199111,0.012838
-4.577165,-1.200517,0.754810,0.053254,-0.001654,-0.117857,-0.991600,-0.729507,0.266693,0.099608,1.276465,-0.105393,-0.056414,-0.296915,-0.107523,-0.185173,0.468331,-0.255476,0.138448,-0.118690,0.076751,0.097023,-0.079034,0.248235,-0.515173,0.885628,0.515175,0.417725,0.052862,0.269074,-0.047998,-0.152181,0.567579,-0.788796,0.142808,-0.029808
-4.558831,-1.173861,0.753061,0.053704,-0.003439,-0.102348,-0.993292,-0.757166,0.292427,0.035763,1.116296,-0.096375,-0.044487,-0.272551,-0.126354,-0.146251,0.469982,-0.283308,0.178484,-0.095633,0.076088,0.093917,-0.015722,0.287244,-0.465450,0.879922,0.477501,0.403738,0.066966,0.250635,-0.076258,-0.130742,0.506400,-0.738434,0.093441,-0.065070
-4.540690,-1.145980,0.749249,0.054056,-0.005329,-0.082356,-0.995122,-0.754436,0.303747,-0.048574,0.920214,-0.066012,-0.028912,-0.257122,-0.146205,-0.100858,0.479429,-0.311887,0.218090,-0.073727,0.076308,0.091309,0.057592,0.315022,-0.417725,0.865064,0.447099,0.394443,0.084411,0.231673,-0.109135,-0.113670,0.456666,-0.682050,0.045099,-0.087701
-4.522828,-1.116956,0.744439,0.051907,-0.006055,-0.056604,-0.997028,-0.711401,0.274112,-0.197822,0.717113,-0.024165,-0.045585,-0.248046,-0.167237,-0.044490,0.492215,-0.336120,0.245324,-0.051929,0.075452,0.089380,0.140780,0.326793,-0.365366,0.851701,0.417534,0.390006,0.107130,0.208757,-0.143124,-0.099902,0.407868,-0.626951,0.016519,-0.097317
-4.505656,-1.087252,0.739708,0.046188,-0.005536,-0.025570,-0.998590,-0.642375,0.228051,-0.380729,0.581221,0.028219,-0.048833,-0.242844,-0.186327,0.021935,0.499917,-0.353203,0.247511,-0.030386,0.073364,0.089601,0.226349,0.318873,-0.323169,0.847991,0.395434,0.384034,0.124695,0.181681,-0.177603,-0.095101,0.365967,-0.585730,0.006144,-0.097727
-4.489884,-1.055364,0.733237,0.042428,-0.002307,0.008556,-0.999060,-0.576353,0.207323,-0.458904,0.563544,-0.017560,-0.238005,-0.242312,-0.206309,0.089098,0.506937,-0.355380,0.247713,-0.016272,0.072966,0.093819,0.304365,0.287216,-0.289184,0.857212,0.378578,0.396305,0.135910,0.146070,-0.208180,-0.086396,0.337076,-0.552344,0.003285,-0.097765
-4.476610,-1.021919,0.728977,0.039196,0.001768,0.044226,-0.998251,-0.543706,0.207467,-0.377963,0.621477,-0.167097,-0.247214,-0.246178,-0.229398,0.157530,0.499582,-0.325647,0.247706,-0.008277,0.074831,0.102502,0.363168,0.239661,-0.282332,0.877604,0.376557,0.411872,0.125334,0.100750,-0.239650,-0.072884,0.327555,-0.542091,0.020025,-0.099894
-4.466725,-0.988832,0.728691,0.027455,0.003353,0.080170,-0.996397,-0.546734,0.198332,-0.277998,0.702711,-0.217581,-0.245951,-0.270519,-0.284196,0.203692,0.481532,-0.248825,0.247508,0.003792,0.067703,0.116597,0.380842,0.185327,-0.313769,0.911801,0.393424,0.423269,0.084088,0.050936,-0.264198,-0.066225,0.332308,-0.552419,0.050145,-0.116028
-4.459414,-0.955953,0.731896,0.017711,-0.000895,0.106458,-0.994159,-0.562683,0.183581,-0.181112,0.755582,-0.230362,-0.213995,-0.336951,-0.389830,0.118788,0.496821,-0.140187,0.242136,0.017339,0.050355,0.128338,0.353135,0.160789,-0.388338,0.956545,0.445989,0.435526,-0.005963,0.002390,-0.252706,-0.073311,0.367698,-0.557411,0.096118,-0.158119
-4.453752,-0.925151,0.735014,0.007480,-0.004171,0.135202,-0.990781,-0.559983,0.170485,-0.092564,0.770959,-0.241220,-0.174554,-0.383879,-0.510987,-0.138805,0.536408,-0.076420,0.126099,0.033319,0.027149,0.132554,0.317768,0.159573,-0.451862,0.979599,0.495486,0.425789,-0.118343,-0.034067,-0.215744,-0.071670,0.429548,-0.569650,0.138070,-0.205318
-4.449277,-0.896298,0.738631,-0.002947,-0.006410,0.159844,-0.987117,-0.549207,0.151421,-0.016286,0.762563,-0.244502,-0.134869,-0.404973,-0.560328,-0.300604,0.619611,-0.141941,0.058801,0.039498,0.005658,0.133686,0.282945,0.169941,-0.481454,0.974927,0.536042,0.421210,-0.200858,-0.067941,-0.177664,-0.050583,0.510031,-0.583847,0.185652,-0.226409
-4.445601,-0.868343,0.743176,-0.012525,-0.006232,0.178958,-0.983757,-0.529546,0.123949,0.050161,0.731327,-0.232394,-0.091528,-0.424447,-0.562208,-0.359272,0.750577,-0.206369,0.077030,0.039297,-0.012556,0.133682,0.248976,0.182919,-0.460793,0.942993,0.557350,0.426010,-0.206842,-0.096847,-0.159717,0.005970,0.602087,-0.617701,0.221108,-0.188988
-4.442483,-0.841030,0.747399,-0.021255,-0.004094,0.197718,-0.980020,-0.504471,0.094680,0.111562,0.688431,-0.215358,-0.050249,-0.439671,-0.540082,-0.380467,0.901619,-0.263355,0.120113,0.039840,-0.029262,0.132480,0.223080,0.194942,-0.404790,0.892444,0.569189,0.430949,-0.139146,-0.118198,-0.163628,0.098413,0.698661,-0.682148,0.231133,-0.085654
-4.439858,-0.813671,0.750341,-0.029356,-0.001477,0.219828,-0.975096,-0.479600,0.067666,0.175277,0.640596,-0.196950,-0.010447,-0.443618,-0.509436,-0.399133,1.042813,-0.309390,0.172769,0.044351,-0.045297,0.130298,0.207617,0.202195,-0.323863,0.829961,0.570516,0.425457,-0.033856,-0.129065,-0.179265,0.199813,0.776631,-0.759688,0.206773,0.039627
-4.437706,-0.786329,0.751737,-0.036903,0.001080,0.241313,-0.969745,-0.459533,0.039439,0.237760,0.590200,-0.175493,0.029793,-0.429066,-0.474429,-0.426063,1.157714,-0.345412,0.207711,0.051948,-0.060391,0.127559,0.194875,0.204116,-0.230282,0.762015,0.561210,0.410329,0.075383,-0.120835,-0.186858,0.251274,0.818601,-0.801616,0.181178,0.108182
-4.435984,-0.759290,0.751617,-0.043346,0.004223,0.259713,-0.964703,-0.445494,0.009187,0.295049,0.542360,-0.151548,0.071010,-0.404439,-0.418201,-0.439439,1.239761,-0.365969,0.245059,0.059791,-0.073185,0.124460,0.181425,0.199061,-0.134744,0.696381,0.543059,0.388046,0.164987,-0.091532,-0.187871,0.252499,0.830088,-0.807976,0.178797,0.096961
-4.434883,-0.732841,0.750376,-0.046173,0.008345,0.278404,-0.959317,-0.435963,-0.013268,0.348320,0.502639,-0.126950,0.111344,-0.385764,-0.299060,-0.438327,1.275967,-0.369384,0.247614,0.071842,-0.081939,0.121136,0.161386,0.190734,-0.033387,0.661343,0.510905,0.340671,0.223802,-0.034620,-0.188514,0.227474,0.812763,-0.793514,0.179554,0.038226
-4.434564,-0.707076,0.748092,-0.045939,0.012377,0.300592,-0.952565,-0.435807,-0.021998,0.401515,0.481758,-0.107765,0.149421,-0.361414,-0.146402,-0.418681,1.261446,-0.345136,0.247721,0.089265,-0.084462,0.116386,0.150137,0.186323,0.058251,0.620527,0.483493,0.297949,0.246604,0.010919,-0.193643,0.208363,0.805981,-0.768595,0.175671,-0.008601
-4.435134,-0.682077,0.745786,-0.041228,0.014208,0.321764,-0.945815,-0.443732,-0.018620,0.445523,0.471235,-0.089892,0.183382,-0.312694,-0.010513,-0.386152,1.182017,-0.275068,0.247347,0.106125,-0.080801,0.109513,0.127801,0.170877,0.130274,0.572772,0.461235,0.284400,0.262732,0.061367,-0.198016,0.200635,0.795409,-0.746432,0.171559,-0.036039
-4.436730,-0.657747,0.743953,-0.030204,0.013778,0.327320,-0.944330,-0.455874,-0.017673,0.460814,0.460624,-0.067129,0.212911,-0.233064,0.072131,-0.254869,1.027392,-0.295275,0.237776,0.101124,-0.072721,0.102036,0.101099,0.169967,0.180089,0.538811,0.452483,0.276632,0.270077,0.102763,-0.208425,0.194052,0.784417,-0.725379,0.172647,-0.028962
-4.440557,-0.632855,0.739102,-0.029101,0.013845,0.335797,-0.941383,-0.488905,-0.022383,0.484321,0.473911,-0.045597,0.236544,-0.170371,0.106983,-0.214364,0.894632,-0.443086,0.050688,0.096025,-0.066276,0.097538,0.068944,0.167812,0.207860,0.521900,0.450975,0.272894,0.274960,0.133699,-0.236484,0.186418,0.770788,-0.713203,0.180347,-0.011143
-4.446028,-0.607409,0.733573,-0.027589,0.012743,0.350638,-0.936018,-0.530543,-0.011651,0.511220,0.499713,-0.026018,0.239244,-0.141670,0.120814,-0.214211,0.799462,-0.577099,-0.143274,0.090936,-0.060507,0.096979,0.042773,0.174873,0.219001,0.515045,0.461497,0.273880,0.277864,0.148857,-0.265468,0.183711,0.758956,-0.707735,0.192313,0.009285
-4.452670,-0.581282,0.734078,-0.023972,0.010238,0.375961,-0.926269,-0.591297,0.020716,0.523155,0.542734,-0.011289,0.176282,-0.150957,0.126842,-0.210880,0.747803,-0.668913,-0.208283,0.083329,-0.053725,0.102030,0.034940,0.186194,0.229910,0.509143,0.469000,0.277050,0.274822,0.137875,-0.285379,0.184173,0.757675,-0.705636,0.204720,0.020720
-4.460388,-0.556127,0.734482,-0.019532,0.009663,0.406676,-0.913312,-0.659291,0.055238,0.461593,0.617749,0.003060,-0.047195,-0.197395,0.141381,-0.167398,0.769081,-0.686692,-0.230181,0.069338,-0.046490,0.114374,0.057079,0.198492,0.241168,0.496986,0.473572,0.275807,0.259804,0.098879,-0.293435,0.181602,0.778192,-0.703581,0.222414,0.011263
-4.467423,-0.531115,0.733645,-0.008643,0.011815,0.428390,-0.903475,-0.721686,0.027282,0.348109,0.684780,0.004029,-0.238032,-0.249063,0.154731,-0.137640,0.820598,-0.669181,-0.222628,0.043276,-0.034700,0.130104,0.087704,0.206961,0.227127,0.495998,0.484327,0.272919,0.247969,0.071211,-0.285948,0.159150,0.799113,-0.693177,0.247305,-0.019124
-4.474131,-0.507089,0.734246,0.004586,0.013832,0.425715,-0.904740,-0.757595,-0.001092,0.281532,0.774786,-0.004252,-0.247353,-0.278648,0.146522,-0.154501,0.838296,-0.644172,-0.200410,0.002643,-0.017863,0.143198,0.101647,0.217856,0.157789,0.526767,0.518258,0.280146,0.227896,0.077639,-0.264952,0.099443,0.801822,-0.662634,0.271263,-0.067239
-4.481436,-0.483818,0.737387,0.015896,0.014639,0.412193,-0.910840,-0.760103,0.037061,0.212148,0.868900,-0.033709,-0.247724,-0.293414,0.130765,-0.185310,0.818494,-0.603499,-0.177459,-0.035090,-0.004156,0.151752,0.088000,0.233760,0.045257,0.587100,0.564448,0.290448,0.173607,0.116597,-0.228085,0.013188,0.780915,-0.617429,0.279989,-0.125362
-4.489146,-0.460311,0.742407,0.022656,0.014148,0.400133,-0.916068,-0.740072,0.134674,0.188090,0.947312,-0.070612,-0.247620,-0.307765,0.112254,-0.207799,0.781034,-0.548728,-0.159704,-0.061254,0.007836,0.156891,0.060490,0.250328,-0.091346,0.656721,0.640483,0.275578,0.119631,0.173300,-0.186666,-0.065157,0.742094,-0.572274,0.269146,-0.170153
-4.496629,-0.436493,0.748369,0.021949,0.014150,0.399837,-0.916214,-0.687154,0.261596,0.194015,0.993200,-0.116895,-0.244619,-0.325169,0.094149,-0.202550,0.736957,-0.485876,-0.145474,-0.070772,0.017142,0.158550,0.038324,0.247880,-0.203206,0.710507,0.724540,0.241911,0.126251,0.231501,-0.155153,-0.114205,0.702030,-0.537882,0.244429,-0.190898
-4.503377,-0.412489,0.753779,0.020230,0.013994,0.406830,-0.913173,-0.611650,0.382343,0.244371,1.026831,-0.164000,-0.176381,-0.342571,0.081291,-0.183143,0.692505,-0.424427,-0.128327,-0.070717,0.026728,0.157280,0.035329,0.213240,-0.246751,0.737629,0.756962,0.210507,0.177874,0.284919,-0.134701,-0.134735,0.679087,-0.514482,0.217316,-0.190138
-4.509572,-0.388477,0.757913,0.018230,0.015086,0.414560,-0.909714,-0.525659,0.458191,0.291746,1.060851,-0.205741,-0.069120,-0.357940,0.067267,-0.161857,0.651857,-0.368128,-0.106691,-0.064771,0.036562,0.154031,0.049165,0.154744,-0.238102,0.745947,0.727505,0.192329,0.225529,0.335591,-0.125846,-0.129008,0.677043,-0.511924,0.206010,-0.173091
-4.515776,-0.364524,0.760352,0.016266,0.016798,0.420421,-0.907028,-0.446202,0.485270,0.296904,1.101162,-0.233299,-0.021817,-0.375052,0.051497,-0.144117,0.618324,-0.315843,-0.086560,-0.055552,0.045494,0.149859,0.065188,0.098364,-0.224738,0.741060,0.674582,0.177808,0.248094,0.379844,-0.123825,-0.106214,0.688079,-0.526690,0.208913,-0.144155
-4.522302,-0.340525,0.761037,0.014729,0.018671,0.423069,-0.905785,-0.373560,0.474763,0.269993,1.136793,-0.256862,-0.018109,-0.394813,0.033558,-0.132226,0.590944,-0.266038,-0.068667,-0.047239,0.053661,0.144462,0.070250,0.066310,-0.246476,0.735333,0.640638,0.165054,0.237960,0.415924,-0.126087,-0.069931,0.709861,-0.557618,0.222507,-0.099713
-4.529374,-0.316369,0.760043,0.013019,0.019878,0.422697,-0.905959,-0.296534,0.452998,0.249022,1.151083,-0.277842,-0.023455,-0.419279,0.013479,-0.125021,0.568833,-0.217732,-0.052469,-0.044455,0.061341,0.137271,0.060114,0.062117,-0.312550,0.732080,0.646291,0.158379,0.200299,0.440579,-0.131204,-0.027291,0.737403,-0.598034,0.235900,-0.043665
-4.537056,-0.291816,0.757286,0.011737,0.020558,0.420278,-0.907087,-0.217633,0.425917,0.235177,1.141063,-0.292476,-0.019206,-0.449974,-0.007591,-0.120296,0.555340,-0.171682,-0.037244,-0.046515,0.068343,0.129193,0.034520,0.078328,-0.412222,0.728964,0.683882,0.152240,0.132893,0.454285,-0.134626,0.009121,0.769480,-0.637587,0.250090,0.015096
-4.545370,-0.266668,0.752915,0.010017,0.020431,0.415787,-0.909177,-0.142756,0.387007,0.218332,1.101144,-0.298235,-0.021430,-0.488961,-0.031955,-0.117141,0.552679,-0.128981,-0.022478,-0.052420,0.074118,0.121784,-0.005593,0.099942,-0.520166,0.723368,0.730717,0.151642,0.046905,0.457505,-0.130963,0.026752,0.799384,-0.666512,0.267260,0.064810
-4.554327,-0.240772,0.747367,0.007227,0.020143,0.408026,-0.912719,-0.070986,0.343110,0.201416,1.022255,-0.275936,-0.054299,-0.532506,-0.062972,-0.115818,0.555027,-0.087527,-0.007071,-0.061404,0.077200,0.115575,-0.054360,0.117043,-0.620770,0.714423,0.769983,0.151763,-0.042074,0.453643,-0.121261,0.021555,0.821372,-0.682431,0.285481,0.094468
-4.563921,-0.213914,0.740466,0.005820,0.019543,0.396703,-0.917721,0.001579,0.304301,0.190133,0.885801,-0.316873,-0.181603,-0.573938,-0.097895,-0.117380,0.551785,-0.041978,0.009869,-0.073515,0.077041,0.111182,-0.101499,0.126209,-0.698207,0.702044,0.789792,0.158253,-0.114572,0.447409,-0.104736,-0.002705,0.833234,-0.687933,0.303771,0.107239
-4.574087,-0.187385,0.734604,0.001122,0.020958,0.384686,-0.922809,0.053483,0.263387,0.194352,0.737947,-0.497616,-0.240722,-0.600008,-0.140284,-0.120279,0.520889,0.008545,0.021632,-0.086618,0.071141,0.110412,-0.142800,0.120636,-0.743639,0.690774,0.789216,0.173296,-0.150331,0.435937,-0.088102,-0.046066,0.827817,-0.686216,0.317006,0.092216
-4.584947,-0.159956,0.728868,-0.007083,0.025152,0.373373,-0.927313,0.069155,0.220958,0.223773,0.639748,-0.621330,-0.221702,-0.615091,-0.192368,-0.127141,0.470078,0.042422,0.026456,-0.097708,0.058405,0.114217,-0.165884,0.106420,-0.749616,0.682362,0.767827,0.195679,-0.141289,0.420506,-0.069612,-0.108058,0.807460,-0.668658,0.321898,0.058933
-4.596888,-0.132658,0.730397,-0.024367,0.033057,0.367042,-0.929297,0.027528,0.151912,0.214839,0.635431,-0.626855,-0.186268,-0.625945,-0.245418,-0.119681,0.407467,-0.020187,0.009744,-0.100003,0.036973,0.122347,-0.164438,0.083259,-0.712719,0.680495,0.724913,0.217198,-0.070320,0.405927,-0.055246,-0.171557,0.770816,-0.648978,0.313013,0.007453
-4.611029,-0.106304,0.730275,-0.039996,0.041455,0.362210,-0.930315,-0.046924,0.105631,0.217007,0.700207,-0.594899,-0.160995,-0.620166,-0.292056,-0.142471,0.354614,-0.134795,0.007137,-0.096064,0.007101,0.130435,-0.139607,0.073007,-0.644433,0.697015,0.662372,0.235738,0.033588,0.399964,-0.036701,-0.206031,0.736724,-0.637531,0.288230,-0.039963
-4.625648,-0.081361,0.732047,-0.048421,0.047043,0.362486,-0.929541,-0.100772,0.078026,0.233327,0.728975,-0.552640,-0.136844,-0.600187,-0.339382,-0.248214,0.367784,-0.160980,0.044605,-0.086125,-0.017887,0.134548,-0.099643,0.082078,-0.563227,0.723135,0.584526,0.246890,0.121587,0.395060,-0.030280,-0.190218,0.718505,-0.654490,0.254803,-0.038720
-4.640360,-0.057888,0.735674,-0.054756,0.053051,0.363572,-0.928441,-0.125656,0.044260,0.242403,0.706011,-0.513911,-0.110016,-0.597257,-0.377599,-0.276723,0.500928,-0.183907,0.012106,-0.078666,-0.029528,0.137009,-0.056949,0.102035,-0.496583,0.750590,0.528051,0.274113,0.170189,0.389907,-0.052360,-0.157510,0.701404,-0.681063,0.213178,0.011220
-4.656529,-0.035078,0.739303,-0.060201,0.057967,0.363424,-0.927868,-0.150960,0.013788,0.247610,0.675897,-0.471963,-0.085563,-0.611216,-0.408057,-0.257081,0.705619,-0.220091,-0.005260,-0.073931,-0.036087,0.138179,-0.014161,0.127072,-0.444955,0.772274,0.498245,0.307791,0.189845,0.384784,-0.090955,-0.138313,0.675194,-0.701018,0.179835,0.073592
-4.674732,-0.013139,0.741903,-0.065382,0.058705,0.358866,-0.929244,-0.193744,-0.007257,0.248034,0.657638,-0.420017,-0.069039,-0.623339,-0.431665,-0.227314,0.924361,-0.258119,0.010611,-0.070338,-0.043351,0.135318,0.023290,0.159586,-0.405776,0.792967,0.490106,0.335296,0.190470,0.378126,-0.124884,-0.146089,0.642675,-0.700974,0.165850,0.117369
-4.694202,0.008040,0.743262,-0.069161,0.054910,0.350779,-0.932285,-0.246440,-0.021660,0.243046,0.640332,-0.365022,-0.055536,-0.618222,-0.437913,-0.195254,1.117318,-0.297003,0.027750,-0.067367,-0.050296,0.127897,0.060058,0.200125,-0.368596,0.809476,0.486698,0.359849,0.180594,0.364912,-0.147508,-0.161521,0.618353,-0.704779,0.168178,0.114700
-4.714281,0.028646,0.742972,-0.073185,0.050707,0.341336,-0.935715,-0.299539,-0.038257,0.235651,0.621438,-0.310891,-0.041614,-0.590315,-0.427155,-0.161109,1.270265,-0.340816,0.050327,-0.062686,-0.055452,0.118410,0.091815,0.242089,-0.333916,0.827555,0.478065,0.378336,0.162238,0.356479,-0.168921,-0.184152,0.596347,-0.704556,0.175798,0.073092
-4.734702,0.048643,0.741675,-0.076039,0.047111,0.332724,-0.938772,-0.347792,-0.053624,0.228654,0.598984,-0.256482,-0.028508,-0.538914,-0.393490,-0.127952,1.374277,-0.378812,0.084087,-0.054079,-0.058824,0.108439,0.114823,0.285195,-0.308212,0.854875,0.475104,0.390794,0.135111,0.353376,-0.198574,-0.199561,0.580706,-0.709281,0.186575,0.019527
-4.755474,0.067897,0.739810,-0.077704,0.043128,0.326268,-0.941090,-0.393564,-0.064446,0.223736,0.575097,-0.201220,-0.017434,-0.467381,-0.333974,-0.091102,1.419646,-0.400059,0.149826,-0.041051,-0.060054,0.098252,0.135155,0.328236,-0.281586,0.879106,0.474738,0.402803,0.113987,0.341282,-0.225484,-0.200310,0.582647,-0.711928,0.198911,-0.033824
-4.776590,0.086306,0.737909,-0.078114,0.038846,0.322721,-0.942465,-0.436717,-0.069744,0.220352,0.550830,-0.144438,-0.007733,-0.378571,-0.257260,-0.053156,1.397792,-0.391094,0.220093,-0.023743,-0.058411,0.087774,0.154275,0.364565,-0.246233,0.896738,0.473114,0.420191,0.103825,0.321736,-0.254775,-0.186324,0.598406,-0.715486,0.207094,-0.065357
-4.798157,0.103810,0.737203,-0.075371,0.033869,0.321526,-0.943288,-0.474043,-0.066917,0.214801,0.521261,-0.084001,-0.000405,-0.273480,-0.175958,-0.032125,1.299402,-0.316950,0.241797,-0.002866,-0.052949,0.077415,0.172785,0.394727,-0.205709,0.900790,0.471253,0.431654,0.104462,0.295975,-0.279315,-0.169508,0.621307,-0.712554,0.214983,-0.066937
-4.820437,0.120351,0.738325,-0.070829,0.029241,0.316866,-0.945370,-0.505262,-0.063309,0.204162,0.485959,-0.021494,0.000227,-0.160006,-0.086791,0.033770,1.123967,-0.310739,0.145501,0.011781,-0.045068,0.068524,0.190872,0.417310,-0.164735,0.894802,0.472140,0.439791,0.115007,0.265729,-0.297528,-0.153991,0.644261,-0.704437,0.221894,-0.047357
-4.843704,0.135765,0.736959,-0.066980,0.024436,0.314022,-0.946735,-0.536256,-0.054564,0.198308,0.445540,0.040363,-0.015951,-0.067970,-0.052943,0.035557,0.920381,-0.542847,0.004319,0.026782,-0.035292,0.062154,0.209605,0.428823,-0.124372,0.876460,0.470804,0.434742,0.130403,0.231334,-0.310817,-0.141228,0.660774,-0.698085,0.228300,-0.033300
-4.869079,0.151514,0.736012,-0.059888,0.017511,0.315857,-0.946753,-0.567793,-0.025051,0.204784,0.388590,0.083200,-0.092763,-0.028570,-0.052982,-0.050805,0.759576,-0.706119,-0.068021,0.042941,-0.021638,0.060164,0.233213,0.433044,-0.073324,0.844844,0.455046,0.424090,0.148589,0.184795,-0.312494,-0.132505,0.674657,-0.694721,0.231765,-0.027522
-4.895476,0.167346,0.741702,-0.046203,0.007356,0.318888,-0.946637,-0.593955,0.024568,0.217296,0.326375,0.088216,-0.240274,-0.056831,-0.019191,-0.095205,0.704527,-0.749655,-0.101130,0.050479,-0.001286,0.061950,0.260974,0.424108,-0.020434,0.809333,0.435788,0.415191,0.179516,0.133177,-0.290887,-0.122586,0.689492,-0.696623,0.232655,-0.048989
-4.921396,0.183737,0.744088,-0.029253,-0.000367,0.321991,-0.946291,-0.617602,0.050725,0.261422,0.298034,0.030190,-0.247426,-0.132038,0.026124,-0.095391,0.739261,-0.726202,-0.113330,0.043479,0.029403,0.067974,0.300338,0.385924,0.029640,0.778571,0.405230,0.405964,0.211054,0.091267,-0.260101,-0.117237,0.699827,-0.699909,0.229596,-0.079105
-4.946111,0.199808,0.746660,-0.021893,-0.001215,0.323998,-0.945804,-0.625306,0.095557,0.304661,0.341959,0.012378,-0.247713,-0.194650,0.037188,-0.104278,0.771104,-0.687786,-0.103323,0.033049,0.057306,0.075436,0.329061,0.307535,0.031320,0.763944,0.389578,0.398279,0.224659,0.056894,-0.237472,-0.114405,0.715038,-0.706392,0.233030,-0.099145
-4.969455,0.214444,0.751120,-0.014509,0.001048,0.317284,-0.948219,-0.607927,0.162175,0.309101,0.450370,-0.016897,-0.247549,-0.217774,0.043636,-0.125648,0.750785,-0.642700,-0.098171,0.026295,0.074148,0.080546,0.340320,0.252833,-0.037010,0.779807,0.422381,0.391117,0.183446,0.049923,-0.211840,-0.119096,0.719802,-0.698603,0.223426,-0.103446
-4.992741,0.228185,0.756542,-0.006457,0.006197,0.302532,-0.953097,-0.586553,0.226866,0.303485,0.607640,-0.053789,-0.244056,-0.224349,0.053267,-0.151793,0.709124,-0.593249,-0.110702,0.022647,0.083215,0.083400,0.325133,0.235468,-0.157513,0.822308,0.493283,0.371295,0.082756,0.074335,-0.181036,-0.124939,0.712500,-0.689136,0.201412,-0.105485
-5.015770,0.241929,0.762277,-0.004141,0.009222,0.291800,-0.956426,-0.565520,0.266174,0.285995,0.770043,-0.093210,-0.199762,-0.238270,0.055188,-0.167878,0.663017,-0.534465,-0.126156,0.019535,0.088233,0.083253,0.296786,0.228369,-0.265816,0.863864,0.559389,0.336786,-0.035152,0.110076,-0.150505,-0.122036,0.695146,-0.687916,0.166244,-0.100093
-5.038062,0.255724,0.767508,-0.006831,0.009889,0.284649,-0.958556,-0.531149,0.295897,0.278568,0.921435,-0.132828,-0.167219,-0.258488,0.046224,-0.178366,0.617086,-0.473372,-0.134646,0.015486,0.090228,0.078902,0.271108,0.209186,-0.302816,0.886987,0.579370,0.323650,-0.105829,0.149360,-0.123893,-0.111337,0.676433,-0.697567,0.133349,-0.074427
-5.059829,0.269113,0.771490,-0.012073,0.011314,0.276509,-0.960869,-0.473444,0.330698,0.301773,1.051728,-0.158844,-0.139691,-0.279202,0.027778,-0.190935,0.577578,-0.417015,-0.138381,0.010952,0.089931,0.071583,0.250802,0.182992,-0.286381,0.893610,0.572853,0.338361,-0.104719,0.195312,-0.102957,-0.102684,0.656077,-0.711859,0.099238,-0.036511
-5.081570,0.281578,0.773921,-0.016179,0.013954,0.265783,-0.963796,-0.395097,0.370221,0.336506,1.153872,-0.171854,-0.108874,-0.295494,0.009066,-0.209559,0.539401,-0.363807,-0.142487,0.006946,0.086794,0.062423,0.231762,0.164114,-0.259017,0.890231,0.567195,0.356489,-0.072744,0.247371,-0.076598,-0.107626,0.640551,-0.704184,0.076783,0.005113
-5.103551,0.293179,0.774589,-0.018954,0.015281,0.254128,-0.966864,-0.307722,0.406873,0.372258,1.224747,-0.173312,-0.101322,-0.315451,-0.006891,-0.231722,0.507458,-0.314405,-0.148333,0.002292,0.082898,0.051708,0.210554,0.160019,-0.234969,0.878426,0.568574,0.373075,-0.048428,0.295888,-0.051496,-0.125561,0.630422,-0.690459,0.073400,0.023616
-5.125868,0.304263,0.773393,-0.020060,0.014882,0.241775,-0.970011,-0.221697,0.425729,0.394918,1.259381,-0.171480,-0.109106,-0.342720,-0.020768,-0.256278,0.486479,-0.269885,-0.155565,-0.004608,0.079226,0.040236,0.183806,0.176505,-0.227305,0.861125,0.589869,0.375178,-0.047771,0.335799,-0.028444,-0.142928,0.621196,-0.675206,0.084478,0.012468
-5.148604,0.315063,0.770486,-0.021136,0.013720,0.229009,-0.973098,-0.140044,0.423730,0.405559,1.255263,-0.156348,-0.119006,-0.377151,-0.036866,-0.281317,0.477744,-0.230129,-0.163730,-0.015909,0.075427,0.029248,0.154054,0.194865,-0.228305,0.839123,0.619360,0.373664,-0.055632,0.367425,-0.013638,-0.159373,0.628735,-0.669559,0.103933,-0.027155
-5.171918,0.325951,0.765867,-0.021458,0.013757,0.212517,-0.976825,-0.063987,0.405608,0.400627,1.210389,-0.128308,-0.131565,-0.417093,-0.060491,-0.310280,0.487110,-0.198264,-0.171523,-0.030822,0.071170,0.021148,0.118374,0.214422,-0.237349,0.814143,0.655413,0.374882,-0.061244,0.392795,-0.003773,-0.177738,0.648444,-0.665416,0.126060,-0.075414
-5.196047,0.337148,0.759935,-0.021746,0.015189,0.191618,-0.981111,0.008008,0.380145,0.385955,1.119720,-0.095044,-0.148156,-0.458880,-0.094314,-0.343027,0.507129,-0.170189,-0.178304,-0.047898,0.065796,0.017013,0.074227,0.230791,-0.254035,0.787247,0.691500,0.372541,-0.059229,0.413140,0.003463,-0.201801,0.675908,-0.654325,0.155096,-0.107607
-5.221467,0.349021,0.753099,-0.021821,0.016564,0.167036,-0.985570,0.072500,0.352177,0.360848,0.986173,-0.080002,-0.141978,-0.499654,-0.136077,-0.378633,0.523303,-0.136859,-0.185255,-0.064842,0.059755,0.016549,0.014774,0.242784,-0.283741,0.764777,0.729374,0.368813,-0.054085,0.429733,0.010337,-0.232431,0.703401,-0.636108,0.187116,-0.125012
-5.248679,0.361854,0.745211,-0.019628,0.016495,0.136414,-0.990320,0.110976,0.290971,0.263332,0.815475,-0.107940,-0.176228,-0.534637,-0.183123,-0.421731,0.521171,-0.092908,-0.192228,-0.077171,0.054702,0.019741,-0.065813,0.248877,-0.327797,0.748154,0.769154,0.361557,-0.051389,0.445741,0.023524,-0.267030,0.723725,-0.610148,0.213711,-0.132112
-5.276815,0.375271,0.739850,-0.018788,0.014757,0.099382,-0.994763,0.126875,0.246632,0.175429,0.691006,-0.319251,-0.244053,-0.557220,-0.240506,-0.474015,0.489629,-0.040901,-0.191986,-0.089746,0.048544,0.025429,-0.161307,0.239968,-0.372971,0.738414,0.795465,0.345309,-0.053040,0.460809,0.037595,-0.296537,0.737469,-0.587365,0.240537,-0.129948
-5.305529,0.388459,0.734413,-0.025668,0.016708,0.061084,-0.997663,0.119923,0.216619,0.149799,0.606451,-0.477482,-0.246597,-0.558900,-0.307576,-0.521532,0.430312,-0.013634,-0.158985,-0.099950,0.036717,0.032934,-0.250806,0.203384,-0.399888,0.738169,0.796852,0.336245,-0.043205,0.479133,0.043156,-0.314076,0.744713,-0.577397,0.258528,-0.129117
-5.334086,0.400975,0.731120,-0.037401,0.019812,0.030631,-0.998634,0.099882,0.180437,0.153881,0.545000,-0.555269,-0.230177,-0.560628,-0.359910,-0.533222,0.363664,-0.061188,-0.108519,-0.103835,0.019462,0.041272,-0.313457,0.156071,-0.402262,0.734798,0.771401,0.321175,-0.017485,0.492106,0.038418,-0.307534,0.759136,-0.591390,0.263844,-0.127479
-5.361634,0.410963,0.732593,-0.052596,0.023422,0.011148,-0.998279,0.057286,0.126689,0.119631,0.539158,-0.559778,-0.217098,-0.547146,-0.390879,-0.522015,0.295976,-0.140166,-0.008218,-0.099216,-0.003589,0.048703,-0.339945,0.120909,-0.389762,0.723445,0.734940,0.302070,0.014722,0.499463,0.025308,-0.282774,0.792981,-0.623713,0.264594,-0.107512
-5.390173,0.419337,0.736458,-0.061440,0.027346,0.000002,-0.997736,0.001480,0.087741,0.094537,0.561795,-0.518699,-0.206463,-0.535618,-0.410614,-0.517897,0.307723,-0.136656,0.022733,-0.091914,-0.026288,0.056633,-0.323286,0.105292,-0.367801,0.700770,0.698660,0.278801,0.043685,0.489404,0.018041,-0.240939,0.835921,-0.667863,0.266760,-0.072197
-5.418444,0.425752,0.740736,-0.065366,0.030873,-0.010467,-0.997329,-0.057512,0.063747,0.081718,0.591706,-0.468272,-0.182771,-0.547683,-0.424934,-0.471243,0.459177,-0.148360,-0.012079,-0.087227,-0.040738,0.064549,-0.275626,0.109569,-0.349318,0.666505,0.679546,0.255274,0.073506,0.472906,0.010796,-0.195750,0.869588,-0.707000,0.247686,-0.011895
-5.446454,0.430332,0.744704,-0.068545,0.033603,-0.021449,-0.996851,-0.104598,0.041223,0.070867,0.596626,-0.420627,-0.162789,-0.569614,-0.437402,-0.406621,0.686559,-0.180535,-0.018892,-0.082526,-0.047605,0.070731,-0.204291,0.115743,-0.332035,0.621778,0.663754,0.225062,0.087043,0.456546,0.003123,-0.183628,0.876326,-0.711520,0.223998,0.048379
-5.474803,0.433217,0.747769,-0.070119,0.033030,-0.031459,-0.996495,-0.145560,0.021083,0.053912,0.577301,-0.380230,-0.152068,-0.582967,-0.448118,-0.358237,0.922933,-0.225551,-0.016873,-0.077706,-0.053064,0.073275,-0.124720,0.129126,-0.314255,0.573282,0.649920,0.196008,0.092413,0.441971,-0.012280,-0.200465,0.857871,-0.693964,0.199760,0.093885
-5.503953,0.434909,0.748976,-0.071792,0.029609,-0.045087,-0.995960,-0.193490,-0.001779,0.029992,0.554150,-0.338133,-0.145985,-0.588247,-0.442992,-0.299633,1.140347,-0.269093,-0.010979,-0.074868,-0.059108,0.072669,-0.050076,0.146576,-0.303380,0.534153,0.643069,0.182873,0.095934,0.426488,-0.034412,-0.228140,0.823781,-0.678361,0.189724,0.097430
-5.533689,0.435690,0.748143,-0.073739,0.025576,-0.060889,-0.995088,-0.249188,-0.026237,0.006466,0.539489,-0.288169,-0.142507,-0.574140,-0.415510,-0.238990,1.317070,-0.301584,0.037456,-0.071742,-0.066779,0.069266,0.016094,0.164016,-0.297291,0.513656,0.625763,0.172796,0.098251,0.409417,-0.062240,-0.252587,0.787615,-0.677056,0.198141,0.061174
-5.563423,0.435840,0.745330,-0.076178,0.020540,-0.076919,-0.993911,-0.310624,-0.053061,-0.014023,0.532937,-0.237274,-0.141066,-0.540294,-0.361612,-0.182266,1.442205,-0.320910,0.122452,-0.064325,-0.076170,0.063172,0.064497,0.187358,-0.296694,0.525193,0.607273,0.178928,0.100165,0.388535,-0.093175,-0.264763,0.759192,-0.687637,0.212252,0.003400
-5.592699,0.435263,0.741082,-0.078118,0.014153,-0.090374,-0.992739,-0.374785,-0.077389,-0.028655,0.530836,-0.187820,-0.142160,-0.483280,-0.278238,-0.134081,1.500698,-0.336693,0.222733,-0.050050,-0.084540,0.054624,0.089754,0.216992,-0.302028,0.574616,0.594120,0.204709,0.091697,0.365244,-0.128429,-0.258395,0.744910,-0.710609,0.224671,-0.053867
-5.621294,0.433632,0.736342,-0.078468,0.007986,-0.098156,-0.992041,-0.435945,-0.091140,-0.033929,0.529719,-0.138852,-0.149569,-0.403376,-0.174947,-0.108739,1.485599,-0.339880,0.246466,-0.028775,-0.089223,0.045504,0.098346,0.244629,-0.297368,0.658106,0.583339,0.255323,0.077297,0.340467,-0.165249,-0.241251,0.741618,-0.730173,0.233262,-0.077147
-5.649178,0.430944,0.732645,-0.074977,0.003057,-0.103694,-0.991775,-0.487124,-0.092854,-0.037102,0.517828,-0.088554,-0.163162,-0.303495,-0.092579,-0.096466,1.390631,-0.296479,0.242810,-0.006534,-0.088197,0.036663,0.097853,0.269441,-0.286179,0.757480,0.592911,0.338674,0.060850,0.311298,-0.201558,-0.220262,0.739310,-0.739646,0.238403,-0.072622
-5.676425,0.426967,0.731178,-0.070117,-0.000125,-0.113630,-0.991046,-0.524855,-0.094869,-0.047188,0.488000,-0.034311,-0.189065,-0.192209,-0.023503,-0.038436,1.205246,-0.266560,0.139266,0.004943,-0.084161,0.029078,0.099809,0.293367,-0.278992,0.845668,0.631428,0.440351,0.038420,0.274942,-0.230748,-0.191916,0.734962,-0.741847,0.231537,-0.049879
-5.704588,0.421217,0.732093,-0.066396,-0.003739,-0.118968,-0.990668,-0.560782,-0.086907,-0.043036,0.442581,0.014319,-0.238475,-0.083338,0.011379,-0.035458,0.977689,-0.502590,-0.041813,0.013148,-0.078873,0.022910,0.111385,0.312840,-0.255534,0.926849,0.693760,0.483542,0.031249,0.242224,-0.274510,-0.168970,0.705312,-0.739894,0.215168,-0.014158
-5.732998,0.415108,0.727977,-0.059872,-0.007697,-0.120179,-0.990915,-0.584621,-0.067002,-0.000634,0.380554,0.048171,-0.247351,-0.020686,0.014834,-0.107254,0.789173,-0.703864,-0.147212,0.018023,-0.069328,0.020445,0.143164,0.325124,-0.202774,0.953598,0.730989,0.485305,0.029163,0.200026,-0.309602,-0.160487,0.666021,-0.731804,0.200059,0.005764
-5.761767,0.406527,0.727101,-0.049732,-0.012262,-0.116249,-0.991898,-0.607022,-0.014434,0.066479,0.316951,0.028875,-0.247666,-0.033789,0.037247,-0.142775,0.701691,-0.779484,-0.180748,0.015736,-0.055362,0.021848,0.195320,0.312536,-0.117451,0.909419,0.713988,0.483589,0.032603,0.149392,-0.317316,-0.153512,0.627035,-0.726025,0.180624,-0.019204
-5.790752,0.397602,0.727865,-0.037008,-0.014834,-0.104355,-0.993741,-0.613341,0.094655,0.187972,0.281610,-0.045557,-0.246676,-0.112189,0.072388,-0.129514,0.738210,-0.756577,-0.194480,0.010029,-0.033688,0.028444,0.278467,0.282129,-0.013054,0.834475,0.642804,0.460408,0.039794,0.098845,-0.298420,-0.163009,0.596404,-0.709695,0.164720,-0.075385
-5.819021,0.388662,0.729994,-0.030625,-0.013631,-0.092473,-0.995151,-0.605520,0.198368,0.332387,0.328431,-0.072720,-0.222903,-0.186009,0.086107,-0.127475,0.785846,-0.703201,-0.189223,0.005945,-0.010798,0.037510,0.356093,0.229214,0.063145,0.788597,0.560971,0.412314,0.028327,0.066418,-0.280795,-0.172439,0.575486,-0.684319,0.151953,-0.129865
-5.844559,0.378963,0.734122,-0.025826,-0.008291,-0.091931,-0.995396,-0.599302,0.247514,0.340450,0.454201,-0.091010,-0.169417,-0.212505,0.096938,-0.141134,0.771025,-0.655047,-0.184853,0.007501,0.000736,0.044305,0.401626,0.210699,0.048974,0.786471,0.550770,0.376625,-0.024953,0.077613,-0.254781,-0.187917,0.549300,-0.646695,0.132370,-0.166364
-5.868777,0.368187,0.738992,-0.021035,-0.000827,-0.103966,-0.994358,-0.605296,0.269411,0.271558,0.643268,-0.113765,-0.130508,-0.216657,0.110644,-0.165121,0.723459,-0.609753,-0.193670,0.010501,0.002709,0.047934,0.404848,0.232585,-0.023257,0.807231,0.605074,0.362925,-0.096161,0.124498,-0.225215,-0.193614,0.518203,-0.620035,0.111718,-0.173841
-5.892858,0.357118,0.743982,-0.018836,0.002778,-0.114658,-0.993223,-0.603973,0.292786,0.216629,0.847546,-0.149231,-0.095478,-0.228827,0.120623,-0.183745,0.672610,-0.556640,-0.209104,0.011791,0.001486,0.046887,0.383551,0.260188,-0.095047,0.823616,0.672438,0.351296,-0.161740,0.176432,-0.198516,-0.184607,0.492411,-0.613451,0.085838,-0.151156
-5.916809,0.346245,0.748939,-0.021697,0.001510,-0.118124,-0.992761,-0.575554,0.324311,0.205785,1.029297,-0.185045,-0.072381,-0.249751,0.122219,-0.188964,0.620845,-0.495841,-0.224811,0.011248,-0.000379,0.041432,0.356378,0.263165,-0.121621,0.823935,0.713738,0.357807,-0.188900,0.217650,-0.180819,-0.167844,0.480652,-0.626838,0.069003,-0.112359
-5.940235,0.335447,0.752788,-0.026135,-0.000056,-0.121391,-0.992261,-0.515480,0.361973,0.229766,1.173612,-0.204896,-0.050292,-0.270985,0.118218,-0.194056,0.574463,-0.437115,-0.236716,0.010826,-0.003670,0.033717,0.327299,0.246174,-0.112901,0.810117,0.735379,0.378584,-0.167486,0.254755,-0.165505,-0.154302,0.485313,-0.641914,0.069809,-0.059807
-5.963238,0.324032,0.755105,-0.030581,-0.000989,-0.129033,-0.991168,-0.436774,0.381220,0.254172,1.274965,-0.205941,-0.054258,-0.290958,0.110187,-0.206733,0.532016,-0.384158,-0.244156,0.010690,-0.009207,0.025094,0.296131,0.219012,-0.082733,0.786516,0.737690,0.392610,-0.111653,0.290390,-0.150643,-0.147443,0.503289,-0.649200,0.094535,-0.002698
-5.986076,0.311888,0.755573,-0.031977,-0.002560,-0.140494,-0.989562,-0.357360,0.375010,0.261463,1.337139,-0.195199,-0.116014,-0.315617,0.102474,-0.229097,0.496297,-0.336413,-0.247054,0.007430,-0.015729,0.016561,0.260203,0.195805,-0.055577,0.759326,0.731950,0.392321,-0.055825,0.321738,-0.139999,-0.132176,0.528689,-0.664942,0.123099,0.037715
-6.009028,0.298981,0.754594,-0.033033,-0.005298,-0.154101,-0.987489,-0.277737,0.333188,0.255947,1.351538,-0.175434,-0.169522,-0.347213,0.090912,-0.256274,0.469012,-0.291952,-0.247612,-0.000950,-0.021841,0.008249,0.217169,0.176203,-0.037467,0.738127,0.723508,0.376716,-0.014277,0.349797,-0.136965,-0.099787,0.554824,-0.694714,0.152369,0.067793
-6.032289,0.285572,0.752649,-0.034752,-0.008979,-0.168778,-0.985000,-0.194483,0.278523,0.256203,1.312121,-0.120870,-0.219540,-0.385888,0.073330,-0.284644,0.451781,-0.248643,-0.247700,-0.015894,-0.028584,0.000678,0.169641,0.160952,-0.039787,0.720776,0.720139,0.355793,0.006977,0.374355,-0.139775,-0.067759,0.582920,-0.728822,0.171291,0.085760
-6.056131,0.271505,0.750362,-0.038166,-0.013701,-0.184023,-0.982085,-0.111876,0.222200,0.268420,1.219387,-0.015608,-0.244052,-0.430849,0.049033,-0.312522,0.442153,-0.207043,-0.247689,-0.034968,-0.036663,-0.005038,0.115612,0.146140,-0.066307,0.712075,0.730293,0.337559,0.018810,0.401900,-0.137986,-0.050005,0.603214,-0.752135,0.187109,0.091829
-6.080871,0.256118,0.749916,-0.042795,-0.020481,-0.199874,-0.978672,-0.033422,0.176212,0.291812,1.074265,0.097469,-0.244671,-0.484379,0.022174,-0.340459,0.431685,-0.170309,-0.247682,-0.055140,-0.045642,-0.008219,0.055079,0.142162,-0.104678,0.701712,0.749927,0.321124,0.013090,0.419351,-0.125423,-0.058986,0.623243,-0.753407,0.205532,0.087707
-6.106587,0.239730,0.744832,-0.042864,-0.028324,-0.218466,-0.974491,0.035196,0.126651,0.281345,0.879646,0.005611,-0.193617,-0.536377,0.000762,-0.377018,0.409946,-0.131447,-0.247495,-0.072549,-0.052341,-0.007448,-0.019039,0.140617,-0.155523,0.696942,0.774854,0.308080,-0.001111,0.441600,-0.097622,-0.087933,0.628194,-0.736865,0.220687,0.076536
-6.131962,0.222680,0.739569,-0.044315,-0.036743,-0.238598,-0.969411,0.092673,0.105902,0.300159,0.717114,-0.258519,-0.208636,-0.580047,-0.020581,-0.417462,0.370015,-0.105379,-0.242516,-0.088653,-0.057792,-0.002205,-0.103186,0.136020,-0.213966,0.696856,0.798574,0.292798,-0.016933,0.468475,-0.065682,-0.124513,0.613168,-0.714489,0.218751,0.050905
-6.157132,0.205425,0.733506,-0.051704,-0.043602,-0.260705,-0.963046,0.107650,0.076073,0.302677,0.598512,-0.439492,-0.206928,-0.608639,-0.056111,-0.441538,0.319887,-0.107835,-0.141098,-0.100590,-0.065001,0.007486,-0.189215,0.117897,-0.269641,0.708894,0.813305,0.281776,-0.016609,0.500575,-0.039166,-0.160247,0.586600,-0.693775,0.201066,0.012539
-6.181263,0.186975,0.729962,-0.059371,-0.050215,-0.286402,-0.954949,0.083082,0.052421,0.297605,0.532388,-0.547502,-0.187811,-0.635394,-0.092314,-0.429456,0.275963,-0.141159,0.090079,-0.109744,-0.074055,0.017104,-0.271334,0.091793,-0.314715,0.736139,0.812284,0.272256,-0.008906,0.533163,-0.012767,-0.186450,0.569131,-0.676013,0.176824,-0.024524
-6.202487,0.167378,0.727382,-0.066399,-0.051544,-0.310589,-0.946820,0.046618,0.034842,0.261601,0.502086,-0.582617,-0.178784,-0.659069,-0.097558,-0.352965,0.275499,-0.188872,0.240250,-0.114916,-0.082994,0.025643,-0.329200,0.065084,-0.346027,0.772537,0.801038,0.269504,0.002391,0.562566,0.005864,-0.194619,0.570833,-0.669476,0.162235,-0.033424
-6.221083,0.146653,0.731797,-0.069080,-0.049228,-0.325322,-0.941791,0.009975,0.028365,0.220780,0.485817,-0.550207,-0.175355,-0.689898,-0.106907,-0.246027,0.389643,-0.184040,0.246633,-0.116431,-0.089924,0.034700,-0.346913,0.048692,-0.357759,0.799815,0.784038,0.279936,0.012028,0.569956,0.006391,-0.177247,0.591659,-0.687301,0.164923,-0.012030
-6.237601,0.123973,0.736617,-0.070519,-0.045293,-0.333308,-0.939085,-0.033489,0.036536,0.197341,0.495643,-0.507597,-0.178467,-0.721907,-0.109872,-0.178899,0.589441,-0.207607,0.243076,-0.115911,-0.095211,0.041641,-0.327097,0.046936,-0.359244,0.804797,0.764861,0.284471,0.025982,0.558534,-0.005606,-0.145923,0.629426,-0.717361,0.175802,0.023365
-6.252431,0.099894,0.740756,-0.068463,-0.042691,-0.343312,-0.935750,-0.085086,0.052338,0.172087,0.508927,-0.467162,-0.182599,-0.746185,-0.101968,-0.113591,0.811875,-0.236253,0.236679,-0.114612,-0.093842,0.046587,-0.283305,0.057020,-0.365921,0.789694,0.751869,0.277228,0.037148,0.541745,-0.017993,-0.119593,0.659053,-0.742537,0.192103,0.084793
-6.265842,0.074518,0.743809,-0.062277,-0.041922,-0.359023,-0.930305,-0.141991,0.071230,0.134546,0.510741,-0.430422,-0.191087,-0.755524,-0.084987,-0.048232,1.022346,-0.270754,0.234599,-0.113549,-0.087705,0.050339,-0.234192,0.076423,-0.382444,0.764122,0.741716,0.255106,0.036476,0.528350,-0.022925,-0.112740,0.663427,-0.756043,0.207303,0.147003
-6.277961,0.048002,0.744750,-0.055259,-0.043216,-0.381049,-0.921890,-0.208620,0.084120,0.081488,0.511705,-0.395052,-0.210452,-0.749461,-0.068473,0.007011,1.210680,-0.296788,0.243323,-0.111428,-0.080034,0.051860,-0.191356,0.099225,-0.404502,0.740887,0.725148,0.230741,0.022123,0.522461,-0.018889,-0.128366,0.642743,-0.755385,0.212654,0.183493
-6.289011,0.021044,0.743439,-0.050309,-0.045594,-0.405437,-0.911598,-0.277278,0.085927,0.027002,0.510974,-0.358100,-0.235949,-0.717996,-0.042211,0.048292,1.360446,-0.325274,0.247508,-0.105482,-0.074533,0.050274,-0.158321,0.122417,-0.429062,0.729680,0.701380,0.216684,0.005058,0.524184,-0.008530,-0.163448,0.610179,-0.735426,0.210816,0.176546
-6.298881,-0.005676,0.740314,-0.046868,-0.050084,-0.430321,-0.900066,-0.349947,0.073961,-0.024658,0.514632,-0.321220,-0.246998,-0.661388,0.000893,0.081102,1.461486,-0.337773,0.247710,-0.093624,-0.071865,0.046184,-0.139207,0.144944,-0.451388,0.737886,0.671889,0.219126,-0.010096,0.525213,0.004842,-0.203814,0.588825,-0.705309,0.205322,0.120013
-6.307519,-0.031809,0.736624,-0.041737,-0.054006,-0.454882,-0.887932,-0.422870,0.056600,-0.075042,0.522149,-0.280781,-0.247659,-0.571397,0.054281,0.103570,1.488421,-0.324946,0.247709,-0.077595,-0.068119,0.039980,-0.130965,0.169078,-0.468955,0.772021,0.649990,0.242783,-0.017446,0.518648,0.019252,-0.235696,0.594124,-0.672731,0.207944,0.041477
-6.314721,-0.057261,0.733595,-0.032844,-0.054914,-0.482042,-0.873809,-0.488359,0.039280,-0.128965,0.520675,-0.235610,-0.247694,-0.454180,0.106357,0.122085,1.426222,-0.276427,0.247270,-0.063294,-0.059610,0.033810,-0.128704,0.194271,-0.473689,0.818741,0.635511,0.290021,-0.021792,0.502996,0.027949,-0.242910,0.620786,-0.661584,0.222156,-0.026502
-6.320171,-0.082130,0.731886,-0.023331,-0.053849,-0.516880,-0.854044,-0.539437,0.014991,-0.188458,0.495492,-0.184242,-0.247686,-0.316467,0.150615,0.209344,1.268683,-0.267175,0.236338,-0.061278,-0.047716,0.028270,-0.131839,0.221224,-0.475846,0.863850,0.645380,0.357876,-0.014183,0.480348,0.023617,-0.221483,0.651642,-0.675082,0.240149,-0.048554
-6.323872,-0.108622,0.732104,-0.019790,-0.054125,-0.548506,-0.834158,-0.580376,-0.005126,-0.228714,0.450552,-0.135290,-0.247665,-0.192944,0.167840,0.259223,1.065722,-0.470206,0.017901,-0.060251,-0.040504,0.024743,-0.132512,0.245703,-0.472214,0.892407,0.667091,0.425128,0.010410,0.452751,0.000882,-0.180217,0.675840,-0.703160,0.251215,-0.027772
-6.325542,-0.136325,0.725029,-0.019244,-0.056013,-0.569766,-0.819670,-0.616790,0.004190,-0.230181,0.401978,-0.115878,-0.246470,-0.138135,0.130595,0.157348,0.913120,-0.666786,-0.163493,-0.049491,-0.037626,0.025933,-0.126977,0.268859,-0.454595,0.904044,0.686191,0.472482,0.036063,0.415165,-0.032896,-0.133109,0.691017,-0.728390,0.241467,0.000002
-6.325879,-0.164695,0.720923,-0.014059,-0.056110,-0.586399,-0.807954,-0.652369,0.062042,-0.172771,0.349559,-0.136845,-0.218342,-0.129082,0.118689,0.053747,0.801274,-0.772114,-0.228071,-0.041545,-0.032730,0.030716,-0.105538,0.294035,-0.403777,0.890530,0.679707,0.480731,0.073396,0.363994,-0.065731,-0.087625,0.708655,-0.744101,0.228469,0.014304
-6.325100,-0.192792,0.721258,-0.006338,-0.053400,-0.603936,-0.795216,-0.669755,0.147992,0.015334,0.308028,-0.185255,-0.083019,-0.171075,0.140194,0.009201,0.785292,-0.771810,-0.245697,-0.043007,-0.019838,0.038580,-0.068003,0.308191,-0.334810,0.863325,0.647313,0.477020,0.110745,0.309014,-0.094329,-0.053882,0.727711,-0.751239,0.230218,0.008055
-6.323698,-0.220409,0.722693,-0.000831,-0.049980,-0.621385,-0.781909,-0.661401,0.250524,0.298300,0.316135,-0.241371,0.003999,-0.231785,0.148807,-0.039202,0.807830,-0.737647,-0.247294,-0.047281,-0.001805,0.046056,-0.024712,0.305048,-0.272972,0.842644,0.597056,0.465988,0.125820,0.267161,-0.117339,-0.044097,0.735633,-0.746221,0.240142,-0.019325
-6.320334,-0.245775,0.727080,0.000976,-0.046493,-0.643121,-0.764352,-0.641904,0.309288,0.438499,0.397151,-0.245575,0.027087,-0.259772,0.139256,-0.099796,0.784690,-0.694950,-0.247438,-0.043930,0.007093,0.049892,0.001100,0.293073,-0.261039,0.847570,0.564144,0.444160,0.108545,0.258048,-0.131012,-0.051343,0.719679,-0.732371,0.245052,-0.049463
-6.314939,-0.269286,0.733370,-0.002355,-0.041454,-0.669074,-0.742035,-0.648240,0.308146,0.359570,0.549586,-0.250124,0.032677,-0.257050,0.125995,-0.156816,0.727784,-0.652457,-0.247661,-0.032365,0.003156,0.051775,0.003467,0.308581,-0.294208,0.868675,0.563720,0.420433,0.040693,0.267273,-0.128729,-0.074515,0.697818,-0.704339,0.239309,-0.078028
-6.308573,-0.291693,0.740090,-0.006782,-0.038473,-0.696763,-0.716237,-0.659778,0.287267,0.247674,0.733643,-0.264363,0.023073,-0.253115,0.104855,-0.218502,0.668610,-0.605232,-0.247706,-0.022138,-0.004594,0.050985,-0.010625,0.324453,-0.346583,0.897665,0.584147,0.407311,-0.040481,0.290760,-0.115243,-0.110468,0.666746,-0.661550,0.221818,-0.112085
-6.301789,-0.313289,0.746696,-0.010821,-0.039081,-0.721626,-0.691095,-0.648682,0.284506,0.189336,0.903016,-0.279372,-0.002717,-0.253815,0.076748,-0.280094,0.610806,-0.556139,-0.247714,-0.016979,-0.012189,0.047386,-0.022346,0.334861,-0.385078,0.916133,0.603277,0.399699,-0.104844,0.313361,-0.103271,-0.139025,0.641939,-0.620352,0.201039,-0.134957
-6.294368,-0.334101,0.752653,-0.015507,-0.042547,-0.744309,-0.666299,-0.610573,0.318882,0.199755,1.047855,-0.289852,0.010475,-0.255751,0.043963,-0.338723,0.554574,-0.509787,-0.247720,-0.015205,-0.020503,0.041249,-0.022954,0.335293,-0.392977,0.918717,0.608198,0.398517,-0.131245,0.332011,-0.096536,-0.157793,0.626868,-0.580319,0.182415,-0.147040
-6.285984,-0.354036,0.757111,-0.019980,-0.045893,-0.766362,-0.640456,-0.551442,0.380321,0.246086,1.168416,-0.304309,0.058914,-0.257327,0.010839,-0.400186,0.505039,-0.471238,-0.247723,-0.013881,-0.030439,0.033706,-0.017766,0.330536,-0.373766,0.912032,0.599367,0.399439,-0.116151,0.350534,-0.099670,-0.151039,0.620737,-0.554474,0.175543,-0.137613
-6.276575,-0.373109,0.759859,-0.022499,-0.049469,-0.787811,-0.613514,-0.480875,0.446153,0.299563,1.261868,-0.309927,0.095687,-0.263324,-0.020853,-0.464624,0.464910,-0.440349,-0.247727,-0.011897,-0.041033,0.025463,-0.013235,0.324592,-0.342766,0.901795,0.583216,0.396961,-0.082466,0.367149,-0.113747,-0.119160,0.616663,-0.550834,0.171357,-0.112062
-6.266340,-0.391602,0.760999,-0.023030,-0.052315,-0.808454,-0.585776,-0.409232,0.494117,0.339022,1.326018,-0.275597,0.104152,-0.274421,-0.050651,-0.530041,0.435477,-0.415771,-0.247728,-0.009805,-0.050738,0.017376,-0.013276,0.319264,-0.310677,0.893893,0.568462,0.392575,-0.043621,0.383311,-0.131974,-0.078159,0.613913,-0.561390,0.166221,-0.080685
-6.255464,-0.409757,0.760897,-0.022184,-0.054962,-0.828262,-0.557197,-0.335656,0.526835,0.377878,1.358266,-0.202313,0.090068,-0.290911,-0.081076,-0.594146,0.415860,-0.395266,-0.247731,-0.010854,-0.057941,0.010180,-0.019140,0.310152,-0.280821,0.889216,0.554886,0.389743,-0.006663,0.398445,-0.147934,-0.042365,0.611573,-0.571054,0.163872,-0.047202
-6.244028,-0.427837,0.759879,-0.019764,-0.056637,-0.847414,-0.527533,-0.263141,0.550215,0.424163,1.356706,-0.118723,0.070138,-0.311418,-0.111864,-0.657526,0.403083,-0.374662,-0.247731,-0.016163,-0.062818,0.004619,-0.029504,0.294927,-0.266662,0.889153,0.551716,0.392819,0.027909,0.417063,-0.155460,-0.021553,0.602172,-0.571717,0.169764,-0.018216
-6.231830,-0.446056,0.758353,-0.017016,-0.057218,-0.865717,-0.496962,-0.194186,0.553224,0.471703,1.321060,-0.046109,0.027442,-0.331490,-0.141889,-0.720919,0.389444,-0.350708,-0.247738,-0.024476,-0.066412,0.001270,-0.042025,0.284206,-0.266507,0.888423,0.559823,0.391350,0.060018,0.432472,-0.154789,-0.013426,0.592055,-0.563794,0.180313,-0.000240
-6.219081,-0.464552,0.757066,-0.013697,-0.056986,-0.882605,-0.466449,-0.134865,0.531963,0.509682,1.250125,0.029174,-0.004990,-0.349025,-0.169779,-0.783702,0.368298,-0.319002,-0.247738,-0.034914,-0.068865,0.001561,-0.058609,0.275371,-0.278395,0.891588,0.571687,0.387077,0.072131,0.447569,-0.148413,-0.011906,0.576859,-0.559145,0.188121,0.003721
-6.205465,-0.483842,0.757197,-0.010322,-0.055017,-0.897633,-0.437175,-0.087418,0.478256,0.517054,1.132340,0.097067,-0.073258,-0.367749,-0.191007,-0.844207,0.334488,-0.282499,-0.247722,-0.046137,-0.070121,0.005196,-0.078652,0.269068,-0.297110,0.896536,0.581570,0.379035,0.064289,0.462460,-0.136781,-0.013658,0.559244,-0.558571,0.191169,-0.007461
-6.191366,-0.503967,0.750213,-0.006419,-0.052327,-0.911991,-0.406808,-0.040998,0.403148,0.504344,0.968197,-0.013373,-0.183448,-0.389088,-0.209512,-0.899790,0.298027,-0.245356,-0.247705,-0.058050,-0.069234,0.011081,-0.104428,0.265636,-0.330950,0.905710,0.597527,0.366173,0.039269,0.477901,-0.124387,-0.015394,0.539871,-0.566006,0.186364,-0.024645
-6.177583,-0.524345,0.744713,-0.005386,-0.051577,-0.925215,-0.375882,-0.001030,0.337475,0.491569,0.830530,-0.263811,-0.244662,-0.412722,-0.231100,-0.943053,0.261174,-0.220508,-0.247350,-0.069844,-0.069316,0.020834,-0.132875,0.258574,-0.370593,0.918224,0.614056,0.351401,0.009374,0.496026,-0.117951,-0.019254,0.516125,-0.586581,0.175452,-0.036409
-6.162755,-0.544157,0.738019,-0.010963,-0.056005,-0.935094,-0.349774,0.022047,0.276230,0.482615,0.716586,-0.412765,-0.247533,-0.447499,-0.249461,-0.934052,0.228326,-0.214692,-0.238980,-0.077633,-0.074466,0.035621,-0.154663,0.244236,-0.406087,0.930619,0.628207,0.337724,-0.012901,0.514454,-0.119356,-0.029123,0.490491,-0.624354,0.161569,-0.040667
-6.147940,-0.562139,0.731321,-0.017221,-0.060546,-0.942623,-0.327870,0.016775,0.241708,0.472149,0.658178,-0.490667,-0.247422,-0.484865,-0.266370,-0.845577,0.218179,-0.220476,-0.074305,-0.081492,-0.082784,0.050954,-0.170085,0.236646,-0.432578,0.942796,0.640599,0.336321,-0.012091,0.531942,-0.111478,-0.049256,0.474027,-0.662764,0.142588,-0.050566
-6.132410,-0.576895,0.730504,-0.025896,-0.062578,-0.949693,-0.305771,-0.016839,0.222916,0.430690,0.663684,-0.503292,-0.246390,-0.523837,-0.266944,-0.661971,0.239665,-0.239512,0.129270,-0.083633,-0.090861,0.066062,-0.170393,0.234592,-0.454307,0.949562,0.648797,0.334317,0.000782,0.546883,-0.091284,-0.076145,0.478700,-0.672532,0.132298,-0.056673
-6.115304,-0.590131,0.732805,-0.032820,-0.058999,-0.956187,-0.284865,-0.064890,0.218023,0.384863,0.687290,-0.470212,-0.236062,-0.572847,-0.250365,-0.452584,0.342438,-0.225517,0.155504,-0.082956,-0.097021,0.080847,-0.151538,0.241582,-0.466293,0.948844,0.654193,0.344548,0.023248,0.552505,-0.075250,-0.086022,0.501061,-0.670573,0.127107,-0.045892
-6.097197,-0.601075,0.735407,-0.040031,-0.058302,-0.960962,-0.267490,-0.108330,0.210120,0.354057,0.704987,-0.427241,-0.220960,-0.613076,-0.256486,-0.351219,0.527771,-0.241396,0.157400,-0.075133,-0.103382,0.091375,-0.113730,0.251666,-0.464574,0.936094,0.647226,0.343917,0.043834,0.555429,-0.083354,-0.076426,0.531384,-0.686066,0.126746,-0.008708
-6.078100,-0.610117,0.738395,-0.045853,-0.059151,-0.965469,-0.249535,-0.143281,0.195848,0.328795,0.697308,-0.381291,-0.203773,-0.633980,-0.296471,-0.330395,0.746124,-0.269448,0.141693,-0.065355,-0.108753,0.097111,-0.066421,0.264230,-0.452771,0.919003,0.631318,0.336009,0.051817,0.557228,-0.105671,-0.062271,0.555950,-0.713216,0.129522,0.040561
-6.057862,-0.617556,0.741136,-0.048107,-0.059327,-0.971336,-0.225105,-0.180928,0.174533,0.288301,0.671196,-0.339797,-0.190244,-0.640251,-0.345327,-0.317126,0.967200,-0.309599,0.088979,-0.058917,-0.112585,0.098741,-0.021111,0.279544,-0.433605,0.899562,0.609521,0.324840,0.055262,0.558196,-0.126821,-0.056832,0.569146,-0.733606,0.132125,0.094719
-6.036564,-0.623661,0.742693,-0.049129,-0.058260,-0.977889,-0.194743,-0.220167,0.148851,0.236163,0.638677,-0.303664,-0.180495,-0.634582,-0.367428,-0.274435,1.170241,-0.346436,0.064353,-0.057901,-0.115133,0.097291,0.015763,0.300751,-0.422691,0.885515,0.592245,0.316221,0.038907,0.558896,-0.140919,-0.066944,0.576693,-0.737409,0.144529,0.128549
-6.014322,-0.628532,0.742547,-0.048734,-0.057547,-0.984279,-0.159710,-0.265691,0.117590,0.176262,0.609294,-0.264901,-0.175008,-0.616803,-0.347871,-0.209405,1.339031,-0.374119,0.090793,-0.058133,-0.117967,0.092391,0.039311,0.325291,-0.416452,0.876188,0.581463,0.314741,0.020015,0.557454,-0.153210,-0.078482,0.582223,-0.737003,0.158573,0.131424
-5.991385,-0.632263,0.740530,-0.046176,-0.058823,-0.989564,-0.123172,-0.319100,0.080077,0.116725,0.586711,-0.218569,-0.174343,-0.580661,-0.294953,-0.147798,1.459803,-0.384402,0.175701,-0.054451,-0.122414,0.084357,0.047008,0.349297,-0.408491,0.872687,0.574819,0.324406,0.010768,0.555009,-0.164995,-0.087138,0.589066,-0.733485,0.166509,0.114970
-5.968012,-0.634853,0.736873,-0.042063,-0.060656,-0.993378,-0.088049,-0.375842,0.041298,0.062785,0.568912,-0.168643,-0.179154,-0.525168,-0.204508,-0.104602,1.522728,-0.377707,0.244315,-0.043136,-0.127548,0.074041,0.043206,0.368028,-0.384921,0.875234,0.563420,0.347022,0.013402,0.551005,-0.176363,-0.091030,0.600653,-0.733957,0.178065,0.089666
-5.944448,-0.636349,0.732308,-0.036250,-0.059793,-0.995957,-0.056401,-0.434307,0.008886,0.014045,0.554841,-0.118651,-0.190765,-0.454604,-0.097876,-0.109327,1.521862,-0.338824,0.247566,-0.022083,-0.130496,0.062993,0.029314,0.384555,-0.345086,0.878216,0.549212,0.370563,0.027675,0.543217,-0.181004,-0.092831,0.615072,-0.735281,0.189024,0.063176
-5.920936,-0.636828,0.727743,-0.030886,-0.053361,-0.997862,-0.021683,-0.490858,-0.020430,-0.040733,0.542039,-0.067636,-0.210303,-0.368176,0.004134,-0.096040,1.444786,-0.285815,0.247017,-0.004229,-0.127501,0.053702,0.011035,0.396876,-0.284920,0.877454,0.531166,0.403620,0.065140,0.530619,-0.179572,-0.092561,0.630750,-0.736117,0.196615,0.045055
-5.897553,-0.636372,0.724087,-0.028059,-0.042190,-0.998513,0.020103,-0.534601,-0.051664,-0.100429,0.518344,-0.018163,-0.239307,-0.270343,0.093109,-0.024205,1.283083,-0.269963,0.230314,-0.001334,-0.119891,0.047495,-0.002433,0.404572,-0.220794,0.864821,0.517297,0.424908,0.114684,0.512016,-0.175862,-0.090232,0.640076,-0.733776,0.200400,0.045834
-5.873197,-0.635684,0.720072,-0.026992,-0.035062,-0.997327,0.058143,-0.565202,-0.084060,-0.127298,0.478755,0.031655,-0.247261,-0.178549,0.144100,-0.017770,1.101618,-0.451313,0.015139,-0.002765,-0.110905,0.044194,-0.007122,0.400989,-0.157325,0.843829,0.502301,0.433760,0.162005,0.489800,-0.185205,-0.084831,0.637399,-0.736363,0.196729,0.049153
-5.847171,-0.634142,0.716578,-0.025304,-0.029402,-0.995440,0.087146,-0.592894,-0.097486,-0.110971,0.417412,0.057143,-0.247653,-0.124549,0.121978,-0.130800,0.953758,-0.638105,-0.180585,-0.001345,-0.100152,0.043184,-0.005731,0.389239,-0.109160,0.820538,0.492959,0.434047,0.200203,0.457629,-0.203496,-0.078861,0.627944,-0.739442,0.188878,0.040648
-5.819726,-0.631820,0.712376,-0.022384,-0.023276,-0.993680,0.107508,-0.614113,-0.060248,-0.038167,0.355289,0.024138,-0.246482,-0.112631,0.106214,-0.228490,0.848445,-0.757646,-0.229670,-0.002437,-0.086371,0.043358,0.008241,0.371140,-0.079406,0.798262,0.489692,0.425500,0.224414,0.408237,-0.222489,-0.074874,0.619793,-0.741626,0.186423,0.016790
-5.791921,-0.629114,0.711699,-0.023268,-0.012726,-0.992683,0.117804,-0.619069,0.039191,0.124002,0.321138,-0.063827,-0.218458,-0.156502,0.118650,-0.251748,0.841964,-0.762345,-0.239449,-0.006628,-0.066292,0.048784,0.042416,0.354643,-0.068227,0.782510,0.489248,0.413775,0.224087,0.345217,-0.232856,-0.072133,0.622316,-0.742763,0.194167,-0.007223
-5.763850,-0.626226,0.712397,-0.026966,-0.003229,-0.992088,0.122568,-0.618940,0.150062,0.335225,0.361601,-0.131412,-0.137750,-0.211746,0.117979,-0.275660,0.867019,-0.723381,-0.235856,-0.010713,-0.042405,0.059403,0.087805,0.341447,-0.080214,0.779432,0.495351,0.396720,0.185253,0.276888,-0.234247,-0.081270,0.629547,-0.734287,0.201154,-0.037830
-5.737407,-0.622507,0.716554,-0.032846,0.003043,-0.990071,0.136641,-0.623118,0.224022,0.411326,0.480673,-0.141542,-0.031398,-0.232721,0.110760,-0.306967,0.842612,-0.675211,-0.232590,-0.008808,-0.026604,0.069538,0.104324,0.322425,-0.135263,0.808112,0.521039,0.387027,0.114382,0.246955,-0.220479,-0.107458,0.612296,-0.713024,0.202906,-0.080200
-5.711809,-0.618131,0.722599,-0.040254,0.008438,-0.986417,0.159028,-0.648185,0.256514,0.348897,0.659791,-0.159956,0.010110,-0.234825,0.102757,-0.344976,0.791024,-0.621455,-0.231180,-0.001785,-0.021922,0.078285,0.091385,0.314478,-0.221804,0.860558,0.568230,0.384587,0.016053,0.252653,-0.192511,-0.129674,0.571335,-0.683036,0.183602,-0.123597
-5.686010,-0.613905,0.729541,-0.045837,0.009674,-0.982600,0.179729,-0.677441,0.259160,0.231598,0.862499,-0.185682,0.000027,-0.238268,0.086308,-0.377270,0.737316,-0.564858,-0.230852,0.005784,-0.023111,0.083440,0.071890,0.307120,-0.300765,0.914024,0.611776,0.383545,-0.087464,0.274694,-0.165552,-0.134543,0.525435,-0.651731,0.149934,-0.152512
-5.659676,-0.610505,0.737803,-0.046363,0.006245,-0.979837,0.194243,-0.680172,0.260284,0.144615,1.045646,-0.206270,-0.028858,-0.248658,0.058344,-0.399862,0.681559,-0.505045,-0.230006,0.009816,-0.024902,0.082819,0.061393,0.288803,-0.344485,0.952929,0.634772,0.387909,-0.163470,0.295515,-0.149406,-0.120090,0.488067,-0.621222,0.111283,-0.157594
-5.633004,-0.607185,0.748836,-0.044421,-0.001019,-0.977595,0.205752,-0.643957,0.292997,0.124410,1.188603,-0.210466,-0.022806,-0.263074,0.022534,-0.419146,0.624505,-0.448512,-0.230600,0.011543,-0.027259,0.077401,0.066615,0.258082,-0.341085,0.968024,0.630248,0.398524,-0.185241,0.313785,-0.146376,-0.092109,0.463937,-0.592773,0.087898,-0.137251
-5.606739,-0.603613,0.755299,-0.041709,-0.007758,-0.975185,0.217289,-0.577101,0.355820,0.142729,1.289021,-0.214562,0.005728,-0.278983,-0.013131,-0.438409,0.575850,-0.397503,-0.233941,0.015074,-0.029904,0.068925,0.085657,0.231759,-0.315210,0.961760,0.617444,0.401872,-0.161674,0.333689,-0.156928,-0.057703,0.448956,-0.567084,0.067288,-0.085078
-5.580903,-0.599415,0.758427,-0.039797,-0.011232,-0.972737,0.228193,-0.490692,0.423416,0.165420,1.348177,-0.211861,0.031080,-0.295931,-0.040957,-0.458689,0.533626,-0.352350,-0.227405,0.020403,-0.030450,0.058994,0.106748,0.209765,-0.282104,0.948222,0.600597,0.392961,-0.125970,0.350247,-0.172977,-0.011654,0.440641,-0.564582,0.064057,-0.030758
-5.555223,-0.594630,0.758954,-0.037475,-0.011237,-0.970383,0.238384,-0.394451,0.470758,0.181698,1.359998,-0.189865,0.042971,-0.317106,-0.062371,-0.480742,0.497045,-0.308198,-0.212909,0.024213,-0.028021,0.049278,0.123731,0.195512,-0.247896,0.933876,0.579608,0.373530,-0.101105,0.360834,-0.188293,0.035668,0.434298,-0.578657,0.062577,0.015709
-5.529293,-0.589477,0.757244,-0.036203,-0.009586,-0.967827,0.248815,-0.286467,0.502862,0.207087,1.322507,-0.148492,0.023568,-0.343180,-0.082278,-0.501454,0.472123,-0.264431,-0.207378,0.022288,-0.023355,0.040939,0.134998,0.189827,-0.225362,0.923611,0.569355,0.357727,-0.084660,0.367071,-0.203593,0.076643,0.433618,-0.616853,0.059056,0.032801
-5.502632,-0.583975,0.753735,-0.035112,-0.008581,-0.964759,0.260642,-0.174205,0.505866,0.234619,1.235504,-0.089478,-0.037905,-0.376330,-0.107746,-0.519250,0.460865,-0.222863,-0.207342,0.014508,-0.019206,0.035831,0.133757,0.192404,-0.233709,0.922264,0.588463,0.356482,-0.080822,0.370668,-0.204401,0.090633,0.440034,-0.650214,0.067658,0.019012
-5.474760,-0.577970,0.748831,-0.033963,-0.008978,-0.961355,0.273063,-0.071076,0.459102,0.232434,1.101763,-0.028385,-0.137001,-0.414041,-0.138757,-0.532325,0.455137,-0.181311,-0.205802,0.002551,-0.017056,0.034355,0.119299,0.200938,-0.267576,0.928251,0.632387,0.366890,-0.082994,0.372418,-0.186524,0.075473,0.452145,-0.666492,0.083430,-0.018814
-5.445168,-0.571350,0.742054,-0.031593,-0.007780,-0.956713,0.289210,0.014514,0.373067,0.193361,0.923860,-0.175203,-0.242514,-0.458888,-0.175218,-0.543703,0.450791,-0.142429,-0.194834,-0.013132,-0.016445,0.037301,0.086922,0.207944,-0.297752,0.938505,0.666684,0.375222,-0.090162,0.370551,-0.149777,0.033880,0.465211,-0.665616,0.101324,-0.074795
-5.415387,-0.564219,0.736444,-0.026123,-0.014079,-0.951200,0.307146,0.058535,0.299268,0.177462,0.779904,-0.410694,-0.247454,-0.496404,-0.217078,-0.540773,0.422903,-0.119239,-0.173323,-0.031801,-0.022287,0.044819,0.046369,0.202365,-0.313080,0.947548,0.678979,0.384038,-0.085007,0.365327,-0.109798,-0.037949,0.474199,-0.640288,0.110590,-0.136323
-5.386002,-0.555148,0.730060,-0.019242,-0.024874,-0.945831,0.323132,0.059756,0.272655,0.225956,0.696242,-0.553392,-0.247582,-0.529079,-0.255154,-0.518819,0.376276,-0.144010,-0.114388,-0.047557,-0.033779,0.055498,0.003073,0.190912,-0.326004,0.956705,0.681559,0.386268,-0.066457,0.359380,-0.074335,-0.116348,0.483557,-0.607687,0.112356,-0.202476
-5.357005,-0.544945,0.726407,-0.012853,-0.036255,-0.941376,0.335158,0.014325,0.238210,0.232165,0.686344,-0.607880,-0.245835,-0.541808,-0.279987,-0.494753,0.306795,-0.206054,-0.020656,-0.052018,-0.047547,0.066229,-0.036556,0.187870,-0.345969,0.964679,0.688166,0.384982,-0.042858,0.355083,-0.047709,-0.169313,0.510382,-0.584476,0.116153,-0.248313
-5.330095,-0.533345,0.726631,-0.010094,-0.047249,-0.938310,0.342402,-0.049657,0.201988,0.214210,0.722744,-0.597188,-0.239293,-0.527542,-0.299211,-0.499629,0.252388,-0.237405,0.071033,-0.049083,-0.063833,0.076612,-0.061000,0.200776,-0.368616,0.964228,0.696975,0.372787,-0.022243,0.356902,-0.040964,-0.175081,0.553596,-0.590744,0.123682,-0.249178
-5.303941,-0.521123,0.730371,-0.011538,-0.052499,-0.937033,0.345079,-0.100293,0.178807,0.211233,0.742322,-0.554607,-0.220835,-0.522586,-0.317998,-0.498172,0.307716,-0.223910,0.075915,-0.044901,-0.074191,0.085442,-0.062608,0.225722,-0.376967,0.947480,0.695760,0.359079,-0.003468,0.359612,-0.053765,-0.136605,0.601340,-0.619220,0.111616,-0.191530
-5.279900,-0.507921,0.736316,-0.014045,-0.056823,-0.935944,0.347249,-0.126328,0.153463,0.209336,0.717450,-0.506284,-0.193725,-0.531173,-0.329037,-0.435639,0.454003,-0.235596,0.050243,-0.043304,-0.075938,0.090806,-0.045172,0.242609,-0.375121,0.917436,0.690729,0.350703,0.019502,0.369805,-0.089104,-0.087651,0.632279,-0.676487,0.097712,-0.107503
-5.257359,-0.492826,0.742300,-0.014091,-0.058988,-0.934396,0.351036,-0.153203,0.130488,0.200417,0.678176,-0.456252,-0.170184,-0.548316,-0.338006,-0.365881,0.646530,-0.256443,0.054371,-0.043489,-0.075079,0.092387,-0.010907,0.260685,-0.351661,0.866414,0.670335,0.329346,0.044844,0.367081,-0.111720,-0.084727,0.650306,-0.694041,0.104278,-0.043577
-5.235821,-0.475577,0.746970,-0.011427,-0.058579,-0.931085,0.359888,-0.194303,0.111298,0.180226,0.644126,-0.400633,-0.152871,-0.558286,-0.343744,-0.304519,0.842952,-0.297472,0.064277,-0.046116,-0.074781,0.089726,0.022684,0.270783,-0.321196,0.816193,0.641582,0.311522,0.062908,0.367628,-0.117322,-0.115183,0.648567,-0.676637,0.118633,-0.010193
-5.214935,-0.456601,0.749730,-0.007252,-0.055342,-0.925142,0.375497,-0.248234,0.093583,0.147793,0.616261,-0.343245,-0.142747,-0.556023,-0.336876,-0.239443,1.022596,-0.331659,0.080589,-0.051054,-0.074465,0.083570,0.044602,0.279967,-0.299724,0.775531,0.612719,0.288265,0.072053,0.372761,-0.120038,-0.150735,0.636935,-0.663175,0.129325,-0.006823
-5.194711,-0.436547,0.750244,-0.001852,-0.051341,-0.917263,0.394954,-0.308298,0.072950,0.110289,0.592258,-0.286117,-0.138625,-0.536197,-0.318609,-0.182386,1.171484,-0.363616,0.100728,-0.055348,-0.073590,0.074551,0.051377,0.291332,-0.295606,0.753155,0.591129,0.275427,0.065413,0.382024,-0.119833,-0.187104,0.621048,-0.656765,0.138605,-0.031579
-5.175074,-0.415981,0.748773,0.004481,-0.046531,-0.908357,0.415575,-0.371648,0.049488,0.072162,0.571880,-0.230344,-0.138765,-0.497671,-0.287345,-0.134721,1.278137,-0.383663,0.144495,-0.056465,-0.071319,0.064014,0.043281,0.304521,-0.308191,0.745432,0.584653,0.275822,0.049324,0.392716,-0.118404,-0.215364,0.607217,-0.653730,0.147934,-0.056944
-5.156304,-0.395080,0.745777,0.011345,-0.041362,-0.899315,0.435192,-0.435673,0.026452,0.038749,0.555392,-0.177972,-0.147599,-0.440516,-0.237579,-0.092932,1.335395,-0.402162,0.211716,-0.053058,-0.068029,0.052790,0.026648,0.316433,-0.324560,0.745033,0.590603,0.285528,0.036439,0.398827,-0.120104,-0.232759,0.600458,-0.653121,0.159484,-0.078799
-5.138595,-0.374158,0.742964,0.016752,-0.033099,-0.891238,0.452017,-0.496477,0.012771,0.009882,0.539096,-0.129040,-0.170262,-0.367646,-0.163154,-0.070251,1.336450,-0.382490,0.246125,-0.043751,-0.063592,0.041815,0.007351,0.326208,-0.331185,0.749987,0.598686,0.303956,0.025349,0.396821,-0.118623,-0.237035,0.604486,-0.648791,0.166012,-0.090057
-5.121531,-0.352722,0.743720,0.018706,-0.022375,-0.884659,0.465325,-0.550438,0.009954,-0.014973,0.516135,-0.083928,-0.202754,-0.281319,-0.073454,-0.051019,1.270966,-0.293801,0.246186,-0.031915,-0.055610,0.032478,-0.004582,0.329544,-0.317038,0.754341,0.599737,0.327426,0.034851,0.384319,-0.119830,-0.223237,0.619842,-0.649660,0.170423,-0.087566
-5.105160,-0.331336,0.742541,0.018249,-0.012390,-0.877439,0.479180,-0.589333,0.008076,-0.032996,0.482806,-0.038616,-0.239707,-0.183672,0.005195,0.019288,1.123292,-0.237344,0.212464,-0.027005,-0.045439,0.025431,-0.003000,0.324716,-0.283286,0.753527,0.588856,0.350859,0.057823,0.362849,-0.128215,-0.191311,0.639612,-0.665860,0.175465,-0.066114
-5.088495,-0.309424,0.738806,0.018557,-0.004991,-0.872297,0.488599,-0.620995,0.005753,-0.025380,0.438999,0.001568,-0.247362,-0.096531,0.028778,0.009042,0.940345,-0.440694,0.069172,-0.021432,-0.035691,0.021674,0.007696,0.314104,-0.240823,0.746889,0.569966,0.367803,0.088347,0.332436,-0.142027,-0.150545,0.653627,-0.695798,0.175444,-0.037086
-5.072679,-0.287026,0.735480,0.018386,0.003701,-0.869548,0.493492,-0.642840,0.019910,-0.008062,0.378613,0.016045,-0.247640,-0.052475,0.015572,-0.081645,0.796233,-0.616482,-0.013338,-0.011920,-0.025401,0.021590,0.022700,0.305294,-0.208306,0.739595,0.556675,0.380245,0.118665,0.295336,-0.150091,-0.112252,0.660624,-0.723915,0.175002,-0.018213
-5.056656,-0.263356,0.741455,0.017847,0.013160,-0.868781,0.494699,-0.665054,0.059885,0.023638,0.323234,-0.029581,-0.245940,-0.051983,0.022798,-0.140003,0.710776,-0.707345,-0.040084,-0.005288,-0.012693,0.024897,0.045257,0.298913,-0.187611,0.738540,0.545780,0.386561,0.138058,0.254864,-0.152192,-0.079549,0.661237,-0.742379,0.166957,-0.012773
-5.040664,-0.240195,0.740126,0.013864,0.024107,-0.870137,0.492026,-0.666620,0.123557,0.117837,0.280953,-0.105496,-0.210122,-0.092711,0.047870,-0.141568,0.686710,-0.723466,-0.051740,-0.004231,0.004826,0.031206,0.079170,0.296291,-0.188612,0.745717,0.542540,0.386607,0.126695,0.220202,-0.146733,-0.056751,0.658443,-0.751524,0.163643,-0.019654
-5.024431,-0.218115,0.742421,0.008067,0.031873,-0.870870,0.490412,-0.662942,0.191223,0.268821,0.306140,-0.130726,-0.169696,-0.141832,0.066311,-0.137909,0.696172,-0.688272,-0.052006,-0.007211,0.024237,0.041032,0.111580,0.296444,-0.225137,0.768096,0.559535,0.381673,0.085945,0.201657,-0.135498,-0.052242,0.645101,-0.743797,0.154604,-0.036419
-5.008312,-0.197548,0.746631,0.002388,0.035068,-0.869995,0.491806,-0.665369,0.237237,0.344550,0.422396,-0.150507,-0.118975,-0.175884,0.068471,-0.143079,0.692966,-0.636409,-0.040457,-0.008068,0.038087,0.050387,0.131448,0.297176,-0.291858,0.806728,0.588229,0.371790,0.015498,0.206645,-0.120597,-0.070862,0.624834,-0.718040,0.135863,-0.056070
-4.992195,-0.178444,0.752242,-0.002717,0.036771,-0.867239,0.496525,-0.672496,0.264177,0.347773,0.588852,-0.172347,-0.074875,-0.193670,0.064984,-0.151374,0.665500,-0.582863,-0.022944,-0.007624,0.045417,0.056090,0.126949,0.291862,-0.373187,0.864716,0.625755,0.370545,-0.072717,0.228191,-0.098733,-0.091627,0.598653,-0.689864,0.114558,-0.075635
-4.975641,-0.160239,0.758478,-0.006354,0.037504,-0.865382,0.499667,-0.677560,0.281570,0.315458,0.769048,-0.197647,-0.056496,-0.204835,0.060487,-0.154445,0.621254,-0.526756,-0.008912,-0.006884,0.048600,0.057729,0.118469,0.287996,-0.430111,0.920641,0.642224,0.370916,-0.170261,0.256838,-0.078989,-0.103302,0.576374,-0.660893,0.094127,-0.086014
-4.958256,-0.142675,0.764290,-0.006985,0.037971,-0.867295,0.496294,-0.674187,0.293460,0.271111,0.940141,-0.231064,-0.064766,-0.221014,0.055579,-0.147129,0.573410,-0.470617,0.002148,-0.006081,0.050897,0.056218,0.116507,0.282242,-0.451957,0.956491,0.639109,0.381541,-0.243782,0.277993,-0.067482,-0.099678,0.562772,-0.638448,0.074466,-0.085339
-4.940133,-0.125643,0.768996,-0.005567,0.037572,-0.872210,0.487655,-0.652999,0.301669,0.230288,1.085545,-0.254492,-0.076724,-0.241385,0.050641,-0.130070,0.526051,-0.416729,0.010430,-0.006019,0.052471,0.053377,0.125235,0.273683,-0.448849,0.969254,0.628286,0.393638,-0.284136,0.288869,-0.071022,-0.079581,0.561476,-0.634388,0.070806,-0.069116
-4.921608,-0.109050,0.771938,-0.003888,0.038197,-0.877728,0.477619,-0.613202,0.312537,0.195884,1.198484,-0.266564,-0.084446,-0.266317,0.048802,-0.110993,0.485418,-0.365770,0.015986,-0.007130,0.053206,0.049977,0.140191,0.269282,-0.430101,0.961106,0.617505,0.396148,-0.283170,0.291647,-0.078730,-0.054931,0.567567,-0.635766,0.076670,-0.047980
-4.902940,-0.092837,0.772952,-0.003205,0.040024,-0.882643,0.468325,-0.555879,0.319625,0.162077,1.273435,-0.273632,-0.087027,-0.294475,0.049965,-0.094606,0.454261,-0.317801,0.020650,-0.008902,0.054022,0.046814,0.154924,0.265936,-0.399542,0.945060,0.605893,0.396236,-0.241384,0.291390,-0.089948,-0.027171,0.580286,-0.651063,0.089717,-0.027516
-4.884137,-0.076967,0.772245,-0.002940,0.042263,-0.887621,0.458622,-0.480159,0.320492,0.131165,1.301036,-0.276602,-0.091787,-0.327202,0.053606,-0.077409,0.433060,-0.271285,0.027004,-0.011963,0.055372,0.043805,0.165048,0.257571,-0.356437,0.930725,0.583393,0.399781,-0.176688,0.289622,-0.098512,-0.007367,0.597005,-0.667700,0.105748,-0.007129
-4.864987,-0.061571,0.770041,-0.003488,0.044725,-0.892507,0.448797,-0.387815,0.312262,0.104760,1.280708,-0.270552,-0.110380,-0.364965,0.058402,-0.060318,0.425075,-0.229073,0.036920,-0.016696,0.056951,0.040160,0.166578,0.248119,-0.324968,0.922098,0.568924,0.406922,-0.108030,0.290445,-0.100074,-0.007608,0.617847,-0.677502,0.125867,-0.002988
-4.845285,-0.046657,0.767034,-0.003659,0.046290,-0.896931,0.439727,-0.285410,0.276418,0.069115,1.208496,-0.239142,-0.161183,-0.405789,0.059858,-0.044501,0.424831,-0.189626,0.049711,-0.021950,0.057519,0.036450,0.154944,0.239884,-0.316477,0.919671,0.571010,0.413582,-0.055781,0.294819,-0.093726,-0.030863,0.638969,-0.675957,0.154196,-0.015075
-4.824889,-0.031938,0.763990,-0.002417,0.046048,-0.899764,0.433933,-0.182036,0.206960,0.013805,1.084870,-0.185647,-0.172240,-0.446518,0.053147,-0.032575,0.424783,-0.151744,0.065280,-0.027417,0.055404,0.033331,0.124484,0.238141,-0.327189,0.921993,0.588503,0.413908,-0.037657,0.304689,-0.082530,-0.067109,0.646597,-0.661730,0.192916,-0.038796
-4.803400,-0.016993,0.760697,-0.000042,0.046461,-0.900330,0.432721,-0.084501,0.150619,-0.031766,0.913154,-0.226101,-0.116664,-0.490547,0.039988,-0.026333,0.425039,-0.114408,0.082336,-0.034425,0.050684,0.030906,0.078239,0.240599,-0.352767,0.921692,0.614830,0.410612,-0.043460,0.321433,-0.069043,-0.107825,0.645556,-0.643082,0.212596,-0.068863
-4.781526,-0.002334,0.758539,0.004127,0.042728,-0.899418,0.434976,-0.010697,0.123765,-0.024595,0.739805,-0.391992,-0.072842,-0.520800,0.011840,-0.024195,0.400964,-0.074424,0.110684,-0.043415,0.042167,0.029814,0.024284,0.237700,-0.374595,0.913375,0.632493,0.396515,-0.055936,0.343761,-0.062774,-0.142358,0.636171,-0.628973,0.213670,-0.092641
-4.758341,0.013099,0.755619,0.012303,0.034849,-0.896591,0.441315,0.019596,0.100770,0.029872,0.606580,-0.500829,-0.028700,-0.543853,-0.035528,-0.027793,0.354211,-0.038310,0.150693,-0.053687,0.027728,0.030699,-0.034533,0.229184,-0.390055,0.898475,0.645682,0.375021,-0.051127,0.368966,-0.061391,-0.174032,0.618674,-0.613560,0.202605,-0.107578
-4.734395,0.028899,0.754229,0.024462,0.025652,-0.893065,0.448530,0.017616,0.058868,0.065121,0.503162,-0.545167,0.002428,-0.561301,-0.096674,-0.048302,0.287758,-0.052127,0.172680,-0.059931,0.008030,0.031013,-0.092222,0.215463,-0.394602,0.879856,0.652492,0.355987,-0.021926,0.395961,-0.059086,-0.202722,0.600832,-0.601146,0.184356,-0.118774
-4.710172,0.045806,0.756583,0.038785,0.015609,-0.889333,0.455345,-0.011939,0.004513,0.060716,0.437315,-0.544405,0.022106,-0.577210,-0.167239,-0.103007,0.228260,-0.142005,0.130626,-0.061842,-0.015539,0.029551,-0.143767,0.201451,-0.394726,0.859031,0.658762,0.341849,0.018734,0.425141,-0.055493,-0.225238,0.588285,-0.597712,0.172356,-0.120572
-4.687547,0.063248,0.759404,0.051526,0.005301,-0.884523,0.463611,-0.062025,-0.046272,0.045260,0.418526,-0.512344,0.033737,-0.588926,-0.242496,-0.197670,0.220389,-0.232448,0.079057,-0.061812,-0.041487,0.028207,-0.185451,0.191879,-0.399254,0.838693,0.668589,0.324505,0.055650,0.452607,-0.050569,-0.237219,0.582406,-0.601688,0.161702,-0.103914
-4.664748,0.081411,0.762843,0.059823,0.003502,-0.879863,0.471433,-0.127803,-0.077074,0.032878,0.427401,-0.465728,0.049228,-0.591799,-0.286940,-0.254350,0.270689,-0.209954,0.065455,-0.064968,-0.062145,0.027557,-0.208318,0.189288,-0.384996,0.815585,0.663719,0.317673,0.086204,0.465782,-0.045074,-0.230421,0.595593,-0.618357,0.157668,-0.081055
-4.643004,0.099514,0.764853,0.061462,0.004409,-0.874803,0.480544,-0.197202,-0.095392,0.021556,0.468613,-0.433187,0.063684,-0.626675,-0.283182,-0.161574,0.460509,-0.226627,0.068866,-0.074036,-0.070110,0.030982,-0.206967,0.187852,-0.360457,0.783249,0.648286,0.298695,0.112630,0.468765,-0.050329,-0.210349,0.622117,-0.647079,0.164840,-0.048031
-4.622091,0.117337,0.765544,0.061534,0.005773,-0.871946,0.485685,-0.260386,-0.109079,0.016650,0.507518,-0.405249,0.076161,-0.657340,-0.237119,-0.036622,0.688804,-0.252234,0.126709,-0.079301,-0.072883,0.034723,-0.191441,0.191416,-0.341938,0.747635,0.639403,0.283828,0.118414,0.463782,-0.065786,-0.183427,0.645718,-0.680434,0.174929,0.009947
-4.601358,0.134864,0.765361,0.062268,0.007743,-0.870876,0.487482,-0.317448,-0.120334,0.017808,0.531086,-0.376417,0.088290,-0.663426,-0.188976,0.033725,0.891559,-0.286451,0.193319,-0.076530,-0.075269,0.035738,-0.169622,0.197390,-0.333416,0.708068,0.637999,0.268285,0.110992,0.455057,-0.085247,-0.159777,0.657223,-0.714644,0.186666,0.072486
-4.580569,0.151900,0.764413,0.063596,0.009717,-0.869710,0.489353,-0.369696,-0.132698,0.020547,0.541643,-0.343363,0.100337,-0.643535,-0.174917,0.033543,1.054373,-0.323355,0.229335,-0.068528,-0.077840,0.034712,-0.146640,0.204601,-0.334691,0.668573,0.643688,0.248711,0.099547,0.445991,-0.099992,-0.150102,0.653156,-0.735567,0.193093,0.115367
-4.559689,0.168124,0.762782,0.064693,0.011174,-0.867006,0.493953,-0.416886,-0.149031,0.022270,0.543845,-0.303416,0.113036,-0.597178,-0.182955,-0.006591,1.169380,-0.353567,0.244757,-0.058531,-0.079770,0.032271,-0.123051,0.206933,-0.336110,0.637449,0.644969,0.233028,0.086718,0.437250,-0.106845,-0.157308,0.643135,-0.739772,0.200147,0.122948
-4.538852,0.183472,0.760401,0.065999,0.012319,-0.863559,0.499758,-0.461407,-0.167941,0.025561,0.542656,-0.261059,0.127185,-0.533255,-0.164873,-0.052490,1.238457,-0.374951,0.247598,-0.045779,-0.080434,0.028874,-0.100884,0.205328,-0.337110,0.619843,0.644016,0.222899,0.083799,0.427077,-0.108483,-0.172881,0.636000,-0.734631,0.205797,0.104012
-4.518181,0.198039,0.757784,0.065875,0.014729,-0.861081,0.503967,-0.501866,-0.182327,0.030542,0.539669,-0.218474,0.141290,-0.459851,-0.086820,-0.084477,1.253869,-0.377181,0.247730,-0.026588,-0.077780,0.024731,-0.077439,0.201122,-0.332369,0.619431,0.638150,0.226340,0.080264,0.413075,-0.106123,-0.190640,0.637763,-0.728730,0.219274,0.064448
-4.497698,0.211894,0.755544,0.063335,0.019482,-0.860215,0.505608,-0.536757,-0.187795,0.036754,0.534412,-0.176661,0.153019,-0.378291,0.024209,-0.096364,1.205960,-0.347338,0.247732,-0.001081,-0.068438,0.020712,-0.052418,0.194429,-0.315271,0.631318,0.627396,0.248547,0.080128,0.393718,-0.104462,-0.196739,0.646619,-0.724612,0.229322,0.025746
-4.477041,0.225132,0.754495,0.058497,0.027178,-0.861161,0.504223,-0.562545,-0.184613,0.041521,0.517995,-0.129426,0.166796,-0.291741,0.109045,-0.104904,1.098962,-0.260726,0.247470,0.025656,-0.052334,0.017229,-0.022599,0.187751,-0.288850,0.648361,0.616766,0.277323,0.086092,0.365607,-0.111799,-0.180572,0.661573,-0.732304,0.232574,0.005821
-4.456339,0.237967,0.754732,0.051518,0.038063,-0.857456,0.510556,-0.573244,-0.185874,0.027034,0.479940,-0.077922,0.174667,-0.197410,0.160365,-0.008375,0.927102,-0.216353,0.240858,0.034952,-0.033645,0.013751,0.012666,0.184370,-0.252310,0.663586,0.606337,0.306540,0.096058,0.327148,-0.122076,-0.147155,0.677870,-0.746458,0.229022,0.008026
-4.435231,0.252049,0.753483,0.048719,0.043113,-0.855694,0.513377,-0.593705,-0.193527,0.020922,0.450954,-0.031295,0.161071,-0.124690,0.160027,0.023299,0.761790,-0.290189,0.099037,0.042158,-0.018834,0.013530,0.053074,0.175152,-0.205741,0.675891,0.586534,0.331962,0.117730,0.281208,-0.145937,-0.105220,0.689190,-0.767077,0.221890,0.022304
-4.413443,0.267458,0.752494,0.048632,0.045381,-0.857724,0.509789,-0.631641,-0.197957,0.026287,0.433429,0.006250,0.101403,-0.092186,0.133486,-0.033693,0.655795,-0.408590,-0.038053,0.054369,-0.006587,0.017866,0.091945,0.164693,-0.163457,0.694002,0.562905,0.350732,0.137720,0.229032,-0.173338,-0.067599,0.690171,-0.779424,0.205775,0.032801
-4.390462,0.282564,0.751987,0.047631,0.050393,-0.861345,0.503265,-0.673870,-0.189775,0.018525,0.425941,0.015020,-0.084950,-0.089335,0.115741,-0.073302,0.584622,-0.499543,-0.065904,0.063900,0.006469,0.025169,0.132419,0.163111,-0.132411,0.719271,0.543113,0.372555,0.150762,0.169794,-0.186268,-0.035364,0.690245,-0.782585,0.196754,0.027431
-4.366917,0.296325,0.748836,0.042194,0.058113,-0.864883,0.496810,-0.705329,-0.201803,0.028053,0.436481,-0.007637,-0.240082,-0.102795,0.115596,-0.065248,0.549323,-0.559794,-0.048534,0.061178,0.025055,0.033928,0.181586,0.167862,-0.122486,0.752375,0.530724,0.390420,0.146372,0.112521,-0.195920,-0.022961,0.681298,-0.777045,0.184203,0.013787
-4.343124,0.308856,0.746443,0.035569,0.062340,-0.867643,0.491980,-0.728583,-0.231998,-0.014385,0.501803,-0.014315,-0.247437,-0.117466,0.107772,-0.052599,0.524729,-0.582069,-0.016391,0.052869,0.042394,0.042701,0.229988,0.174801,-0.152677,0.798876,0.542745,0.408514,0.105609,0.073190,-0.190972,-0.021602,0.666136,-0.763217,0.173856,-0.011840
-4.319425,0.320257,0.749191,0.030745,0.061388,-0.871118,0.486251,-0.740533,-0.215593,-0.109278,0.611055,-0.078309,-0.247735,-0.132399,0.087637,-0.043064,0.505925,-0.569210,0.017472,0.046885,0.053565,0.049315,0.260557,0.180353,-0.218851,0.858195,0.574773,0.426812,0.019188,0.060877,-0.175321,-0.033946,0.633439,-0.743203,0.160429,-0.041532
-4.294907,0.330820,0.753025,0.025373,0.062328,-0.872537,0.483891,-0.751118,-0.152062,-0.111150,0.747818,-0.142016,-0.247733,-0.151587,0.067133,-0.040181,0.492259,-0.533128,0.050249,0.038321,0.064755,0.053250,0.290016,0.188904,-0.292642,0.914431,0.611395,0.419744,-0.088440,0.058618,-0.155071,-0.052761,0.604967,-0.711467,0.139327,-0.066653
-4.270117,0.340858,0.757381,0.024175,0.061422,-0.875289,0.479074,-0.752947,-0.052178,-0.080790,0.879709,-0.186548,-0.247408,-0.178756,0.041345,-0.029843,0.479326,-0.485127,0.080228,0.033684,0.071816,0.054698,0.313069,0.190599,-0.342594,0.959524,0.631905,0.409720,-0.198688,0.066543,-0.133797,-0.073132,0.577250,-0.677855,0.124210,-0.083991
-4.245531,0.350101,0.761311,0.024856,0.057740,-0.880069,0.470667,-0.734480,0.064614,-0.045777,0.993661,-0.217303,-0.239603,-0.204842,0.013115,-0.009829,0.461562,-0.436706,0.105411,0.036138,0.074145,0.054375,0.330563,0.185722,-0.360226,0.987531,0.632909,0.412186,-0.293161,0.088260,-0.121475,-0.077859,0.546439,-0.658112,0.107263,-0.095818
-4.221416,0.358437,0.763682,0.025528,0.054351,-0.885224,0.461273,-0.697198,0.165124,-0.009884,1.085660,-0.244939,-0.161882,-0.231223,-0.011370,0.013346,0.445860,-0.393853,0.125343,0.041982,0.073334,0.052405,0.344239,0.185800,-0.360118,0.994723,0.630303,0.410161,-0.358317,0.117752,-0.114974,-0.067685,0.517862,-0.644692,0.086480,-0.090886
-4.197800,0.365810,0.764145,0.024878,0.050939,-0.889654,0.453102,-0.645229,0.239294,-0.002339,1.155685,-0.266802,-0.078404,-0.256033,-0.033579,0.036657,0.436819,-0.365633,0.147463,0.049938,0.070518,0.049288,0.351395,0.192604,-0.341237,0.988163,0.622865,0.412526,-0.387160,0.151841,-0.116254,-0.048590,0.497908,-0.637200,0.068816,-0.079375
-4.174542,0.372394,0.763505,0.022898,0.049226,-0.892521,0.447727,-0.584364,0.290289,-0.018276,1.196386,-0.284424,-0.015658,-0.279559,-0.052139,0.056108,0.431847,-0.345433,0.170793,0.056157,0.067627,0.045805,0.350215,0.205534,-0.312125,0.969345,0.619530,0.410857,-0.371144,0.184526,-0.121502,-0.026650,0.490233,-0.636177,0.061506,-0.060978
-4.150867,0.378284,0.764318,0.019011,0.048871,-0.893579,0.445832,-0.510887,0.319412,-0.050049,1.201933,-0.296725,-0.009149,-0.305642,-0.070911,0.069207,0.436046,-0.330981,0.195652,0.058345,0.066018,0.042325,0.339904,0.218964,-0.272067,0.946115,0.615817,0.413797,-0.311883,0.214976,-0.122880,-0.013963,0.496211,-0.633263,0.063378,-0.042460
-4.126516,0.383489,0.761012,0.014624,0.049436,-0.892664,0.447765,-0.427637,0.325828,-0.089425,1.168169,-0.301363,-0.031717,-0.339506,-0.091274,0.077894,0.461786,-0.317174,0.221671,0.055888,0.065788,0.039117,0.314661,0.228439,-0.245173,0.922854,0.628193,0.422274,-0.221736,0.237834,-0.124060,-0.011706,0.520011,-0.634682,0.072743,-0.044081
-4.101090,0.388333,0.755931,0.011148,0.049057,-0.890379,0.452432,-0.335890,0.310450,-0.134366,1.087703,-0.282405,-0.081530,-0.376945,-0.116783,0.083896,0.493763,-0.298498,0.242348,0.049119,0.064548,0.035851,0.278949,0.234481,-0.228272,0.899298,0.643691,0.424943,-0.130835,0.261263,-0.122393,-0.027170,0.548749,-0.641715,0.083554,-0.063889
-4.074002,0.393052,0.749952,0.010040,0.049123,-0.886972,0.459093,-0.244785,0.282395,-0.182197,0.963290,-0.280547,-0.167397,-0.420643,-0.144027,0.087584,0.527388,-0.269979,0.247447,0.040444,0.061442,0.033105,0.230008,0.240433,-0.226130,0.874528,0.664601,0.421497,-0.059339,0.283916,-0.116362,-0.058374,0.571814,-0.651043,0.088426,-0.105550
-4.045137,0.397806,0.742023,0.011682,0.048297,-0.881885,0.468838,-0.182301,0.250406,-0.212436,0.830433,-0.424925,-0.220826,-0.451111,-0.177165,0.089409,0.530263,-0.211453,0.247706,0.032559,0.057184,0.032113,0.163819,0.248268,-0.234951,0.854070,0.685723,0.404906,-0.016721,0.308981,-0.102100,-0.108532,0.576659,-0.641392,0.089795,-0.150132
-4.014306,0.402997,0.739393,0.016084,0.046354,-0.875188,0.481289,-0.176738,0.225307,-0.172443,0.751204,-0.548979,-0.190575,-0.468666,-0.227060,0.085468,0.485501,-0.114344,0.247708,0.024600,0.051753,0.033391,0.087448,0.242874,-0.242811,0.829306,0.693226,0.385827,0.006957,0.332023,-0.080648,-0.178007,0.569083,-0.614683,0.083610,-0.188786
-3.981172,0.407415,0.740993,0.025688,0.042311,-0.869246,0.491896,-0.199893,0.174338,-0.123604,0.702904,-0.601515,-0.133765,-0.486622,-0.296659,0.073508,0.414535,0.018033,0.247480,0.019850,0.042843,0.034746,0.021026,0.226479,-0.239427,0.789693,0.685168,0.361560,0.031546,0.343091,-0.057667,-0.247105,0.556209,-0.589844,0.075873,-0.224088
-3.948996,0.412078,0.746903,0.036815,0.034873,-0.866509,0.496580,-0.236187,0.099005,-0.116014,0.687052,-0.590211,-0.088623,-0.510927,-0.402846,-0.017763,0.375279,0.100467,0.241264,0.019300,0.026223,0.034800,-0.034566,0.213475,-0.228652,0.751720,0.670557,0.338731,0.057723,0.357177,-0.044011,-0.298384,0.545147,-0.587808,0.066092,-0.243614
-3.918249,0.417453,0.750180,0.043921,0.029494,-0.865960,0.497306,-0.286486,0.041103,-0.099185,0.710002,-0.560666,-0.054048,-0.521833,-0.463966,-0.143885,0.435375,0.005886,0.165333,0.017374,0.007047,0.033840,-0.063370,0.217744,-0.207604,0.701746,0.654267,0.310436,0.075348,0.351662,-0.034678,-0.311414,0.555758,-0.604745,0.063058,-0.254651
-3.888959,0.422633,0.754368,0.044670,0.026193,-0.866162,0.497073,-0.325587,0.002326,-0.072524,0.728371,-0.511778,-0.021439,-0.521701,-0.495275,-0.241323,0.592680,-0.047812,0.144725,0.010956,-0.006874,0.032737,-0.059691,0.227545,-0.173380,0.642660,0.639152,0.288523,0.096257,0.335194,-0.035451,-0.290814,0.584612,-0.633867,0.061898,-0.237024
-3.860615,0.427356,0.761098,0.043998,0.023269,-0.865973,0.497608,-0.350574,-0.029503,-0.040567,0.725607,-0.456875,0.013554,-0.517241,-0.496784,-0.276336,0.789693,-0.100428,0.122486,0.000927,-0.014611,0.032228,-0.034664,0.227860,-0.130388,0.576398,0.614672,0.260963,0.123079,0.315479,-0.053698,-0.251080,0.609508,-0.683484,0.068898,-0.177459
-3.832158,0.431842,0.765039,0.043761,0.020612,-0.867043,0.495880,-0.369468,-0.061690,-0.011095,0.707325,-0.406308,0.048560,-0.503356,-0.490955,-0.307612,0.982256,-0.141475,0.141213,-0.004885,-0.020522,0.030385,-0.002135,0.223706,-0.091099,0.518066,0.582104,0.227944,0.146642,0.293407,-0.077086,-0.212557,0.615617,-0.728307,0.070845,-0.103964
-3.803571,0.435849,0.766829,0.043988,0.019460,-0.869756,0.491133,-0.386594,-0.091879,0.013780,0.682702,-0.362029,0.078981,-0.467184,-0.487213,-0.364067,1.141186,-0.178927,0.162023,-0.005078,-0.027038,0.025870,0.032947,0.221948,-0.057356,0.476844,0.543833,0.201460,0.160203,0.268791,-0.096908,-0.178822,0.607962,-0.760260,0.070837,-0.043764
-3.774816,0.439333,0.766907,0.043127,0.018224,-0.873712,0.484185,-0.403830,-0.119515,0.039701,0.662243,-0.322561,0.108348,-0.418855,-0.454612,-0.405128,1.257184,-0.207197,0.206346,-0.002198,-0.031807,0.021100,0.070770,0.224251,-0.033631,0.451231,0.514656,0.189817,0.161478,0.241909,-0.113805,-0.146968,0.595099,-0.778790,0.068141,-0.006816
-3.745897,0.442393,0.765759,0.040509,0.017896,-0.879386,0.474045,-0.420292,-0.140205,0.069672,0.642858,-0.285897,0.138179,-0.372376,-0.379405,-0.431765,1.328438,-0.210997,0.245814,0.006013,-0.033387,0.017310,0.112118,0.226022,-0.013600,0.435105,0.495821,0.188367,0.160376,0.212989,-0.127563,-0.116907,0.583605,-0.785778,0.069072,0.010443
-3.716837,0.445290,0.763349,0.037869,0.019218,-0.887420,0.459001,-0.443876,-0.151328,0.106370,0.630985,-0.254530,0.167258,-0.336422,-0.265354,-0.468556,1.353424,-0.200427,0.247653,0.024831,-0.030456,0.013930,0.153896,0.228389,-0.002142,0.432822,0.499749,0.204821,0.150385,0.182547,-0.140324,-0.088497,0.575338,-0.786309,0.073478,0.014310
-3.687707,0.448109,0.760101,0.035520,0.021904,-0.897051,0.439953,-0.472947,-0.153896,0.147570,0.623174,-0.225189,0.197906,-0.308050,-0.128124,-0.486264,1.326367,-0.170962,0.247731,0.052064,-0.022928,0.010527,0.192829,0.223276,0.009159,0.439978,0.511715,0.223240,0.146644,0.150965,-0.152850,-0.061230,0.567552,-0.780839,0.077297,0.012379
-3.658589,0.451044,0.756809,0.032618,0.026519,-0.906619,0.419852,-0.503188,-0.149102,0.185837,0.614796,-0.194451,0.224094,-0.272783,0.014966,-0.457539,1.232725,-0.133780,0.247677,0.080702,-0.012343,0.006446,0.234164,0.215588,0.017813,0.455564,0.534358,0.252230,0.148566,0.118935,-0.159596,-0.029141,0.567458,-0.778117,0.080447,-0.002971
-3.629281,0.454340,0.754357,0.030750,0.033553,-0.913828,0.403542,-0.530411,-0.143769,0.213762,0.593486,-0.157506,0.238730,-0.211795,0.112246,-0.378405,1.067364,-0.091389,0.246144,0.099447,-0.000322,0.000564,0.276582,0.202430,0.025173,0.475500,0.560135,0.286695,0.142503,0.081913,-0.168748,-0.007971,0.566839,-0.775192,0.082147,-0.004413
-3.599261,0.458438,0.752805,0.030905,0.041440,-0.916723,0.396164,-0.555554,-0.150416,0.220220,0.557217,-0.112177,0.237469,-0.158312,0.192591,-0.189879,0.884641,-0.118229,0.209757,0.098757,0.009223,-0.004026,0.306127,0.185392,0.029561,0.508888,0.593483,0.326967,0.121731,0.061322,-0.166453,0.003304,0.546626,-0.769142,0.081603,0.002689
-3.567244,0.463968,0.750909,0.038847,0.040703,-0.923571,0.379277,-0.619249,-0.162613,0.241628,0.546352,-0.075719,0.179595,-0.133000,0.184875,-0.172271,0.790612,-0.300774,0.014950,0.106219,0.014890,-0.003019,0.320884,0.159470,0.008148,0.545010,0.654268,0.379769,0.077526,0.030499,-0.175406,0.013188,0.531898,-0.771645,0.088468,0.008711
-3.536215,0.470232,0.746652,0.043648,0.044697,-0.929341,0.363899,-0.680736,-0.162253,0.223003,0.551180,-0.055246,-0.041770,-0.132419,0.155133,-0.231242,0.728318,-0.432751,-0.114320,0.113633,0.019583,0.002145,0.334111,0.146990,-0.030250,0.585480,0.727858,0.410553,0.012042,0.007098,-0.178290,0.021844,0.521215,-0.770446,0.091592,0.003019
-3.506165,0.476176,0.741096,0.042120,0.058217,-0.929624,0.361437,-0.738693,-0.204473,0.184981,0.580564,-0.063881,-0.237730,-0.150177,0.152976,-0.272404,0.693749,-0.525761,-0.137755,0.102107,0.031796,0.008890,0.344647,0.150209,-0.069182,0.628569,0.789463,0.420118,-0.063770,0.002281,-0.170075,0.024107,0.516139,-0.760265,0.091911,-0.017063
-3.476706,0.481840,0.737945,0.038720,0.068871,-0.924931,0.371833,-0.787096,-0.201913,0.198008,0.679270,-0.063740,-0.247342,-0.170080,0.154038,-0.281633,0.658740,-0.573700,-0.123987,0.074118,0.047977,0.015767,0.350017,0.150887,-0.103843,0.672611,0.821124,0.408252,-0.150033,0.017904,-0.162220,0.018290,0.516281,-0.742432,0.095373,-0.041569
-3.447631,0.486976,0.737778,0.036319,0.071733,-0.921418,0.380164,-0.801897,-0.114225,0.150314,0.806377,-0.147205,-0.247737,-0.187267,0.136113,-0.282820,0.622929,-0.572373,-0.099501,0.054464,0.054551,0.021503,0.347241,0.148294,-0.121434,0.713354,0.819438,0.396274,-0.228672,0.050434,-0.157119,0.009475,0.523167,-0.726949,0.095748,-0.059749
-3.418634,0.490882,0.743863,0.035679,0.072296,-0.917693,0.389023,-0.801114,-0.004437,0.126904,0.928514,-0.205519,-0.247659,-0.203551,0.105043,-0.292519,0.589139,-0.538587,-0.070108,0.044071,0.058171,0.025863,0.331613,0.143929,-0.128681,0.750737,0.806011,0.392895,-0.277461,0.092728,-0.148228,-0.013218,0.536807,-0.711192,0.106917,-0.069545
-3.389392,0.493532,0.751372,0.036569,0.069365,-0.915535,0.394521,-0.779988,0.092590,0.090992,1.017205,-0.234187,-0.245385,-0.221018,0.064580,-0.293208,0.559888,-0.491357,-0.038875,0.044190,0.057352,0.028357,0.308976,0.137206,-0.133651,0.779054,0.799110,0.395469,-0.291950,0.135320,-0.132432,-0.046004,0.562754,-0.692244,0.125166,-0.079239
-3.360066,0.494833,0.758225,0.038026,0.064438,-0.914309,0.398046,-0.745416,0.157063,0.058738,1.073221,-0.249969,-0.199347,-0.240245,0.021405,-0.279289,0.536074,-0.439703,-0.003199,0.048683,0.055040,0.029693,0.287102,0.133398,-0.137878,0.794134,0.800844,0.401028,-0.281588,0.185655,-0.115783,-0.081458,0.587731,-0.676442,0.138801,-0.084287
-3.330864,0.495053,0.763112,0.039875,0.058302,-0.914639,0.398053,-0.700200,0.201912,0.021173,1.103150,-0.264850,-0.153786,-0.262741,-0.022356,-0.255286,0.519491,-0.396182,0.033180,0.055182,0.051255,0.030614,0.277270,0.139171,-0.144552,0.795454,0.812549,0.386649,-0.257300,0.233779,-0.106268,-0.108444,0.613811,-0.667587,0.154998,-0.081504
-3.301950,0.494444,0.765346,0.040767,0.052888,-0.916263,0.394973,-0.644809,0.225563,-0.036702,1.110587,-0.283217,-0.126905,-0.287842,-0.062481,-0.228310,0.510804,-0.364072,0.067955,0.061973,0.046535,0.030795,0.261362,0.139848,-0.134485,0.785894,0.813684,0.375533,-0.218704,0.272594,-0.098221,-0.118878,0.645544,-0.661765,0.165765,-0.073747
-3.273243,0.493174,0.764807,0.040731,0.048791,-0.918126,0.391159,-0.580157,0.225323,-0.116861,1.098146,-0.303683,-0.121560,-0.318110,-0.100229,-0.203926,0.515331,-0.345023,0.100109,0.067169,0.041902,0.030342,0.253132,0.141920,-0.115612,0.760868,0.805777,0.358962,-0.176680,0.294695,-0.097707,-0.111960,0.690514,-0.667985,0.181969,-0.066354
-3.244346,0.491170,0.762143,0.039701,0.046516,-0.920021,0.387067,-0.501395,0.207171,-0.213892,1.062419,-0.317011,-0.145782,-0.354689,-0.135091,-0.180405,0.532485,-0.331334,0.130439,0.069387,0.037980,0.029474,0.240392,0.143430,-0.084667,0.736591,0.783236,0.342758,-0.128282,0.306364,-0.112692,-0.095645,0.731353,-0.681017,0.193013,-0.038170
-3.214994,0.488436,0.758967,0.038335,0.045235,-0.922138,0.382291,-0.408936,0.176829,-0.316593,1.003718,-0.305336,-0.188995,-0.394899,-0.166333,-0.152705,0.552224,-0.315305,0.158853,0.067040,0.034842,0.027721,0.227546,0.146616,-0.057567,0.714277,0.756591,0.323440,-0.079238,0.305887,-0.129694,-0.075927,0.772111,-0.702771,0.202205,-0.009987
-3.184491,0.484920,0.758898,0.037050,0.043535,-0.924541,0.376770,-0.310336,0.149291,-0.396235,0.920845,-0.261697,-0.198455,-0.435524,-0.197604,-0.119936,0.560870,-0.291987,0.188044,0.060441,0.032202,0.025747,0.210070,0.151445,-0.043802,0.701469,0.735324,0.308093,-0.034937,0.296635,-0.145472,-0.068710,0.804292,-0.723841,0.212173,0.004899
-3.152706,0.480562,0.755192,0.035824,0.042857,-0.926527,0.372058,-0.230018,0.143642,-0.416678,0.812979,-0.329467,-0.210625,-0.467569,-0.226851,-0.086461,0.549524,-0.251948,0.216872,0.050211,0.031481,0.024722,0.182402,0.161591,-0.049773,0.701979,0.730796,0.304626,-0.001611,0.282775,-0.153462,-0.086400,0.819997,-0.729455,0.223899,0.005083
-3.120330,0.475925,0.752060,0.036526,0.038916,-0.927980,0.368789,-0.198884,0.137941,-0.360636,0.720083,-0.461006,-0.184445,-0.479559,-0.260505,-0.056105,0.492865,-0.190938,0.231183,0.037308,0.030735,0.025380,0.145540,0.165654,-0.071991,0.714352,0.735759,0.307318,0.018971,0.270457,-0.158279,-0.129808,0.812127,-0.718245,0.229881,-0.012533
-3.086939,0.471218,0.750114,0.040943,0.032073,-0.928605,0.367407,-0.210437,0.113844,-0.268383,0.679091,-0.527776,-0.136735,-0.482616,-0.301428,-0.029007,0.406557,-0.131879,0.185604,0.024915,0.025415,0.027771,0.101217,0.168078,-0.105189,0.736099,0.746150,0.313556,0.021173,0.262269,-0.158808,-0.189050,0.783358,-0.691843,0.219375,-0.042647
-3.052500,0.466437,0.750504,0.047301,0.021087,-0.929678,0.364716,-0.235207,0.055963,-0.214442,0.657387,-0.544805,-0.088032,-0.481603,-0.369847,-0.067985,0.326075,-0.135217,0.073936,0.020455,0.012048,0.029931,0.060761,0.172610,-0.139754,0.754825,0.758287,0.318066,0.005957,0.260607,-0.153217,-0.243114,0.747792,-0.667165,0.207897,-0.074728
-3.019090,0.462259,0.752178,0.054119,0.009740,-0.931491,0.359584,-0.271397,-0.012334,-0.189105,0.657472,-0.526827,-0.047031,-0.477988,-0.463082,-0.232656,0.312272,-0.159743,-0.002708,0.025463,-0.006186,0.030915,0.027961,0.186115,-0.163742,0.759962,0.763152,0.316258,-0.014366,0.256448,-0.143524,-0.270159,0.716426,-0.655750,0.191042,-0.091083
-2.986677,0.458083,0.754519,0.055653,0.001242,-0.934827,0.350714,-0.298967,-0.063685,-0.154585,0.655832,-0.493758,-0.010268,-0.479941,-0.535657,-0.370874,0.426807,-0.158711,0.031877,0.027729,-0.020924,0.031465,0.022850,0.202624,-0.157152,0.746612,0.752250,0.311296,-0.018397,0.243630,-0.139667,-0.259738,0.703309,-0.669624,0.176334,-0.088668
-2.956081,0.454505,0.757103,0.051674,-0.006092,-0.938500,0.341337,-0.310954,-0.099285,-0.120477,0.643410,-0.457258,0.017976,-0.504947,-0.547179,-0.331352,0.641309,-0.179329,0.019011,0.018434,-0.027058,0.032599,0.052323,0.206910,-0.116294,0.717620,0.727094,0.313260,0.015022,0.223095,-0.151483,-0.217740,0.704568,-0.711786,0.168790,-0.060042
-2.925986,0.451082,0.759677,0.047678,-0.011404,-0.944102,0.325987,-0.317446,-0.123177,-0.081306,0.615785,-0.417818,0.042234,-0.529536,-0.523548,-0.266975,0.870626,-0.205461,0.028679,0.010176,-0.031447,0.031808,0.102404,0.199951,-0.056285,0.677243,0.689027,0.309449,0.066867,0.195116,-0.164357,-0.170583,0.703838,-0.753327,0.154718,-0.018482
-2.895612,0.447461,0.761467,0.046170,-0.015421,-0.949890,0.308771,-0.328938,-0.143781,-0.039013,0.579660,-0.373649,0.066657,-0.527968,-0.500687,-0.246347,1.063614,-0.231991,0.048168,0.007279,-0.035968,0.028250,0.156738,0.189488,-0.005406,0.637671,0.652039,0.295239,0.112236,0.166300,-0.172674,-0.134511,0.695086,-0.782339,0.141517,0.019298
-2.865097,0.443600,0.762211,0.046060,-0.017990,-0.954857,0.292922,-0.346084,-0.162403,0.001914,0.541503,-0.327371,0.091351,-0.497077,-0.480110,-0.260088,1.208277,-0.255402,0.083905,0.008116,-0.040213,0.022227,0.206224,0.183067,0.026311,0.608374,0.621522,0.278523,0.137393,0.142066,-0.172432,-0.114257,0.676062,-0.792123,0.127977,0.038504
-2.834736,0.439492,0.762043,0.045401,-0.018794,-0.958771,0.279900,-0.363990,-0.178598,0.038035,0.501700,-0.279151,0.116366,-0.448964,-0.429436,-0.269759,1.303427,-0.262662,0.157518,0.011720,-0.042412,0.015855,0.250070,0.184427,0.038075,0.588854,0.597114,0.266766,0.138871,0.126135,-0.160590,-0.103072,0.656387,-0.787404,0.119288,0.028807
-2.804706,0.435411,0.760656,0.045305,-0.019276,-0.962450,0.266957,-0.386764,-0.192499,0.074616,0.466529,-0.230305,0.142810,-0.394775,-0.344348,-0.273384,1.346258,-0.253661,0.243232,0.020551,-0.041711,0.009706,0.285324,0.191873,0.030641,0.580423,0.587053,0.266161,0.115603,0.114058,-0.156838,-0.107522,0.629920,-0.772579,0.110144,0.016661
-2.775046,0.431423,0.758340,0.045099,-0.018052,-0.967264,0.249081,-0.414909,-0.196223,0.116863,0.439709,-0.184273,0.168108,-0.340133,-0.222866,-0.302943,1.328739,-0.236102,0.247547,0.040970,-0.036868,0.003822,0.299086,0.198075,0.008840,0.583056,0.600077,0.287663,0.082544,0.105693,-0.150074,-0.113529,0.609752,-0.756186,0.103321,-0.000169
-2.745660,0.427744,0.755623,0.044151,-0.012886,-0.972027,0.230323,-0.448055,-0.188111,0.156680,0.422244,-0.141601,0.190307,-0.281391,-0.077068,-0.305216,1.243825,-0.206831,0.247719,0.066748,-0.026485,-0.002268,0.308591,0.204487,-0.007834,0.598274,0.622861,0.311096,0.045212,0.098459,-0.152157,-0.116437,0.595111,-0.746750,0.103353,-0.008774
-2.716388,0.424564,0.753142,0.044128,-0.004157,-0.976252,0.212054,-0.485544,-0.171487,0.188597,0.408828,-0.100748,0.203392,-0.213804,0.057138,-0.263944,1.094298,-0.154723,0.247408,0.090329,-0.011367,-0.008803,0.319024,0.208239,-0.015419,0.611248,0.649549,0.337220,0.008429,0.087454,-0.154605,-0.107133,0.591294,-0.750501,0.108492,-0.009806
-2.687251,0.421988,0.751986,0.045519,0.009315,-0.977565,0.205445,-0.519509,-0.159106,0.191950,0.382927,-0.056247,0.198983,-0.132376,0.146016,-0.111987,0.887637,-0.166229,0.239380,0.095359,0.004056,-0.015773,0.328442,0.213111,-0.016690,0.613988,0.681541,0.360556,-0.021937,0.072061,-0.153177,-0.091634,0.593200,-0.759254,0.112141,-0.002367
-2.656295,0.420851,0.750805,0.051584,0.014996,-0.979583,0.193732,-0.581919,-0.150752,0.206029,0.381327,-0.028731,0.136792,-0.086777,0.159740,-0.062612,0.742086,-0.317363,0.070865,0.101233,0.015418,-0.016706,0.340251,0.205655,-0.010989,0.607105,0.709485,0.372099,-0.043670,0.049866,-0.166232,-0.072165,0.595088,-0.776968,0.113806,0.006259
-2.625339,0.419863,0.748624,0.057024,0.021874,-0.982126,0.178042,-0.660457,-0.129719,0.204281,0.412875,-0.018538,-0.042586,-0.080813,0.154742,-0.093399,0.652282,-0.451523,-0.084664,0.110797,0.025263,-0.011360,0.353949,0.197554,0.001524,0.593845,0.735170,0.375042,-0.054878,0.027637,-0.177361,-0.054060,0.596505,-0.791505,0.112789,0.008737
-2.595041,0.418746,0.742120,0.058434,0.034003,-0.983759,0.166277,-0.736719,-0.126662,0.184456,0.473898,-0.038434,-0.237760,-0.097237,0.162122,-0.115665,0.605240,-0.561907,-0.113921,0.109374,0.038672,-0.002210,0.373904,0.192522,0.025043,0.583941,0.746304,0.373064,-0.051449,0.023345,-0.177227,-0.043213,0.591624,-0.796567,0.114826,0.006890
-2.565637,0.417259,0.736168,0.055831,0.044192,-0.983865,0.164134,-0.795898,-0.158531,0.146738,0.577716,-0.043393,-0.247342,-0.118496,0.168364,-0.122315,0.574196,-0.624001,-0.115985,0.093278,0.054693,0.008555,0.393536,0.185210,0.037313,0.584998,0.749410,0.368167,-0.049479,0.028727,-0.176837,-0.035244,0.595107,-0.797632,0.117283,-0.006105
-2.537690,0.415395,0.737691,0.050995,0.050970,-0.982889,0.169502,-0.824261,-0.129776,0.105132,0.719285,-0.105452,-0.247734,-0.139919,0.162425,-0.139826,0.557921,-0.626815,-0.103511,0.073180,0.066879,0.017794,0.401844,0.187923,0.025989,0.602189,0.756618,0.364991,-0.066116,0.050991,-0.174707,-0.038919,0.603393,-0.792003,0.122287,-0.022674
-2.509485,0.412942,0.742923,0.049102,0.055815,-0.980803,0.180278,-0.834712,-0.041824,0.128835,0.861587,-0.152017,-0.247746,-0.168401,0.142690,-0.167117,0.541717,-0.588859,-0.080071,0.054438,0.078350,0.022297,0.391108,0.199118,-0.005989,0.636464,0.773331,0.364297,-0.102974,0.088096,-0.169767,-0.057465,0.613164,-0.779069,0.130036,-0.037404
-2.481606,0.409792,0.750277,0.050737,0.054930,-0.979053,0.189376,-0.814211,0.068066,0.161353,0.968583,-0.180828,-0.247657,-0.198030,0.109491,-0.183714,0.519329,-0.536161,-0.051364,0.043812,0.083839,0.022145,0.365802,0.206217,-0.039324,0.679109,0.788019,0.369268,-0.144400,0.135563,-0.161004,-0.091440,0.622212,-0.756993,0.139300,-0.049262
-2.454612,0.405998,0.758147,0.054308,0.049672,-0.978398,0.193188,-0.764151,0.184721,0.197798,1.038595,-0.189755,-0.245491,-0.223415,0.071172,-0.186414,0.487045,-0.479234,-0.025864,0.041449,0.083225,0.019978,0.344240,0.210951,-0.060795,0.713927,0.794089,0.364542,-0.184448,0.182122,-0.155104,-0.127250,0.637632,-0.727651,0.150977,-0.046738
-2.428681,0.401570,0.764583,0.058840,0.044501,-0.978177,0.194236,-0.700407,0.288382,0.235585,1.082282,-0.197384,-0.197089,-0.246091,0.034918,-0.186063,0.450202,-0.430752,-0.003179,0.043515,0.079355,0.017184,0.316686,0.218996,-0.079947,0.736093,0.803744,0.361509,-0.227590,0.229803,-0.146509,-0.157894,0.650084,-0.701211,0.163542,-0.033823
-2.403756,0.396697,0.769011,0.061330,0.039812,-0.978138,0.194677,-0.626187,0.371586,0.260497,1.100107,-0.200756,-0.121417,-0.264945,0.002316,-0.181945,0.417418,-0.390252,0.018272,0.046497,0.074621,0.014288,0.291756,0.229222,-0.088891,0.740023,0.812215,0.354677,-0.251077,0.274262,-0.134432,-0.171829,0.662842,-0.683852,0.176827,-0.031202
-2.379754,0.391367,0.771307,0.062402,0.037441,-0.977831,0.196342,-0.548485,0.441809,0.270969,1.092662,-0.179781,-0.041427,-0.284619,-0.025651,-0.177491,0.395028,-0.356321,0.037978,0.048490,0.071210,0.011914,0.269810,0.240371,-0.086920,0.730646,0.816218,0.346347,-0.243343,0.312237,-0.133667,-0.168973,0.679285,-0.682557,0.191402,-0.023033
-2.356442,0.385511,0.771763,0.061460,0.037207,-0.976876,0.201373,-0.462830,0.507285,0.283372,1.053856,-0.139548,0.025503,-0.303823,-0.052387,-0.178352,0.384031,-0.326520,0.057649,0.048264,0.071336,0.009515,0.244736,0.244774,-0.073965,0.719302,0.812778,0.341658,-0.194769,0.349165,-0.141059,-0.160902,0.694462,-0.688932,0.197766,-0.011718
-2.333557,0.379022,0.770511,0.059996,0.039053,-0.975288,0.209017,-0.368335,0.578036,0.322380,0.983076,-0.097507,0.074880,-0.326375,-0.079112,-0.184183,0.385384,-0.301824,0.077504,0.042987,0.075252,0.006419,0.221914,0.237248,-0.052781,0.707738,0.797398,0.337681,-0.112777,0.375675,-0.147503,-0.148325,0.713101,-0.699958,0.207377,-0.004297
-2.310674,0.371563,0.767833,0.059556,0.042414,-0.972951,0.219137,-0.265046,0.645679,0.397330,0.880607,-0.057454,0.102696,-0.355687,-0.109223,-0.193613,0.399720,-0.280920,0.098225,0.031392,0.081829,0.002471,0.199201,0.221752,-0.039329,0.700088,0.779338,0.336870,-0.026371,0.391309,-0.151508,-0.142263,0.732575,-0.707077,0.219571,0.006135
-2.287402,0.363100,0.764354,0.059625,0.044795,-0.969922,0.231712,-0.166152,0.685828,0.477686,0.757478,0.001110,0.097395,-0.388202,-0.147318,-0.203884,0.423129,-0.261998,0.118784,0.016447,0.088056,-0.000835,0.173178,0.205508,-0.047853,0.695366,0.764442,0.329559,0.038171,0.399956,-0.152155,-0.148425,0.744376,-0.707351,0.231570,0.018286
-2.263150,0.353441,0.760516,0.060779,0.044376,-0.965835,0.247991,-0.093800,0.684896,0.517845,0.632051,0.082990,0.028358,-0.425128,-0.199904,-0.212291,0.457521,-0.245305,0.145878,0.002931,0.091744,-0.001750,0.135536,0.193638,-0.086427,0.695758,0.760263,0.319161,0.062764,0.408034,-0.147214,-0.174123,0.742749,-0.697345,0.241976,0.016649
-2.237505,0.342515,0.756664,0.061881,0.041425,-0.961366,0.265010,-0.070892,0.613346,0.418469,0.529088,0.069244,-0.172016,-0.461016,-0.262393,-0.213496,0.490262,-0.225466,0.173495,-0.002932,0.090611,0.000809,0.084218,0.188171,-0.149504,0.701320,0.763955,0.307039,0.045985,0.418533,-0.132829,-0.212899,0.728885,-0.678330,0.244669,0.005708
-2.210376,0.330507,0.754689,0.065484,0.036625,-0.953424,0.292154,-0.083236,0.518330,0.335222,0.463983,-0.073949,-0.244316,-0.485521,-0.339953,-0.221439,0.500919,-0.194825,0.189299,-0.015229,0.086398,0.004542,0.019194,0.182808,-0.227042,0.709513,0.775287,0.293010,0.012742,0.430400,-0.111795,-0.257653,0.705574,-0.656949,0.240569,-0.011521
-2.182515,0.317854,0.754949,0.070394,0.027837,-0.943735,0.321922,-0.106546,0.424170,0.287342,0.427881,-0.213298,-0.247518,-0.492794,-0.425892,-0.228695,0.468603,-0.159005,0.176205,-0.028680,0.080780,0.008663,-0.048202,0.164745,-0.303913,0.721477,0.780699,0.276406,-0.017977,0.443339,-0.090604,-0.305838,0.677085,-0.636859,0.229729,-0.030551
-2.156665,0.306091,0.752569,0.076601,0.014880,-0.933998,0.348653,-0.116622,0.344159,0.278280,0.389254,-0.309836,-0.247698,-0.483472,-0.502447,-0.224759,0.415631,-0.146103,0.091391,-0.037484,0.073370,0.012431,-0.109704,0.131602,-0.371112,0.741947,0.775892,0.266102,-0.029056,0.451342,-0.073158,-0.354602,0.651546,-0.624702,0.222348,-0.053180
-2.132539,0.294568,0.753090,0.082361,-0.000527,-0.925605,0.369422,-0.119422,0.261119,0.255600,0.351782,-0.345905,-0.247679,-0.465071,-0.568897,-0.218942,0.361275,-0.203828,-0.009454,-0.038093,0.061039,0.015074,-0.157965,0.099714,-0.435348,0.769326,0.774064,0.263764,-0.029918,0.452790,-0.057368,-0.393791,0.637613,-0.623819,0.221699,-0.072213
-2.111402,0.285040,0.754202,0.085994,-0.014113,-0.918652,0.385337,-0.128832,0.190696,0.226518,0.337641,-0.352439,-0.246881,-0.450337,-0.604610,-0.195650,0.337989,-0.298291,-0.139864,-0.037197,0.045912,0.016968,-0.188374,0.082502,-0.493505,0.793635,0.779682,0.268212,-0.031352,0.440848,-0.047457,-0.403772,0.642507,-0.640975,0.219807,-0.077939
-2.091333,0.277128,0.756416,0.087526,-0.020539,-0.912778,0.398438,-0.152501,0.140181,0.204182,0.349202,-0.347967,-0.236689,-0.455582,-0.604946,-0.149975,0.379066,-0.330466,-0.137602,-0.040133,0.034576,0.019180,-0.194418,0.083559,-0.533089,0.802975,0.782360,0.271157,-0.024675,0.414135,-0.044554,-0.385526,0.664899,-0.675370,0.221419,-0.060013
-2.073395,0.270978,0.758575,0.088039,-0.022412,-0.905540,0.414421,-0.189246,0.100866,0.178317,0.380132,-0.346409,-0.209892,-0.477822,-0.558860,-0.062013,0.497775,-0.345803,-0.046569,-0.046768,0.028818,0.022230,-0.180228,0.089734,-0.545534,0.800240,0.766137,0.272613,-0.013617,0.389439,-0.042671,-0.360460,0.680432,-0.712076,0.210839,-0.026983
-2.058220,0.266223,0.760315,0.087627,-0.021609,-0.898064,0.430506,-0.223709,0.070493,0.149725,0.410747,-0.344146,-0.183261,-0.502875,-0.471138,0.036137,0.652073,-0.382812,0.038568,-0.052599,0.025604,0.026365,-0.154418,0.104441,-0.544671,0.789964,0.739735,0.271265,-0.001342,0.370619,-0.038400,-0.345421,0.678725,-0.737018,0.194923,0.001625
-2.045039,0.262147,0.761567,0.087582,-0.019250,-0.892514,0.442015,-0.250636,0.047660,0.130398,0.432744,-0.345529,-0.164223,-0.524041,-0.378253,0.074615,0.792825,-0.427638,0.086661,-0.053012,0.022119,0.030884,-0.122981,0.130747,-0.540568,0.776394,0.712984,0.272473,0.004834,0.355282,-0.034819,-0.332949,0.662100,-0.746706,0.172750,0.016446
-2.033177,0.258143,0.762485,0.087263,-0.017503,-0.889437,0.448308,-0.265696,0.028376,0.122708,0.442882,-0.348339,-0.150261,-0.535021,-0.292496,0.069515,0.895759,-0.468111,0.125230,-0.050852,0.017756,0.035365,-0.082741,0.163185,-0.531736,0.757292,0.680892,0.267391,0.003008,0.342255,-0.041092,-0.310934,0.640619,-0.757472,0.149749,0.014075
-2.022531,0.254056,0.763005,0.087534,-0.016948,-0.886199,0.454646,-0.276102,0.007563,0.116386,0.447221,-0.351153,-0.139571,-0.532396,-0.194416,0.069477,0.949871,-0.504392,0.178979,-0.048457,0.012186,0.039734,-0.043900,0.200548,-0.526725,0.740904,0.660319,0.269166,0.006489,0.328709,-0.050987,-0.287457,0.618502,-0.763937,0.135839,-0.002106
-2.012836,0.249699,0.763434,0.087767,-0.017055,-0.881776,0.463116,-0.282266,-0.016334,0.105330,0.445593,-0.351046,-0.131926,-0.513621,-0.079944,0.092269,0.942739,-0.515134,0.242464,-0.045529,0.005557,0.042705,-0.012111,0.237945,-0.524978,0.737391,0.645333,0.275884,0.012230,0.316222,-0.060605,-0.260845,0.603030,-0.767033,0.130395,-0.018344
-2.003913,0.245032,0.763663,0.087248,-0.017276,-0.875249,0.475425,-0.284063,-0.043434,0.086515,0.438556,-0.347614,-0.126595,-0.475904,-0.000912,0.096132,0.870868,-0.503554,0.212747,-0.040432,-0.001586,0.044634,0.007521,0.272491,-0.524100,0.750921,0.629084,0.290044,0.019112,0.299321,-0.065089,-0.226952,0.597006,-0.766988,0.140485,-0.035454
-1.995950,0.240587,0.762062,0.086072,-0.020107,-0.867991,0.488651,-0.283534,-0.073777,0.066166,0.436587,-0.344791,-0.121884,-0.424199,-0.042507,-0.039820,0.783138,-0.504041,-0.045267,-0.030063,-0.010544,0.047269,0.009377,0.296428,-0.517034,0.794802,0.611718,0.322806,0.022802,0.293576,-0.072704,-0.193033,0.593765,-0.760100,0.145738,-0.045166
-1.989852,0.237039,0.762195,0.084894,-0.023949,-0.858429,0.505291,-0.286786,-0.105003,0.040879,0.445320,-0.341238,-0.118952,-0.356859,-0.101886,-0.181966,0.682475,-0.537789,-0.137325,-0.022444,-0.018487,0.050931,-0.005361,0.307958,-0.499456,0.861753,0.596430,0.377505,0.023383,0.300962,-0.088734,-0.158556,0.592546,-0.751715,0.137010,-0.041340
-1.984790,0.234219,0.764235,0.082478,-0.024188,-0.846086,0.526071,-0.301667,-0.132044,0.004303,0.472943,-0.333406,-0.116165,-0.303791,-0.128820,-0.250653,0.604934,-0.539547,-0.156611,-0.019468,-0.021615,0.057099,-0.024637,0.311255,-0.458350,0.919330,0.580204,0.444487,0.040323,0.297775,-0.101149,-0.119576,0.596539,-0.745516,0.136546,-0.032126
-1.979853,0.232210,0.765835,0.079409,-0.024007,-0.832951,0.547093,-0.340514,-0.156043,-0.022654,0.545135,-0.307727,-0.111554,-0.272007,-0.148220,-0.286875,0.565231,-0.528066,-0.127661,-0.019244,-0.018784,0.065801,-0.037125,0.311124,-0.399570,0.958503,0.566059,0.481040,0.079625,0.287928,-0.116895,-0.080664,0.605032,-0.743288,0.142453,-0.024750
-1.975647,0.230389,0.768932,0.076985,-0.020968,-0.819287,0.567805,-0.407883,-0.169689,-0.026297,0.658241,-0.256828,-0.128058,-0.258190,-0.171523,-0.332215,0.557265,-0.519773,-0.091073,-0.020155,-0.010932,0.074649,-0.038029,0.310148,-0.340674,0.972658,0.556843,0.484649,0.127365,0.274716,-0.134478,-0.048033,0.614459,-0.738649,0.146641,-0.016253
-1.972604,0.228586,0.769803,0.074341,-0.015951,-0.804074,0.589648,-0.492254,-0.176743,-0.023114,0.786458,-0.175710,-0.195314,-0.244330,-0.188911,-0.387049,0.551789,-0.522172,-0.076014,-0.024319,-0.002031,0.081682,-0.025273,0.306626,-0.310415,0.940220,0.546281,0.477073,0.140256,0.260159,-0.152152,-0.024776,0.623439,-0.729788,0.150045,-0.002283
-1.970160,0.225920,0.771242,0.066403,-0.006257,-0.785387,0.615401,-0.584106,-0.166284,0.064726,0.925619,-0.134398,-0.245511,-0.223808,-0.191404,-0.451710,0.546987,-0.527358,-0.071845,-0.041696,0.010736,0.087385,0.005594,0.322571,-0.298176,0.887844,0.533308,0.439387,0.120568,0.242918,-0.160642,-0.006112,0.635931,-0.723360,0.159811,0.011220
-1.967718,0.221948,0.770383,0.057008,0.002060,-0.769423,0.636187,-0.655603,-0.121769,0.141077,1.031836,-0.124573,-0.247653,-0.198362,-0.188370,-0.506552,0.540157,-0.531647,-0.067238,-0.060316,0.024416,0.092561,0.051332,0.345998,-0.296590,0.832111,0.518304,0.376234,0.076575,0.218914,-0.163833,0.003917,0.651334,-0.716248,0.171658,0.014099
-1.965124,0.216516,0.769900,0.052099,0.006448,-0.761669,0.645836,-0.691882,-0.058980,0.136306,1.064477,-0.155567,-0.247726,-0.177615,-0.187968,-0.535474,0.531075,-0.531914,-0.059018,-0.066753,0.033706,0.094486,0.104150,0.354460,-0.284772,0.783761,0.505554,0.328371,0.045493,0.186682,-0.160532,0.001265,0.670255,-0.710547,0.195827,-0.002468
-1.962087,0.209833,0.769974,0.049439,0.010517,-0.757785,0.650544,-0.698833,0.039161,0.171428,1.035143,-0.177161,-0.247578,-0.159061,-0.186914,-0.551432,0.518065,-0.528496,-0.047679,-0.065744,0.041005,0.092739,0.159251,0.342172,-0.263717,0.747092,0.496898,0.306150,0.037974,0.157087,-0.153054,-0.022701,0.689807,-0.702787,0.208322,-0.024563
-1.958931,0.202051,0.770713,0.048737,0.013544,-0.757522,0.650847,-0.676407,0.138565,0.208454,0.944790,-0.180194,-0.243824,-0.138869,-0.184415,-0.557636,0.495583,-0.521107,-0.034699,-0.054937,0.045093,0.088138,0.203290,0.315019,-0.245696,0.731961,0.502642,0.317334,0.042198,0.136890,-0.137191,-0.054083,0.693184,-0.697518,0.218582,-0.056553
-1.955351,0.193167,0.771539,0.048247,0.017689,-0.757886,0.650360,-0.630106,0.215473,0.291883,0.806208,-0.178326,-0.174136,-0.115882,-0.178986,-0.562716,0.465432,-0.511641,-0.019708,-0.042567,0.049530,0.080918,0.232197,0.282082,-0.233082,0.738587,0.514433,0.335361,0.051790,0.130543,-0.116669,-0.085121,0.675799,-0.693190,0.211918,-0.082872
-1.951337,0.183218,0.772138,0.048828,0.022036,-0.759977,0.647738,-0.565174,0.262958,0.382535,0.632679,-0.163245,-0.096805,-0.092784,-0.173279,-0.563315,0.430536,-0.501128,-0.003466,-0.029537,0.053417,0.071032,0.246754,0.244933,-0.233309,0.762473,0.533546,0.362293,0.056538,0.123575,-0.097866,-0.097779,0.656698,-0.690427,0.193871,-0.094559
-1.946868,0.172235,0.771884,0.049935,0.024689,-0.763296,0.643643,-0.500451,0.274557,0.442951,0.465943,-0.113072,-0.034318,-0.068989,-0.172130,-0.558676,0.398803,-0.492446,0.014404,-0.016747,0.056458,0.060214,0.257540,0.210149,-0.232286,0.799713,0.541090,0.386253,0.041889,0.120853,-0.090304,-0.096182,0.638017,-0.685204,0.168924,-0.094471
-1.941997,0.160365,0.769379,0.052322,0.023876,-0.767011,0.639052,-0.442084,0.259940,0.475904,0.362167,-0.016724,-0.039722,-0.044478,-0.181111,-0.550547,0.373472,-0.484764,0.034505,-0.005540,0.056800,0.049632,0.263296,0.173406,-0.231097,0.844290,0.537191,0.403331,0.015789,0.120524,-0.096184,-0.080372,0.623917,-0.683467,0.145244,-0.081442
-1.936664,0.148787,0.770644,0.053670,0.020698,-0.770305,0.635075,-0.405693,0.237423,0.491405,0.323573,-0.007133,-0.003177,-0.026092,-0.200795,-0.542152,0.370919,-0.478607,0.056162,0.002853,0.053683,0.041827,0.261871,0.142470,-0.242088,0.896925,0.538442,0.422971,-0.025711,0.121946,-0.110710,-0.055843,0.616935,-0.688469,0.128940,-0.063373
-1.930971,0.136914,0.771670,0.057111,0.014619,-0.771070,0.634015,-0.376727,0.206912,0.508042,0.303182,-0.011170,0.023533,-0.018904,-0.237443,-0.534086,0.397440,-0.473703,0.077406,0.008888,0.047005,0.036605,0.251560,0.115030,-0.261100,0.943761,0.543118,0.429765,-0.070378,0.126283,-0.126225,-0.042462,0.615144,-0.690643,0.126178,-0.052181
-1.926005,0.125256,0.772126,0.060915,0.009609,-0.768342,0.637062,-0.365557,0.182334,0.512786,0.313615,-0.029900,0.028708,-0.020480,-0.275637,-0.527526,0.441654,-0.456710,0.096122,0.012475,0.036154,0.034553,0.231804,0.104103,-0.297834,0.977689,0.570760,0.432762,-0.115960,0.137341,-0.130238,-0.042100,0.617485,-0.691621,0.133663,-0.045151
-1.921735,0.113612,0.773179,0.063522,0.005005,-0.763185,0.643031,-0.366834,0.164087,0.506438,0.352832,-0.061696,0.029108,-0.030180,-0.315110,-0.515511,0.507965,-0.424130,0.112716,0.013232,0.024305,0.035424,0.210562,0.103947,-0.325277,0.983588,0.596869,0.425862,-0.152323,0.150972,-0.123407,-0.051735,0.623842,-0.689483,0.147927,-0.042253
-1.917914,0.102426,0.773061,0.065380,-0.000041,-0.757120,0.649996,-0.372246,0.147406,0.494976,0.402046,-0.097656,0.030441,-0.054324,-0.358669,-0.490675,0.601599,-0.378711,0.128043,0.010717,0.013993,0.038554,0.187968,0.106016,-0.328458,0.967777,0.610314,0.417375,-0.156760,0.159709,-0.119696,-0.054071,0.637647,-0.689477,0.161451,-0.041448
-1.914686,0.091671,0.771779,0.066864,-0.006670,-0.750306,0.657667,-0.372228,0.127115,0.483405,0.443460,-0.131997,0.030949,-0.097754,-0.407629,-0.450460,0.727780,-0.319034,0.117363,0.004881,0.004169,0.043349,0.168811,0.106175,-0.309193,0.940134,0.610050,0.408016,-0.126437,0.169528,-0.122305,-0.052905,0.655198,-0.693846,0.173337,-0.034628
-1.912182,0.081185,0.768825,0.068048,-0.015092,-0.742952,0.665705,-0.363783,0.102073,0.471557,0.472258,-0.163629,0.030203,-0.156486,-0.459339,-0.397461,0.873948,-0.243780,0.087740,-0.002776,-0.007354,0.049822,0.150200,0.101061,-0.274872,0.907702,0.598392,0.397466,-0.071691,0.181564,-0.132610,-0.049369,0.672695,-0.704767,0.182765,-0.018782
-1.911160,0.070552,0.764938,0.067662,-0.024127,-0.735347,0.673872,-0.349742,0.078623,0.456045,0.495851,-0.192677,0.026935,-0.223770,-0.502789,-0.338624,1.019975,-0.179749,0.018730,-0.011651,-0.021158,0.058956,0.131615,0.102794,-0.249456,0.880891,0.595170,0.373953,-0.012116,0.199035,-0.144118,-0.047308,0.685750,-0.718633,0.191231,-0.007908
-1.911663,0.060407,0.761478,0.065311,-0.032736,-0.727653,0.682044,-0.330934,0.059919,0.438373,0.513257,-0.217309,0.021851,-0.290222,-0.532508,-0.281574,1.148469,-0.128613,-0.057109,-0.021588,-0.035623,0.070265,0.099760,0.109379,-0.249021,0.865016,0.619226,0.363782,0.052226,0.215273,-0.141432,-0.051283,0.698908,-0.725489,0.203075,-0.019792
-1.914001,0.050994,0.759239,0.063568,-0.039291,-0.720375,0.689547,-0.313790,0.046910,0.420581,0.524169,-0.235174,0.014829,-0.351058,-0.553365,-0.238770,1.244157,-0.110329,-0.065698,-0.032017,-0.049249,0.080933,0.068339,0.118017,-0.246287,0.844458,0.630535,0.360306,0.088018,0.225408,-0.130835,-0.059436,0.722860,-0.724187,0.217932,-0.039929
-1.917932,0.042119,0.758625,0.061928,-0.041912,-0.712155,0.698029,-0.299450,0.039020,0.398146,0.524133,-0.244464,0.006388,-0.412123,-0.535579,-0.190413,1.304125,-0.144074,-0.032439,-0.041620,-0.059231,0.089169,0.026512,0.133306,-0.254757,0.830433,0.646971,0.358887,0.101724,0.242928,-0.128775,-0.068064,0.734371,-0.719826,0.222633,-0.044254
-1.923317,0.033422,0.759450,0.060476,-0.040779,-0.704107,0.706338,-0.285992,0.037021,0.373719,0.512465,-0.246503,-0.004477,-0.473266,-0.487825,-0.135255,1.327116,-0.164165,0.016595,-0.048308,-0.064224,0.094448,-0.012552,0.151393,-0.267972,0.811359,0.665983,0.350133,0.100236,0.261726,-0.128208,-0.065183,0.741476,-0.721608,0.221677,-0.031170
-1.930083,0.024759,0.760588,0.060238,-0.038031,-0.697241,0.713288,-0.276245,0.039873,0.350712,0.500654,-0.247543,-0.017869,-0.524484,-0.447806,-0.093854,1.312084,-0.182100,0.083330,-0.051878,-0.066083,0.096929,-0.041450,0.165186,-0.269657,0.780991,0.674530,0.336824,0.092523,0.283694,-0.132472,-0.057633,0.740217,-0.726124,0.214667,-0.003897
-1.937991,0.015920,0.761506,0.061019,-0.033913,-0.690738,0.719728,-0.271103,0.046639,0.328119,0.492144,-0.250419,-0.033248,-0.564594,-0.417731,-0.063069,1.260934,-0.212142,0.121865,-0.054387,-0.066327,0.097822,-0.059473,0.174891,-0.263508,0.741170,0.678028,0.319783,0.095254,0.307989,-0.138990,-0.052792,0.728312,-0.730067,0.207043,0.024899
-1.946929,0.006809,0.761847,0.062743,-0.029267,-0.683664,0.726505,-0.271576,0.055455,0.303822,0.490737,-0.256386,-0.050208,-0.592718,-0.401770,-0.041549,1.176943,-0.243339,0.146174,-0.057242,-0.066191,0.097775,-0.069106,0.178321,-0.248821,0.695791,0.668283,0.299355,0.102432,0.334233,-0.142604,-0.057753,0.706598,-0.726067,0.200139,0.039869
-1.956690,-0.002670,0.761820,0.064972,-0.024193,-0.675397,0.734188,-0.274987,0.064823,0.276651,0.491673,-0.262873,-0.067995,-0.606591,-0.380098,-0.009211,1.059429,-0.268741,0.152325,-0.061122,-0.065783,0.096615,-0.072291,0.178850,-0.234354,0.652290,0.651466,0.272745,0.112646,0.359485,-0.142772,-0.067955,0.685490,-0.720991,0.196892,0.041143
-1.967103,-0.012525,0.761778,0.066494,-0.018480,-0.665950,0.742797,-0.276970,0.075420,0.246217,0.487998,-0.267298,-0.086098,-0.599991,-0.331676,0.059210,0.909602,-0.284314,0.163877,-0.065725,-0.063972,0.094244,-0.071979,0.181212,-0.226840,0.619938,0.640295,0.255249,0.121729,0.381069,-0.135629,-0.083063,0.670427,-0.714011,0.198001,0.030431
-1.978136,-0.022740,0.761540,0.066339,-0.012541,-0.656247,0.751519,-0.273969,0.089201,0.214407,0.477409,-0.269224,-0.105648,-0.565520,-0.251693,0.183434,0.736814,-0.285266,0.204196,-0.070113,-0.060149,0.090747,-0.067680,0.183170,-0.221304,0.597976,0.629460,0.243975,0.129741,0.396682,-0.123414,-0.097775,0.665526,-0.707862,0.206331,0.019707
-1.989879,-0.032956,0.759704,0.064428,-0.006500,-0.647013,0.759724,-0.267787,0.107532,0.182889,0.462187,-0.267849,-0.126482,-0.507523,-0.184585,0.298284,0.572061,-0.263878,0.227686,-0.071054,-0.054936,0.086772,-0.060932,0.186409,-0.220142,0.589703,0.623684,0.244952,0.127602,0.405801,-0.109312,-0.105442,0.671057,-0.706329,0.215617,0.014442
-2.002566,-0.041491,0.760573,0.062929,-0.002771,-0.638747,0.766834,-0.264834,0.125536,0.154018,0.453725,-0.262567,-0.148910,-0.475284,-0.164947,0.301489,0.529767,-0.274116,0.218690,-0.065435,-0.051529,0.085346,-0.056028,0.188301,-0.220913,0.593083,0.620185,0.256831,0.120497,0.408333,-0.097152,-0.106701,0.684219,-0.708667,0.224582,0.015491
-2.017179,-0.050339,0.759829,0.059811,-0.000064,-0.629301,0.774857,-0.269943,0.149956,0.122530,0.462363,-0.259077,-0.174926,-0.476651,-0.148074,0.257376,0.565433,-0.298886,0.186178,-0.058887,-0.048492,0.087962,-0.050479,0.190382,-0.220087,0.607664,0.619114,0.271248,0.118869,0.402638,-0.086378,-0.100910,0.705438,-0.714910,0.234471,0.023824
-2.032451,-0.058635,0.759210,0.054762,0.005592,-0.621210,0.781708,-0.281807,0.183139,0.091400,0.474576,-0.249958,-0.201497,-0.481383,-0.124415,0.206052,0.597320,-0.304221,0.149628,-0.053112,-0.040833,0.092371,-0.039182,0.189104,-0.206462,0.629801,0.609042,0.296000,0.120075,0.386551,-0.076636,-0.091145,0.729540,-0.723004,0.242157,0.033370
-2.048041,-0.066610,0.758703,0.050706,0.012085,-0.611505,0.789522,-0.297837,0.214487,0.061106,0.481052,-0.229683,-0.221452,-0.483892,-0.102419,0.158725,0.619848,-0.314497,0.120553,-0.048426,-0.029802,0.096324,-0.024590,0.180825,-0.191926,0.656513,0.596374,0.324299,0.127821,0.367956,-0.070519,-0.085629,0.746124,-0.727643,0.249743,0.046634
-2.063578,-0.073905,0.759224,0.046921,0.019650,-0.597507,0.800248,-0.317113,0.240774,0.027741,0.473381,-0.193417,-0.231961,-0.476156,-0.085969,0.107984,0.618142,-0.323383,0.095017,-0.044735,-0.017351,0.099504,-0.016649,0.174196,-0.196861,0.692508,0.593085,0.349696,0.130793,0.349647,-0.067520,-0.081227,0.750653,-0.735424,0.254314,0.048802
-2.079055,-0.080747,0.761100,0.040923,0.028267,-0.578071,0.814469,-0.341789,0.270210,-0.000342,0.461100,-0.143941,-0.236993,-0.455428,-0.071424,0.046300,0.592220,-0.323169,0.067860,-0.042438,-0.002631,0.102986,-0.017013,0.174741,-0.221315,0.738229,0.597848,0.370258,0.120686,0.333366,-0.060578,-0.083596,0.747990,-0.736674,0.249933,0.038314
-2.094448,-0.087487,0.765705,0.035303,0.036213,-0.556296,0.829444,-0.367196,0.306377,0.018052,0.447392,-0.090858,-0.229307,-0.431747,-0.060328,-0.018115,0.557804,-0.315557,0.042293,-0.043388,0.015523,0.106705,-0.019041,0.175662,-0.257396,0.789283,0.604640,0.386165,0.087264,0.316485,-0.055627,-0.097664,0.739973,-0.729483,0.242357,0.016424
-2.109346,-0.093117,0.770502,0.030744,0.043266,-0.532433,0.844806,-0.393803,0.360380,0.125644,0.445098,-0.046081,-0.186955,-0.410843,-0.053603,-0.082694,0.522290,-0.305422,0.019676,-0.047695,0.036189,0.110079,-0.017347,0.175889,-0.296097,0.835199,0.612674,0.395797,0.045402,0.297500,-0.054528,-0.119948,0.728216,-0.716349,0.238517,-0.013516
-2.123757,-0.097983,0.772789,0.027062,0.049135,-0.508907,0.858992,-0.408640,0.413000,0.280323,0.462554,-0.032901,-0.130182,-0.395583,-0.048917,-0.143575,0.489785,-0.296249,-0.000174,-0.051727,0.057246,0.112583,-0.005324,0.176492,-0.328034,0.864899,0.620259,0.400564,0.010287,0.269760,-0.056449,-0.138769,0.713699,-0.702657,0.247873,-0.037560
-2.136465,-0.100923,0.774048,0.024245,0.053673,-0.487571,0.871095,-0.417170,0.442380,0.398517,0.517005,-0.079206,-0.093115,-0.381043,-0.044194,-0.196990,0.457781,-0.282769,-0.017762,-0.049936,0.075023,0.113610,0.010769,0.178233,-0.344111,0.879039,0.620865,0.397905,-0.002247,0.247753,-0.066041,-0.155754,0.698145,-0.688040,0.246165,-0.055262
-2.149232,-0.103776,0.775335,0.022647,0.056352,-0.467616,0.881843,-0.428943,0.449262,0.466889,0.604150,-0.123122,-0.073493,-0.367772,-0.040450,-0.245643,0.426249,-0.270714,-0.034622,-0.043797,0.089119,0.114059,0.029541,0.178941,-0.343514,0.883762,0.608033,0.395551,-0.002701,0.229299,-0.081317,-0.169838,0.681955,-0.678815,0.242160,-0.069471
-2.161792,-0.106676,0.776140,0.020958,0.056997,-0.448365,0.891785,-0.442657,0.440898,0.491849,0.711700,-0.160094,-0.064127,-0.355729,-0.037662,-0.290798,0.402266,-0.262602,-0.050806,-0.034947,0.099961,0.113399,0.048496,0.182722,-0.336338,0.883326,0.590003,0.395618,0.000160,0.216693,-0.097257,-0.184494,0.664243,-0.670703,0.236333,-0.083908
-2.174223,-0.109651,0.776368,0.019697,0.055850,-0.429139,0.901295,-0.451987,0.424797,0.496265,0.824549,-0.192873,-0.076971,-0.345315,-0.037054,-0.333126,0.385404,-0.258173,-0.066759,-0.026079,0.108043,0.111400,0.067426,0.191099,-0.332157,0.876674,0.573840,0.396895,-0.004707,0.213803,-0.113270,-0.206566,0.653152,-0.659726,0.215825,-0.100228
-2.186621,-0.112748,0.776152,0.019415,0.053973,-0.409899,0.910326,-0.448886,0.412607,0.507808,0.932772,-0.212208,-0.095101,-0.338433,-0.038647,-0.372840,0.374782,-0.256554,-0.083136,-0.019676,0.113999,0.108048,0.079091,0.202959,-0.332147,0.868215,0.562222,0.395178,-0.021086,0.206463,-0.127444,-0.228305,0.640518,-0.648824,0.203075,-0.116999