2.440982,-2.074335,0.780164,0.029549,-0.051519,0.010437,-0.998180,-0.545847,0.039325,0.003975,0.308572,0.025659,-0.041077,-0.054268,0.108783,-0.216105,0.268857,-0.247700,-0.026790,0.060881,0.090756,-0.008155,0.127070,0.128483,-0.269902,0.851527,0.784856,0.132042,0.099336,-0.067894,-0.096537,0.124308,0.771466,-0.780244,0.057373,-0.133920
2.454654,-2.074520,0.779049,0.027852,-0.053981,0.012450,-0.998076,-0.542299,0.022587,-0.029018,0.242918,0.046222,-0.045908,-0.031578,0.107971,-0.209018,0.254198,-0.246966,-0.024496,0.070855,0.082527,-0.008610,0.141571,0.116440,-0.241614,0.847570,0.761140,0.136579,0.106211,-0.074253,-0.099438,0.135010,0.767192,-0.765731,0.064206,-0.136495
2.469224,-2.074489,0.776169,0.026119,-0.055612,0.015456,-0.997991,-0.535724,0.010975,-0.057381,0.220194,0.057875,-0.052878,-0.006897,0.106740,-0.200778,0.242041,-0.247721,-0.022146,0.078945,0.074331,-0.008148,0.156092,0.106865,-0.218355,0.842858,0.741240,0.139969,0.109746,-0.077018,-0.101096,0.146482,0.763009,-0.756701,0.070122,-0.140187
2.484106,-2.073932,0.775388,0.024915,-0.056488,0.018660,-0.997918,-0.531617,0.009709,-0.052559,0.241345,0.075202,-0.030184,0.016624,0.103741,-0.194204,0.236537,-0.247567,-0.019082,0.084455,0.066480,-0.007078,0.168343,0.103478,-0.208619,0.839991,0.737129,0.142104,0.107681,-0.075355,-0.102022,0.159071,0.758225,-0.752243,0.074108,-0.144898
2.500230,-2.073162,0.774408,0.021905,-0.056965,0.021466,-0.997905,-0.523714,0.006858,-0.038967,0.274742,0.083290,-0.018078,0.040177,0.095299,-0.189542,0.235569,-0.242890,-0.015908,0.088814,0.057321,-0.005359,0.175064,0.103571,-0.213087,0.843271,0.750239,0.143783,0.100494,-0.067511,-0.104368,0.170814,0.752777,-0.750357,0.076947,-0.150651
2.516621,-2.072186,0.776155,0.017711,-0.057067,0.022716,-0.997955,-0.513466,-0.000313,-0.026311,0.298675,0.077123,-0.014657,0.060926,0.081794,-0.189099,0.241856,-0.227851,-0.014266,0.091985,0.046104,-0.002840,0.175041,0.104332,-0.223365,0.855542,0.771686,0.147401,0.091063,-0.052139,-0.106892,0.180214,0.748698,-0.748692,0.080115,-0.156584
2.534346,-2.071397,0.781425,0.013008,-0.056869,0.021879,-0.998057,-0.493559,-0.009359,-0.015846,0.312304,0.063754,-0.022705,0.079794,0.066582,-0.193984,0.262174,-0.195376,-0.015895,0.093336,0.033252,0.000569,0.168627,0.103426,-0.231719,0.875922,0.792416,0.154430,0.081525,-0.030171,-0.108995,0.188603,0.748381,-0.747415,0.084849,-0.159172
2.552032,-2.070810,0.785212,0.007358,-0.056650,0.019586,-0.998175,-0.467298,-0.021206,-0.007981,0.313950,0.044756,-0.033043,0.091123,0.048487,-0.199746,0.287696,-0.151047,-0.021539,0.092396,0.019475,0.004324,0.157312,0.099699,-0.236662,0.900554,0.809708,0.163448,0.073341,-0.004801,-0.113096,0.199968,0.752402,-0.749473,0.090675,-0.153802
2.569746,-2.070409,0.788590,0.001541,-0.056212,0.016718,-0.998278,-0.436954,-0.034701,-0.003563,0.308607,0.024994,-0.041256,0.093757,0.028894,-0.203779,0.327819,-0.096244,-0.022496,0.089246,0.005732,0.008103,0.142848,0.094608,-0.240723,0.924880,0.824985,0.170915,0.068079,0.020905,-0.120811,0.217536,0.759772,-0.757336,0.095365,-0.138910
2.587305,-2.070168,0.791132,-0.004503,-0.055402,0.013760,-0.998359,-0.407013,-0.049702,-0.001145,0.304059,0.006207,-0.039236,0.084127,0.007052,-0.201980,0.391038,-0.036928,-0.006699,0.084094,-0.007473,0.012258,0.126336,0.088758,-0.247173,0.946246,0.839490,0.173113,0.066560,0.045206,-0.133580,0.240807,0.768621,-0.771723,0.097284,-0.116318
2.604525,-2.070075,0.791853,-0.011310,-0.053891,0.011211,-0.998420,-0.380646,-0.066441,0.001541,0.307403,-0.015157,-0.028286,0.053660,-0.019516,-0.195957,0.493695,0.022648,0.011749,0.077241,-0.020617,0.017856,0.108091,0.082260,-0.258254,0.963976,0.853933,0.168969,0.067585,0.067652,-0.151176,0.265673,0.776874,-0.790907,0.096799,-0.088185
2.621339,-2.070041,0.790030,-0.019273,-0.051449,0.009614,-0.998443,-0.358024,-0.085036,0.006263,0.320474,-0.042252,-0.014179,-0.002183,-0.052912,-0.185783,0.639309,0.095876,0.029617,0.069054,-0.034342,0.025306,0.087982,0.075247,-0.273493,0.977799,0.867918,0.159862,0.068880,0.088687,-0.171644,0.285658,0.782045,-0.811237,0.095751,-0.057614
2.638134,-2.070036,0.786213,-0.029152,-0.048205,0.009489,-0.998367,-0.337464,-0.106116,0.014667,0.341343,-0.076535,-0.002025,-0.082426,-0.095746,-0.169952,0.816054,0.187430,0.058504,0.059834,-0.049248,0.034269,0.066148,0.067280,-0.288293,0.986961,0.878482,0.148735,0.069232,0.109399,-0.192369,0.293503,0.781134,-0.827958,0.097068,-0.030821
2.655226,-2.070285,0.781870,-0.040188,-0.044609,0.010680,-0.998139,-0.314575,-0.128076,0.025102,0.361670,-0.114336,0.004968,-0.175674,-0.142828,-0.144955,0.990362,0.295222,0.097492,0.049720,-0.065383,0.043582,0.043248,0.058892,-0.294193,0.990536,0.880110,0.139048,0.070676,0.131250,-0.207619,0.283995,0.772130,-0.835262,0.103101,-0.017226
2.672862,-2.070946,0.778200,-0.050325,-0.041322,0.012835,-0.997795,-0.287455,-0.147385,0.034490,0.375400,-0.150060,0.008849,-0.270851,-0.180404,-0.108600,1.137514,0.376962,0.175880,0.039189,-0.081012,0.052005,0.019508,0.051717,-0.281739,0.994018,0.869312,0.128863,0.080243,0.154497,-0.207337,0.260064,0.754947,-0.830520,0.118889,-0.025670
2.691118,-2.072164,0.775373,-0.058551,-0.038609,0.016103,-0.997408,-0.258870,-0.161937,0.042628,0.386057,-0.183076,0.012810,-0.368958,-0.184210,-0.063775,1.247923,0.369585,0.188900,0.029715,-0.093705,0.059128,-0.002739,0.041915,-0.255709,0.989022,0.847693,0.127092,0.099017,0.178928,-0.202479,0.223549,0.735189,-0.811999,0.131711,-0.051812
2.710189,-2.074021,0.773187,-0.063765,-0.036876,0.020308,-0.997077,-0.231636,-0.169646,0.048978,0.398395,-0.216900,0.017181,-0.459016,-0.182578,-0.037780,1.306141,0.296922,0.186853,0.022613,-0.101645,0.064064,-0.025006,0.030051,-0.225836,0.976750,0.823356,0.132785,0.126220,0.205866,-0.193981,0.184991,0.714258,-0.788547,0.141144,-0.083994
2.730307,-2.076430,0.771600,-0.065369,-0.035821,0.023201,-0.996948,-0.203015,-0.171011,0.050185,0.409331,-0.250820,0.021997,-0.537927,-0.194024,-0.036460,1.311684,0.207461,0.170608,0.015446,-0.104611,0.067158,-0.042600,0.020698,-0.204433,0.960678,0.803410,0.135201,0.159560,0.229484,-0.185430,0.154889,0.699564,-0.767186,0.147390,-0.108552
2.751434,-2.079399,0.770137,-0.065335,-0.035472,0.024575,-0.996930,-0.174850,-0.169226,0.047815,0.422131,-0.286000,0.026337,-0.602013,-0.200823,-0.043183,1.268294,0.092456,0.150656,0.007143,-0.103418,0.069305,-0.056385,0.016860,-0.198769,0.943249,0.790072,0.126512,0.187334,0.245897,-0.181653,0.136648,0.694612,-0.753666,0.150396,-0.119088
2.773609,-2.082702,0.768847,-0.063297,-0.036030,0.024766,-0.997037,-0.142353,-0.163740,0.041967,0.426843,-0.318036,0.029302,-0.653168,-0.210999,-0.059070,1.177249,0.004045,0.130795,-0.001832,-0.098790,0.070891,-0.073009,0.018891,-0.210942,0.925045,0.784502,0.110780,0.200275,0.259587,-0.179940,0.126990,0.691835,-0.749266,0.150459,-0.118584
2.796714,-2.086290,0.767223,-0.060228,-0.037742,0.024560,-0.997168,-0.104707,-0.155641,0.034745,0.419703,-0.344685,0.029742,-0.692252,-0.210986,-0.069094,1.046433,-0.044737,0.111324,-0.010536,-0.091417,0.071932,-0.089843,0.027915,-0.237221,0.904635,0.785735,0.088275,0.202342,0.269505,-0.178183,0.120826,0.691071,-0.750622,0.149000,-0.114216
2.820677,-2.090198,0.764689,-0.057153,-0.040901,0.024679,-0.997222,-0.062869,-0.146345,0.028144,0.400635,-0.367002,0.027233,-0.718066,-0.206537,-0.074274,0.883940,-0.063496,0.105679,-0.017662,-0.082377,0.071784,-0.104814,0.042255,-0.270467,0.881663,0.791423,0.061285,0.203594,0.276548,-0.174526,0.113727,0.693064,-0.754173,0.148245,-0.111124
2.845454,-2.094485,0.761541,-0.054506,-0.045768,0.024853,-0.997154,-0.019583,-0.136634,0.022694,0.372334,-0.381216,0.022407,-0.728780,-0.202155,-0.077848,0.695138,-0.060767,0.108671,-0.023083,-0.072797,0.069950,-0.116726,0.058956,-0.303471,0.858045,0.798535,0.032828,0.213311,0.281630,-0.167953,0.103987,0.698001,-0.758826,0.149679,-0.108928
2.871128,-2.099219,0.758285,-0.051824,-0.051524,0.024009,-0.997037,0.022907,-0.125908,0.017164,0.341652,-0.384153,0.015811,-0.729868,-0.194098,-0.068699,0.501545,-0.056071,0.109683,-0.028084,-0.062774,0.067253,-0.124496,0.074919,-0.331436,0.837732,0.804384,0.006986,0.234280,0.285917,-0.158508,0.091865,0.704790,-0.765004,0.153143,-0.105145
2.898081,-2.104755,0.754810,-0.050382,-0.056652,0.022125,-0.996876,0.063198,-0.115891,0.011919,0.320394,-0.379395,0.007776,-0.721468,-0.187339,-0.051949,0.328959,-0.064899,0.113978,-0.032612,-0.052948,0.064901,-0.126955,0.086540,-0.352699,0.825452,0.806678,-0.011312,0.260604,0.291948,-0.148679,0.077742,0.711317,-0.772577,0.157211,-0.099416
2.926414,-2.111402,0.751902,-0.049755,-0.059709,0.019969,-0.996775,0.101246,-0.104809,0.007550,0.316157,-0.367650,-0.000529,-0.717035,-0.185854,-0.044413,0.232342,-0.056124,0.166384,-0.036504,-0.043726,0.064326,-0.122924,0.094621,-0.367012,0.823457,0.805170,-0.017781,0.281933,0.299764,-0.138757,0.063829,0.717674,-0.780789,0.159986,-0.093583
2.956693,-2.119121,0.755052,-0.045914,-0.061812,0.019450,-0.996841,0.139431,-0.085527,0.005318,0.329163,-0.334096,-0.012041,-0.723368,-0.178789,-0.049415,0.245099,-0.043540,0.177903,-0.039985,-0.033378,0.064853,-0.110348,0.105361,-0.372668,0.828882,0.801756,-0.010825,0.291812,0.303798,-0.125283,0.054779,0.728681,-0.790343,0.161337,-0.089679
2.988048,-2.127809,0.755184,-0.040024,-0.062790,0.021202,-0.996998,0.166920,-0.060446,0.002448,0.360953,-0.267135,-0.025016,-0.734392,-0.162543,-0.060297,0.329004,0.005649,0.138303,-0.042783,-0.019829,0.064960,-0.084974,0.118074,-0.367800,0.837999,0.796649,0.007703,0.291681,0.302914,-0.111345,0.050837,0.748978,-0.803430,0.164407,-0.087999
3.020418,-2.137018,0.751363,-0.030397,-0.063618,0.026177,-0.997168,0.186008,-0.028760,0.003269,0.410941,-0.171928,-0.026950,-0.733663,-0.133091,-0.068940,0.416756,0.060116,0.125517,-0.045081,-0.001076,0.064448,-0.043502,0.131853,-0.348949,0.847064,0.785171,0.037398,0.286218,0.294615,-0.096749,0.051521,0.779554,-0.820794,0.170337,-0.084660
3.053042,-2.146229,0.749256,-0.018035,-0.064063,0.032997,-0.997237,0.178798,0.006630,0.007870,0.501976,-0.033635,-0.014004,-0.718780,-0.102655,-0.089927,0.490810,0.062143,0.103048,-0.046461,0.022532,0.064968,0.010197,0.143064,-0.322432,0.855032,0.763015,0.076240,0.275950,0.279470,-0.082162,0.051767,0.813777,-0.838209,0.177355,-0.076789
3.084275,-2.155154,0.749427,-0.004136,-0.064098,0.037037,-0.997248,0.129343,0.049705,0.012025,0.647471,0.123080,-0.059582,-0.699347,-0.074415,-0.118186,0.546605,0.027831,0.087553,-0.047389,0.048692,0.067865,0.063121,0.155157,-0.309869,0.863033,0.737530,0.115195,0.253564,0.259380,-0.067862,0.046502,0.841744,-0.849527,0.179744,-0.066608
3.115389,-2.163926,0.749668,0.011845,-0.063664,0.035157,-0.997282,0.042294,0.100638,0.005181,0.832808,0.282872,-0.131695,-0.668806,-0.046074,-0.149977,0.590007,-0.026531,0.049273,-0.046917,0.076065,0.072327,0.106970,0.183979,-0.335268,0.868827,0.725126,0.134322,0.205598,0.229689,-0.054806,0.032261,0.868523,-0.852784,0.168716,-0.064076
3.146967,-2.172343,0.751273,0.026715,-0.061808,0.030677,-0.997259,-0.063632,0.108699,-0.044880,1.018156,0.369417,-0.181994,-0.621599,-0.020158,-0.181841,0.612310,-0.085083,0.032414,-0.043029,0.102664,0.076891,0.142808,0.221160,-0.401284,0.862170,0.742988,0.129930,0.133987,0.205913,-0.042509,0.019339,0.882394,-0.854081,0.147741,-0.082572
3.179135,-2.180160,0.754390,0.037739,-0.058874,0.024482,-0.997251,-0.167559,0.064935,-0.108633,1.171163,0.348645,-0.219461,-0.562450,-0.000141,-0.209499,0.616152,-0.138040,0.023409,-0.039694,0.124377,0.080842,0.172442,0.268308,-0.479629,0.843508,0.776107,0.099353,0.062272,0.178801,-0.036376,0.011106,0.882988,-0.857726,0.128594,-0.111233
3.212147,-2.187498,0.758860,0.044000,-0.054946,0.018344,-0.997351,-0.265702,0.023313,-0.139324,1.277004,0.298185,-0.187324,-0.490793,0.015629,-0.230468,0.599135,-0.181096,0.016498,-0.037704,0.139768,0.083769,0.206354,0.293730,-0.537398,0.822180,0.802525,0.074486,0.028042,0.152960,-0.031276,0.013097,0.870934,-0.865972,0.119690,-0.145355
3.245805,-2.194218,0.763584,0.048029,-0.050568,0.014125,-0.997465,-0.359850,0.018826,-0.136297,1.331097,0.253217,-0.171135,-0.412224,0.031627,-0.245045,0.568143,-0.213651,0.012828,-0.033616,0.150146,0.085633,0.245947,0.310681,-0.548441,0.792669,0.797167,0.063752,0.019363,0.121498,-0.033061,0.022290,0.861542,-0.872837,0.111935,-0.171947
3.279924,-2.200395,0.767556,0.052026,-0.046548,0.012969,-0.997476,-0.446062,0.020742,-0.127243,1.331884,0.188086,-0.147320,-0.333318,0.051050,-0.253039,0.532477,-0.237397,0.012538,-0.024599,0.157535,0.085828,0.290905,0.313612,-0.525243,0.762388,0.763737,0.068921,0.034200,0.086602,-0.037687,0.039417,0.852573,-0.877073,0.102901,-0.184027
3.314440,-2.206423,0.770708,0.054722,-0.043471,0.014351,-0.997452,-0.524996,0.018665,-0.114695,1.284726,0.102004,-0.122239,-0.255148,0.070993,-0.253679,0.492961,-0.252406,0.014671,-0.011516,0.162203,0.083906,0.333446,0.306241,-0.490740,0.735036,0.720391,0.078122,0.059437,0.051086,-0.046778,0.062416,0.839287,-0.877702,0.088842,-0.182403
3.349124,-2.212339,0.772415,0.057446,-0.042270,0.016907,-0.997310,-0.590653,0.014817,-0.102909,1.187499,0.019748,-0.100403,-0.181836,0.091440,-0.249330,0.454826,-0.263322,0.018715,0.004148,0.164408,0.079905,0.367033,0.298707,-0.461455,0.711986,0.686063,0.084583,0.078237,0.016507,-0.058823,0.087906,0.819558,-0.873645,0.069358,-0.175305
3.383861,-2.218255,0.772084,0.059308,-0.043090,0.019702,-0.997115,-0.645727,0.016421,-0.087124,1.046913,-0.045631,-0.084634,-0.111545,0.110911,-0.239569,0.414214,-0.272049,0.024264,0.020918,0.164361,0.074423,0.387502,0.293945,-0.443774,0.693515,0.670902,0.087646,0.083594,-0.016890,-0.073736,0.112953,0.794416,-0.865740,0.048538,-0.170823
3.418659,-2.224024,0.769086,0.060858,-0.045938,0.022574,-0.996833,-0.688437,0.020874,-0.069010,0.870751,-0.066999,-0.055064,-0.043578,0.129558,-0.226073,0.370870,-0.282006,0.029533,0.038393,0.162163,0.067954,0.392547,0.291751,-0.435461,0.683833,0.673151,0.087452,0.081985,-0.046719,-0.090155,0.136900,0.766868,-0.855841,0.029266,-0.173354
3.453646,-2.229531,0.764427,0.060784,-0.050768,0.026215,-0.996514,-0.713090,0.022520,-0.058331,0.661615,-0.062640,-0.059270,0.023466,0.143652,-0.211012,0.322086,-0.288073,0.035048,0.056334,0.157117,0.060571,0.388576,0.287574,-0.427956,0.679511,0.686555,0.085768,0.081943,-0.077020,-0.107588,0.158382,0.736549,-0.845409,0.018066,-0.175700
3.489050,-2.234671,0.759569,0.058995,-0.056458,0.031816,-0.996153,-0.725042,0.018246,-0.059491,0.444693,-0.023696,-0.033034,0.088063,0.151519,-0.194053,0.273784,-0.280134,0.041535,0.074610,0.149052,0.053387,0.378821,0.278181,-0.414096,0.682466,0.701713,0.085860,0.086628,-0.102620,-0.123812,0.176481,0.705395,-0.834371,0.013311,-0.178766
3.525393,-2.239139,0.755079,0.057863,-0.061416,0.039525,-0.995649,-0.727595,0.020291,-0.055013,0.260149,-0.025269,-0.030317,0.146776,0.155713,-0.172955,0.241820,-0.262159,0.048659,0.091556,0.139324,0.047734,0.368584,0.264840,-0.389204,0.693772,0.713631,0.092145,0.093578,-0.120024,-0.134624,0.190480,0.677601,-0.821216,0.013087,-0.184884
3.563999,-2.243120,0.756415,0.056396,-0.064078,0.048576,-0.995165,-0.734069,0.022402,-0.041889,0.184788,-0.036574,-0.034782,0.201586,0.154821,-0.146320,0.242808,-0.229323,0.052937,0.106743,0.128386,0.045147,0.358266,0.246166,-0.354683,0.714053,0.722538,0.107300,0.100838,-0.126154,-0.140847,0.199713,0.657269,-0.804693,0.016661,-0.193970
3.603788,-2.246606,0.754215,0.052607,-0.063503,0.057976,-0.994906,-0.749591,0.020242,-0.031671,0.249410,-0.021623,-0.017052,0.240517,0.142391,-0.117456,0.276587,-0.178524,0.051204,0.119916,0.113994,0.045888,0.346948,0.221044,-0.314967,0.744097,0.729878,0.131104,0.111141,-0.118651,-0.146543,0.205744,0.646713,-0.785887,0.023783,-0.201571
3.644997,-2.249920,0.750262,0.044126,-0.060544,0.065169,-0.995058,-0.762031,0.007499,-0.015176,0.373373,0.030531,0.023064,0.265339,0.117981,-0.084161,0.344355,-0.093550,0.055589,0.129288,0.093760,0.049023,0.331555,0.189483,-0.277343,0.784503,0.737195,0.159770,0.125744,-0.096490,-0.157338,0.209812,0.645454,-0.768971,0.035836,-0.203650
3.686771,-2.253163,0.742784,0.030395,-0.055864,0.068918,-0.995593,-0.755500,-0.013450,0.006378,0.485559,0.073188,0.044180,0.257678,0.082953,-0.050677,0.470205,0.029494,0.095307,0.134627,0.066476,0.055197,0.307848,0.156560,-0.249570,0.833560,0.747217,0.186347,0.137229,-0.060816,-0.173430,0.211053,0.652179,-0.756870,0.054923,-0.200606
3.727202,-2.256228,0.739871,0.014505,-0.050238,0.068362,-0.996289,-0.731379,-0.039087,0.034091,0.571972,0.062950,0.054497,0.203416,0.042473,-0.028055,0.664618,0.190921,0.156202,0.135132,0.034707,0.064194,0.272042,0.131038,-0.236618,0.885134,0.764061,0.202702,0.133939,-0.016761,-0.188146,0.209958,0.666843,-0.748772,0.081114,-0.192536
3.766458,-2.259368,0.741950,-0.003041,-0.044647,0.065631,-0.996840,-0.691437,-0.072579,0.062118,0.621601,0.018409,0.083948,0.099738,-0.001584,-0.009059,0.894449,0.339564,0.225197,0.129925,0.002195,0.074771,0.224527,0.114488,-0.236838,0.929636,0.789207,0.203683,0.116596,0.024755,-0.201036,0.212520,0.689174,-0.745490,0.110398,-0.173057
3.805031,-2.262785,0.745222,-0.021859,-0.040289,0.062945,-0.996964,-0.638803,-0.109002,0.087493,0.644580,-0.042261,0.096894,-0.028184,-0.021057,0.031586,1.103691,0.368983,0.245133,0.119368,-0.028336,0.084682,0.169677,0.103592,-0.239801,0.957277,0.818418,0.193502,0.103716,0.056066,-0.216963,0.225027,0.716247,-0.750918,0.135046,-0.138415
3.843587,-2.266286,0.750228,-0.036165,-0.036646,0.060086,-0.996865,-0.568959,-0.141410,0.101698,0.635223,-0.094875,0.103565,-0.163938,-0.016868,0.071127,1.263039,0.296191,0.233770,0.107825,-0.053109,0.091391,0.112681,0.097125,-0.233743,0.963780,0.843319,0.183283,0.111126,0.082526,-0.232361,0.245203,0.743441,-0.765829,0.148750,-0.099295
3.882440,-2.269978,0.756008,-0.046530,-0.033931,0.055704,-0.996785,-0.489616,-0.170603,0.104270,0.605810,-0.135573,0.106641,-0.294789,-0.041123,0.078271,1.352604,0.231063,0.230693,0.096695,-0.070715,0.094740,0.057448,0.088976,-0.215400,0.952457,0.855175,0.176588,0.135827,0.112839,-0.245601,0.262065,0.765293,-0.785273,0.154149,-0.070955
3.921936,-2.273962,0.761346,-0.055056,-0.031523,0.047915,-0.996835,-0.406522,-0.199812,0.095677,0.570069,-0.165157,0.109108,-0.416522,-0.082029,0.069825,1.377214,0.160088,0.190327,0.083570,-0.082660,0.095563,0.002836,0.077643,-0.188768,0.935196,0.853598,0.162592,0.164578,0.153499,-0.247463,0.267779,0.775108,-0.801404,0.163094,-0.058610
3.962289,-2.278100,0.765824,-0.060781,-0.029772,0.037263,-0.997011,-0.321501,-0.225174,0.075691,0.532648,-0.185731,0.113246,-0.516313,-0.132380,0.044867,1.335167,0.073973,0.141738,0.068369,-0.090010,0.093755,-0.043532,0.069175,-0.169811,0.905847,0.843469,0.136665,0.185698,0.194567,-0.249580,0.261024,0.780942,-0.798859,0.164247,-0.050413
4.003250,-2.282419,0.768538,-0.065100,-0.029022,0.024709,-0.997151,-0.239471,-0.246150,0.047183,0.501058,-0.206068,0.117158,-0.598523,-0.174879,0.013245,1.241544,0.002192,0.112128,0.051783,-0.093973,0.090608,-0.090430,0.066153,-0.165719,0.867961,0.833166,0.102835,0.193230,0.236156,-0.251239,0.248472,0.779619,-0.786249,0.157954,-0.043304
4.044564,-2.286615,0.769293,-0.067087,-0.030202,0.011561,-0.997223,-0.160759,-0.259734,0.011879,0.470328,-0.223820,0.119065,-0.658267,-0.201741,-0.022294,1.096518,-0.061333,0.091283,0.035670,-0.095648,0.086049,-0.138305,0.071533,-0.177022,0.823655,0.828358,0.066951,0.193204,0.272491,-0.251424,0.237606,0.773754,-0.772924,0.146770,-0.038144
4.086230,-2.290693,0.767626,-0.068447,-0.033162,-0.000740,-0.997103,-0.083653,-0.267646,-0.025710,0.436932,-0.236759,0.119656,-0.700777,-0.217056,-0.055322,0.908919,-0.093023,0.098297,0.021052,-0.095873,0.080217,-0.185140,0.082202,-0.197761,0.775087,0.829026,0.035316,0.193605,0.300981,-0.251601,0.229934,0.767230,-0.766088,0.136876,-0.036941
4.128352,-2.294683,0.764501,-0.069281,-0.037834,-0.011158,-0.996817,-0.004391,-0.269276,-0.063077,0.393247,-0.239937,0.118950,-0.718390,-0.219180,-0.081670,0.680442,-0.116611,0.102792,0.008039,-0.095303,0.071930,-0.226099,0.094856,-0.219723,0.725309,0.831621,0.011788,0.199213,0.321399,-0.249863,0.222340,0.763002,-0.768134,0.133747,-0.037734
4.170834,-2.298640,0.761673,-0.068161,-0.043543,-0.020152,-0.996520,0.076050,-0.261927,-0.098680,0.340749,-0.225873,0.121793,-0.715538,-0.204002,-0.091422,0.430106,-0.128886,0.112699,-0.004310,-0.092648,0.061693,-0.256763,0.106649,-0.237906,0.678650,0.832094,-0.002560,0.209892,0.335983,-0.242103,0.207410,0.760409,-0.775839,0.139923,-0.038067
4.214733,-2.303039,0.763321,-0.066873,-0.047812,-0.029071,-0.996191,0.152662,-0.250121,-0.125533,0.312974,-0.199819,0.126293,-0.709958,-0.186460,-0.079357,0.238134,-0.130853,0.164615,-0.017087,-0.086702,0.052057,-0.274117,0.112968,-0.251676,0.640466,0.826348,-0.009530,0.222900,0.351082,-0.228219,0.176100,0.755656,-0.781318,0.154377,-0.041158
4.259010,-2.307721,0.760393,-0.064857,-0.049371,-0.036560,-0.996002,0.211491,-0.232645,-0.142731,0.317826,-0.159852,0.114924,-0.715249,-0.179175,-0.078371,0.196218,-0.128286,0.234553,-0.030120,-0.077976,0.044565,-0.275416,0.117189,-0.261566,0.613741,0.814283,-0.010669,0.233849,0.366374,-0.204892,0.129815,0.748833,-0.777331,0.171667,-0.052987
4.303557,-2.312268,0.755906,-0.056412,-0.049148,-0.039896,-0.996399,0.256842,-0.204336,-0.156031,0.349341,-0.098940,0.090277,-0.728380,-0.164259,-0.090084,0.293018,-0.062228,0.162446,-0.043375,-0.063185,0.039251,-0.257005,0.128875,-0.266707,0.597595,0.800386,-0.005271,0.237374,0.373421,-0.170087,0.082663,0.748719,-0.765352,0.186291,-0.074854
4.348501,-2.316787,0.749977,-0.043723,-0.046558,-0.039820,-0.997163,0.276523,-0.174143,-0.167917,0.430608,0.009886,0.050687,-0.748712,-0.143170,-0.110119,0.438117,0.029709,0.095509,-0.056378,-0.039874,0.038069,-0.217445,0.143965,-0.267131,0.592739,0.787917,0.008208,0.233683,0.369714,-0.135761,0.045538,0.762482,-0.755589,0.198516,-0.098074
4.392529,-2.321271,0.740140,-0.028852,-0.043589,-0.039470,-0.997853,0.250067,-0.147613,-0.177601,0.581814,0.151984,-0.042202,-0.751827,-0.122651,-0.135027,0.575787,0.045555,0.060635,-0.069004,-0.010526,0.042276,-0.166167,0.154445,-0.265664,0.605316,0.777401,0.033540,0.225763,0.353909,-0.109123,0.022799,0.786086,-0.758162,0.211324,-0.107974
4.434802,-2.325544,0.737039,-0.013097,-0.040582,-0.045081,-0.998073,0.173223,-0.124767,-0.184566,0.793350,0.331126,-0.146216,-0.729194,-0.103164,-0.165720,0.676819,-0.014667,0.012304,-0.080448,0.020092,0.050747,-0.124245,0.156999,-0.274804,0.646419,0.771681,0.071233,0.206589,0.331136,-0.087194,0.008157,0.806264,-0.771309,0.223808,-0.102292
4.475887,-2.329458,0.739128,0.002685,-0.037383,-0.057672,-0.997632,0.057142,-0.083494,-0.173111,1.002261,0.422544,-0.234070,-0.679631,-0.087762,-0.206557,0.729414,-0.096497,-0.021708,-0.088701,0.048541,0.059992,-0.107090,0.157319,-0.307019,0.719368,0.780163,0.114178,0.159896,0.305792,-0.064992,-0.006601,0.812929,-0.785211,0.228676,-0.095791
4.517004,-2.332919,0.744737,0.016294,-0.033278,-0.070260,-0.996840,-0.072872,-0.056271,-0.170285,1.169219,0.353449,-0.170079,-0.602415,-0.069908,-0.249901,0.733239,-0.161245,-0.035538,-0.090275,0.074437,0.067343,-0.107552,0.159556,-0.362938,0.810854,0.810730,0.147586,0.081279,0.277320,-0.046504,-0.021566,0.808470,-0.794511,0.221161,-0.102942
4.558143,-2.335732,0.751888,0.027926,-0.029145,-0.079040,-0.996054,-0.203752,-0.035541,-0.161828,1.273755,0.232889,-0.121537,-0.512021,-0.043577,-0.286297,0.704000,-0.207403,-0.046149,-0.087275,0.095676,0.072861,-0.106586,0.167861,-0.427523,0.895194,0.858688,0.159869,-0.005796,0.240960,-0.035119,-0.026098,0.803700,-0.803543,0.204371,-0.120545
4.599721,-2.337992,0.759134,0.037941,-0.025326,-0.081943,-0.995592,-0.325762,-0.009168,-0.141562,1.312347,0.151858,-0.083415,-0.415541,-0.008178,-0.311013,0.653950,-0.236962,-0.047474,-0.079725,0.112223,0.076470,-0.088178,0.179863,-0.479168,0.951448,0.903773,0.152113,-0.068489,0.195928,-0.033716,-0.012634,0.804125,-0.819427,0.184608,-0.134758
4.641912,-2.339925,0.765620,0.045810,-0.022433,-0.080034,-0.995486,-0.432985,0.002166,-0.122504,1.288513,0.072200,-0.034656,-0.317282,0.031808,-0.321819,0.591414,-0.250965,-0.045970,-0.067758,0.124257,0.077461,-0.045053,0.192166,-0.505366,0.968852,0.929222,0.133363,-0.096671,0.148530,-0.043979,0.010917,0.812410,-0.842000,0.153195,-0.141472
4.684514,-2.341615,0.770261,0.051628,-0.021230,-0.075469,-0.995584,-0.523973,-0.001980,-0.110856,1.210768,0.004142,-0.018191,-0.222634,0.070877,-0.320079,0.526689,-0.256150,-0.043012,-0.052772,0.131851,0.075409,0.009497,0.203292,-0.513163,0.972397,0.925306,0.101327,-0.092218,0.094607,-0.054669,0.036529,0.822946,-0.862909,0.115681,-0.145611
4.727346,-2.343024,0.771806,0.056586,-0.021763,-0.069101,-0.995766,-0.598329,-0.012619,-0.110287,1.086821,-0.052365,-0.004475,-0.134526,0.106820,-0.309410,0.468488,-0.260280,-0.038455,-0.035045,0.136045,0.070730,0.061631,0.221307,-0.508337,0.957401,0.902354,0.062720,-0.087266,0.047597,-0.064615,0.057697,0.808689,-0.872385,0.077883,-0.144218
4.770262,-2.344291,0.770233,0.059092,-0.024509,-0.061222,-0.996072,-0.652915,-0.013810,-0.104950,0.915516,-0.076112,-0.000271,-0.049868,0.136819,-0.288785,0.410073,-0.263829,-0.033097,-0.014956,0.137626,0.064043,0.108481,0.236313,-0.500320,0.931540,0.876075,0.030607,-0.081689,0.013152,-0.073899,0.074460,0.765504,-0.867181,0.045024,-0.144238
4.813087,-2.345270,0.766093,0.060375,-0.029352,-0.050628,-0.996459,-0.684816,-0.009061,-0.099971,0.701866,-0.073554,-0.010355,0.030327,0.161300,-0.258581,0.353621,-0.268977,-0.028815,0.007877,0.136688,0.056439,0.154289,0.256396,-0.489128,0.893997,0.853826,0.005742,-0.068781,-0.019774,-0.085214,0.085804,0.711154,-0.849138,0.015055,-0.149516
4.855761,-2.346078,0.761794,0.058699,-0.035872,-0.037328,-0.996932,-0.695471,0.000022,-0.088120,0.461087,-0.060550,-0.021158,0.105761,0.174669,-0.222579,0.300140,-0.262650,-0.027412,0.032340,0.132979,0.048827,0.197536,0.271132,-0.471076,0.850645,0.838340,-0.006580,-0.042823,-0.049859,-0.098377,0.095818,0.653546,-0.824433,-0.009912,-0.165335
4.899424,-2.346492,0.761853,0.056993,-0.041752,-0.021881,-0.997261,-0.695815,0.011520,-0.069115,0.256903,-0.056757,-0.028915,0.176756,0.181336,-0.183131,0.271468,-0.244887,-0.023398,0.056914,0.126847,0.042733,0.240569,0.276878,-0.439723,0.812227,0.826788,-0.002446,-0.003565,-0.073508,-0.108751,0.105974,0.604473,-0.797864,-0.027578,-0.192250
4.943766,-2.346516,0.757703,0.055835,-0.044636,-0.006496,-0.997421,-0.701855,0.018479,-0.051416,0.178988,-0.069166,-0.047461,0.235140,0.179514,-0.140857,0.273354,-0.215816,-0.015753,0.080033,0.117872,0.039077,0.282212,0.269906,-0.394672,0.791543,0.814181,0.019257,0.040770,-0.085396,-0.115098,0.114230,0.573153,-0.773095,-0.033058,-0.222418
4.989099,-2.346509,0.752840,0.049570,-0.044567,0.004306,-0.997767,-0.722370,0.004880,-0.048574,0.262186,-0.020031,-0.024384,0.282305,0.162784,-0.102161,0.306658,-0.150616,0.002008,0.100451,0.102818,0.038571,0.310071,0.244249,-0.346190,0.799417,0.799813,0.055390,0.079480,-0.080191,-0.124303,0.116617,0.558145,-0.752414,-0.021484,-0.243064
5.035122,-2.346469,0.746993,0.037081,-0.042274,0.009686,-0.998371,-0.742590,-0.028767,-0.046327,0.406653,0.061780,0.030155,0.304732,0.131981,-0.067433,0.388831,-0.046923,0.033240,0.116219,0.078991,0.042055,0.316465,0.206819,-0.302961,0.838608,0.788521,0.100619,0.108205,-0.057384,-0.138294,0.114612,0.554412,-0.737321,0.005621,-0.248567
5.080746,-2.346378,0.737668,0.020777,-0.039016,0.010490,-0.998967,-0.743144,-0.057267,-0.027431,0.536790,0.087429,0.007761,0.280176,0.097409,-0.027848,0.547017,0.093924,0.102923,0.125743,0.047579,0.050547,0.298294,0.169375,-0.269642,0.899689,0.787615,0.146043,0.125376,-0.022621,-0.151316,0.112828,0.561643,-0.726187,0.041354,-0.244711
5.124418,-2.346675,0.736382,0.003676,-0.035769,0.010323,-0.999300,-0.715955,-0.082862,0.003434,0.621749,0.053181,0.032491,0.195144,0.065957,0.003632,0.775580,0.270177,0.159733,0.129978,0.013685,0.062889,0.258895,0.137668,-0.246084,0.965421,0.798449,0.182236,0.129394,0.012099,-0.160315,0.120251,0.585749,-0.719053,0.079370,-0.233077
5.166133,-2.347389,0.739796,-0.015093,-0.034207,0.012025,-0.999228,-0.673056,-0.109922,0.036320,0.662734,-0.005279,0.060914,0.069673,0.012075,0.010596,1.002390,0.380879,0.234853,0.128628,-0.018827,0.075641,0.206778,0.108578,-0.226591,1.017178,0.813460,0.203362,0.124999,0.034496,-0.174246,0.147158,0.629154,-0.723414,0.115432,-0.200839
5.207442,-2.348365,0.745619,-0.032012,-0.033168,0.012451,-0.998859,-0.607575,-0.137433,0.060101,0.661261,-0.063807,0.064845,-0.076360,-0.015761,0.034220,1.182731,0.341066,0.213755,0.121185,-0.047704,0.085234,0.148915,0.083837,-0.205390,1.041679,0.825542,0.209642,0.123169,0.046957,-0.194519,0.195063,0.684971,-0.746397,0.142256,-0.141406
5.248961,-2.349427,0.752989,-0.044387,-0.032650,0.012127,-0.998407,-0.526510,-0.162183,0.071915,0.629832,-0.109109,0.073547,-0.220947,-0.042012,0.044531,1.297305,0.239661,0.209203,0.113000,-0.068987,0.090010,0.090285,0.063721,-0.184557,1.036349,0.833708,0.202538,0.130639,0.059003,-0.218108,0.252026,0.740255,-0.787081,0.154065,-0.070608
5.291078,-2.350741,0.760289,-0.054353,-0.032262,0.010164,-0.997949,-0.439294,-0.185367,0.076361,0.586487,-0.137937,0.082291,-0.357266,-0.082813,0.041879,1.341924,0.157513,0.188116,0.103760,-0.083123,0.091168,0.034828,0.047194,-0.170898,1.006808,0.840844,0.181756,0.145030,0.078117,-0.239374,0.299473,0.784953,-0.829989,0.154476,-0.011065
5.334158,-2.352331,0.766287,-0.062156,-0.031835,0.005805,-0.997542,-0.350708,-0.205871,0.074690,0.543605,-0.158896,0.089372,-0.474024,-0.132752,0.023271,1.319156,0.067629,0.135159,0.092020,-0.092068,0.089320,-0.017837,0.037547,-0.164324,0.965186,0.849271,0.144185,0.161145,0.108906,-0.245337,0.327518,0.811469,-0.860167,0.157129,0.028702
5.378089,-2.354152,0.770494,-0.066949,-0.032107,-0.001513,-0.997239,-0.264712,-0.222701,0.060587,0.505669,-0.174852,0.092633,-0.566203,-0.182249,-0.011192,1.236450,-0.017779,0.118170,0.077876,-0.097151,0.085184,-0.060704,0.034711,-0.169240,0.907715,0.854796,0.096109,0.178021,0.141618,-0.250430,0.334414,0.824231,-0.863614,0.151289,0.056709
5.422600,-2.356222,0.772314,-0.070786,-0.033812,-0.011973,-0.996846,-0.184112,-0.237196,0.036443,0.474052,-0.185657,0.091428,-0.635626,-0.222350,-0.052391,1.099017,-0.080173,0.098956,0.061606,-0.100071,0.079698,-0.105172,0.036877,-0.182610,0.840082,0.853627,0.047265,0.189763,0.179228,-0.255131,0.325124,0.818872,-0.851657,0.138781,0.069727
5.467595,-2.358447,0.771832,-0.073792,-0.037212,-0.023566,-0.996300,-0.102934,-0.247330,0.004738,0.436591,-0.189626,0.088736,-0.680999,-0.248538,-0.093922,0.911800,-0.117629,0.089687,0.044903,-0.102092,0.072640,-0.150663,0.044574,-0.202372,0.769339,0.845614,0.003389,0.199593,0.218348,-0.257422,0.304454,0.800843,-0.833287,0.124322,0.063982
5.512981,-2.360747,0.770540,-0.074408,-0.041855,-0.033557,-0.995784,-0.016241,-0.248625,-0.032297,0.385254,-0.185911,0.085921,-0.697453,-0.254050,-0.128568,0.672951,-0.136034,0.099955,0.028918,-0.102739,0.063512,-0.192939,0.059070,-0.223526,0.701673,0.833048,-0.030527,0.210066,0.255349,-0.252140,0.275096,0.780379,-0.814342,0.115173,0.040489
5.559240,-2.363206,0.773548,-0.073509,-0.046057,-0.041894,-0.995349,0.073928,-0.243147,-0.069852,0.338438,-0.166189,0.083013,-0.695693,-0.238094,-0.136670,0.422540,-0.140726,0.111906,0.012746,-0.100184,0.053805,-0.226003,0.075446,-0.241109,0.643365,0.817342,-0.052074,0.222569,0.289363,-0.239352,0.236782,0.764149,-0.798939,0.118133,0.007589
5.605394,-2.365723,0.771062,-0.071999,-0.048521,-0.048828,-0.995026,0.150985,-0.231408,-0.099590,0.311177,-0.137528,0.080032,-0.687868,-0.217346,-0.129042,0.240681,-0.141585,0.181143,-0.003561,-0.093980,0.045062,-0.245839,0.089696,-0.252769,0.599562,0.799093,-0.060490,0.235844,0.320995,-0.219612,0.189568,0.752228,-0.787659,0.134556,-0.024679
5.651790,-2.368265,0.766086,-0.068808,-0.048518,-0.053315,-0.995022,0.212311,-0.213453,-0.117200,0.321620,-0.098627,0.066806,-0.688840,-0.202101,-0.130671,0.207888,-0.141074,0.210384,-0.019605,-0.083566,0.038196,-0.250520,0.104878,-0.258459,0.571244,0.780727,-0.055856,0.245653,0.347600,-0.192108,0.139226,0.744018,-0.777601,0.157986,-0.052030
5.697954,-2.370512,0.760534,-0.057876,-0.046308,-0.052244,-0.995880,0.253228,-0.184528,-0.129112,0.369875,-0.023269,0.036013,-0.709302,-0.174430,-0.127185,0.325571,-0.032176,0.117948,-0.035048,-0.064943,0.034318,-0.237032,0.128728,-0.256889,0.554403,0.765970,-0.038779,0.248126,0.359749,-0.156621,0.099420,0.745635,-0.767934,0.177614,-0.074246
5.743760,-2.372743,0.752739,-0.042834,-0.042413,-0.047221,-0.997064,0.258039,-0.156701,-0.142455,0.484811,0.085260,-0.026464,-0.730807,-0.142188,-0.132668,0.474483,0.063265,0.070769,-0.048042,-0.037814,0.034357,-0.206426,0.153787,-0.249712,0.549143,0.754887,-0.011804,0.245787,0.357963,-0.126123,0.075065,0.763363,-0.763053,0.190145,-0.089119
5.788166,-2.375015,0.741868,-0.026138,-0.038779,-0.042344,-0.998008,0.217400,-0.134288,-0.151107,0.672352,0.220769,-0.122934,-0.724528,-0.110865,-0.150901,0.606359,0.042440,-0.008949,-0.058549,-0.006298,0.038559,-0.167354,0.168818,-0.241121,0.563112,0.744072,0.025590,0.242968,0.341042,-0.105519,0.064144,0.794177,-0.769951,0.200749,-0.089196
5.830362,-2.377031,0.740301,-0.009124,-0.035551,-0.042666,-0.998415,0.118398,-0.107033,-0.145023,0.896630,0.359533,-0.203578,-0.697486,-0.085335,-0.182545,0.693611,-0.036889,-0.038149,-0.065941,0.024846,0.045672,-0.136304,0.171407,-0.243293,0.607217,0.736052,0.073956,0.233245,0.313684,-0.090548,0.056964,0.825636,-0.788089,0.215208,-0.075336
5.872257,-2.378896,0.743350,0.006488,-0.032584,-0.046801,-0.998352,-0.006838,-0.080102,-0.139363,1.091977,0.361906,-0.217251,-0.638983,-0.061304,-0.217102,0.725897,-0.113347,-0.056850,-0.069645,0.052691,0.052068,-0.120376,0.169323,-0.268208,0.682509,0.741628,0.127429,0.200611,0.280487,-0.077129,0.045099,0.845290,-0.809464,0.230023,-0.061441
5.914132,-2.380587,0.749617,0.019235,-0.029038,-0.050755,-0.998104,-0.139084,-0.055473,-0.129204,1.222035,0.247536,-0.172610,-0.556674,-0.034349,-0.246482,0.712949,-0.170674,-0.061109,-0.070770,0.075432,0.056468,-0.111619,0.171824,-0.320189,0.774851,0.770174,0.169154,0.133934,0.243475,-0.064265,0.027342,0.849934,-0.825369,0.236396,-0.064576
5.956092,-2.381806,0.756991,0.031258,-0.025285,-0.052179,-0.997828,-0.269822,-0.021229,-0.110757,1.285717,0.157439,-0.135897,-0.464089,-0.001586,-0.269461,0.674244,-0.205301,-0.058865,-0.069529,0.093175,0.059645,-0.098506,0.184947,-0.389880,0.862009,0.817903,0.179536,0.043693,0.203036,-0.050904,0.011522,0.845375,-0.833790,0.229232,-0.087194
5.998658,-2.382699,0.764481,0.041012,-0.021855,-0.049856,-0.997675,-0.382659,0.014897,-0.086347,1.279922,0.073781,-0.087766,-0.364872,0.033845,-0.283612,0.617166,-0.220409,-0.058896,-0.064766,0.106524,0.060756,-0.072565,0.202831,-0.456243,0.926776,0.866072,0.154965,-0.043695,0.160950,-0.041295,0.006990,0.836759,-0.839708,0.209962,-0.115489
6.041748,-2.383246,0.770798,0.048511,-0.019522,-0.044143,-0.997656,-0.478214,0.045976,-0.058669,1.213935,-0.007454,-0.060666,-0.265776,0.069366,-0.284832,0.552788,-0.223653,-0.057493,-0.056274,0.115929,0.059851,-0.029004,0.221055,-0.499661,0.957946,0.899057,0.114509,-0.111933,0.120270,-0.040254,0.014377,0.830402,-0.847365,0.171983,-0.136941
6.085077,-2.383431,0.774862,0.054231,-0.018962,-0.035244,-0.997726,-0.555235,0.072144,-0.029062,1.094904,-0.069506,-0.050129,-0.172853,0.102529,-0.271182,0.491494,-0.220404,-0.053363,-0.044270,0.122196,0.056722,0.021184,0.234592,-0.517961,0.975881,0.906181,0.073898,-0.149397,0.074414,-0.040737,0.034283,0.824281,-0.856469,0.124130,-0.149695
6.128428,-2.383172,0.776522,0.059881,-0.020293,-0.023921,-0.997712,-0.610831,0.096443,-0.001370,0.929324,-0.110546,-0.055848,-0.087630,0.131812,-0.249109,0.439357,-0.215731,-0.048829,-0.028895,0.126544,0.051440,0.068748,0.245255,-0.510522,0.974480,0.895445,0.047570,-0.168477,0.034779,-0.043566,0.068098,0.791880,-0.860336,0.078149,-0.151385
6.171879,-2.382827,0.781234,0.062141,-0.023864,-0.011026,-0.997721,-0.640108,0.114739,0.028500,0.710265,-0.112977,-0.043563,-0.001679,0.152744,-0.219265,0.384787,-0.203106,-0.045589,-0.010500,0.129068,0.044354,0.119012,0.252224,-0.483303,0.955908,0.873828,0.032499,-0.161753,-0.004701,-0.055357,0.104295,0.746719,-0.857430,0.033761,-0.151797
6.214695,-2.382381,0.780562,0.061592,-0.028009,0.002598,-0.997705,-0.648027,0.121027,0.047285,0.462185,-0.105874,-0.044020,0.078975,0.162435,-0.181675,0.330568,-0.187732,-0.038207,0.010524,0.128671,0.037070,0.168645,0.250831,-0.440199,0.932046,0.847561,0.031975,-0.130417,-0.038731,-0.071512,0.137127,0.694649,-0.847036,-0.003807,-0.158438
6.257522,-2.381863,0.777036,0.060018,-0.031236,0.016101,-0.997579,-0.643501,0.121931,0.060128,0.246510,-0.084558,-0.048409,0.151794,0.163104,-0.141832,0.294038,-0.166505,-0.023567,0.032663,0.125354,0.031327,0.215081,0.240260,-0.383424,0.914403,0.820140,0.048506,-0.081529,-0.063201,-0.085560,0.161393,0.643875,-0.828333,-0.030147,-0.172876
6.301234,-2.380950,0.770956,0.060308,-0.030886,0.029204,-0.997274,-0.650406,0.121484,0.058858,0.172528,-0.094784,-0.098671,0.214072,0.158499,-0.103423,0.299119,-0.152920,-0.005555,0.054952,0.119070,0.028310,0.257332,0.224185,-0.317616,0.910381,0.794864,0.083207,-0.024873,-0.074707,-0.091994,0.174651,0.603386,-0.802195,-0.042758,-0.191827
6.345504,-2.380020,0.764232,0.054678,-0.028636,0.038186,-0.997363,-0.659578,0.095908,0.028857,0.234054,-0.038805,-0.064677,0.264630,0.139419,-0.068869,0.333583,-0.116378,0.001590,0.076945,0.107100,0.026194,0.283478,0.196110,-0.258484,0.924833,0.778015,0.131423,0.027904,-0.071056,-0.099413,0.173825,0.574008,-0.773409,-0.038973,-0.208752
6.390131,-2.378997,0.756305,0.044170,-0.023982,0.041701,-0.997865,-0.678365,0.049672,-0.006357,0.371082,0.052954,-0.010666,0.295266,0.111029,-0.035196,0.411303,-0.050479,0.019593,0.094825,0.087476,0.025855,0.289656,0.164728,-0.219080,0.959162,0.777463,0.186334,0.065237,-0.052638,-0.107985,0.162773,0.556778,-0.748298,-0.020950,-0.221362
6.434151,-2.377991,0.745436,0.029946,-0.018456,0.040643,-0.998554,-0.683696,0.015568,0.004241,0.510348,0.096773,0.017199,0.284832,0.078037,-0.007619,0.553364,0.066489,0.065081,0.105747,0.061668,0.028957,0.276596,0.136876,-0.205394,1.006021,0.796586,0.235062,0.073498,-0.025025,-0.115332,0.147993,0.555583,-0.731504,0.008906,-0.232005
6.475946,-2.377166,0.741565,0.014851,-0.012672,0.039700,-0.999021,-0.665566,-0.012836,0.030225,0.614317,0.064918,0.032948,0.222271,0.038917,0.004454,0.758733,0.225190,0.128776,0.111898,0.032716,0.036535,0.250003,0.115843,-0.209134,1.048495,0.827426,0.262312,0.049084,0.001450,-0.118589,0.140933,0.576511,-0.723454,0.047692,-0.237532
6.515767,-2.376758,0.742283,-0.002015,-0.007677,0.041666,-0.999100,-0.627219,-0.040815,0.062437,0.675237,-0.008250,0.062211,0.117639,-0.016985,0.005329,0.971719,0.343966,0.182003,0.113151,0.003810,0.047142,0.217617,0.097569,-0.213160,1.068216,0.854384,0.259098,0.010099,0.014890,-0.126886,0.156131,0.620407,-0.728262,0.090043,-0.220175
6.554382,-2.376803,0.745254,-0.018129,-0.003453,0.044246,-0.998850,-0.570003,-0.068849,0.089726,0.697003,-0.079075,0.069045,-0.011608,-0.051725,0.024143,1.153841,0.324182,0.175094,0.109549,-0.022912,0.057552,0.182840,0.083237,-0.206620,1.057311,0.870068,0.232042,-0.014482,0.015623,-0.146535,0.199216,0.679162,-0.752499,0.122034,-0.166426
6.592241,-2.377256,0.750113,-0.031033,-0.000319,0.045268,-0.998493,-0.501056,-0.096018,0.107602,0.687932,-0.130908,0.076927,-0.144996,-0.073936,0.034978,1.278104,0.230318,0.156370,0.104616,-0.044709,0.064947,0.145668,0.073473,-0.192694,1.021317,0.878883,0.195739,-0.007170,0.015255,-0.175924,0.256965,0.738760,-0.798105,0.132187,-0.089544
6.630256,-2.377937,0.756130,-0.039428,0.002149,0.042483,-0.998317,-0.421688,-0.121344,0.113467,0.655810,-0.169223,0.079422,-0.268099,-0.095870,0.029011,1.334689,0.143071,0.140205,0.099172,-0.060715,0.068411,0.106844,0.067941,-0.179172,0.969954,0.887093,0.161376,0.028947,0.026500,-0.203026,0.301712,0.787996,-0.848927,0.126901,-0.019128
6.668535,-2.378967,0.761598,-0.047593,0.003739,0.036698,-0.998185,-0.342275,-0.148971,0.111348,0.618976,-0.195627,0.083862,-0.380400,-0.124662,0.015020,1.331300,0.059720,0.126790,0.092788,-0.072171,0.069783,0.066069,0.060664,-0.166777,0.913740,0.895313,0.128110,0.077514,0.053353,-0.223336,0.309349,0.821691,-0.878765,0.123436,0.032154
6.707348,-2.380137,0.766274,-0.053919,0.004250,0.028048,-0.998142,-0.262217,-0.175498,0.098307,0.578363,-0.212842,0.088544,-0.472268,-0.158622,-0.007116,1.263450,-0.019773,0.126389,0.085636,-0.080627,0.068995,0.029991,0.059211,-0.161283,0.854500,0.893080,0.087396,0.124636,0.092693,-0.220657,0.279586,0.835517,-0.873119,0.139101,0.059382
6.746454,-2.381510,0.769419,-0.059401,0.003377,0.016590,-0.998091,-0.185953,-0.199840,0.076363,0.541210,-0.226304,0.092227,-0.544373,-0.200445,-0.040075,1.141938,-0.075945,0.112179,0.077255,-0.087285,0.066927,-0.010347,0.059212,-0.162236,0.791763,0.879973,0.047232,0.155415,0.138993,-0.213018,0.219503,0.832155,-0.834259,0.151170,0.057805
6.785684,-2.383034,0.771313,-0.064063,0.000953,0.002975,-0.997941,-0.113685,-0.219999,0.047570,0.507561,-0.235688,0.093843,-0.588603,-0.242283,-0.084608,0.963530,-0.115460,0.097717,0.067942,-0.093024,0.063538,-0.052760,0.062892,-0.169700,0.729789,0.859488,0.010558,0.173172,0.186124,-0.203865,0.153012,0.818421,-0.784865,0.150842,0.027752
6.825205,-2.384548,0.776411,-0.066832,-0.002539,-0.011734,-0.997692,-0.039405,-0.233496,0.014055,0.474083,-0.235978,0.092872,-0.603644,-0.272545,-0.131589,0.733454,-0.111185,0.094768,0.058062,-0.097130,0.058883,-0.093378,0.071128,-0.182529,0.671795,0.837992,-0.017899,0.185373,0.229271,-0.196355,0.102164,0.804157,-0.751302,0.143524,-0.015912
6.864368,-2.385883,0.777023,-0.066038,-0.006459,-0.026680,-0.997439,0.033821,-0.235716,-0.023804,0.433443,-0.228221,0.095693,-0.594747,-0.275633,-0.156786,0.474912,-0.089993,0.106618,0.047259,-0.097587,0.052880,-0.127458,0.082979,-0.197902,0.620486,0.819507,-0.035879,0.197625,0.265069,-0.190466,0.074325,0.794785,-0.746319,0.143899,-0.053556
6.903620,-2.387355,0.774897,-0.065314,-0.009391,-0.040685,-0.996991,0.099859,-0.232684,-0.058968,0.410755,-0.220273,0.101589,-0.578521,-0.273268,-0.174187,0.265129,-0.100997,0.136800,0.036367,-0.094745,0.046264,-0.151009,0.093038,-0.212872,0.579758,0.803312,-0.044375,0.211986,0.295348,-0.187484,0.059591,0.788182,-0.760600,0.157076,-0.071955
6.942900,-2.389044,0.771009,-0.063228,-0.009866,-0.053089,-0.996537,0.153057,-0.222412,-0.088038,0.423385,-0.213452,0.102266,-0.581338,-0.271354,-0.172774,0.201318,-0.102566,0.220119,0.023869,-0.088504,0.040501,-0.161591,0.103162,-0.223700,0.550520,0.788254,-0.043863,0.225164,0.319259,-0.182064,0.048153,0.782364,-0.775943,0.172424,-0.071660
6.981754,-2.390526,0.766577,-0.055122,-0.008844,-0.059967,-0.996638,0.187673,-0.201520,-0.111043,0.472294,-0.186447,0.094993,-0.585402,-0.259980,-0.170780,0.259094,-0.013391,0.168898,0.011253,-0.077489,0.035169,-0.156678,0.119936,-0.226828,0.530347,0.774173,-0.034575,0.233077,0.330262,-0.168047,0.040017,0.783278,-0.784501,0.180327,-0.064844
7.020528,-2.391917,0.760606,-0.042931,-0.004336,-0.063327,-0.997060,0.199748,-0.171448,-0.115994,0.571998,-0.113670,0.084050,-0.605092,-0.239035,-0.157732,0.390071,0.088520,0.114342,-0.001953,-0.058688,0.033262,-0.135347,0.138725,-0.223411,0.522275,0.762156,-0.017626,0.236799,0.329779,-0.152120,0.034153,0.798125,-0.790227,0.184891,-0.062566
7.058322,-2.392921,0.749284,-0.027986,0.000870,-0.065076,-0.997487,0.180766,-0.133730,-0.105485,0.718713,0.000001,0.040567,-0.605469,-0.213387,-0.156587,0.520393,0.101474,0.070940,-0.013810,-0.034055,0.034694,-0.103591,0.153123,-0.216853,0.534793,0.754490,0.009765,0.238138,0.318580,-0.136218,0.028794,0.824848,-0.799431,0.195756,-0.065295
7.092640,-2.393137,0.746147,-0.011953,0.004948,-0.068352,-0.997577,0.121862,-0.085148,-0.079546,0.893841,0.144977,-0.035519,-0.595242,-0.192666,-0.175188,0.620581,0.034924,0.024521,-0.023267,-0.006721,0.039338,-0.073924,0.157860,-0.214671,0.576506,0.752148,0.050955,0.232060,0.298159,-0.119194,0.020006,0.850499,-0.812183,0.216401,-0.070775
7.125678,-2.392213,0.745656,0.003659,0.007100,-0.075283,-0.997130,0.030426,-0.034336,-0.056086,1.062273,0.244291,-0.092641,-0.563709,-0.178052,-0.204032,0.679701,-0.040187,0.023313,-0.029777,0.020349,0.045317,-0.058593,0.155503,-0.227020,0.648860,0.758474,0.101959,0.205955,0.272880,-0.100167,0.004318,0.861613,-0.821951,0.238143,-0.083066
7.157555,-2.390266,0.748641,0.015130,0.007837,-0.084199,-0.996303,-0.073083,-0.013090,-0.048684,1.194112,0.194279,-0.100389,-0.513963,-0.168551,-0.232766,0.696968,-0.094325,0.024183,-0.034369,0.043551,0.050608,-0.057475,0.151187,-0.259654,0.743322,0.779078,0.147986,0.151889,0.245624,-0.082088,-0.015785,0.854018,-0.824390,0.247846,-0.107968
7.188275,-2.387233,0.753586,0.024831,0.007624,-0.094224,-0.995212,-0.183113,-0.017069,-0.048978,1.277584,0.116515,-0.109795,-0.454171,-0.160345,-0.262457,0.686586,-0.133071,0.033239,-0.038983,0.061390,0.055319,-0.062940,0.153979,-0.310194,0.843968,0.818846,0.173606,0.074503,0.218017,-0.063629,-0.032098,0.833238,-0.818969,0.238653,-0.142441
7.218517,-2.383323,0.759627,0.032435,0.007279,-0.103613,-0.994062,-0.286204,-0.022301,-0.045601,1.304846,0.061927,-0.113681,-0.386348,-0.151196,-0.290914,0.656081,-0.158689,0.043540,-0.043614,0.074280,0.058648,-0.063086,0.161773,-0.365270,0.933880,0.869061,0.173053,-0.008915,0.191464,-0.048194,-0.036785,0.805359,-0.808334,0.213869,-0.174335
7.248545,-2.378571,0.765613,0.038996,0.006896,-0.110959,-0.993036,-0.377188,-0.006472,-0.036836,1.276606,-0.003757,-0.112174,-0.316083,-0.139350,-0.316656,0.616163,-0.174575,0.054322,-0.046027,0.083636,0.060792,-0.051427,0.170384,-0.403458,0.999306,0.909879,0.154338,-0.080857,0.166203,-0.039068,-0.025720,0.773513,-0.795060,0.178560,-0.193798
7.278337,-2.372905,0.770652,0.045779,0.006391,-0.115129,-0.992275,-0.452480,0.033215,-0.019825,1.199390,-0.065530,-0.102232,-0.248984,-0.123582,-0.336887,0.575936,-0.182302,0.065417,-0.044399,0.091359,0.061898,-0.022520,0.173567,-0.409455,1.036470,0.924276,0.132017,-0.123033,0.145079,-0.040442,-0.003493,0.750104,-0.783908,0.123518,-0.207088
7.307885,-2.366402,0.774635,0.051344,0.005290,-0.114838,-0.992042,-0.505107,0.073782,0.001174,1.069143,-0.111301,-0.065523,-0.184423,-0.105745,-0.347239,0.531741,-0.186709,0.076934,-0.037607,0.098104,0.061421,0.016216,0.180309,-0.377895,1.040529,0.907100,0.108340,-0.141226,0.114244,-0.049646,0.024032,0.727629,-0.779770,0.069936,-0.208910
7.336986,-2.359052,0.777431,0.055111,0.003153,-0.110062,-0.992391,-0.533245,0.103341,0.014227,0.885934,-0.131627,-0.041505,-0.122743,-0.088943,-0.346780,0.482325,-0.186715,0.088810,-0.025960,0.102864,0.059194,0.058606,0.179011,-0.323251,1.024208,0.872071,0.093851,-0.130133,0.086638,-0.061057,0.054805,0.695589,-0.778752,0.026215,-0.206946
7.365538,-2.350857,0.779458,0.057113,0.000010,-0.101414,-0.993204,-0.535764,0.117385,0.008252,0.661912,-0.137192,-0.067216,-0.064381,-0.076009,-0.336841,0.430578,-0.183141,0.100798,-0.010797,0.104703,0.054978,0.103128,0.170857,-0.261643,0.997273,0.834799,0.088258,-0.092056,0.063650,-0.071282,0.081705,0.658337,-0.775069,-0.004772,-0.203587
7.393584,-2.341932,0.784371,0.055252,-0.003660,-0.090644,-0.994343,-0.525236,0.123916,0.002931,0.454205,-0.072911,-0.058695,-0.005330,-0.072156,-0.320401,0.378677,-0.175613,0.112098,0.005430,0.103229,0.049434,0.145396,0.152955,-0.205668,0.968954,0.805673,0.092082,-0.035403,0.046765,-0.081178,0.101021,0.618726,-0.766001,-0.022505,-0.198651
7.421007,-2.332088,0.783304,0.054241,-0.005032,-0.078841,-0.995398,-0.514628,0.116675,-0.026692,0.354165,0.018397,-0.081927,0.039547,-0.075783,-0.298171,0.360447,-0.176366,0.120702,0.021153,0.098962,0.045306,0.181480,0.132933,-0.162047,0.948653,0.789362,0.106783,0.028503,0.038474,-0.086860,0.112789,0.581035,-0.752425,-0.030355,-0.193991
7.447806,-2.321358,0.776323,0.054786,-0.003587,-0.069794,-0.996049,-0.504292,0.110130,-0.035439,0.398044,0.088655,-0.069448,0.063640,-0.086907,-0.267526,0.398112,-0.193814,0.119595,0.032557,0.093863,0.044554,0.204139,0.114116,-0.138623,0.946713,0.788772,0.130545,0.082167,0.040898,-0.088755,0.113475,0.549093,-0.739628,-0.031263,-0.195620
7.472077,-2.310677,0.774973,0.049644,-0.001472,-0.064306,-0.996694,-0.508221,0.096045,-0.018117,0.488308,0.052671,-0.026238,0.063280,-0.113560,-0.240737,0.477763,-0.189577,0.094985,0.040209,0.085360,0.047800,0.204641,0.092906,-0.143472,0.969226,0.808531,0.159253,0.103724,0.053155,-0.090508,0.099533,0.527471,-0.732866,-0.022130,-0.207652
7.495466,-2.300498,0.774163,0.042360,0.000776,-0.059742,-0.997314,-0.497875,0.080222,0.004198,0.555735,-0.000822,-0.006134,0.031722,-0.152883,-0.224209,0.606621,-0.140381,0.050493,0.044868,0.072040,0.052428,0.184847,0.076696,-0.172124,1.007691,0.848206,0.187004,0.080389,0.068933,-0.087158,0.084319,0.525543,-0.728701,0.003037,-0.228624
7.517416,-2.291585,0.773336,0.032032,0.002163,-0.054619,-0.997991,-0.472467,0.061507,0.029679,0.588762,-0.047391,0.000773,-0.014741,-0.211915,-0.233178,0.749540,-0.082828,0.010007,0.046731,0.054541,0.055848,0.157686,0.068584,-0.211152,1.040755,0.895172,0.193928,0.023637,0.078829,-0.083643,0.074986,0.548074,-0.731310,0.041003,-0.240623
7.538707,-2.283295,0.775397,0.020482,0.003034,-0.052487,-0.998407,-0.435704,0.037079,0.051681,0.594581,-0.079070,0.009100,-0.070376,-0.273501,-0.242864,0.887294,-0.039282,-0.033809,0.043637,0.034171,0.057611,0.127310,0.068524,-0.243001,1.051830,0.934084,0.174910,-0.034383,0.081069,-0.086627,0.082108,0.589442,-0.741975,0.080293,-0.226423
7.559212,-2.275781,0.777335,0.009509,0.003456,-0.056206,-0.998368,-0.394565,0.006784,0.063703,0.581377,-0.096985,0.014360,-0.137957,-0.289335,-0.214958,0.997923,-0.031096,-0.023161,0.036077,0.013990,0.058075,0.094353,0.074477,-0.257233,1.038123,0.956321,0.141158,-0.064066,0.079823,-0.099343,0.104930,0.640954,-0.763887,0.107208,-0.183301
7.579162,-2.268787,0.779802,0.000146,0.003176,-0.063395,-0.997983,-0.352957,-0.024347,0.067263,0.558676,-0.104316,0.017789,-0.209013,-0.266397,-0.172142,1.065837,-0.040924,0.027911,0.029147,-0.003104,0.057042,0.059879,0.081599,-0.253638,1.006294,0.962763,0.110976,-0.054206,0.080106,-0.118177,0.132809,0.696063,-0.797673,0.120250,-0.128514
7.598756,-2.262232,0.782669,-0.007778,0.002184,-0.071880,-0.997381,-0.313955,-0.053611,0.065281,0.535585,-0.105202,0.021113,-0.270043,-0.243462,-0.148883,1.084147,-0.058858,0.081923,0.025383,-0.016807,0.054260,0.026489,0.085839,-0.237062,0.963052,0.958096,0.094615,-0.010920,0.084681,-0.133520,0.150938,0.750705,-0.832343,0.132122,-0.082034
7.618150,-2.256105,0.786331,-0.014430,0.000751,-0.082384,-0.996496,-0.277812,-0.081602,0.056391,0.515724,-0.103594,0.024863,-0.315343,-0.236880,-0.152775,1.048525,-0.091486,0.078765,0.023127,-0.028276,0.050343,-0.002707,0.088323,-0.208613,0.910923,0.945597,0.085235,0.047637,0.090470,-0.129623,0.149365,0.801138,-0.849171,0.159921,-0.053799
7.637346,-2.250354,0.794043,-0.019175,-0.001115,-0.095780,-0.995217,-0.244088,-0.107761,0.038597,0.501183,-0.101607,0.028702,-0.345438,-0.236223,-0.167788,0.967632,-0.115745,0.083040,0.020416,-0.037814,0.046079,-0.037297,0.085216,-0.178414,0.864675,0.918064,0.076737,0.107418,0.111276,-0.124219,0.121043,0.831283,-0.836106,0.183063,-0.039170
7.655970,-2.245213,0.797716,-0.023081,-0.003702,-0.112240,-0.993406,-0.215670,-0.132483,0.011878,0.491370,-0.105942,0.031520,-0.367425,-0.222550,-0.172038,0.851008,-0.130813,0.062882,0.015633,-0.045729,0.042223,-0.070433,0.078444,-0.151360,0.818127,0.879038,0.064477,0.154022,0.132585,-0.114468,0.086925,0.850616,-0.812504,0.197948,-0.040368
7.673909,-2.240463,0.799311,-0.024825,-0.007165,-0.131620,-0.990963,-0.193130,-0.153948,-0.023954,0.486897,-0.112368,0.032247,-0.384317,-0.185747,-0.141513,0.708924,-0.130206,0.059191,0.008224,-0.051205,0.038661,-0.102787,0.073335,-0.133375,0.773293,0.837140,0.050216,0.183789,0.152205,-0.107780,0.070042,0.862322,-0.802757,0.199565,-0.048260
7.691109,-2.235911,0.799360,-0.025724,-0.011410,-0.154155,-0.987646,-0.177517,-0.175032,-0.066723,0.490774,-0.119220,0.030578,-0.399920,-0.124858,-0.053164,0.558693,-0.108521,0.052783,-0.002216,-0.053545,0.035293,-0.132337,0.070283,-0.128627,0.732157,0.802135,0.037304,0.203749,0.169748,-0.106903,0.075424,0.868231,-0.814718,0.193392,-0.054504
7.707637,-2.231368,0.798077,-0.026119,-0.015988,-0.179683,-0.983248,-0.167327,-0.197624,-0.116468,0.503214,-0.125675,0.026349,-0.412933,-0.052511,0.099173,0.425773,-0.046541,0.106709,-0.014210,-0.052338,0.031829,-0.157601,0.068431,-0.138236,0.697482,0.779014,0.026917,0.219910,0.187257,-0.107299,0.089324,0.866741,-0.834523,0.184796,-0.056546
7.723729,-2.227047,0.794780,-0.028577,-0.020489,-0.206940,-0.977722,-0.163145,-0.224781,-0.166771,0.530886,-0.135987,0.020760,-0.420035,-0.003828,0.238078,0.340000,0.058531,0.157461,-0.023345,-0.049637,0.028908,-0.178694,0.066159,-0.161448,0.672189,0.766857,0.017902,0.231783,0.208438,-0.105737,0.097177,0.855980,-0.845687,0.174811,-0.056615
7.739163,-2.223218,0.787570,-0.029663,-0.024013,-0.233285,-0.971659,-0.163608,-0.247225,-0.211720,0.570087,-0.153481,0.014674,-0.429084,-0.007010,0.245968,0.360260,0.088236,0.150084,-0.024009,-0.045970,0.028348,-0.197154,0.067436,-0.195151,0.656082,0.763804,0.010468,0.234206,0.232194,-0.096471,0.098089,0.838466,-0.843505,0.161885,-0.059378
7.753537,-2.220520,0.785383,-0.029233,-0.026953,-0.262623,-0.964079,-0.171191,-0.262594,-0.248875,0.622725,-0.172853,0.009971,-0.442868,-0.033135,0.187327,0.430728,0.034438,0.124963,-0.021244,-0.038167,0.029962,-0.213547,0.068869,-0.234859,0.649056,0.767281,0.006237,0.227865,0.255696,-0.084641,0.096851,0.819248,-0.832612,0.146597,-0.068477
7.767068,-2.218189,0.785042,-0.024966,-0.030300,-0.294257,-0.954920,-0.182072,-0.262839,-0.271173,0.667709,-0.178310,0.001158,-0.443705,-0.060116,0.118304,0.472614,-0.005876,0.100330,-0.017453,-0.025034,0.030759,-0.225456,0.069198,-0.274400,0.650867,0.776969,0.008339,0.218742,0.271702,-0.074383,0.101824,0.806468,-0.820554,0.131143,-0.081273
7.779022,-2.216077,0.786348,-0.019039,-0.034613,-0.324009,-0.945229,-0.191111,-0.251461,-0.280824,0.689315,-0.174681,-0.024185,-0.432454,-0.088162,0.044804,0.480068,-0.026347,0.083782,-0.010219,-0.009187,0.028900,-0.228592,0.067518,-0.310022,0.660710,0.791579,0.016969,0.210426,0.275202,-0.072681,0.117669,0.806899,-0.814705,0.119961,-0.090777
7.789485,-2.214237,0.789007,-0.013298,-0.040154,-0.351127,-0.935372,-0.197355,-0.229535,-0.267620,0.684910,-0.157140,-0.046743,-0.415519,-0.113475,-0.022977,0.467355,-0.034141,0.071470,-0.000086,0.006126,0.024985,-0.221137,0.065974,-0.342064,0.675360,0.808436,0.027955,0.200544,0.264705,-0.082137,0.143837,0.820482,-0.819505,0.116406,-0.090685
7.798680,-2.212736,0.792297,-0.007972,-0.046883,-0.378235,-0.924487,-0.203718,-0.200570,-0.232906,0.664374,-0.131920,-0.059672,-0.396995,-0.137647,-0.087370,0.446530,-0.037124,0.062807,0.011059,0.019126,0.020518,-0.206633,0.067201,-0.373527,0.691965,0.822317,0.034512,0.183665,0.244394,-0.099802,0.174519,0.838940,-0.833929,0.120302,-0.081377
7.806756,-2.211610,0.795718,-0.003033,-0.054248,-0.408723,-0.911040,-0.214099,-0.173830,-0.193729,0.641309,-0.100090,-0.071840,-0.376910,-0.164696,-0.156021,0.424100,-0.039553,0.057709,0.021417,0.029288,0.016188,-0.191880,0.072625,-0.407208,0.711896,0.830900,0.033560,0.159258,0.222999,-0.120416,0.200037,0.850725,-0.849776,0.128660,-0.070702
7.813900,-2.210935,0.798905,0.000949,-0.061707,-0.443824,-0.893986,-0.225263,-0.153421,-0.161313,0.615052,-0.069561,-0.092453,-0.354149,-0.196019,-0.229747,0.402720,-0.043112,0.057002,0.030106,0.036557,0.011665,-0.181904,0.082010,-0.442158,0.739078,0.837414,0.028697,0.131404,0.208887,-0.139864,0.211173,0.848655,-0.854873,0.136603,-0.068675
7.820325,-2.210707,0.801379,0.004016,-0.068767,-0.481888,-0.873521,-0.232854,-0.141350,-0.144839,0.583009,-0.050234,-0.125818,-0.331273,-0.230379,-0.306802,0.388748,-0.049869,0.059930,0.037779,0.041310,0.006926,-0.176859,0.094221,-0.471723,0.773313,0.847165,0.028953,0.107570,0.204991,-0.156353,0.206097,0.834150,-0.841429,0.138724,-0.080332
7.826376,-2.210856,0.802870,0.007092,-0.075047,-0.521020,-0.850209,-0.236488,-0.134445,-0.144492,0.547530,-0.047736,-0.158336,-0.309897,-0.265060,-0.386136,0.385128,-0.061204,0.065239,0.044662,0.044237,0.002208,-0.172352,0.106601,-0.485390,0.808586,0.858479,0.042545,0.096004,0.207867,-0.170753,0.192489,0.815223,-0.812691,0.133133,-0.100974
7.832389,-2.211292,0.803631,0.010628,-0.080240,-0.560615,-0.824111,-0.240538,-0.126453,-0.149732,0.514102,-0.061525,-0.195635,-0.287060,-0.297588,-0.468028,0.387330,-0.077199,0.072357,0.049689,0.045679,-0.002303,-0.163514,0.115434,-0.474329,0.838058,0.861185,0.070393,0.102707,0.211469,-0.185510,0.182026,0.800771,-0.781115,0.125398,-0.118648
7.838254,-2.211603,0.805453,0.015218,-0.083490,-0.601069,-0.794678,-0.249043,-0.104614,-0.134612,0.487142,-0.087173,-0.228741,-0.258847,-0.325651,-0.555506,0.391329,-0.094466,0.080692,0.051402,0.046247,-0.006598,-0.149990,0.119626,-0.437474,0.858990,0.845890,0.105138,0.127744,0.211595,-0.200261,0.181190,0.794811,-0.758477,0.124697,-0.124635
7.843768,-2.211680,0.806039,0.020583,-0.084513,-0.641677,-0.762026,-0.264107,-0.070740,-0.094699,0.467433,-0.097081,-0.238372,-0.224141,-0.348776,-0.649476,0.394111,-0.109694,0.089818,0.050554,0.046630,-0.010574,-0.135856,0.120123,-0.383012,0.873268,0.811914,0.137718,0.163921,0.207183,-0.212396,0.189768,0.795213,-0.750202,0.134598,-0.119483
7.848766,-2.211352,0.806563,0.026062,-0.084119,-0.681338,-0.726652,-0.281250,-0.026875,-0.026213,0.447169,-0.085432,-0.225499,-0.183840,-0.367250,-0.748667,0.394109,-0.118334,0.099686,0.048393,0.047296,-0.014394,-0.125820,0.119379,-0.325205,0.884291,0.768698,0.163772,0.200094,0.199226,-0.218704,0.202362,0.796537,-0.752346,0.150339,-0.111690
7.852960,-2.210491,0.807124,0.032025,-0.082133,-0.719117,-0.689275,-0.300009,0.020092,0.059111,0.429327,-0.066373,-0.205617,-0.141888,-0.379732,-0.845265,0.395441,-0.119282,0.112914,0.046257,0.048695,-0.017816,-0.122179,0.122372,-0.278865,0.893769,0.731446,0.183923,0.227777,0.188925,-0.216511,0.214413,0.794924,-0.756753,0.163812,-0.109024
7.856518,-2.208747,0.807955,0.038342,-0.078366,-0.754003,-0.651052,-0.320499,0.049788,0.124579,0.424896,-0.052172,-0.183943,-0.101971,-0.386925,-0.926427,0.402758,-0.114582,0.132475,0.045636,0.050909,-0.020448,-0.123133,0.131436,-0.252670,0.901249,0.711037,0.199073,0.245114,0.176560,-0.206850,0.224711,0.789476,-0.758027,0.169979,-0.113912
7.859113,-2.206123,0.809194,0.044584,-0.073004,-0.785471,-0.612959,-0.345899,0.068421,0.169141,0.437538,-0.051313,-0.162309,-0.065908,-0.388466,-0.989739,0.413214,-0.106152,0.156460,0.045406,0.053504,-0.022187,-0.123476,0.144563,-0.243830,0.905323,0.705859,0.208396,0.255265,0.161355,-0.193453,0.235446,0.781109,-0.756593,0.168952,-0.122995
7.860189,-2.202791,0.814083,0.050690,-0.066269,-0.813309,-0.575819,-0.372864,0.095600,0.221258,0.457189,-0.060905,-0.139525,-0.036439,-0.384523,-1.025838,0.427981,-0.093475,0.185437,0.042724,0.056458,-0.023121,-0.117981,0.152075,-0.241081,0.909643,0.703121,0.212153,0.268030,0.146790,-0.180434,0.248217,0.765175,-0.756705,0.163864,-0.129871
7.859643,-2.198816,0.815221,0.057051,-0.058423,-0.836649,-0.541618,-0.395352,0.128995,0.282710,0.473981,-0.075037,-0.112055,-0.014777,-0.377283,-1.036833,0.446213,-0.076950,0.216365,0.038126,0.059350,-0.023256,-0.102334,0.160234,-0.229299,0.906955,0.688218,0.210296,0.275411,0.121859,-0.168927,0.263387,0.751594,-0.758188,0.157437,-0.131088
7.857415,-2.194250,0.814491,0.063424,-0.050693,-0.855088,-0.512087,-0.419738,0.165322,0.343237,0.485078,-0.090389,-0.076046,0.005821,-0.365701,-1.048050,0.457983,-0.065684,0.240279,0.034482,0.060871,-0.022500,-0.075530,0.169635,-0.206848,0.896832,0.659073,0.206714,0.274534,0.083710,-0.159283,0.278666,0.745859,-0.760010,0.150570,-0.130126
7.853459,-2.189246,0.812894,0.070045,-0.042559,-0.869137,-0.487733,-0.444740,0.201803,0.399671,0.488073,-0.097138,-0.047196,0.028638,-0.348920,-1.078124,0.459591,-0.052074,0.247181,0.033728,0.061142,-0.020787,-0.043415,0.167544,-0.189621,0.893591,0.629602,0.211924,0.279352,0.044935,-0.151379,0.287701,0.746520,-0.764390,0.136425,-0.134888
7.847513,-2.183908,0.810177,0.076620,-0.033142,-0.879643,-0.468251,-0.474197,0.235506,0.440820,0.495591,-0.101705,-0.024885,0.053935,-0.328141,-1.117362,0.454294,-0.036897,0.247786,0.035916,0.060687,-0.017907,-0.009101,0.172309,-0.181538,0.899349,0.611923,0.218277,0.280604,0.003763,-0.142766,0.290119,0.746548,-0.770248,0.122747,-0.139529
7.839410,-2.178253,0.805172,0.082853,-0.022975,-0.887417,-0.452877,-0.506005,0.265678,0.475564,0.513157,-0.107904,0.004860,0.082737,-0.304881,-1.159970,0.444235,-0.030534,0.247833,0.040361,0.059998,-0.014553,0.019432,0.173618,-0.182134,0.917600,0.611376,0.231142,0.282304,-0.033660,-0.133982,0.292301,0.735999,-0.773413,0.116798,-0.143110
7.829022,-2.172261,0.795907,0.088744,-0.012331,-0.893598,-0.439836,-0.527384,0.300863,0.526170,0.553034,-0.105536,0.070319,0.111344,-0.281950,-1.192883,0.434589,-0.025240,0.247850,0.045303,0.059594,-0.011610,0.048283,0.171636,-0.179906,0.942657,0.615849,0.243196,0.285092,-0.064886,-0.128696,0.287424,0.718201,-0.771503,0.111241,-0.146405
7.816409,-2.165974,0.790958,0.094486,-0.001365,-0.898691,-0.428282,-0.532023,0.346034,0.600966,0.604988,-0.133126,0.139560,0.137233,-0.261835,-1.215189,0.429504,-0.011704,0.247846,0.050637,0.059715,-0.010435,0.076948,0.161845,-0.164641,0.971032,0.613369,0.254890,0.289555,-0.083762,-0.125898,0.271622,0.690282,-0.760663,0.104068,-0.153157
7.800794,-2.159185,0.784389,0.098383,0.008988,-0.902232,-0.419782,-0.520705,0.375771,0.647338,0.653582,-0.197971,0.188311,0.162991,-0.254036,-1.225397,0.436058,0.014799,0.247831,0.059334,0.058830,-0.010508,0.105735,0.143856,-0.136288,0.998888,0.602414,0.266580,0.296829,-0.085927,-0.125860,0.244881,0.652207,-0.738662,0.093464,-0.165707
7.782231,-2.152828,0.780766,0.098941,0.015870,-0.904587,-0.414345,-0.506079,0.369256,0.633903,0.686985,-0.273964,0.210333,0.188795,-0.271656,-1.222118,0.461140,0.061170,0.247802,0.071420,0.054977,-0.011227,0.134300,0.118270,-0.104093,1.022816,0.590465,0.275361,0.309404,-0.071077,-0.132185,0.212711,0.607434,-0.709164,0.079234,-0.181872
7.761615,-2.146434,0.777081,0.097293,0.018706,-0.907637,-0.407896,-0.485674,0.338994,0.604173,0.705295,-0.336319,0.208592,0.208343,-0.323499,-1.193458,0.522243,0.135502,0.247661,0.080524,0.047911,-0.012159,0.160172,0.089482,-0.077761,1.041226,0.585786,0.275818,0.328907,-0.042192,-0.146820,0.181964,0.561072,-0.680435,0.064251,-0.196629
7.739975,-2.140277,0.770883,0.093761,0.016226,-0.913782,-0.394903,-0.460969,0.296277,0.588292,0.718391,-0.384183,0.205260,0.198287,-0.401689,-1.083461,0.624898,0.213315,0.244762,0.078359,0.035062,-0.010749,0.178261,0.063552,-0.062526,1.055116,0.592792,0.264646,0.354451,-0.002770,-0.168756,0.155169,0.517578,-0.660961,0.053246,-0.206028
7.719386,-2.133919,0.765162,0.087485,0.009864,-0.923908,-0.372347,-0.435235,0.240108,0.566414,0.728850,-0.421671,0.198231,0.122050,-0.472990,-0.864047,0.765330,0.268454,0.177786,0.062246,0.015839,-0.002838,0.185417,0.046776,-0.057669,1.065129,0.611473,0.243554,0.383357,0.044254,-0.189810,0.125793,0.484510,-0.658308,0.046724,-0.209409
7.698858,-2.127116,0.760858,0.079241,0.004632,-0.938206,-0.336851,-0.405571,0.174406,0.523329,0.729561,-0.448085,0.190484,-0.060825,-0.420306,-0.493433,0.946504,0.244579,0.156016,0.031578,-0.001600,0.012365,0.172652,0.038910,-0.058097,1.073078,0.635808,0.220357,0.410444,0.100541,-0.207401,0.098148,0.462389,-0.663489,0.048306,-0.212048
7.677889,-2.119951,0.759468,0.074717,0.001889,-0.949854,-0.303631,-0.369385,0.116813,0.477321,0.708308,-0.461129,0.180964,-0.226874,-0.241086,-0.169058,1.110450,0.174311,0.198325,0.013230,-0.013256,0.024550,0.143308,0.036824,-0.057624,1.074892,0.657861,0.193976,0.434195,0.161411,-0.216574,0.072245,0.460256,-0.669364,0.057803,-0.215638
7.656086,-2.112268,0.760628,0.074668,-0.000988,-0.958931,-0.273633,-0.328187,0.065388,0.432636,0.664558,-0.458754,0.170325,-0.330810,-0.157993,-0.046226,1.214327,0.128327,0.204099,0.008282,-0.021143,0.029873,0.099982,0.035588,-0.054503,1.067311,0.672518,0.160308,0.451568,0.221774,-0.218841,0.054959,0.481605,-0.667874,0.078968,-0.217096
7.632943,-2.104213,0.763658,0.077158,-0.002841,-0.968088,-0.238421,-0.279716,0.016689,0.377866,0.601318,-0.436319,0.159462,-0.420668,-0.148773,-0.021471,1.251170,0.077532,0.167006,0.001767,-0.026690,0.031928,0.052601,0.038597,-0.056395,1.045687,0.685516,0.111072,0.451828,0.272281,-0.210480,0.046822,0.533401,-0.665389,0.107260,-0.206779
7.608517,-2.095955,0.766606,0.081227,-0.006078,-0.976682,-0.198641,-0.230405,-0.028730,0.313939,0.536521,-0.405123,0.148958,-0.504366,-0.154569,-0.034101,1.224916,-0.002116,0.129220,-0.008854,-0.030463,0.033402,-0.003885,0.050346,-0.073735,1.013112,0.710658,0.048667,0.417011,0.309231,-0.197858,0.058601,0.599474,-0.673105,0.146534,-0.171385
7.582602,-2.087881,0.768351,0.086042,-0.009528,-0.983856,-0.156631,-0.181150,-0.067201,0.242625,0.479084,-0.375883,0.139603,-0.584502,-0.161034,-0.063418,1.152771,-0.066230,0.085225,-0.020822,-0.031847,0.036848,-0.065109,0.073355,-0.114572,0.970990,0.762834,-0.020032,0.362619,0.342223,-0.192812,0.093810,0.671491,-0.703817,0.168976,-0.103118
7.555139,-2.080319,0.768369,0.090976,-0.011708,-0.988975,-0.116254,-0.131707,-0.094581,0.170082,0.432752,-0.356311,0.131826,-0.659807,-0.162720,-0.094936,1.045101,-0.109208,0.077033,-0.030734,-0.030122,0.043625,-0.130072,0.111887,-0.166609,0.911216,0.839789,-0.083545,0.315205,0.360897,-0.197505,0.160300,0.742092,-0.759218,0.164677,-0.006060
7.526183,-2.073293,0.766566,0.095356,-0.013480,-0.992080,-0.080643,-0.082183,-0.111061,0.106440,0.399310,-0.353294,0.125426,-0.732982,-0.151651,-0.105301,0.918489,-0.112964,0.090399,-0.037931,-0.025431,0.053946,-0.195396,0.147042,-0.208160,0.837204,0.919415,-0.127021,0.299691,0.372053,-0.207724,0.239782,0.793609,-0.830356,0.130036,0.097850
7.495453,-2.066764,0.767067,0.099827,-0.014084,-0.993535,-0.052193,-0.026079,-0.117983,0.056060,0.371277,-0.358834,0.119754,-0.796589,-0.139177,-0.109462,0.769627,-0.086111,0.106354,-0.042021,-0.018997,0.066099,-0.251620,0.168618,-0.225047,0.758379,0.966226,-0.145890,0.308327,0.374078,-0.216570,0.305809,0.823221,-0.892222,0.080478,0.185026
7.463708,-2.060756,0.763787,0.104663,-0.012546,-0.993970,-0.030206,0.027582,-0.113078,0.016569,0.338611,-0.354426,0.114204,-0.843833,-0.117458,-0.096018,0.597894,-0.039384,0.134744,-0.044770,-0.010592,0.078245,-0.293025,0.175316,-0.221992,0.688163,0.957535,-0.145506,0.324478,0.368155,-0.219210,0.340310,0.837236,-0.931275,0.041772,0.236560
7.430113,-2.055022,0.759380,0.108466,-0.011181,-0.993957,-0.012601,0.079868,-0.102559,-0.012652,0.314861,-0.334609,0.104957,-0.870817,-0.101715,-0.082563,0.431455,-0.030399,0.174593,-0.047092,-0.000489,0.088833,-0.318554,0.173322,-0.215861,0.637135,0.900506,-0.134588,0.337896,0.361722,-0.215643,0.335620,0.841131,-0.950741,0.034970,0.235927
7.394371,-2.049586,0.755177,0.110314,-0.008880,-0.993856,0.001538,0.128961,-0.085983,-0.028102,0.307981,-0.290464,0.100944,-0.876859,-0.098295,-0.099426,0.326545,-0.070493,0.210786,-0.049485,0.011600,0.096613,-0.326531,0.177091,-0.219298,0.609199,0.828301,-0.116518,0.339873,0.359299,-0.199907,0.294085,0.836941,-0.956136,0.065151,0.177913
7.356291,-2.044413,0.751520,0.108363,-0.006072,-0.994002,0.013412,0.169043,-0.066056,-0.034689,0.335091,-0.202967,0.099584,-0.867955,-0.097972,-0.126860,0.326070,-0.092520,0.218706,-0.053968,0.027650,0.101102,-0.313165,0.192541,-0.233415,0.603020,0.773400,-0.088719,0.326977,0.362204,-0.169350,0.223456,0.826008,-0.943615,0.119088,0.076126
7.316905,-2.039721,0.746992,0.103595,0.000844,-0.994380,0.021805,0.192460,-0.039197,-0.038496,0.399697,-0.070866,0.083930,-0.854341,-0.092892,-0.154613,0.413735,-0.063670,0.163844,-0.060238,0.049173,0.103123,-0.278080,0.219787,-0.249958,0.613511,0.746311,-0.046420,0.304015,0.361902,-0.124530,0.140695,0.813075,-0.906982,0.168440,-0.039004
7.277301,-2.035469,0.737328,0.097823,0.012364,-0.994798,0.025585,0.178392,-0.009029,-0.047736,0.530168,0.092766,0.027930,-0.834232,-0.074057,-0.164378,0.502395,0.011299,0.115568,-0.066191,0.076388,0.105675,-0.225631,0.248308,-0.260368,0.636191,0.734468,0.011030,0.278694,0.347308,-0.078508,0.065536,0.805661,-0.851723,0.192607,-0.131022
7.238911,-2.031304,0.731293,0.091871,0.024430,-0.995118,0.026529,0.108681,0.028574,-0.038805,0.735519,0.277499,-0.076923,-0.810329,-0.056304,-0.182264,0.589410,0.016508,0.104012,-0.069902,0.104807,0.111130,-0.165793,0.265288,-0.263410,0.671084,0.722809,0.078845,0.253947,0.313899,-0.047710,0.012835,0.806907,-0.797734,0.196185,-0.175334
7.200400,-2.027396,0.732386,0.086012,0.037635,-0.995246,0.025888,-0.003452,0.064263,-0.039003,0.958842,0.379430,-0.132705,-0.771728,-0.032406,-0.206016,0.649911,-0.039719,0.076120,-0.068696,0.131560,0.118500,-0.109607,0.268648,-0.267095,0.719993,0.709970,0.148004,0.226022,0.262569,-0.035335,-0.010126,0.810758,-0.767134,0.195040,-0.177856
7.160878,-2.023456,0.737120,0.079842,0.050097,-0.995194,0.026547,-0.134645,0.059777,-0.067878,1.150914,0.298356,-0.102905,-0.705050,-0.005613,-0.231604,0.669245,-0.106286,0.065271,-0.064063,0.153338,0.124953,-0.064072,0.265858,-0.286707,0.780744,0.708270,0.205042,0.185475,0.202940,-0.036111,-0.009856,0.806232,-0.767399,0.194073,-0.171363
7.120679,-2.019784,0.744015,0.073590,0.060543,-0.994969,0.030927,-0.270650,0.052700,-0.090234,1.282048,0.199076,-0.100323,-0.617841,0.020374,-0.254808,0.652308,-0.164220,0.060205,-0.059976,0.168569,0.128931,-0.021893,0.266995,-0.331959,0.837809,0.731991,0.236364,0.125433,0.145607,-0.041194,-0.006466,0.793341,-0.785306,0.181840,-0.187932
7.079547,-2.016545,0.751684,0.067321,0.067637,-0.994765,0.036559,-0.399180,0.056427,-0.095865,1.340158,0.127972,-0.082310,-0.519103,0.045244,-0.272341,0.612465,-0.207512,0.046866,-0.054744,0.178356,0.130308,0.018525,0.272901,-0.400688,0.898558,0.772759,0.223556,0.064898,0.093688,-0.040117,-0.014598,0.784683,-0.797080,0.151413,-0.237437
7.037465,-2.013886,0.758493,0.061702,0.072201,-0.994625,0.041239,-0.512691,0.060940,-0.089588,1.327332,0.059116,-0.042618,-0.418066,0.068291,-0.284722,0.564918,-0.241301,0.043203,-0.045623,0.183594,0.129438,0.055335,0.286682,-0.464493,0.937244,0.815729,0.180236,0.000461,0.051409,-0.034079,-0.028999,0.760630,-0.787881,0.115333,-0.282247
6.994607,-2.011757,0.763272,0.057273,0.075287,-0.994567,0.043461,-0.607737,0.061025,-0.077694,1.256604,-0.020028,-0.026469,-0.321824,0.089383,-0.293008,0.521408,-0.269963,0.045280,-0.031908,0.185030,0.126376,0.091840,0.296855,-0.500864,0.955510,0.840592,0.129274,-0.056880,0.021868,-0.027300,-0.030941,0.720228,-0.762448,0.079041,-0.304258
6.951124,-2.009923,0.765688,0.054638,0.076783,-0.994658,0.042115,-0.681418,0.059050,-0.062301,1.130458,-0.072731,-0.018256,-0.230445,0.109285,-0.293704,0.478926,-0.287214,0.049406,-0.014391,0.183801,0.121093,0.133622,0.306000,-0.501353,0.954200,0.837752,0.083782,-0.103045,-0.009873,-0.032546,-0.015502,0.678624,-0.735667,0.042565,-0.300368
6.907182,-2.008556,0.764859,0.053422,0.079233,-0.994693,0.038137,-0.732028,0.061138,-0.047286,0.956388,-0.098376,-0.011448,-0.142786,0.131526,-0.285149,0.437913,-0.298535,0.056198,0.005267,0.181440,0.114174,0.178905,0.312872,-0.475906,0.936472,0.819015,0.055993,-0.127638,-0.044582,-0.048769,0.018636,0.637978,-0.719471,0.009151,-0.285449
6.863001,-2.007748,0.762878,0.053486,0.080327,-0.994783,0.033066,-0.754437,0.060867,-0.033472,0.733706,-0.092486,-0.014348,-0.052789,0.151813,-0.264066,0.387294,-0.297134,0.066229,0.025628,0.178292,0.106041,0.224278,0.312447,-0.439877,0.906510,0.800782,0.045789,-0.118348,-0.079962,-0.075631,0.062410,0.599952,-0.717377,-0.017772,-0.271495
6.818268,-2.007533,0.764802,0.054083,0.078161,-0.995069,0.028354,-0.746849,0.054832,-0.016534,0.480887,-0.076496,-0.013028,0.041854,0.165847,-0.229431,0.332866,-0.279817,0.079071,0.045681,0.172919,0.097207,0.266727,0.300979,-0.400925,0.873936,0.789980,0.049681,-0.077156,-0.109927,-0.108111,0.104118,0.567407,-0.724577,-0.034472,-0.261989
6.773498,-2.008048,0.762689,0.053525,0.075642,-0.995418,0.023595,-0.725226,0.054613,0.027429,0.269339,-0.073928,-0.003957,0.125930,0.171521,-0.192620,0.296530,-0.251145,0.091610,0.064310,0.164974,0.089351,0.306573,0.280429,-0.356346,0.849321,0.781625,0.066459,-0.021074,-0.129453,-0.135228,0.137092,0.544820,-0.731823,-0.038971,-0.255439
6.727883,-2.009220,0.758971,0.050810,0.073717,-0.995823,0.017921,-0.709852,0.059507,0.099048,0.188003,-0.090778,-0.021703,0.192657,0.169023,-0.158859,0.304749,-0.205367,0.110502,0.081252,0.153799,0.083376,0.342583,0.251829,-0.305046,0.839172,0.769587,0.093744,0.030517,-0.136081,-0.151471,0.159459,0.535119,-0.731660,-0.031313,-0.249763
6.681595,-2.010726,0.755129,0.046609,0.067255,-0.996597,0.009960,-0.705576,0.049153,0.120224,0.256475,-0.079863,0.020029,0.236447,0.152310,-0.119363,0.358305,-0.127263,0.129102,0.099272,0.134952,0.079371,0.368299,0.214250,-0.254535,0.846506,0.755435,0.127418,0.066740,-0.128858,-0.161545,0.172742,0.537060,-0.724080,-0.013393,-0.243035
6.635209,-2.012511,0.750328,0.041368,0.055409,-0.997606,0.000741,-0.717081,0.028364,0.115175,0.396957,-0.015170,0.106387,0.247706,0.124209,-0.071030,0.467105,-0.022728,0.146490,0.114873,0.108824,0.078509,0.380255,0.172181,-0.214530,0.872410,0.746704,0.162551,0.084402,-0.109993,-0.170999,0.181914,0.548272,-0.715735,0.011765,-0.234790
6.589504,-2.014831,0.744319,0.035987,0.042542,-0.998431,-0.005483,-0.711789,0.022123,0.136429,0.521620,0.046750,0.116838,0.213993,0.102240,-0.006443,0.650441,0.138687,0.235320,0.123461,0.079765,0.081094,0.372053,0.136082,-0.194736,0.914237,0.754165,0.191927,0.078796,-0.081730,-0.177633,0.188909,0.567867,-0.710537,0.041687,-0.228234
6.545791,-2.017191,0.742299,0.031052,0.029275,-0.999040,-0.009931,-0.683456,0.013183,0.166157,0.612599,0.027311,0.132597,0.127332,0.059596,-0.004492,0.870936,0.304306,0.247254,0.129289,0.050844,0.087299,0.338061,0.111101,-0.202277,0.965345,0.785331,0.207137,0.045873,-0.048506,-0.181569,0.193638,0.597067,-0.708210,0.075454,-0.223682
6.503870,-2.019434,0.744816,0.028051,0.011713,-0.999497,-0.009089,-0.637935,-0.014960,0.195068,0.659855,-0.037134,0.141249,0.009912,-0.019895,-0.027170,1.070825,0.354845,0.247117,0.127352,0.020976,0.094758,0.279730,0.094373,-0.232159,1.012051,0.836672,0.203185,-0.002846,-0.016483,-0.187799,0.199505,0.637347,-0.708703,0.111313,-0.213831
6.462423,-2.021686,0.749361,0.025976,-0.006285,-0.999643,-0.000155,-0.571024,-0.062515,0.206512,0.660286,-0.094936,0.142025,-0.122354,-0.063029,0.008668,1.216968,0.237375,0.231976,0.115127,-0.008664,0.100004,0.206640,0.085936,-0.264077,1.036398,0.893244,0.185611,-0.038645,0.013717,-0.194082,0.212359,0.688646,-0.713919,0.143820,-0.192114
6.421128,-2.023960,0.755088,0.024876,-0.021776,-0.999393,0.010985,-0.490385,-0.114479,0.200914,0.628624,-0.139780,0.138671,-0.256450,-0.105444,0.024067,1.298006,0.137366,0.186184,0.101551,-0.032777,0.101637,0.132072,0.079085,-0.277059,1.028527,0.936485,0.167000,-0.036765,0.043797,-0.202175,0.234511,0.746219,-0.728677,0.167838,-0.157768
6.379376,-2.026177,0.761010,0.024754,-0.032589,-0.998849,0.025007,-0.402829,-0.161584,0.178767,0.582216,-0.174678,0.138311,-0.375732,-0.140944,0.026509,1.302601,0.054392,0.142717,0.086995,-0.049706,0.099655,0.067998,0.068617,-0.262701,0.989877,0.955819,0.154058,0.007483,0.079038,-0.207735,0.260001,0.803335,-0.755364,0.178150,-0.116101
6.337042,-2.028290,0.766163,0.025903,-0.039116,-0.998035,0.041526,-0.315746,-0.198177,0.145401,0.535902,-0.200339,0.138486,-0.477441,-0.168645,0.016181,1.242987,-0.024196,0.113855,0.071634,-0.059585,0.095466,0.006609,0.054602,-0.227378,0.939537,0.946080,0.134019,0.073991,0.116597,-0.207882,0.294311,0.845199,-0.780402,0.186397,-0.069577
6.294259,-2.030478,0.769673,0.028821,-0.041707,-0.996896,0.060238,-0.232439,-0.222770,0.103924,0.493218,-0.222217,0.138395,-0.558137,-0.190356,-0.011731,1.127209,-0.083908,0.076019,0.055741,-0.064164,0.089953,-0.048646,0.037702,-0.193697,0.877309,0.914039,0.101346,0.135843,0.158263,-0.211521,0.321656,0.869227,-0.798782,0.178269,-0.020968
6.251108,-2.032731,0.770337,0.033362,-0.043853,-0.995245,0.080321,-0.155643,-0.240301,0.058636,0.459293,-0.244346,0.137307,-0.618654,-0.209058,-0.050095,0.968378,-0.116721,0.057223,0.039246,-0.066244,0.084214,-0.103799,0.023252,-0.179287,0.811424,0.871656,0.056491,0.176037,0.201827,-0.217130,0.336569,0.873843,-0.808457,0.159347,0.018844
6.207578,-2.035416,0.768879,0.039248,-0.044313,-0.993309,0.099161,-0.077897,-0.248637,0.010242,0.419717,-0.260875,0.134711,-0.653652,-0.219920,-0.094888,0.765197,-0.127954,0.070892,0.023721,-0.067755,0.077944,-0.159698,0.021169,-0.188534,0.744498,0.834615,0.010194,0.195654,0.243317,-0.217876,0.338213,0.864727,-0.810266,0.137581,0.039991
6.163634,-2.038523,0.766875,0.045362,-0.043933,-0.991388,0.114729,0.003095,-0.247548,-0.034816,0.372927,-0.264538,0.130432,-0.669702,-0.214326,-0.131403,0.531779,-0.114631,0.104739,0.009619,-0.068482,0.071622,-0.211470,0.032432,-0.213001,0.677713,0.812525,-0.028154,0.208147,0.280246,-0.211953,0.326459,0.851106,-0.807782,0.122801,0.040321
6.118845,-2.042121,0.768703,0.050459,-0.041994,-0.989742,0.126893,0.085281,-0.236945,-0.068937,0.334741,-0.249897,0.122690,-0.673382,-0.189376,-0.136439,0.311835,-0.093029,0.154961,-0.003788,-0.066494,0.065847,-0.252064,0.051145,-0.239476,0.615654,0.804444,-0.054150,0.225098,0.312273,-0.198790,0.301041,0.838984,-0.804651,0.122561,0.024779
6.073643,-2.045898,0.765788,0.052656,-0.041647,-0.988260,0.137243,0.153573,-0.222849,-0.092956,0.326516,-0.231960,0.115164,-0.681147,-0.177036,-0.146047,0.200144,-0.110147,0.204237,-0.016917,-0.062052,0.061511,-0.275799,0.067605,-0.260372,0.566510,0.800695,-0.067495,0.247537,0.343664,-0.180897,0.261152,0.828528,-0.801361,0.139019,-0.000481
6.028110,-2.050200,0.761638,0.052504,-0.038196,-0.987340,0.144720,0.205968,-0.201455,-0.110213,0.350764,-0.182851,0.094990,-0.683717,-0.168608,-0.164584,0.216070,-0.082354,0.186143,-0.030160,-0.053466,0.057125,-0.279561,0.084736,-0.273063,0.534317,0.792582,-0.068019,0.266409,0.369512,-0.153879,0.215845,0.819969,-0.796386,0.163225,-0.029338
5.982448,-2.055040,0.756228,0.049126,-0.029577,-0.987239,0.148563,0.240173,-0.174783,-0.129897,0.414647,-0.097665,0.063620,-0.699197,-0.157361,-0.185664,0.351600,0.001035,0.079578,-0.043335,-0.037353,0.054088,-0.263404,0.106549,-0.278974,0.518713,0.778700,-0.056615,0.273707,0.384700,-0.122308,0.177914,0.818532,-0.789758,0.182045,-0.055440
5.937108,-2.060126,0.747079,0.043948,-0.017165,-0.987655,0.149369,0.234828,-0.148283,-0.146796,0.545375,0.038695,-0.009938,-0.705483,-0.137580,-0.193807,0.492136,0.060285,0.043333,-0.056358,-0.013566,0.054084,-0.230557,0.130030,-0.279456,0.519404,0.763497,-0.033140,0.270921,0.384165,-0.097384,0.156422,0.829331,-0.787182,0.188997,-0.067943
5.894034,-2.065004,0.741926,0.039031,-0.003216,-0.988108,0.148689,0.181927,-0.126395,-0.153387,0.738265,0.196346,-0.089505,-0.695438,-0.113215,-0.208573,0.611027,0.018910,-0.003940,-0.067113,0.013140,0.057890,-0.189692,0.147134,-0.277943,0.540684,0.750411,0.004066,0.263395,0.364651,-0.084061,0.149876,0.848692,-0.796059,0.190108,-0.059568
5.852204,-2.070009,0.742194,0.034918,0.011623,-0.987838,0.151068,0.078218,-0.097603,-0.146360,0.954902,0.317257,-0.185909,-0.659793,-0.086559,-0.232742,0.680319,-0.063842,-0.024098,-0.074557,0.038330,0.064103,-0.155671,0.155121,-0.283821,0.589245,0.742034,0.054082,0.247609,0.331273,-0.076433,0.145288,0.863362,-0.815075,0.194267,-0.041053
5.810541,-2.075283,0.746216,0.031199,0.025344,-0.987036,0.155386,-0.051469,-0.065809,-0.136241,1.140155,0.293386,-0.171639,-0.595161,-0.058916,-0.263589,0.697131,-0.135179,-0.034015,-0.077428,0.060318,0.069663,-0.134707,0.158518,-0.305389,0.664998,0.743709,0.108834,0.212240,0.291599,-0.068412,0.128658,0.861786,-0.833692,0.202500,-0.036499
5.768844,-2.081074,0.752525,0.027437,0.037278,-0.986197,0.158974,-0.189707,-0.037133,-0.125038,1.270598,0.189836,-0.135496,-0.511949,-0.026485,-0.290291,0.674638,-0.184679,-0.041020,-0.076842,0.078223,0.073486,-0.120625,0.166642,-0.344787,0.756318,0.763274,0.154419,0.150256,0.249821,-0.056016,0.097423,0.845396,-0.839847,0.207933,-0.062174
5.726402,-2.087520,0.759591,0.023668,0.045570,-0.985953,0.158931,-0.316113,-0.004366,-0.105055,1.328534,0.117592,-0.112633,-0.415516,0.008951,-0.305891,0.625030,-0.218645,-0.039748,-0.073059,0.091431,0.074802,-0.100223,0.180177,-0.394840,0.845900,0.798675,0.177295,0.072485,0.205859,-0.042434,0.063001,0.824608,-0.831030,0.202829,-0.111322
5.683401,-2.094720,0.765306,0.020405,0.053043,-0.986198,0.155509,-0.429614,0.031665,-0.081478,1.325673,0.067110,-0.078304,-0.318472,0.046707,-0.311116,0.569483,-0.240478,-0.036072,-0.065230,0.100796,0.074787,-0.068381,0.199143,-0.440192,0.919137,0.836851,0.175074,-0.002654,0.159608,-0.031428,0.042261,0.808354,-0.816127,0.185120,-0.160221
5.639841,-2.102492,0.768804,0.018400,0.058516,-0.986949,0.148894,-0.529072,0.055576,-0.060593,1.270829,0.000764,-0.056462,-0.224704,0.081805,-0.304571,0.516391,-0.258236,-0.032630,-0.053485,0.106980,0.073281,-0.022279,0.217995,-0.465552,0.967369,0.860875,0.156466,-0.063375,0.115533,-0.032198,0.041096,0.803444,-0.807899,0.148681,-0.193967
5.596016,-2.110703,0.769703,0.018336,0.062088,-0.988116,0.139413,-0.609999,0.072887,-0.040431,1.165678,-0.056334,-0.026075,-0.137117,0.110964,-0.287582,0.469823,-0.274992,-0.027923,-0.038329,0.110526,0.070360,0.033338,0.231262,-0.463764,0.996344,0.864119,0.132763,-0.100657,0.057910,-0.041856,0.056007,0.798852,-0.811215,0.111364,-0.198907
5.552172,-2.119256,0.768125,0.020331,0.064082,-0.989466,0.128210,-0.673119,0.081690,-0.027095,1.012218,-0.090540,-0.004636,-0.054514,0.132745,-0.263095,0.426831,-0.287327,-0.021586,-0.020490,0.112104,0.066611,0.082565,0.238341,-0.435624,1.005956,0.850772,0.117649,-0.119812,0.004455,-0.057907,0.088246,0.772765,-0.816273,0.077904,-0.189622
5.508447,-2.128191,0.765296,0.024450,0.065205,-0.990689,0.116984,-0.715293,0.086816,-0.022091,0.813138,-0.095857,-0.008579,0.025400,0.148211,-0.232016,0.381668,-0.289316,-0.013497,-0.000739,0.112187,0.062013,0.131124,0.244115,-0.389554,0.998374,0.829561,0.110798,-0.109533,-0.046762,-0.078986,0.122011,0.734975,-0.818769,0.045956,-0.181799
5.464492,-2.137318,0.766424,0.031107,0.062443,-0.991875,0.106379,-0.731337,0.079942,-0.029978,0.571574,-0.081441,-0.007763,0.109900,0.153850,-0.195510,0.327709,-0.277868,-0.004018,0.021410,0.109529,0.056223,0.174411,0.240823,-0.336546,0.983592,0.809392,0.114903,-0.072557,-0.088429,-0.103353,0.148287,0.689922,-0.816815,0.020282,-0.186140
5.420686,-2.146693,0.763133,0.037435,0.057780,-0.993038,0.095579,-0.729324,0.064399,-0.061098,0.339280,-0.073774,-0.013602,0.186484,0.148530,-0.157807,0.281206,-0.255932,0.004695,0.046277,0.102689,0.050581,0.212527,0.231404,-0.282905,0.971101,0.795265,0.130910,-0.023664,-0.113562,-0.123366,0.163051,0.645598,-0.807085,0.004606,-0.203274
5.376023,-2.156587,0.758013,0.041044,0.053358,-0.994060,0.085515,-0.721076,0.055186,-0.065022,0.206656,-0.069768,-0.023103,0.251719,0.135717,-0.124369,0.267615,-0.217081,0.016050,0.070687,0.093318,0.046320,0.245854,0.218483,-0.232164,0.966217,0.787440,0.156821,0.019632,-0.119456,-0.135361,0.167835,0.608875,-0.787285,-0.000098,-0.225144
5.330060,-2.167016,0.752271,0.040869,0.046779,-0.995065,0.077379,-0.724134,0.042190,-0.052196,0.244601,-0.029418,-0.041711,0.301916,0.113517,-0.092087,0.299660,-0.146991,0.024175,0.093290,0.079335,0.044824,0.270590,0.201857,-0.189630,0.972836,0.786062,0.187508,0.047570,-0.105853,-0.144364,0.166729,0.581041,-0.759411,0.004448,-0.240722
5.283516,-2.177386,0.745575,0.039077,0.032244,-0.996065,0.072715,-0.736997,0.004821,-0.048508,0.382354,0.060775,0.016582,0.328246,0.075344,-0.059208,0.381252,-0.044560,0.057072,0.112941,0.056478,0.047390,0.279751,0.178635,-0.162071,0.994504,0.793848,0.216948,0.059465,-0.074342,-0.160060,0.162451,0.559212,-0.731076,0.016828,-0.244013
5.237332,-2.187538,0.735945,0.036271,0.013038,-0.996623,0.072510,-0.736345,-0.029986,-0.023104,0.517104,0.102609,0.007211,0.305094,0.031637,-0.027943,0.542553,0.106912,0.101753,0.124910,0.024945,0.055022,0.271771,0.154867,-0.148600,1.028524,0.811774,0.240923,0.057895,-0.030237,-0.177358,0.158853,0.545709,-0.709520,0.036252,-0.238589
5.192825,-2.196727,0.734080,0.032927,-0.006843,-0.996647,0.074586,-0.712027,-0.059988,0.014307,0.619222,0.063784,-0.002829,0.223944,-0.005597,0.005651,0.779242,0.281694,0.148836,0.128125,-0.010559,0.066773,0.246854,0.133884,-0.145068,1.065118,0.836913,0.255550,0.042913,0.014834,-0.188350,0.161964,0.548375,-0.698991,0.063202,-0.227856
5.150105,-2.204954,0.736256,0.031041,-0.028037,-0.996415,0.073531,-0.669544,-0.092650,0.051199,0.677246,-0.008686,0.022424,0.097889,-0.061343,0.020559,1.013207,0.384861,0.224034,0.124545,-0.044637,0.079271,0.207745,0.111322,-0.147170,1.092220,0.864208,0.257675,0.020492,0.045929,-0.198631,0.180327,0.572920,-0.703353,0.096161,-0.204233
5.108074,-2.212692,0.740955,0.029718,-0.046667,-0.995893,0.071667,-0.603181,-0.124867,0.078504,0.687608,-0.078404,0.042062,-0.053438,-0.075789,0.060354,1.203219,0.333271,0.212169,0.115539,-0.073577,0.088436,0.157007,0.090494,-0.152883,1.100434,0.893441,0.249013,0.006246,0.062825,-0.210209,0.215332,0.617449,-0.722700,0.127036,-0.162449
5.065990,-2.220093,0.748065,0.028940,-0.059691,-0.995387,0.069309,-0.517854,-0.152544,0.091236,0.657840,-0.128261,0.052755,-0.206180,-0.081805,0.083241,1.322493,0.250882,0.203866,0.106940,-0.094100,0.091884,0.100799,0.072712,-0.158811,1.085152,0.922612,0.234023,0.015067,0.075328,-0.222900,0.258631,0.673111,-0.755048,0.148177,-0.108753
5.023287,-2.227056,0.755636,0.028889,-0.069059,-0.994822,0.068735,-0.424446,-0.177313,0.093737,0.608825,-0.162333,0.060578,-0.349086,-0.102293,0.085025,1.365611,0.169041,0.204665,0.098232,-0.107248,0.091024,0.046606,0.054681,-0.158986,1.046513,0.942857,0.213318,0.048056,0.092683,-0.234272,0.296158,0.728738,-0.790100,0.159988,-0.055644
4.979632,-2.233680,0.762096,0.029423,-0.076152,-0.994090,0.071549,-0.329629,-0.198350,0.092688,0.555862,-0.184838,0.068199,-0.474883,-0.127979,0.069491,1.342446,0.063453,0.156991,0.087162,-0.115110,0.087641,-0.002375,0.036030,-0.149940,0.995602,0.944820,0.175726,0.095738,0.119529,-0.234278,0.319878,0.773940,-0.814251,0.172161,-0.013577
4.935147,-2.240046,0.766646,0.030834,-0.080077,-0.993251,0.078029,-0.238941,-0.214639,0.081326,0.508044,-0.199164,0.072496,-0.577805,-0.158052,0.038070,1.256794,-0.023657,0.138128,0.073815,-0.118646,0.082883,-0.049163,0.021231,-0.143210,0.930524,0.926902,0.121999,0.135055,0.152365,-0.234711,0.322442,0.801036,-0.817755,0.174459,0.021391
4.890116,-2.246069,0.768208,0.033449,-0.082977,-0.992077,0.088204,-0.156553,-0.228256,0.059514,0.472281,-0.211020,0.071183,-0.657476,-0.187583,-0.001336,1.115718,-0.082719,0.115837,0.058195,-0.119609,0.077716,-0.099271,0.013232,-0.150715,0.860680,0.897870,0.059727,0.160076,0.189156,-0.236961,0.312565,0.808458,-0.809359,0.165406,0.042069
4.844681,-2.251894,0.767265,0.037392,-0.083975,-0.990683,0.100487,-0.075729,-0.235247,0.029503,0.435089,-0.216886,0.063496,-0.705239,-0.216442,-0.050696,0.915044,-0.125117,0.119345,0.041505,-0.119195,0.071365,-0.154135,0.016666,-0.174188,0.791513,0.870370,0.003998,0.175169,0.225899,-0.238041,0.299444,0.802380,-0.799954,0.147891,0.043457
4.798920,-2.257601,0.765947,0.041930,-0.081928,-0.989350,0.112764,0.009625,-0.231659,-0.005519,0.386172,-0.210882,0.054655,-0.718225,-0.225944,-0.094644,0.659631,-0.142551,0.097916,0.024512,-0.116509,0.063217,-0.208568,0.030494,-0.204945,0.725925,0.851463,-0.034330,0.187837,0.259100,-0.233471,0.285157,0.793264,-0.795241,0.132346,0.026699
4.752161,-2.263037,0.768856,0.045658,-0.077903,-0.988188,0.123820,0.098583,-0.219445,-0.039661,0.342804,-0.191914,0.050092,-0.708241,-0.214911,-0.111958,0.393316,-0.141094,0.114122,0.007697,-0.109913,0.054216,-0.254014,0.046461,-0.232372,0.667909,0.838958,-0.053551,0.202812,0.289430,-0.222595,0.264098,0.787976,-0.794698,0.130141,-0.000085
4.705106,-2.268168,0.766165,0.046729,-0.075035,-0.987001,0.134220,0.174927,-0.203108,-0.068119,0.324854,-0.165348,0.047675,-0.701923,-0.203515,-0.112850,0.228830,-0.146516,0.156906,-0.009548,-0.100334,0.046261,-0.283671,0.056982,-0.250944,0.621593,0.825361,-0.058044,0.219785,0.320100,-0.206702,0.230114,0.786575,-0.793803,0.144278,-0.026948
4.657767,-2.273140,0.761576,0.046081,-0.070248,-0.986386,0.141365,0.232972,-0.180844,-0.092347,0.341027,-0.109361,0.037281,-0.696388,-0.199106,-0.128979,0.216959,-0.137208,0.176212,-0.026051,-0.088413,0.038292,-0.294858,0.067801,-0.260501,0.586804,0.806933,-0.052917,0.233376,0.346260,-0.181260,0.187464,0.788271,-0.788703,0.167186,-0.048413
4.610466,-2.278024,0.755451,0.042615,-0.060279,-0.986768,0.144360,0.273844,-0.152094,-0.117888,0.394000,-0.033414,0.030112,-0.714104,-0.192283,-0.162398,0.356189,-0.070669,0.083967,-0.041878,-0.070934,0.031511,-0.287460,0.087437,-0.264759,0.560966,0.787103,-0.042287,0.238410,0.362700,-0.147929,0.147646,0.796992,-0.780359,0.188216,-0.064436
4.563704,-2.282776,0.747413,0.037552,-0.044310,-0.987923,0.143648,0.280187,-0.115268,-0.132325,0.505952,0.082249,-0.021980,-0.732622,-0.159058,-0.169087,0.501868,0.040133,0.013785,-0.057456,-0.045267,0.027392,-0.262527,0.115639,-0.264798,0.543303,0.771641,-0.026119,0.236418,0.363591,-0.115753,0.122341,0.817933,-0.776435,0.200985,-0.071803
4.518487,-2.286938,0.737307,0.032525,-0.027018,-0.989312,0.139546,0.239804,-0.083653,-0.137093,0.691952,0.225107,-0.105748,-0.724269,-0.119857,-0.181639,0.625550,0.039820,-0.056078,-0.068073,-0.015447,0.027678,-0.225467,0.140042,-0.261007,0.540520,0.761571,-0.000708,0.232991,0.346919,-0.093991,0.113747,0.849416,-0.785612,0.208445,-0.064335
4.475849,-2.290860,0.735346,0.028120,-0.007849,-0.990237,0.136305,0.141636,-0.050224,-0.133683,0.909238,0.371412,-0.180251,-0.698793,-0.082470,-0.212966,0.713328,-0.042964,-0.086965,-0.072182,0.014370,0.032619,-0.189336,0.153889,-0.258807,0.563734,0.755300,0.038078,0.226700,0.314541,-0.078353,0.115144,0.880661,-0.808585,0.215966,-0.044401
4.433961,-2.294721,0.737567,0.024224,0.010301,-0.990318,0.136300,0.012785,-0.042671,-0.151113,1.106317,0.371438,-0.179802,-0.645507,-0.045171,-0.245825,0.749421,-0.120080,-0.098239,-0.071178,0.041290,0.038903,-0.163630,0.157810,-0.267040,0.619056,0.753209,0.087282,0.209312,0.274457,-0.065343,0.113580,0.897289,-0.836391,0.223779,-0.029021
4.392315,-2.298645,0.743459,0.020088,0.024605,-0.989935,0.137910,-0.124238,-0.044812,-0.166610,1.247641,0.245342,-0.140917,-0.565442,-0.007763,-0.272724,0.734853,-0.179473,-0.097975,-0.068405,0.062791,0.043704,-0.144856,0.159826,-0.291366,0.700457,0.761036,0.136561,0.171746,0.233113,-0.052790,0.102093,0.892891,-0.857258,0.225669,-0.035987
4.350641,-2.302989,0.751018,0.015553,0.036488,-0.989690,0.137621,-0.261693,-0.021967,-0.160315,1.322942,0.149404,-0.093856,-0.470628,0.033574,-0.289819,0.688122,-0.218119,-0.095387,-0.063684,0.079605,0.047517,-0.124730,0.168785,-0.331440,0.792120,0.783808,0.171850,0.112915,0.192400,-0.039783,0.084638,0.872766,-0.863948,0.214298,-0.067693
4.308474,-2.307838,0.758668,0.011309,0.045599,-0.990028,0.132804,-0.383009,0.008358,-0.140347,1.323704,0.071077,-0.036608,-0.369258,0.077429,-0.292620,0.624353,-0.237753,-0.090090,-0.054966,0.092551,0.050076,-0.095666,0.183870,-0.380162,0.877627,0.817707,0.182254,0.043466,0.150916,-0.030193,0.072381,0.846681,-0.858482,0.188411,-0.108498
4.265893,-2.313136,0.764891,0.008644,0.051666,-0.990883,0.124122,-0.486530,0.030047,-0.113336,1.261194,-0.000133,-0.003395,-0.269400,0.118515,-0.279639,0.557333,-0.248384,-0.083791,-0.042639,0.101501,0.051329,-0.056599,0.201678,-0.425410,0.945233,0.852479,0.167490,-0.023979,0.106509,-0.028365,0.074752,0.820690,-0.849151,0.153183,-0.139935
4.223198,-2.318944,0.768216,0.008305,0.056769,-0.992033,0.112154,-0.569818,0.042916,-0.088196,1.145407,-0.062034,0.009211,-0.178379,0.153087,-0.258180,0.500805,-0.257961,-0.077354,-0.027570,0.107424,0.050839,-0.004124,0.219639,-0.455392,0.988594,0.876894,0.138602,-0.075796,0.057483,-0.036310,0.086910,0.807916,-0.845274,0.102008,-0.160252
4.180471,-2.325010,0.768310,0.010124,0.060992,-0.993345,0.097176,-0.631473,0.055647,-0.065215,0.979571,-0.096691,0.014074,-0.094960,0.182144,-0.226017,0.453112,-0.265926,-0.073041,-0.010778,0.111664,0.048418,0.048586,0.232578,-0.457519,1.008052,0.883115,0.113100,-0.112621,0.006651,-0.047746,0.117657,0.778073,-0.843804,0.061664,-0.164081
4.137944,-2.331017,0.766627,0.014484,0.061829,-0.994787,0.079791,-0.666400,0.063328,-0.049175,0.760582,-0.095489,0.013735,-0.013227,0.201508,-0.181576,0.400049,-0.265689,-0.072975,0.007456,0.113924,0.044393,0.107875,0.239043,-0.430122,1.004557,0.869422,0.096419,-0.118993,-0.046539,-0.065560,0.154434,0.738398,-0.841861,0.027227,-0.160811
4.095597,-2.337075,0.764238,0.019919,0.060390,-0.996084,0.061419,-0.674874,0.064566,-0.050134,0.504806,-0.083211,-0.009446,0.066885,0.210427,-0.130173,0.347954,-0.263291,-0.075541,0.027168,0.113185,0.039677,0.169979,0.235855,-0.381291,0.989032,0.843654,0.094788,-0.091099,-0.095284,-0.085149,0.189878,0.693288,-0.835764,-0.001899,-0.160760
4.052793,-2.343280,0.765412,0.025163,0.056796,-0.997106,0.043829,-0.671081,0.060936,-0.070303,0.275398,-0.074043,-0.006945,0.145929,0.208542,-0.082292,0.309784,-0.254853,-0.075403,0.048311,0.108942,0.035864,0.228150,0.223123,-0.323393,0.974097,0.816161,0.107157,-0.041220,-0.132548,-0.103544,0.216856,0.648267,-0.824138,-0.023086,-0.170427
4.009484,-2.349892,0.761693,0.027587,0.056051,-0.997583,0.030429,-0.678411,0.071679,-0.043218,0.178728,-0.071404,-0.053493,0.211978,0.202515,-0.043669,0.301519,-0.240281,-0.068838,0.067600,0.104058,0.033698,0.277850,0.208297,-0.266502,0.969816,0.795486,0.132675,0.009002,-0.151076,-0.116075,0.231188,0.608929,-0.806537,-0.032904,-0.190383
3.965156,-2.356590,0.756575,0.027678,0.052368,-0.998024,0.020961,-0.690795,0.066385,-0.028784,0.235143,-0.056743,-0.027630,0.267083,0.186729,-0.012102,0.324871,-0.202968,-0.061205,0.087843,0.094984,0.031850,0.311353,0.189961,-0.221524,0.981689,0.787395,0.168375,0.041901,-0.146672,-0.127923,0.231773,0.576057,-0.783784,-0.029519,-0.213041
3.920204,-2.363149,0.751195,0.025639,0.042610,-0.998647,0.015182,-0.713421,0.033172,-0.037914,0.383628,0.010691,0.000616,0.307180,0.157613,0.013296,0.380873,-0.135439,-0.033841,0.106905,0.078496,0.030695,0.326185,0.168300,-0.194753,1.010125,0.794563,0.208536,0.052734,-0.121069,-0.142674,0.223075,0.550440,-0.757215,-0.016209,-0.229607
3.875424,-2.369280,0.745248,0.023030,0.027751,-0.999253,0.013883,-0.720108,-0.004275,-0.030542,0.509641,0.076056,-0.004483,0.308264,0.122241,0.035562,0.498723,-0.014016,0.035281,0.119290,0.054416,0.031395,0.323021,0.145614,-0.185496,1.048388,0.815135,0.243449,0.043520,-0.081162,-0.157168,0.210130,0.537734,-0.729867,0.003945,-0.239461
3.832161,-2.375058,0.737424,0.020026,0.011467,-0.999629,0.014456,-0.701070,-0.024900,0.007649,0.613507,0.072643,-0.002795,0.256300,0.091149,0.055511,0.698435,0.150756,0.136963,0.123564,0.025982,0.036615,0.305168,0.125027,-0.185825,1.084051,0.841412,0.262788,0.017711,-0.039299,-0.165111,0.198900,0.547990,-0.706490,0.032967,-0.244285
3.791487,-2.379774,0.737891,0.017653,-0.006557,-0.999739,0.012923,-0.667813,-0.051315,0.046283,0.677992,0.007426,0.012938,0.149579,0.045246,0.057262,0.926937,0.307035,0.237853,0.122593,-0.003130,0.045663,0.273849,0.104131,-0.188482,1.105430,0.865827,0.260935,-0.015786,-0.008328,-0.169612,0.197661,0.585981,-0.693497,0.074509,-0.237195
3.751682,-2.384111,0.741494,0.015618,-0.024353,-0.999529,0.010260,-0.610971,-0.080099,0.079520,0.698200,-0.059420,0.030406,0.014316,-0.001125,0.059099,1.130218,0.357810,0.242274,0.116776,-0.030764,0.055063,0.230586,0.085665,-0.190410,1.106593,0.887588,0.242780,-0.038078,0.008450,-0.176119,0.214998,0.646715,-0.697372,0.122865,-0.207412
3.712435,-2.388037,0.747124,0.013863,-0.040014,-0.999072,0.007844,-0.537862,-0.110916,0.102100,0.683483,-0.111096,0.039057,-0.130178,-0.028092,0.072125,1.275187,0.291648,0.231888,0.109390,-0.054312,0.062117,0.177606,0.071299,-0.192693,1.088127,0.910315,0.219277,-0.031205,0.018750,-0.189478,0.252411,0.717688,-0.723036,0.163504,-0.153938
3.673037,-2.391523,0.753566,0.012321,-0.052617,-0.998514,0.007047,-0.454034,-0.141975,0.113247,0.645967,-0.150886,0.044498,-0.269908,-0.058405,0.072638,1.351258,0.203516,0.201577,0.102694,-0.072711,0.065872,0.119706,0.060336,-0.193229,1.053828,0.932606,0.198844,0.007032,0.033973,-0.207780,0.300252,0.785706,-0.764964,0.184812,-0.090590
3.632941,-2.394624,0.759850,0.010986,-0.061452,-0.998004,0.009532,-0.363815,-0.170709,0.112943,0.596187,-0.179051,0.050587,-0.394141,-0.093502,0.057960,1.359830,0.111216,0.170958,0.095432,-0.085878,0.066769,0.060306,0.050628,-0.183897,1.010866,0.946701,0.178194,0.061415,0.061006,-0.225275,0.340842,0.841218,-0.804737,0.185811,-0.031879
3.592226,-2.397214,0.764559,0.010644,-0.068703,-0.997452,0.015994,-0.277276,-0.198044,0.102868,0.550228,-0.199502,0.055252,-0.500050,-0.133485,0.029256,1.303569,0.023099,0.131541,0.086040,-0.094772,0.066314,0.003960,0.039224,-0.168612,0.963076,0.940151,0.147383,0.114796,0.099014,-0.230130,0.365026,0.875605,-0.828512,0.185570,0.014800
3.551011,-2.399416,0.766918,0.011795,-0.073891,-0.996845,0.026490,-0.196261,-0.221790,0.081236,0.511271,-0.221008,0.057893,-0.583706,-0.171278,-0.010248,1.193928,-0.063937,0.116348,0.074555,-0.100633,0.064776,-0.055204,0.028370,-0.154661,0.909698,0.916175,0.107666,0.148194,0.144761,-0.237591,0.364903,0.886559,-0.829916,0.174805,0.051501
3.509476,-2.401396,0.766714,0.014434,-0.077147,-0.996120,0.039808,-0.118797,-0.240028,0.049746,0.475735,-0.241606,0.058757,-0.643228,-0.204111,-0.057195,1.030302,-0.114152,0.102736,0.061304,-0.104476,0.062274,-0.117446,0.022326,-0.151614,0.854243,0.886320,0.064919,0.163698,0.194372,-0.243128,0.348566,0.877466,-0.818448,0.158965,0.067299
3.467780,-2.403191,0.764450,0.018392,-0.079132,-0.995257,0.053506,-0.041345,-0.251680,0.012182,0.436417,-0.255646,0.058184,-0.673278,-0.227430,-0.106097,0.815785,-0.136572,0.089938,0.046997,-0.106824,0.058555,-0.179205,0.024043,-0.161590,0.797862,0.861997,0.027801,0.172718,0.242936,-0.243345,0.324250,0.858170,-0.802947,0.143773,0.056168
3.426080,-2.404928,0.761409,0.022977,-0.077347,-0.994565,0.065802,0.040003,-0.251233,-0.029674,0.386245,-0.262938,0.056790,-0.679826,-0.223447,-0.129478,0.563501,-0.132047,0.098173,0.032079,-0.105925,0.053474,-0.234697,0.034510,-0.178922,0.741380,0.847720,0.001961,0.185543,0.284781,-0.234457,0.298436,0.841048,-0.789336,0.134453,0.025177
3.384154,-2.406357,0.758057,0.027374,-0.074650,-0.993907,0.076337,0.118055,-0.242838,-0.067490,0.342234,-0.260793,0.056250,-0.674168,-0.207671,-0.131669,0.331767,-0.121200,0.096733,0.017157,-0.101442,0.047666,-0.278076,0.046358,-0.196709,0.688672,0.839060,-0.012694,0.205517,0.318825,-0.221477,0.271593,0.833244,-0.782225,0.136712,-0.009590
3.340893,-2.407294,0.758973,0.030032,-0.073210,-0.993202,0.085375,0.188606,-0.232673,-0.097455,0.332616,-0.243633,0.059076,-0.676561,-0.198586,-0.133449,0.220812,-0.122546,0.146111,0.002011,-0.094464,0.042252,-0.304688,0.054789,-0.210782,0.644580,0.828962,-0.019153,0.228400,0.346478,-0.207307,0.240549,0.834135,-0.781752,0.152858,-0.033697
3.297532,-2.408119,0.755988,0.031371,-0.068415,-0.992947,0.091608,0.242678,-0.213605,-0.122112,0.346878,-0.208680,0.050616,-0.680955,-0.188989,-0.133994,0.249645,-0.101586,0.158144,-0.014234,-0.083649,0.036065,-0.311611,0.066111,-0.220145,0.610800,0.814936,-0.019265,0.245810,0.364542,-0.186147,0.205650,0.840400,-0.783540,0.177558,-0.043851
3.253908,-2.409068,0.751493,0.030255,-0.058040,-0.993387,0.094336,0.281900,-0.185039,-0.142255,0.392077,-0.140617,0.027609,-0.697201,-0.167904,-0.132582,0.378544,-0.022714,0.077085,-0.031491,-0.065847,0.030418,-0.297588,0.084754,-0.226528,0.587535,0.798367,-0.014113,0.251461,0.371466,-0.158223,0.170987,0.850989,-0.784369,0.201021,-0.046681
3.210489,-2.410112,0.744190,0.027883,-0.043046,-0.994237,0.094139,0.290045,-0.153074,-0.155880,0.490632,-0.024388,-0.021665,-0.702261,-0.136416,-0.138040,0.498983,0.064326,0.029318,-0.047531,-0.040234,0.026824,-0.266761,0.108408,-0.232120,0.577219,0.783615,-0.002737,0.245002,0.367119,-0.130410,0.142536,0.866297,-0.786528,0.215892,-0.046479
3.169799,-2.410899,0.740281,0.025804,-0.025444,-0.995088,0.092128,0.246826,-0.123986,-0.161295,0.662845,0.119386,-0.123230,-0.694407,-0.105617,-0.163152,0.603480,0.046827,-0.026775,-0.059555,-0.009844,0.027875,-0.228499,0.130041,-0.238954,0.586694,0.774011,0.018520,0.228832,0.348887,-0.107548,0.123697,0.883378,-0.795026,0.222259,-0.041658
3.130584,-2.411795,0.740468,0.024102,-0.007369,-0.995338,0.093092,0.150175,-0.097709,-0.162597,0.879003,0.273710,-0.205613,-0.666913,-0.075747,-0.195312,0.670728,-0.025853,-0.051678,-0.067052,0.020939,0.032669,-0.196134,0.143517,-0.254005,0.624884,0.772635,0.052151,0.201803,0.320396,-0.089307,0.109776,0.894480,-0.809284,0.224211,-0.035116
3.092038,-2.412802,0.743745,0.022857,0.009672,-0.994882,0.097944,0.022576,-0.076794,-0.164960,1.077321,0.314910,-0.215736,-0.615523,-0.047420,-0.229953,0.693702,-0.093511,-0.060982,-0.071006,0.048096,0.038697,-0.177166,0.151501,-0.283772,0.692442,0.783906,0.093849,0.159176,0.284939,-0.073316,0.095240,0.893132,-0.824782,0.222743,-0.036510
3.053656,-2.414037,0.749514,0.021304,0.023771,-0.994141,0.103267,-0.116895,-0.061403,-0.166175,1.223427,0.220143,-0.178902,-0.544239,-0.017597,-0.260078,0.678462,-0.146017,-0.066871,-0.072395,0.069736,0.043947,-0.165274,0.159411,-0.329475,0.778471,0.811164,0.130436,0.098081,0.244166,-0.059736,0.079060,0.880131,-0.837508,0.216937,-0.053747
3.014973,-2.415678,0.756215,0.019405,0.034823,-0.993613,0.105561,-0.251208,-0.030433,-0.151605,1.302077,0.134829,-0.146208,-0.462097,0.016033,-0.279938,0.639983,-0.184906,-0.072005,-0.070948,0.085784,0.047827,-0.149044,0.171164,-0.383630,0.865306,0.851359,0.148068,0.024887,0.198974,-0.048965,0.065489,0.861045,-0.845969,0.206110,-0.084042
2.975609,-2.417670,0.762679,0.017406,0.042685,-0.993599,0.103130,-0.371882,0.003173,-0.127944,1.316468,0.071934,-0.089726,-0.373308,0.052558,-0.286268,0.586849,-0.212228,-0.075424,-0.064900,0.097045,0.050300,-0.120355,0.184559,-0.430034,0.937290,0.890920,0.143867,-0.045319,0.151282,-0.042102,0.059612,0.839944,-0.850325,0.189234,-0.116145
2.935801,-2.420041,0.767467,0.016209,0.049342,-0.993920,0.097087,-0.476765,0.032167,-0.102954,1.274294,0.001017,-0.055457,-0.287465,0.089053,-0.282075,0.534987,-0.232698,-0.076259,-0.054187,0.104427,0.051788,-0.076875,0.198969,-0.451733,0.984037,0.913490,0.128478,-0.099491,0.107138,-0.040590,0.061787,0.825379,-0.850906,0.153554,-0.146336
2.895652,-2.422568,0.770033,0.016400,0.054074,-0.994532,0.087827,-0.563444,0.048984,-0.080578,1.182738,-0.065972,-0.033176,-0.206371,0.120919,-0.269910,0.488491,-0.250267,-0.074777,-0.039535,0.108915,0.052052,-0.020212,0.208313,-0.441506,1.009481,0.910933,0.112827,-0.125553,0.049878,-0.043166,0.070650,0.811922,-0.850364,0.112847,-0.159649
2.855390,-2.425219,0.769734,0.018087,0.057987,-0.995226,0.076391,-0.631458,0.061016,-0.060800,1.043534,-0.099165,-0.017103,-0.131417,0.149320,-0.247394,0.449985,-0.270974,-0.071008,-0.022406,0.111588,0.051468,0.033640,0.213001,-0.402336,1.014377,0.887846,0.106006,-0.131207,-0.000379,-0.049300,0.095159,0.777823,-0.846121,0.074275,-0.163151
2.815180,-2.427859,0.766878,0.021532,0.060240,-0.995893,0.064068,-0.678523,0.075395,-0.041564,0.860037,-0.103210,-0.036476,-0.058677,0.171882,-0.216944,0.411065,-0.292408,-0.066102,-0.004058,0.112890,0.050252,0.089911,0.215669,-0.346620,1.001408,0.854916,0.103718,-0.109867,-0.050886,-0.062648,0.125729,0.736430,-0.839513,0.037800,-0.164871
2.775016,-2.430564,0.762245,0.026098,0.061999,-0.996393,0.051740,-0.700201,0.085252,-0.028422,0.636200,-0.082161,-0.026922,0.013357,0.189436,-0.182372,0.370889,-0.308918,-0.062184,0.015254,0.112972,0.048497,0.143376,0.213849,-0.287357,0.981797,0.823375,0.107855,-0.067115,-0.097162,-0.079584,0.156406,0.692544,-0.831471,0.007761,-0.171980
2.735011,-2.433182,0.757446,0.031138,0.060148,-0.996871,0.040752,-0.703421,0.085182,-0.023657,0.406640,-0.052195,-0.006570,0.085249,0.195771,-0.146920,0.327867,-0.309946,-0.060436,0.035247,0.110414,0.046715,0.187840,0.203795,-0.234904,0.967365,0.801507,0.120671,-0.016861,-0.133122,-0.099007,0.179697,0.650596,-0.821740,-0.011358,-0.185256
2.694521,-2.436425,0.752516,0.034348,0.059467,-0.997177,0.030378,-0.693747,0.083586,-0.025567,0.229215,-0.046129,-0.025843,0.150449,0.197186,-0.112969,0.307418,-0.301757,-0.051084,0.055319,0.105197,0.045326,0.223973,0.193571,-0.191202,0.964485,0.793138,0.145713,0.026276,-0.153641,-0.111722,0.192525,0.616701,-0.808073,-0.018442,-0.202521
2.652399,-2.440151,0.753367,0.035424,0.057509,-0.997486,0.021419,-0.689293,0.080501,-0.010838,0.186243,-0.040046,-0.044380,0.208595,0.190644,-0.083311,0.325282,-0.274419,-0.038879,0.074608,0.097313,0.044853,0.249490,0.180481,-0.157712,0.974388,0.796577,0.179251,0.052258,-0.156674,-0.119358,0.194056,0.592234,-0.789939,-0.013292,-0.218776
2.610133,-2.443977,0.751213,0.034933,0.049275,-0.998070,0.014401,-0.700908,0.062089,-0.010474,0.282770,0.032590,-0.003693,0.247246,0.167713,-0.055996,0.373908,-0.222458,-0.027275,0.092927,0.082113,0.046203,0.261148,0.160889,-0.135845,0.996696,0.808724,0.212884,0.061171,-0.142240,-0.127897,0.186614,0.575359,-0.768661,0.001391,-0.230408
2.567587,-2.447513,0.747662,0.033671,0.035115,-0.998755,0.011048,-0.711615,0.031899,-0.005850,0.405219,0.112190,0.021233,0.255542,0.132458,-0.032478,0.473764,-0.113507,0.010253,0.106820,0.057925,0.050457,0.258746,0.137649,-0.125287,1.028226,0.827750,0.238915,0.058058,-0.112328,-0.137924,0.174395,0.567374,-0.746800,0.022172,-0.239234
2.525855,-2.450719,0.739277,0.031493,0.018881,-0.999261,0.011323,-0.705358,0.010798,0.020511,0.525113,0.115359,0.007747,0.217435,0.092954,-0.017544,0.644393,0.038214,0.090542,0.114164,0.027434,0.059117,0.243482,0.116544,-0.124337,1.060834,0.852327,0.252843,0.043362,-0.072775,-0.143113,0.163604,0.575219,-0.727162,0.049234,-0.247786
2.486466,-2.453061,0.740622,0.029020,0.002035,-0.999497,0.012653,-0.682238,-0.014221,0.051075,0.605638,0.054930,0.028258,0.131118,0.055554,-0.005282,0.862790,0.208313,0.151320,0.115475,-0.004036,0.070409,0.216336,0.098372,-0.130455,1.083869,0.879204,0.250712,0.016358,-0.036066,-0.144168,0.165156,0.606626,-0.714433,0.083998,-0.246299
2.448166,-2.455054,0.743977,0.027112,-0.015676,-0.999442,0.011630,-0.636986,-0.040484,0.079529,0.643511,-0.012023,0.034985,0.011386,-0.000285,-0.008090,1.064475,0.278882,0.196947,0.112322,-0.032103,0.081041,0.179744,0.080699,-0.138656,1.088146,0.904570,0.233462,-0.010449,-0.014708,-0.151730,0.192254,0.661476,-0.719059,0.121517,-0.213729
2.410593,-2.456689,0.749271,0.025735,-0.032044,-0.999104,0.010139,-0.573121,-0.068434,0.100376,0.641431,-0.067237,0.031407,-0.119324,-0.047692,-0.005753,1.215646,0.210516,0.171580,0.105769,-0.055685,0.087916,0.136634,0.064726,-0.143990,1.069364,0.927312,0.209837,-0.014540,-0.006521,-0.170571,0.247466,0.729425,-0.749650,0.147906,-0.141426
2.372966,-2.458025,0.756032,0.024686,-0.044514,-0.998651,0.010254,-0.496315,-0.095409,0.111525,0.610747,-0.104362,0.038462,-0.247522,-0.092298,-0.014863,1.299133,0.129200,0.150555,0.098162,-0.073724,0.090315,0.091963,0.049957,-0.143358,1.029000,0.944620,0.188219,0.015304,0.000997,-0.195491,0.314756,0.794479,-0.801704,0.153430,-0.050769
2.334849,-2.458959,0.762556,0.024178,-0.054767,-0.998112,0.013746,-0.415506,-0.121748,0.115823,0.569348,-0.131627,0.042825,-0.365299,-0.137062,-0.036071,1.319067,0.071231,0.107852,0.088815,-0.086806,0.089710,0.049803,0.032485,-0.137781,0.973706,0.948731,0.165330,0.068173,0.018987,-0.217592,0.365880,0.843204,-0.852045,0.146776,0.026106
2.296049,-2.459567,0.767806,0.024509,-0.062883,-0.997509,0.020523,-0.335582,-0.145766,0.112316,0.527413,-0.155806,0.039580,-0.462790,-0.179836,-0.066506,1.276990,0.004253,0.090242,0.077880,-0.095585,0.086983,0.010413,0.015970,-0.131576,0.919144,0.934856,0.124157,0.125328,0.052316,-0.224210,0.384919,0.869318,-0.878010,0.147657,0.073727
2.256691,-2.459770,0.770962,0.025769,-0.070777,-0.996710,0.029940,-0.262402,-0.169639,0.099805,0.495788,-0.179167,0.033791,-0.544176,-0.216951,-0.099339,1.184133,-0.061768,0.071085,0.065722,-0.101460,0.083473,-0.032021,0.002781,-0.138427,0.862725,0.906507,0.071412,0.162310,0.095790,-0.228637,0.370636,0.873417,-0.873312,0.147634,0.095858
2.216868,-2.459736,0.772230,0.028150,-0.076375,-0.995852,0.040655,-0.191033,-0.188020,0.079077,0.464635,-0.198173,0.029143,-0.603281,-0.251163,-0.142597,1.038263,-0.106787,0.054122,0.053463,-0.105647,0.078689,-0.078978,0.001663,-0.162024,0.807542,0.875910,0.018080,0.178291,0.143050,-0.227836,0.341060,0.860952,-0.850628,0.140807,0.092189
2.176702,-2.459316,0.771074,0.031236,-0.081164,-0.994930,0.050516,-0.118553,-0.201209,0.053881,0.430400,-0.214329,0.020135,-0.633609,-0.278628,-0.194893,0.839906,-0.124333,0.049813,0.041906,-0.108933,0.072674,-0.127565,0.011955,-0.195742,0.754604,0.852017,-0.023809,0.184302,0.187738,-0.224355,0.311809,0.842430,-0.825867,0.128577,0.066465
2.136375,-2.458579,0.768687,0.034091,-0.083292,-0.994260,0.057862,-0.039541,-0.205880,0.024259,0.384472,-0.221215,0.010487,-0.639149,-0.280714,-0.243207,0.602143,-0.103061,0.046667,0.031430,-0.110490,0.065819,-0.171842,0.030052,-0.228165,0.705689,0.835904,-0.048090,0.190548,0.224673,-0.216776,0.290636,0.828045,-0.809691,0.118945,0.028848
2.095966,-2.457314,0.766262,0.035965,-0.083153,-0.993953,0.062050,0.039512,-0.201879,-0.004574,0.341775,-0.216265,-0.002021,-0.630061,-0.249917,-0.261374,0.365681,-0.089148,0.068123,0.021878,-0.108497,0.059013,-0.205671,0.048464,-0.251039,0.664788,0.822069,-0.055794,0.200685,0.252773,-0.207098,0.276211,0.821215,-0.806302,0.120035,-0.006039
2.054618,-2.455212,0.767163,0.035699,-0.084110,-0.993853,0.062512,0.112195,-0.196229,-0.028938,0.334535,-0.215317,-0.020135,-0.626634,-0.223432,-0.279453,0.231807,-0.112165,0.143850,0.014344,-0.103919,0.053128,-0.225394,0.061665,-0.261448,0.635954,0.805352,-0.051120,0.213852,0.276043,-0.198628,0.261996,0.818231,-0.811155,0.132131,-0.026930
2.013848,-2.452673,0.763892,0.034724,-0.082347,-0.994362,0.057068,0.163333,-0.184881,-0.046519,0.359650,-0.195441,-0.053914,-0.623057,-0.200837,-0.325387,0.223535,-0.094319,0.136208,0.008300,-0.097442,0.046995,-0.229251,0.076183,-0.258200,0.618964,0.785708,-0.035974,0.226553,0.290733,-0.184368,0.247963,0.816213,-0.816385,0.145771,-0.032617
1.973403,-2.449775,0.758564,0.031045,-0.075396,-0.995446,0.049378,0.192337,-0.166736,-0.066081,0.433573,-0.146634,-0.107194,-0.642422,-0.167510,-0.310963,0.345117,-0.027410,-0.012500,-0.001689,-0.084008,0.043208,-0.216647,0.094239,-0.244358,0.613325,0.765705,-0.012552,0.237341,0.296957,-0.165629,0.235940,0.817129,-0.818467,0.153466,-0.031839
1.933631,-2.446377,0.749364,0.026079,-0.065470,-0.996747,0.039107,0.181907,-0.157857,-0.107894,0.579012,-0.047725,-0.206613,-0.661136,-0.128788,-0.278460,0.482624,0.016984,-0.106329,-0.012693,-0.065678,0.043936,-0.190866,0.112187,-0.224345,0.621501,0.747528,0.018713,0.247497,0.294973,-0.146717,0.227110,0.822498,-0.819702,0.154773,-0.031359
1.896145,-2.442248,0.742524,0.022009,-0.053563,-0.997841,0.030990,0.124602,-0.169510,-0.135049,0.789107,0.099537,-0.246123,-0.660798,-0.103632,-0.285585,0.604062,-0.018631,-0.155663,-0.026068,-0.046901,0.049713,-0.161902,0.125609,-0.204790,0.650507,0.731126,0.059780,0.255686,0.283983,-0.127065,0.219285,0.828127,-0.822856,0.154319,-0.031718
1.859831,-2.437544,0.740370,0.019240,-0.040930,-0.998532,0.029809,0.013984,-0.161040,-0.123649,1.022023,0.216863,-0.247788,-0.636100,-0.079232,-0.305722,0.677248,-0.099138,-0.182220,-0.043960,-0.028683,0.058620,-0.142307,0.132891,-0.196878,0.707800,0.719342,0.109894,0.251432,0.266466,-0.107294,0.206873,0.825168,-0.827430,0.155010,-0.034519
1.823469,-2.432542,0.741963,0.018156,-0.027259,-0.999082,0.027627,-0.122117,-0.127751,-0.138788,1.210274,0.159072,-0.247757,-0.586732,-0.043848,-0.325894,0.697430,-0.168178,-0.187272,-0.056614,-0.008446,0.066843,-0.134975,0.139585,-0.212621,0.791218,0.724377,0.161499,0.216149,0.244781,-0.088963,0.187242,0.809470,-0.830531,0.154086,-0.046620
1.786383,-2.427250,0.746237,0.017834,-0.014309,-0.999545,0.019672,-0.260505,-0.081671,-0.169716,1.315221,0.082384,-0.245873,-0.519508,0.005820,-0.333132,0.677747,-0.219273,-0.191021,-0.061764,0.012339,0.072834,-0.129134,0.150985,-0.257344,0.884848,0.758169,0.197901,0.141372,0.220343,-0.072838,0.162322,0.785782,-0.829049,0.148849,-0.073571
1.748279,-2.421497,0.751835,0.017436,-0.005368,-0.999817,0.005755,-0.387671,-0.015975,-0.166875,1.337881,0.023775,-0.203435,-0.439948,0.060636,-0.320848,0.633424,-0.254163,-0.195107,-0.061654,0.029818,0.076796,-0.109627,0.160074,-0.318953,0.972573,0.814072,0.199200,0.054713,0.198484,-0.059183,0.137416,0.756486,-0.825339,0.140959,-0.108813
1.709399,-2.415563,0.756818,0.017883,0.001666,-0.999767,-0.011969,-0.491163,0.039674,-0.149163,1.283037,-0.026117,-0.157767,-0.358942,0.113844,-0.293652,0.585362,-0.281561,-0.199786,-0.056494,0.042189,0.079038,-0.076883,0.176576,-0.367150,1.018221,0.863229,0.172157,-0.032531,0.164997,-0.048714,0.123314,0.738440,-0.816939,0.132441,-0.137264
1.669810,-2.409112,0.760602,0.019327,0.004707,-0.999304,-0.031548,-0.567568,0.074553,-0.128035,1.165703,-0.066120,-0.137104,-0.275845,0.157471,-0.254667,0.535121,-0.305329,-0.204973,-0.047386,0.049148,0.078743,-0.026273,0.179766,-0.383728,1.034282,0.882903,0.135099,-0.086761,0.135919,-0.046669,0.122595,0.727175,-0.813288,0.108917,-0.155260
1.629774,-2.402186,0.762128,0.021825,0.006088,-0.998367,-0.052434,-0.618781,0.097527,-0.104049,0.998198,-0.093513,-0.111151,-0.194857,0.191519,-0.210031,0.491264,-0.329313,-0.209662,-0.034769,0.052654,0.076072,0.031739,0.185044,-0.364311,1.027207,0.870099,0.096434,-0.118257,0.104237,-0.048929,0.136761,0.708048,-0.817255,0.077955,-0.153579
1.589660,-2.394431,0.761612,0.025462,0.004721,-0.996915,-0.074089,-0.644009,0.121696,-0.067206,0.781426,-0.092352,-0.114749,-0.112740,0.214063,-0.162082,0.444499,-0.348557,-0.213447,-0.019496,0.054537,0.071309,0.083845,0.179772,-0.325359,1.010951,0.843386,0.074059,-0.126279,0.081561,-0.058193,0.170644,0.665294,-0.821239,0.044640,-0.143170
1.549813,-2.385649,0.759526,0.029744,0.000098,-0.994981,-0.095538,-0.642050,0.119325,-0.054175,0.528573,-0.088964,-0.132888,-0.030635,0.224534,-0.110132,0.395227,-0.360523,-0.215418,-0.001528,0.054422,0.065623,0.131784,0.170360,-0.281922,0.988185,0.820652,0.066230,-0.107993,0.062681,-0.075845,0.209839,0.611682,-0.820345,0.008281,-0.132423
1.510032,-2.375987,0.755908,0.032790,-0.005490,-0.992900,-0.114210,-0.626889,0.104218,-0.067357,0.292262,-0.069013,-0.160163,0.047226,0.224697,-0.064395,0.359160,-0.367883,-0.215620,0.017413,0.051848,0.060951,0.171970,0.158590,-0.241571,0.967694,0.810175,0.074258,-0.067724,0.051046,-0.096397,0.246111,0.557151,-0.811179,-0.025482,-0.127771
1.469994,-2.365688,0.751364,0.033145,-0.009403,-0.991319,-0.126887,-0.623026,0.089422,-0.055337,0.165784,-0.055872,-0.210862,0.115663,0.220305,-0.032320,0.353568,-0.366172,-0.218620,0.033802,0.048099,0.059111,0.201848,0.145802,-0.205620,0.959369,0.809876,0.096922,-0.017891,0.049433,-0.114892,0.271817,0.513931,-0.794755,-0.049664,-0.129748
1.428929,-2.354031,0.751006,0.030633,-0.014561,-0.990293,-0.134792,-0.627988,0.056925,-0.059665,0.172903,-0.038363,-0.234471,0.174091,0.210377,-0.017148,0.389632,-0.341842,-0.217704,0.049962,0.040129,0.059652,0.217778,0.130220,-0.177040,0.970746,0.816755,0.130013,0.024059,0.059859,-0.130301,0.281321,0.490813,-0.776593,-0.056117,-0.134346
1.388005,-2.341392,0.746588,0.024708,-0.024618,-0.989066,-0.143287,-0.648202,-0.016446,-0.149247,0.305351,0.029708,-0.206679,0.208541,0.184932,-0.009388,0.472086,-0.296243,-0.191376,0.068649,0.023352,0.063637,0.220522,0.111632,-0.160142,1.001871,0.831159,0.165319,0.042837,0.080429,-0.143059,0.276456,0.490576,-0.763139,-0.038656,-0.137839
1.347001,-2.327587,0.738148,0.016949,-0.035363,-0.987416,-0.153205,-0.647847,-0.076154,-0.204359,0.452258,0.077914,-0.240311,0.199607,0.151782,-0.011024,0.629038,-0.168050,-0.118679,0.082952,0.001099,0.070768,0.215039,0.095562,-0.156862,1.043291,0.853889,0.190561,0.030059,0.104111,-0.151202,0.268038,0.511469,-0.758570,0.002936,-0.141827
1.308431,-2.312751,0.732785,0.009116,-0.046934,-0.985153,-0.164888,-0.635598,-0.087289,-0.173836,0.578288,0.038985,-0.232157,0.138128,0.114795,-0.008670,0.839840,0.039580,0.022871,0.090705,-0.022837,0.080721,0.200135,0.082826,-0.166938,1.082532,0.883205,0.194580,-0.013122,0.121699,-0.158083,0.267687,0.546498,-0.763267,0.060889,-0.145024
1.271749,-2.296730,0.732477,0.003181,-0.058478,-0.981672,-0.181355,-0.602994,-0.086030,-0.133351,0.656780,-0.041233,-0.195306,0.033936,0.064050,-0.017370,1.054899,0.253832,0.175045,0.096008,-0.046579,0.089852,0.175296,0.076775,-0.183617,1.109233,0.915798,0.178421,-0.067780,0.127434,-0.168002,0.285323,0.589938,-0.776073,0.116653,-0.136879
1.236473,-2.279361,0.734972,0.000028,-0.070581,-0.977552,-0.198519,-0.551541,-0.080064,-0.092515,0.689368,-0.116849,-0.169870,-0.094906,0.004625,-0.031171,1.222126,0.305792,0.211245,0.096591,-0.068486,0.096013,0.137657,0.078399,-0.196490,1.121537,0.949505,0.152538,-0.102685,0.123043,-0.185900,0.316506,0.636768,-0.794965,0.149645,-0.110589
1.202001,-2.260583,0.740221,-0.000756,-0.079586,-0.973742,-0.213290,-0.482794,-0.069803,-0.058873,0.680179,-0.168295,-0.164242,-0.231215,-0.042135,-0.052088,1.321950,0.183667,0.154645,0.093303,-0.086842,0.098030,0.094922,0.083157,-0.201131,1.112602,0.981978,0.139856,-0.094948,0.118922,-0.203881,0.345538,0.682157,-0.813547,0.156693,-0.075156
1.167894,-2.240403,0.746835,0.000181,-0.087284,-0.970318,-0.225533,-0.405117,-0.061065,-0.031186,0.645205,-0.192252,-0.163266,-0.360589,-0.100388,-0.089926,1.353798,0.086418,0.125297,0.087557,-0.100514,0.096931,0.054313,0.083864,-0.194413,1.083083,1.004892,0.145373,-0.048282,0.122931,-0.218550,0.355438,0.720637,-0.823600,0.154945,-0.040189
1.133662,-2.219034,0.753214,0.001582,-0.094474,-0.967460,-0.234721,-0.321903,-0.057681,-0.009617,0.596481,-0.199908,-0.161586,-0.479760,-0.149006,-0.121859,1.320543,0.011511,0.081006,0.079181,-0.109718,0.094044,0.017112,0.084179,-0.171558,1.046394,1.009100,0.145746,0.017534,0.138655,-0.229532,0.341752,0.744804,-0.820446,0.158808,-0.009168
1.099362,-2.196686,0.757685,0.003422,-0.101879,-0.965042,-0.241460,-0.239051,-0.058862,0.008421,0.544436,-0.199037,-0.162408,-0.583952,-0.195807,-0.151030,1.243762,-0.056229,0.042314,0.069857,-0.114797,0.090105,-0.027490,0.081060,-0.140063,1.001394,0.992207,0.135249,0.069393,0.158397,-0.233496,0.314015,0.755491,-0.811092,0.169898,0.009989
1.065258,-2.173296,0.758951,0.005972,-0.109044,-0.963193,-0.245628,-0.158629,-0.061817,0.021127,0.492759,-0.195831,-0.166400,-0.671291,-0.249057,-0.186332,1.137655,-0.124556,-0.001031,0.060103,-0.117014,0.085874,-0.070286,0.083511,-0.113516,0.950249,0.960392,0.106608,0.105822,0.178645,-0.243766,0.280868,0.750863,-0.798056,0.169449,0.016351
1.031596,-2.148600,0.758084,0.009483,-0.114779,-0.961994,-0.247594,-0.079072,-0.062023,0.026610,0.440120,-0.191025,-0.174299,-0.742134,-0.288801,-0.216657,0.998287,-0.169178,-0.030785,0.049651,-0.116735,0.081941,-0.112652,0.098779,-0.099642,0.894747,0.926232,0.069836,0.129202,0.195597,-0.254440,0.250871,0.739673,-0.785012,0.156201,0.005422
0.998199,-2.122031,0.761233,0.014473,-0.118092,-0.961291,-0.248524,0.001700,-0.055404,0.021048,0.390008,-0.175907,-0.186569,-0.788330,-0.307078,-0.244078,0.814421,-0.187115,-0.028675,0.039734,-0.113447,0.077854,-0.155713,0.125586,-0.097459,0.836259,0.899974,0.040702,0.146871,0.213621,-0.260138,0.223858,0.722681,-0.775068,0.139726,-0.021833
0.965440,-2.094577,0.759478,0.020413,-0.117816,-0.961384,-0.247878,0.076078,-0.042958,0.002603,0.339636,-0.148770,-0.201591,-0.808219,-0.294163,-0.250892,0.600942,-0.188090,-0.035550,0.030362,-0.105403,0.073191,-0.191579,0.158350,-0.098014,0.777192,0.881786,0.025008,0.167580,0.233858,-0.256718,0.197987,0.705012,-0.767686,0.130339,-0.063219
0.932830,-2.065781,0.755961,0.025267,-0.114744,-0.961940,-0.246710,0.140174,-0.023091,-0.016987,0.312015,-0.095740,-0.204352,-0.805192,-0.270877,-0.251971,0.426685,-0.177461,-0.027514,0.022309,-0.092810,0.067544,-0.211811,0.188332,-0.090369,0.721170,0.861935,0.023072,0.194388,0.258243,-0.242698,0.173649,0.690970,-0.760985,0.130665,-0.110677
0.900335,-2.035714,0.751258,0.028019,-0.108264,-0.962054,-0.248889,0.187713,0.001913,-0.036863,0.327625,-0.013042,-0.194574,-0.795842,-0.252968,-0.280347,0.375017,-0.115349,-0.021731,0.016698,-0.076352,0.061525,-0.209887,0.214355,-0.068445,0.668264,0.829837,0.031353,0.225503,0.282635,-0.219363,0.158351,0.686661,-0.753310,0.135189,-0.146874
0.868406,-2.004775,0.744198,0.028579,-0.097513,-0.961133,-0.256707,0.201492,0.031106,-0.054237,0.418148,0.101796,-0.193783,-0.793313,-0.237460,-0.311879,0.463400,0.013597,-0.099369,0.012304,-0.054184,0.058127,-0.183573,0.237364,-0.033205,0.615563,0.782789,0.044455,0.257848,0.297792,-0.195607,0.160417,0.698993,-0.745783,0.136555,-0.155544
0.838157,-1.973647,0.732530,0.028696,-0.082906,-0.958424,-0.271527,0.169194,0.052622,-0.087284,0.600305,0.237184,-0.219999,-0.786349,-0.206919,-0.324794,0.588936,0.027578,-0.167561,0.009586,-0.027051,0.060071,-0.135568,0.252492,0.010684,0.564019,0.726333,0.059478,0.291748,0.293195,-0.180081,0.180537,0.730341,-0.745129,0.133828,-0.131687
0.810303,-1.942948,0.729853,0.028929,-0.066166,-0.955076,-0.287427,0.082583,0.071007,-0.113041,0.833944,0.362868,-0.237086,-0.768599,-0.161604,-0.338972,0.692061,-0.031608,-0.200820,0.007146,0.000454,0.066225,-0.078272,0.251819,0.050048,0.525855,0.670620,0.078247,0.326497,0.270279,-0.173210,0.206449,0.771750,-0.760855,0.135699,-0.086348
0.783503,-1.911745,0.731400,0.030335,-0.048385,-0.952212,-0.300053,-0.039931,0.066837,-0.158903,1.057571,0.352269,-0.210095,-0.717001,-0.106206,-0.358345,0.735761,-0.110077,-0.217121,0.004878,0.025140,0.073170,-0.029138,0.238577,0.065390,0.516630,0.626989,0.105293,0.349782,0.238422,-0.166719,0.220508,0.804824,-0.795458,0.150462,-0.044176
0.757525,-1.880281,0.736708,0.032140,-0.032678,-0.950210,-0.308220,-0.177646,0.042507,-0.204484,1.227358,0.253162,-0.181585,-0.641388,-0.049607,-0.377016,0.726628,-0.173362,-0.218903,0.000502,0.044692,0.078527,0.005503,0.227066,0.040621,0.541240,0.607793,0.138543,0.335889,0.209158,-0.151655,0.205938,0.814931,-0.833287,0.176652,-0.032265
0.731571,-1.848091,0.744516,0.032629,-0.022518,-0.947337,-0.317773,-0.315318,0.037462,-0.220999,1.316875,0.169736,-0.152668,-0.550203,0.009808,-0.378628,0.678542,-0.215227,-0.219427,-0.004517,0.057873,0.081983,0.035789,0.227008,-0.026369,0.588637,0.621187,0.159942,0.267259,0.186559,-0.124953,0.159742,0.800780,-0.849763,0.199672,-0.059723
0.705088,-1.815535,0.752290,0.032936,-0.015723,-0.942105,-0.333326,-0.438182,0.041625,-0.214893,1.326641,0.112318,-0.119946,-0.455615,0.071079,-0.360658,0.616379,-0.242092,-0.221228,-0.006350,0.065728,0.084381,0.070607,0.241937,-0.120247,0.641864,0.667046,0.149914,0.160514,0.167718,-0.088762,0.101465,0.772454,-0.833538,0.197796,-0.106606
0.677965,-1.782329,0.758819,0.032638,-0.012682,-0.934323,-0.354703,-0.535056,0.032006,-0.199903,1.268530,0.056297,-0.104088,-0.359669,0.126550,-0.323495,0.553200,-0.259549,-0.223660,-0.003914,0.069036,0.085045,0.109515,0.256979,-0.214337,0.694887,0.726292,0.112939,0.053748,0.149309,-0.058776,0.062765,0.740412,-0.803578,0.164154,-0.135929
0.650440,-1.748453,0.763072,0.031953,-0.012417,-0.924573,-0.379460,-0.609340,0.020813,-0.179978,1.157324,0.011836,-0.100431,-0.264295,0.170614,-0.272476,0.497815,-0.276627,-0.224415,0.002705,0.069368,0.083919,0.148957,0.254380,-0.289331,0.749921,0.771767,0.077865,-0.040618,0.130307,-0.051724,0.054777,0.713443,-0.794090,0.099744,-0.130305
0.623075,-1.713854,0.764282,0.031671,-0.013659,-0.913349,-0.405715,-0.665504,0.017328,-0.155687,1.001459,-0.027060,-0.096019,-0.170519,0.203628,-0.213365,0.450240,-0.294541,-0.224417,0.012614,0.068940,0.081262,0.179348,0.236261,-0.338013,0.809864,0.795172,0.058346,-0.138871,0.109997,-0.064544,0.086167,0.666467,-0.813639,0.036128,-0.101518
0.596454,-1.678588,0.762571,0.032886,-0.015893,-0.900923,-0.432440,-0.703392,0.019398,-0.135711,0.806835,-0.040496,-0.094785,-0.078096,0.227971,-0.148379,0.402910,-0.308809,-0.225128,0.024581,0.068895,0.077302,0.204465,0.213944,-0.369882,0.861096,0.814092,0.048111,-0.228737,0.086231,-0.089789,0.128124,0.600021,-0.853201,-0.024588,-0.071682
0.570719,-1.642756,0.758677,0.035587,-0.018872,-0.887588,-0.458874,-0.721497,0.024150,-0.138460,0.577338,-0.050998,-0.130298,0.011791,0.242972,-0.080314,0.356346,-0.318703,-0.227300,0.037770,0.068629,0.072194,0.227612,0.193328,-0.389872,0.893750,0.842458,0.040135,-0.281741,0.059510,-0.112648,0.160779,0.525483,-0.887438,-0.074971,-0.056021
0.545914,-1.606237,0.754038,0.038268,-0.023053,-0.874129,-0.483635,-0.724864,0.037515,-0.136071,0.346606,-0.048545,-0.109578,0.098181,0.245604,-0.015802,0.314125,-0.319840,-0.229892,0.051815,0.067851,0.066529,0.254034,0.172464,-0.392002,0.910720,0.872843,0.036897,-0.281962,0.036054,-0.124450,0.172447,0.459331,-0.900760,-0.110209,-0.057057
0.521152,-1.568020,0.752841,0.040192,-0.024629,-0.861196,-0.506082,-0.719751,0.056292,-0.110921,0.185650,-0.039798,-0.131207,0.177992,0.242886,0.031245,0.303572,-0.303425,-0.235145,0.066212,0.065985,0.061476,0.281132,0.150145,-0.371542,0.923754,0.891176,0.047764,-0.243598,0.022080,-0.124038,0.175619,0.415541,-0.887813,-0.123956,-0.076584
0.496670,-1.528582,0.748078,0.038700,-0.025042,-0.849260,-0.525959,-0.721954,0.065913,-0.079438,0.179916,-0.060749,-0.144850,0.242117,0.229175,0.063058,0.329586,-0.272895,-0.232947,0.082249,0.060682,0.057796,0.299907,0.125512,-0.339988,0.942364,0.897199,0.068978,-0.197453,0.019022,-0.124279,0.177285,0.398747,-0.855709,-0.114130,-0.107062
0.473023,-1.487907,0.742538,0.031020,-0.030148,-0.838864,-0.542619,-0.733487,0.039051,-0.100388,0.304316,-0.015217,-0.120399,0.290516,0.198085,0.084789,0.388552,-0.207317,-0.209735,0.100696,0.046488,0.055634,0.305497,0.103295,-0.316655,0.970736,0.905246,0.087980,-0.163880,0.034636,-0.131620,0.170332,0.398856,-0.825264,-0.085805,-0.135256
0.450627,-1.446438,0.735850,0.018636,-0.039362,-0.830966,-0.554616,-0.738527,-0.011103,-0.135506,0.447802,0.074405,-0.144663,0.300431,0.157308,0.092814,0.509610,-0.075185,-0.144736,0.117030,0.023451,0.056193,0.291778,0.088184,-0.309100,1.007321,0.926437,0.103906,-0.149803,0.064868,-0.144920,0.157707,0.410609,-0.802580,-0.041507,-0.156488
0.429951,-1.405781,0.724309,0.006057,-0.047827,-0.825809,-0.561885,-0.721546,-0.038588,-0.122631,0.575122,0.090196,-0.179687,0.254874,0.125494,0.096040,0.712863,0.109942,0.029934,0.126271,-0.003589,0.061042,0.259174,0.084628,-0.306886,1.042183,0.956181,0.118158,-0.148383,0.099215,-0.155073,0.146831,0.436663,-0.784893,0.013184,-0.173563
0.412905,-1.367206,0.723569,-0.005443,-0.058667,-0.820346,-0.568824,-0.698272,-0.055642,-0.089639,0.665908,0.024585,-0.171207,0.143927,0.074258,0.064946,0.950021,0.287562,0.161863,0.130774,-0.031349,0.070100,0.210317,0.085485,-0.294247,1.064043,0.980307,0.130364,-0.147157,0.124469,-0.164881,0.145982,0.480013,-0.770599,0.072036,-0.182335
0.397834,-1.329048,0.726173,-0.015333,-0.070792,-0.815008,-0.574905,-0.653949,-0.067956,-0.051387,0.711674,-0.053389,-0.149231,-0.000596,0.027730,0.041493,1.165106,0.303041,0.178733,0.128491,-0.057787,0.079776,0.148838,0.091222,-0.260259,1.070440,0.990082,0.137764,-0.130052,0.136266,-0.179398,0.162455,0.541095,-0.763516,0.123128,-0.170880
0.384189,-1.290888,0.731608,-0.022788,-0.080719,-0.809861,-0.580595,-0.586385,-0.076594,-0.021465,0.712142,-0.120572,-0.141843,-0.158821,0.005154,0.022187,1.323537,0.198525,0.127987,0.123584,-0.079344,0.086775,0.090267,0.094846,-0.212584,1.045245,0.989442,0.150339,-0.087971,0.139168,-0.198688,0.197377,0.613866,-0.772339,0.157351,-0.133072
0.371676,-1.252350,0.738558,-0.028279,-0.089405,-0.804738,-0.586177,-0.505346,-0.084026,0.002437,0.681792,-0.166875,-0.136681,-0.313077,-0.039425,-0.014033,1.404857,0.119549,0.109822,0.118180,-0.094967,0.090625,0.036851,0.100313,-0.155016,1.004633,0.978786,0.151207,-0.018065,0.144982,-0.223256,0.239096,0.684140,-0.798826,0.172527,-0.076756
0.359940,-1.212949,0.745304,-0.033356,-0.097852,-0.800106,-0.590884,-0.417936,-0.094121,0.022869,0.636963,-0.195197,-0.132283,-0.455548,-0.091973,-0.052288,1.415631,0.035963,0.057819,0.110983,-0.106193,0.092329,-0.019839,0.101351,-0.095899,0.947753,0.959450,0.147150,0.051695,0.156373,-0.241463,0.271825,0.749465,-0.831669,0.178392,-0.021445
0.348834,-1.172537,0.750692,-0.037441,-0.105552,-0.796424,-0.594278,-0.329456,-0.105877,0.037966,0.587440,-0.211262,-0.128362,-0.576197,-0.136443,-0.085171,1.361759,-0.058185,0.040791,0.102204,-0.113590,0.092106,-0.059304,0.104491,-0.047967,0.881427,0.929849,0.123628,0.121691,0.163478,-0.259634,0.282561,0.806066,-0.847958,0.178527,0.032939
0.338543,-1.131228,0.753781,-0.040585,-0.112893,-0.794595,-0.595170,-0.244189,-0.119415,0.045150,0.539930,-0.221722,-0.125830,-0.679966,-0.177005,-0.113079,1.255575,-0.121983,0.006373,0.091863,-0.117845,0.090834,-0.101171,0.112894,-0.018902,0.811417,0.895210,0.092183,0.171659,0.176631,-0.273849,0.270363,0.841244,-0.848921,0.175971,0.073874
0.329362,-1.089001,0.754929,-0.042280,-0.120055,-0.794777,-0.593404,-0.161159,-0.131787,0.043259,0.492228,-0.229287,-0.126282,-0.760108,-0.228056,-0.151672,1.100263,-0.160311,-0.028058,0.080339,-0.120196,0.088312,-0.145932,0.130757,-0.011189,0.743423,0.863706,0.060642,0.203052,0.194931,-0.283480,0.241275,0.853871,-0.839810,0.169331,0.092283
0.321518,-1.045483,0.759264,-0.040855,-0.125412,-0.796267,-0.590392,-0.072689,-0.135487,0.031263,0.435688,-0.223594,-0.131570,-0.806293,-0.267808,-0.200546,0.887003,-0.174546,-0.039233,0.068530,-0.120338,0.084018,-0.190821,0.159812,-0.018339,0.679824,0.840923,0.036392,0.220497,0.215908,-0.284273,0.203409,0.848402,-0.826572,0.159683,0.082837
0.314756,-1.001384,0.758606,-0.037833,-0.128370,-0.798599,-0.586796,0.017210,-0.131076,0.011162,0.369384,-0.206631,-0.143087,-0.816810,-0.274207,-0.235698,0.623953,-0.187879,-0.054561,0.056372,-0.116372,0.078127,-0.229301,0.193102,-0.029367,0.622794,0.824642,0.022013,0.230218,0.240002,-0.277696,0.163325,0.831010,-0.814171,0.151196,0.046863
0.309040,-0.956378,0.755785,-0.034766,-0.128135,-0.801221,-0.583454,0.101490,-0.117657,-0.013986,0.317515,-0.171403,-0.155594,-0.806799,-0.264775,-0.257607,0.382530,-0.185178,-0.026002,0.045029,-0.107306,0.071915,-0.255075,0.221409,-0.035403,0.575015,0.807909,0.017233,0.238150,0.267671,-0.264931,0.126616,0.806037,-0.805467,0.146487,-0.006356
0.304316,-0.910221,0.751693,-0.032940,-0.124984,-0.803711,-0.580812,0.172273,-0.098318,-0.041877,0.301410,-0.115893,-0.164448,-0.791068,-0.262363,-0.290515,0.267077,-0.179216,-0.007455,0.034213,-0.094491,0.065589,-0.264043,0.241647,-0.033892,0.538797,0.785043,0.020269,0.248077,0.298590,-0.246525,0.096087,0.777246,-0.799042,0.144716,-0.062340
0.300644,-0.862826,0.746236,-0.033347,-0.119737,-0.805946,-0.578794,0.220762,-0.077547,-0.074372,0.340684,-0.037574,-0.177925,-0.772696,-0.274750,-0.340966,0.313164,-0.175086,-0.029893,0.023241,-0.079243,0.058281,-0.255113,0.257849,-0.030872,0.515047,0.758564,0.028857,0.257390,0.332379,-0.223713,0.072585,0.749912,-0.790690,0.142577,-0.106272
0.298004,-0.815623,0.739806,-0.031421,-0.108576,-0.806881,-0.579799,0.232410,-0.052315,-0.112578,0.446643,0.079358,-0.193545,-0.770571,-0.273509,-0.361468,0.448502,-0.115965,-0.097588,0.011396,-0.058597,0.052203,-0.228470,0.280494,-0.030132,0.499924,0.734763,0.040544,0.259971,0.358026,-0.195147,0.062051,0.733204,-0.778542,0.135465,-0.127265
0.296996,-0.769650,0.732393,-0.027491,-0.095178,-0.804441,-0.585714,0.206591,-0.031406,-0.149710,0.626009,0.217101,-0.244145,-0.766333,-0.253408,-0.376265,0.560127,0.006690,-0.201193,0.001061,-0.034621,0.049411,-0.185144,0.305629,-0.030838,0.490215,0.718203,0.053749,0.255119,0.365019,-0.170503,0.066857,0.735990,-0.767814,0.125155,-0.120834
0.297409,-0.726118,0.727423,-0.020556,-0.079171,-0.799801,-0.594666,0.121664,-0.007270,-0.146344,0.858170,0.358666,-0.247623,-0.746704,-0.217112,-0.395231,0.666135,-0.026371,-0.237654,-0.008771,-0.009070,0.052621,-0.130387,0.323833,-0.029502,0.488326,0.709526,0.070663,0.247191,0.345150,-0.154046,0.085514,0.758708,-0.771657,0.119410,-0.087818
0.298769,-0.683699,0.727625,-0.011936,-0.062992,-0.793461,-0.605234,0.003622,0.010396,-0.167621,1.081567,0.378992,-0.247348,-0.707313,-0.166946,-0.414195,0.734407,-0.106034,-0.246526,-0.014824,0.016713,0.059881,-0.074475,0.322417,-0.030577,0.504927,0.705369,0.095397,0.238692,0.303597,-0.147736,0.106277,0.786466,-0.801377,0.127128,-0.042606
0.301273,-0.641643,0.731281,-0.004108,-0.048688,-0.786677,-0.615428,-0.129847,-0.007962,-0.217321,1.258736,0.273947,-0.240582,-0.643355,-0.106136,-0.430379,0.750445,-0.174714,-0.247370,-0.018872,0.038341,0.067786,-0.025484,0.302898,-0.045584,0.549712,0.705626,0.127981,0.221510,0.253051,-0.141942,0.113674,0.798891,-0.850288,0.147922,-0.013422
0.304621,-0.599787,0.737428,0.001290,-0.037891,-0.778797,-0.626130,-0.269724,-0.010869,-0.239313,1.361869,0.191249,-0.172033,-0.562447,-0.040530,-0.435931,0.724040,-0.223654,-0.247607,-0.022678,0.053501,0.074423,0.016545,0.279211,-0.084708,0.620867,0.717241,0.157448,0.178885,0.206094,-0.126009,0.096074,0.786351,-0.892785,0.172186,-0.025185
0.308171,-0.557916,0.744218,0.005132,-0.030544,-0.766384,-0.641636,-0.401323,0.004012,-0.238447,1.384703,0.119300,-0.114346,-0.476446,0.028755,-0.421041,0.676325,-0.256506,-0.247723,-0.022576,0.062736,0.079417,0.058541,0.264304,-0.150293,0.703840,0.749348,0.165016,0.098032,0.166271,-0.096157,0.059140,0.755138,-0.902857,0.180110,-0.075176
0.311990,-0.515543,0.750776,0.007301,-0.027738,-0.748222,-0.662829,-0.507612,0.010495,-0.223362,1.331374,0.053947,-0.076765,-0.388121,0.094779,-0.382804,0.618855,-0.273951,-0.247751,-0.017075,0.066276,0.081916,0.108306,0.256685,-0.233506,0.777103,0.802343,0.138131,-0.011969,0.133606,-0.064906,0.024034,0.724285,-0.878991,0.146326,-0.132924
0.316294,-0.472646,0.756099,0.007903,-0.029581,-0.725668,-0.687363,-0.591936,0.014283,-0.194441,1.219859,-0.008798,-0.048358,-0.298776,0.149320,-0.325226,0.560260,-0.285165,-0.247760,-0.006640,0.064812,0.082176,0.155278,0.240776,-0.311052,0.836322,0.860854,0.087790,-0.123263,0.095434,-0.045245,0.018096,0.691844,-0.848096,0.091524,-0.153694
0.321237,-0.429318,0.759142,0.008721,-0.033646,-0.700775,-0.712535,-0.654142,0.003083,-0.174609,1.062932,-0.041151,-0.014648,-0.210129,0.191352,-0.257299,0.507069,-0.295853,-0.247737,0.008041,0.060700,0.080440,0.201204,0.219741,-0.353886,0.872044,0.898047,0.034024,-0.220565,0.059900,-0.045775,0.047254,0.650046,-0.835219,0.030363,-0.139103
0.327387,-0.385742,0.760045,0.009017,-0.039634,-0.676352,-0.735456,-0.691527,-0.012167,-0.165995,0.859027,-0.063353,-0.028754,-0.117036,0.219342,-0.185886,0.448252,-0.299501,-0.247623,0.024622,0.055864,0.076934,0.245661,0.187887,-0.359152,0.888003,0.907517,0.000007,-0.287677,0.028623,-0.062414,0.096163,0.593382,-0.847878,-0.026062,-0.112532
0.335012,-0.342268,0.759207,0.008142,-0.046713,-0.654455,-0.754612,-0.706014,-0.025132,-0.158936,0.616732,-0.061830,-0.064574,-0.018615,0.233142,-0.116471,0.379944,-0.290411,-0.247433,0.041923,0.051641,0.072569,0.284389,0.151023,-0.342906,0.889568,0.902869,-0.012458,-0.314943,0.004248,-0.085811,0.143411,0.523992,-0.871380,-0.072684,-0.091167
0.343944,-0.298954,0.756825,0.006112,-0.053052,-0.636463,-0.769456,-0.701805,-0.032596,-0.134030,0.365304,-0.056061,-0.091246,0.076308,0.235903,-0.050801,0.321962,-0.273012,-0.247137,0.058660,0.048492,0.068328,0.314305,0.119817,-0.324063,0.882505,0.901430,-0.014204,-0.306512,-0.010748,-0.105869,0.176291,0.453389,-0.881778,-0.105331,-0.081515
0.354487,-0.254939,0.756485,0.004434,-0.056458,-0.622436,-0.780619,-0.694681,-0.030730,-0.051706,0.179194,-0.051278,-0.164319,0.163284,0.235703,-0.004834,0.297653,-0.252832,-0.246404,0.073747,0.046671,0.065448,0.335286,0.100744,-0.310029,0.872623,0.911146,-0.010362,-0.275624,-0.017105,-0.116392,0.194963,0.398528,-0.863958,-0.122278,-0.087573
0.366525,-0.210748,0.751418,0.001229,-0.057796,-0.608162,-0.791705,-0.696054,-0.051216,-0.022799,0.140947,-0.071346,-0.185459,0.228763,0.228043,0.025316,0.317380,-0.220118,-0.240598,0.092983,0.040309,0.064356,0.349022,0.091999,-0.297683,0.866091,0.930479,0.001918,-0.233052,-0.016193,-0.118417,0.205622,0.374277,-0.820725,-0.123432,-0.108538
0.380010,-0.166292,0.744248,-0.004319,-0.057221,-0.592727,-0.803356,-0.709743,-0.089776,-0.057339,0.244489,-0.073707,-0.234481,0.273206,0.213149,0.046590,0.387612,-0.160988,-0.215988,0.114375,0.027038,0.064788,0.357337,0.086768,-0.281408,0.869550,0.952632,0.024764,-0.186295,-0.010589,-0.119001,0.216055,0.385373,-0.771591,-0.106042,-0.133148
0.394661,-0.123274,0.735898,-0.015715,-0.060046,-0.576492,-0.814742,-0.727450,-0.141356,-0.118944,0.387459,0.046667,-0.237882,0.280437,0.184770,0.070224,0.511450,-0.057929,-0.101719,0.134610,0.006277,0.068628,0.351962,0.073808,-0.260464,0.889282,0.970352,0.053622,-0.145241,-0.005463,-0.129562,0.229975,0.422224,-0.741111,-0.063480,-0.148549
0.409574,-0.082445,0.724823,-0.027210,-0.062378,-0.560719,-0.825205,-0.735146,-0.144265,-0.082218,0.532109,0.099465,-0.184750,0.234242,0.163762,0.095022,0.713626,0.115284,0.073172,0.148097,-0.016139,0.077690,0.328697,0.058318,-0.230781,0.923890,0.980215,0.086068,-0.117730,-0.005730,-0.144677,0.251831,0.476088,-0.740338,0.000473,-0.154427
0.424881,-0.044761,0.719406,-0.037584,-0.065614,-0.541869,-0.837055,-0.732614,-0.140156,-0.041054,0.657537,0.041899,-0.125759,0.129510,0.121336,0.083266,0.949444,0.270807,0.236701,0.160314,-0.038521,0.090872,0.284448,0.045306,-0.194849,0.962362,0.987218,0.120990,-0.104278,-0.012707,-0.156593,0.279512,0.541856,-0.760724,0.072770,-0.158157
0.441056,-0.009355,0.720912,-0.046028,-0.068582,-0.524141,-0.847616,-0.703348,-0.128807,-0.001873,0.730849,-0.039891,-0.098197,-0.006878,0.049921,0.049101,1.162450,0.313501,0.239814,0.164429,-0.059968,0.103789,0.225298,0.040368,-0.162417,0.989340,1.000622,0.154389,-0.093865,-0.023012,-0.160263,0.308721,0.617336,-0.782852,0.137789,-0.160252
0.458321,0.024699,0.726136,-0.054380,-0.071702,-0.509698,-0.855634,-0.646024,-0.120022,0.033371,0.750791,-0.109441,-0.085904,-0.157175,0.002003,0.036903,1.318750,0.216736,0.166316,0.158516,-0.079556,0.113708,0.160467,0.042518,-0.144287,0.994251,1.023261,0.173922,-0.071973,-0.031451,-0.163625,0.335577,0.695177,-0.796299,0.183943,-0.150462
0.476518,0.058253,0.734376,-0.061355,-0.074235,-0.498002,-0.861812,-0.565268,-0.115983,0.061645,0.724688,-0.155559,-0.077728,-0.300655,-0.033049,0.023741,1.403023,0.120306,0.119140,0.148509,-0.095352,0.118470,0.097514,0.051366,-0.139107,0.974848,1.045877,0.170159,-0.031016,-0.030819,-0.173902,0.357816,0.763726,-0.801993,0.205049,-0.122725
0.495660,0.091701,0.743530,-0.068016,-0.077462,-0.488306,-0.866562,-0.474459,-0.119621,0.084580,0.673461,-0.180742,-0.070980,-0.431199,-0.055661,0.015724,1.415439,0.047999,0.088168,0.137942,-0.107053,0.119303,0.037530,0.062814,-0.131653,0.940967,1.053227,0.143876,0.024954,-0.015765,-0.197763,0.371109,0.812219,-0.802853,0.200979,-0.083830
0.515775,0.125338,0.752157,-0.073140,-0.080508,-0.481004,-0.869945,-0.381316,-0.127565,0.100320,0.612618,-0.188681,-0.066054,-0.542306,-0.081836,0.003163,1.360256,-0.033413,0.072960,0.127656,-0.114922,0.117343,-0.012372,0.077432,-0.115589,0.893497,1.033526,0.106614,0.081706,0.016249,-0.213667,0.374030,0.833588,-0.802372,0.193177,-0.051634
0.536881,0.158902,0.758733,-0.077174,-0.083757,-0.477089,-0.871444,-0.294546,-0.138747,0.107331,0.557329,-0.186066,-0.064503,-0.633421,-0.122727,-0.021892,1.250623,-0.098305,0.042020,0.116831,-0.119708,0.113994,-0.054584,0.093488,-0.094542,0.838518,0.990011,0.067289,0.128721,0.050841,-0.236854,0.359896,0.839148,-0.788047,0.173752,-0.027331
0.558879,0.192197,0.762602,-0.079287,-0.087630,-0.476930,-0.870961,-0.216743,-0.150264,0.103681,0.510684,-0.181162,-0.063127,-0.694272,-0.185744,-0.078821,1.086495,-0.146446,0.010062,0.105262,-0.122572,0.109069,-0.101871,0.111752,-0.078909,0.782102,0.937048,0.035937,0.159549,0.092904,-0.259034,0.332191,0.827685,-0.766236,0.151116,-0.018870
0.581789,0.225185,0.764707,-0.079058,-0.091740,-0.480226,-0.868744,-0.144125,-0.158675,0.089421,0.468106,-0.175396,-0.063378,-0.725670,-0.238963,-0.150560,0.871291,-0.164178,-0.028270,0.092203,-0.123213,0.102849,-0.150783,0.135152,-0.074769,0.726305,0.890047,0.014928,0.180848,0.137191,-0.275306,0.297682,0.807751,-0.743704,0.132202,-0.028665
0.606162,0.258377,0.770699,-0.077075,-0.094723,-0.485045,-0.865921,-0.069505,-0.161461,0.065465,0.431348,-0.163482,-0.068247,-0.730873,-0.254125,-0.194807,0.620950,-0.149161,-0.028795,0.078582,-0.119792,0.095436,-0.193811,0.160516,-0.077179,0.672000,0.854729,0.005674,0.199816,0.180199,-0.284500,0.262384,0.789024,-0.726823,0.122680,-0.053490
0.631202,0.291481,0.771309,-0.074006,-0.095152,-0.489643,-0.863550,0.005916,-0.156382,0.041519,0.392796,-0.143989,-0.073616,-0.712387,-0.243336,-0.211485,0.379562,-0.145367,-0.021577,0.065582,-0.111840,0.086846,-0.223301,0.181442,-0.076738,0.621391,0.825441,0.006449,0.220930,0.219610,-0.286355,0.229543,0.777921,-0.718794,0.126262,-0.083319
0.657432,0.324837,0.768863,-0.072969,-0.091786,-0.493845,-0.861608,0.079949,-0.146342,0.018932,0.376921,-0.118786,-0.077606,-0.695146,-0.230990,-0.207737,0.248794,-0.135027,0.017899,0.052730,-0.100252,0.078427,-0.234988,0.192418,-0.069528,0.577658,0.793411,0.012922,0.244449,0.256394,-0.283780,0.198474,0.774253,-0.719075,0.143226,-0.107162
0.684528,0.357889,0.764791,-0.070561,-0.085675,-0.493141,-0.862840,0.140666,-0.128703,0.000377,0.393782,-0.071578,-0.080517,-0.678205,-0.237860,-0.262281,0.267609,-0.117492,0.002899,0.043184,-0.087709,0.069498,-0.227915,0.201834,-0.056368,0.539693,0.755959,0.021677,0.266028,0.285196,-0.271165,0.171173,0.774892,-0.723370,0.165942,-0.121103
0.712133,0.390278,0.758786,-0.063449,-0.074901,-0.489880,-0.866246,0.178614,-0.100627,-0.020887,0.457153,0.002199,-0.081770,-0.683155,-0.235230,-0.295919,0.395587,-0.009088,-0.092606,0.032031,-0.068611,0.062633,-0.203374,0.216948,-0.042494,0.506094,0.719013,0.030402,0.281798,0.304009,-0.248486,0.147173,0.780560,-0.724954,0.184360,-0.130815
0.739889,0.421461,0.747757,-0.052275,-0.061980,-0.483975,-0.871317,0.177347,-0.068493,-0.049458,0.587291,0.106945,-0.126780,-0.683451,-0.205221,-0.287335,0.530538,0.025735,-0.133086,0.019863,-0.043001,0.059350,-0.163509,0.233254,-0.031686,0.481437,0.691007,0.039916,0.292565,0.310681,-0.221024,0.125298,0.795171,-0.721260,0.194077,-0.139824
0.766633,0.449806,0.745065,-0.039500,-0.049493,-0.477182,-0.876520,0.128787,-0.042165,-0.077417,0.769438,0.249041,-0.182284,-0.668658,-0.170066,-0.299479,0.637417,-0.040611,-0.182623,0.010488,-0.016102,0.059668,-0.117625,0.240595,-0.029812,0.478438,0.677492,0.055536,0.297028,0.306040,-0.193125,0.104695,0.818659,-0.717868,0.201483,-0.143084
0.793046,0.476902,0.744775,-0.024813,-0.037706,-0.473914,-0.879414,0.041646,-0.012554,-0.100229,0.959374,0.361605,-0.239725,-0.629359,-0.132602,-0.323894,0.696140,-0.113858,-0.188946,0.003024,0.008860,0.062397,-0.080491,0.238450,-0.045393,0.507866,0.680102,0.082937,0.284120,0.292519,-0.164129,0.086873,0.842018,-0.723625,0.214290,-0.135941
0.819242,0.503068,0.747666,-0.011341,-0.027292,-0.472449,-0.880862,-0.068061,-0.013230,-0.139186,1.120889,0.340928,-0.222438,-0.567155,-0.092691,-0.350979,0.705718,-0.170858,-0.185004,-0.002293,0.030135,0.065459,-0.057267,0.232683,-0.084092,0.569931,0.699246,0.117015,0.238642,0.273141,-0.136486,0.072642,0.853587,-0.740213,0.227871,-0.123689
0.845188,0.528731,0.752590,-0.000506,-0.018804,-0.470332,-0.882289,-0.182445,-0.013695,-0.161594,1.231783,0.243915,-0.211102,-0.493738,-0.050010,-0.369847,0.683226,-0.210530,-0.182836,-0.007694,0.046281,0.068114,-0.042364,0.232617,-0.144177,0.652336,0.738426,0.141159,0.155692,0.249559,-0.111206,0.062799,0.849386,-0.760395,0.228269,-0.115775
0.871026,0.554419,0.758141,0.008371,-0.011697,-0.463862,-0.885791,-0.294175,0.007857,-0.160575,1.285890,0.164908,-0.180906,-0.415749,-0.002966,-0.375700,0.643067,-0.235636,-0.178571,-0.011102,0.058388,0.070587,-0.025220,0.238190,-0.214416,0.738008,0.795627,0.140828,0.052300,0.222472,-0.089381,0.060791,0.833270,-0.778134,0.208907,-0.113106
0.897086,0.580302,0.763458,0.015068,-0.006673,-0.451920,-0.891906,-0.393588,0.037856,-0.145155,1.279631,0.102020,-0.142081,-0.336311,0.045474,-0.365722,0.593143,-0.249977,-0.174968,-0.010584,0.066852,0.072486,0.000781,0.239897,-0.274239,0.813861,0.854724,0.118277,-0.044824,0.192507,-0.075279,0.071812,0.809023,-0.795143,0.174974,-0.108199
0.923284,0.606224,0.767648,0.020915,-0.003933,-0.435282,-0.900042,-0.478275,0.067116,-0.122158,1.219380,0.030092,-0.115137,-0.261006,0.091702,-0.341621,0.544249,-0.256393,-0.172686,-0.005745,0.072243,0.073737,0.036313,0.230506,-0.302512,0.873599,0.894274,0.091992,-0.120621,0.159965,-0.070154,0.097365,0.776801,-0.815567,0.133992,-0.098250
0.949577,0.632047,0.769968,0.026603,-0.003345,-0.415369,-0.909258,-0.549022,0.091831,-0.096922,1.113091,-0.032013,-0.102238,-0.191773,0.132688,-0.306587,0.502901,-0.262173,-0.170914,0.002358,0.075613,0.073916,0.080085,0.204919,-0.292113,0.915004,0.904052,0.081824,-0.168071,0.126181,-0.075154,0.127034,0.744230,-0.838695,0.080502,-0.091915
0.976024,0.657608,0.770102,0.031873,-0.005058,-0.394060,-0.918518,-0.602499,0.114363,-0.072274,0.961767,-0.071262,-0.082896,-0.127133,0.166565,-0.262680,0.467548,-0.271810,-0.168534,0.012583,0.077839,0.072242,0.126794,0.175701,-0.248627,0.939522,0.888020,0.082103,-0.185633,0.090171,-0.081158,0.150717,0.702740,-0.861105,0.029113,-0.088356
1.002659,0.682655,0.768824,0.035693,-0.009278,-0.373564,-0.926871,-0.633507,0.131179,-0.048475,0.763116,-0.079744,-0.086688,-0.063558,0.191107,-0.213395,0.430130,-0.279899,-0.165403,0.023762,0.079060,0.068594,0.167421,0.142643,-0.194219,0.954338,0.864795,0.090180,-0.174068,0.059565,-0.085387,0.167268,0.652292,-0.873035,-0.011856,-0.091557
1.029564,0.707063,0.767868,0.036188,-0.015432,-0.354911,-0.934072,-0.641211,0.127619,-0.043356,0.531466,-0.047110,-0.099985,0.002344,0.203186,-0.162196,0.386325,-0.279296,-0.161956,0.036001,0.078165,0.064042,0.197813,0.111049,-0.149044,0.966311,0.851471,0.100319,-0.147361,0.038634,-0.089218,0.174359,0.598637,-0.871826,-0.040315,-0.100004
1.057123,0.731615,0.770391,0.035430,-0.020362,-0.337829,-0.940320,-0.627625,0.114321,-0.051945,0.311455,-0.034283,-0.124956,0.069080,0.207815,-0.116249,0.358870,-0.275599,-0.158390,0.049006,0.075391,0.060077,0.218483,0.089257,-0.123019,0.978993,0.857027,0.110788,-0.123205,0.029607,-0.090292,0.174966,0.549731,-0.859240,-0.057399,-0.113819
1.085006,0.756326,0.768705,0.033533,-0.022127,-0.322061,-0.945866,-0.616799,0.097623,-0.063179,0.189598,-0.031323,-0.153308,0.124133,0.203116,-0.077646,0.362323,-0.266034,-0.157891,0.062078,0.071165,0.058265,0.230475,0.078832,-0.117547,0.992664,0.881596,0.119165,-0.110476,0.031567,-0.088900,0.172005,0.513106,-0.838539,-0.065002,-0.131705
1.113448,0.781056,0.765205,0.028189,-0.022272,-0.308293,-0.950613,-0.612611,0.071214,-0.073373,0.200093,0.011781,-0.185054,0.164648,0.187610,-0.043592,0.403847,-0.243079,-0.145399,0.074595,0.064095,0.058026,0.233416,0.073832,-0.128079,1.007569,0.919066,0.123394,-0.106488,0.042253,-0.090816,0.166666,0.492127,-0.816145,-0.061974,-0.149628
1.142486,0.805427,0.759665,0.017650,-0.021424,-0.293610,-0.955522,-0.621087,0.013759,-0.149980,0.313310,0.108560,-0.167344,0.183843,0.158833,-0.017367,0.495356,-0.195469,-0.124503,0.088914,0.049548,0.060639,0.228556,0.070080,-0.143295,1.022748,0.959016,0.125963,-0.102657,0.058550,-0.098398,0.161893,0.488172,-0.798790,-0.046572,-0.162843
1.171654,0.828837,0.748709,0.005658,-0.019600,-0.281801,-0.959256,-0.624833,-0.017378,-0.152429,0.452922,0.145801,-0.163971,0.165211,0.124672,-0.005541,0.652744,-0.100976,-0.062985,0.096439,0.030954,0.066966,0.213443,0.064619,-0.151481,1.035882,0.991411,0.133235,-0.094703,0.071817,-0.111859,0.165093,0.505089,-0.785077,-0.015942,-0.172028
1.198936,0.849323,0.745227,-0.006741,-0.018031,-0.269214,-0.962888,-0.627586,-0.025542,-0.111649,0.578464,0.075104,-0.130715,0.104230,0.079162,-0.011936,0.850573,0.028825,0.028475,0.099497,0.009392,0.076186,0.193171,0.061389,-0.146799,1.040930,1.010770,0.141530,-0.081174,0.081786,-0.122520,0.174218,0.540301,-0.781295,0.024730,-0.176050
1.225800,0.868198,0.743544,-0.019446,-0.017822,-0.253537,-0.966966,-0.611001,-0.024525,-0.062499,0.665677,-0.006885,-0.105741,0.012450,0.020895,-0.023352,1.055082,0.116782,0.071534,0.098944,-0.012937,0.086003,0.167205,0.060537,-0.131267,1.034609,1.018139,0.148214,-0.063637,0.082256,-0.132687,0.194090,0.590948,-0.787099,0.069868,-0.168023
1.252273,0.885421,0.745231,-0.030635,-0.018060,-0.237739,-0.970678,-0.571695,-0.020637,-0.017409,0.704721,-0.064099,-0.081921,-0.089150,-0.061208,-0.052227,1.217141,0.115125,0.061120,0.094019,-0.034093,0.093383,0.134488,0.065032,-0.112113,1.016828,1.020206,0.150933,-0.038263,0.075606,-0.144476,0.224667,0.649032,-0.802181,0.107775,-0.142002
1.278507,0.901044,0.749541,-0.040862,-0.018505,-0.224729,-0.973388,-0.516892,-0.021267,0.018438,0.706461,-0.098037,-0.070766,-0.195377,-0.104140,-0.065423,1.323623,0.076415,0.029987,0.084904,-0.053405,0.098310,0.095796,0.074184,-0.093910,0.990984,1.020957,0.149875,-0.000435,0.069995,-0.160536,0.256264,0.703771,-0.825133,0.128977,-0.103764
1.304814,0.915450,0.755362,-0.049575,-0.019042,-0.213422,-0.975516,-0.453731,-0.023818,0.048296,0.686104,-0.116413,-0.069008,-0.296894,-0.111327,-0.068699,1.371853,0.049966,0.038781,0.076088,-0.068932,0.100632,0.053232,0.084876,-0.072931,0.963651,1.019548,0.144625,0.045426,0.074916,-0.179705,0.272537,0.746939,-0.845281,0.134237,-0.069885
1.331515,0.929061,0.761925,-0.056850,-0.019639,-0.202483,-0.977437,-0.384752,-0.027117,0.075125,0.651842,-0.123800,-0.073038,-0.388288,-0.107357,-0.072294,1.363183,0.004248,0.031574,0.069662,-0.080313,0.100462,0.014166,0.099975,-0.051933,0.935121,1.006861,0.131119,0.087195,0.092505,-0.188870,0.266952,0.772023,-0.852543,0.142167,-0.051499
1.358722,0.941902,0.768683,-0.063654,-0.020801,-0.191811,-0.979145,-0.314733,-0.033043,0.099614,0.613192,-0.127705,-0.079943,-0.463299,-0.129132,-0.088757,1.303080,-0.048430,0.031970,0.064623,-0.088197,0.098312,-0.031172,0.111397,-0.033838,0.906323,0.988338,0.119110,0.114074,0.117488,-0.188942,0.243395,0.783362,-0.843546,0.153613,-0.048444
1.386688,0.954037,0.778881,-0.069258,-0.022321,-0.183067,-0.980404,-0.245139,-0.040999,0.117153,0.575790,-0.133333,-0.087117,-0.523230,-0.162617,-0.114758,1.197658,-0.088752,0.012966,0.058722,-0.093685,0.094780,-0.067842,0.130653,-0.023231,0.868837,0.968836,0.099217,0.132449,0.137820,-0.191557,0.213313,0.791437,-0.822014,0.155519,-0.049953
1.414806,0.965285,0.783646,-0.072986,-0.024785,-0.176396,-0.981297,-0.179633,-0.049257,0.128278,0.536026,-0.145184,-0.092358,-0.567347,-0.202786,-0.152939,1.056153,-0.120623,0.001004,0.051822,-0.096815,0.090005,-0.103021,0.153597,-0.021688,0.824513,0.953227,0.079839,0.147367,0.157738,-0.197847,0.187591,0.792100,-0.802961,0.148876,-0.051318
1.443233,0.975644,0.785226,-0.074918,-0.028319,-0.172147,-0.981810,-0.117854,-0.055706,0.134315,0.495527,-0.159253,-0.095601,-0.598234,-0.226922,-0.185476,0.880520,-0.120406,-0.014076,0.043382,-0.097472,0.084376,-0.135096,0.177322,-0.024565,0.775137,0.937970,0.062556,0.162028,0.175238,-0.207114,0.168210,0.787166,-0.792824,0.139925,-0.052883
1.472160,0.985117,0.784802,-0.074850,-0.032479,-0.169392,-0.982165,-0.056731,-0.058013,0.137549,0.451446,-0.170306,-0.100462,-0.612355,-0.229711,-0.200607,0.676134,-0.091111,-0.018087,0.034518,-0.095244,0.078079,-0.162248,0.198595,-0.026693,0.724456,0.917693,0.049073,0.176833,0.190342,-0.215447,0.151879,0.779488,-0.790093,0.133957,-0.058558
1.501789,0.993711,0.783226,-0.072640,-0.035977,-0.167744,-0.982492,0.005413,-0.054725,0.138591,0.405315,-0.173287,-0.107297,-0.613990,-0.212873,-0.188588,0.468656,-0.051095,-0.009962,0.025836,-0.089720,0.072049,-0.182191,0.215238,-0.025669,0.677027,0.889596,0.040334,0.191924,0.203855,-0.218904,0.135322,0.772825,-0.790606,0.133177,-0.069381
1.532396,1.001341,0.780840,-0.069645,-0.038132,-0.165985,-0.982927,0.064559,-0.047340,0.136209,0.370387,-0.168567,-0.115800,-0.610143,-0.192244,-0.167554,0.317602,-0.043593,0.001091,0.018910,-0.081776,0.066746,-0.192567,0.225854,-0.021585,0.637124,0.854953,0.037069,0.207852,0.216849,-0.217113,0.117616,0.770053,-0.792313,0.137898,-0.082527
1.564212,1.007882,0.777872,-0.066557,-0.038927,-0.162535,-0.983686,0.116217,-0.036043,0.130566,0.357373,-0.149291,-0.126702,-0.610926,-0.186041,-0.182460,0.270286,-0.045354,0.026865,0.015117,-0.073210,0.061685,-0.191135,0.232259,-0.016678,0.607362,0.818622,0.040140,0.223571,0.228938,-0.209555,0.100770,0.772720,-0.794987,0.146633,-0.094038
1.597191,1.013435,0.773992,-0.061189,-0.038154,-0.157960,-0.984809,0.157180,-0.017156,0.119276,0.371574,-0.110175,-0.142303,-0.615194,-0.187303,-0.227704,0.330064,-0.023635,-0.021511,0.012099,-0.063028,0.055949,-0.175743,0.239163,-0.014892,0.587293,0.786644,0.048165,0.235757,0.238365,-0.194176,0.088401,0.782687,-0.798552,0.156871,-0.101292
1.631260,1.018098,0.766879,-0.053282,-0.035094,-0.153573,-0.986075,0.179458,0.010276,0.103845,0.430218,-0.044396,-0.134247,-0.610863,-0.179005,-0.249875,0.427820,0.001870,-0.057283,0.007000,-0.048276,0.050319,-0.144886,0.247454,-0.019829,0.576134,0.763237,0.057488,0.240007,0.243975,-0.174729,0.082740,0.801654,-0.803226,0.165835,-0.102494
1.664907,1.021980,0.761979,-0.040658,-0.030817,-0.148802,-0.987550,0.172427,0.050345,0.090116,0.534265,0.062492,-0.127877,-0.597056,-0.153784,-0.261313,0.513940,-0.000413,-0.078451,0.001223,-0.028735,0.046506,-0.101759,0.257934,-0.031116,0.573877,0.751148,0.066867,0.233667,0.242327,-0.152513,0.086195,0.829449,-0.811232,0.171590,-0.094196
1.697011,1.024838,0.759370,-0.025548,-0.026572,-0.143875,-0.988909,0.119439,0.097435,0.072037,0.697185,0.192763,-0.148635,-0.577085,-0.119183,-0.276847,0.577329,-0.053663,-0.101446,-0.002013,-0.006091,0.046263,-0.055360,0.264338,-0.048201,0.584695,0.750603,0.078613,0.217196,0.232973,-0.132856,0.095965,0.859914,-0.825436,0.175566,-0.074680
1.728857,1.027345,0.758165,-0.009320,-0.022881,-0.140641,-0.989752,0.030964,0.149221,0.046907,0.882472,0.321668,-0.180457,-0.538996,-0.079228,-0.296665,0.606383,-0.110711,-0.114112,-0.001411,0.017228,0.047627,-0.015824,0.263316,-0.073677,0.613820,0.761844,0.095853,0.189176,0.219028,-0.115761,0.105391,0.883228,-0.843700,0.178531,-0.050602
1.760226,1.029941,0.759102,0.007486,-0.019748,-0.138334,-0.990160,-0.078114,0.148913,-0.019654,1.052000,0.346972,-0.180395,-0.488325,-0.035708,-0.317075,0.605492,-0.153665,-0.121917,0.002698,0.039162,0.049476,0.012561,0.259375,-0.110069,0.660090,0.784819,0.115124,0.145697,0.202519,-0.098787,0.108711,0.893227,-0.860453,0.178743,-0.036125
1.791807,1.032745,0.762069,0.019548,-0.017056,-0.136412,-0.990312,-0.189584,0.095898,-0.087786,1.181491,0.271068,-0.139400,-0.424849,0.003528,-0.330004,0.578714,-0.186940,-0.115783,0.004969,0.055755,0.050414,0.036647,0.253001,-0.156159,0.716707,0.816827,0.125952,0.086844,0.183881,-0.084659,0.104959,0.890771,-0.871705,0.174016,-0.039732
1.823688,1.035977,0.765676,0.027152,-0.015164,-0.133280,-0.990590,-0.293438,0.082603,-0.104050,1.255808,0.202881,-0.130322,-0.356393,0.037904,-0.332414,0.539824,-0.215049,-0.104118,0.005592,0.066195,0.050859,0.062978,0.245416,-0.204207,0.773045,0.853254,0.121538,0.020115,0.162961,-0.073345,0.098284,0.879315,-0.876950,0.163186,-0.056778
1.855844,1.039670,0.768577,0.033464,-0.014037,-0.126628,-0.991286,-0.389637,0.090448,-0.097277,1.276775,0.145368,-0.113025,-0.289404,0.072042,-0.324891,0.500730,-0.240337,-0.098169,0.009958,0.073102,0.051501,0.093706,0.235845,-0.242100,0.821276,0.884608,0.105421,-0.042132,0.140575,-0.064346,0.092697,0.859977,-0.877730,0.145108,-0.076741
1.888356,1.043481,0.770444,0.037908,-0.014154,-0.116716,-0.992341,-0.477358,0.080713,-0.091232,1.252668,0.068459,-0.085138,-0.224623,0.103433,-0.308349,0.463647,-0.264569,-0.096949,0.018942,0.077319,0.051944,0.129804,0.216664,-0.263433,0.857427,0.902688,0.090753,-0.087890,0.116810,-0.061707,0.082724,0.839986,-0.878457,0.109906,-0.096126
1.921028,1.047213,0.770940,0.040707,-0.015925,-0.105132,-0.993497,-0.553192,0.060841,-0.088377,1.181854,-0.008026,-0.073912,-0.164933,0.129351,-0.285965,0.433115,-0.289624,-0.097266,0.030454,0.079026,0.052000,0.162283,0.192674,-0.264628,0.885710,0.906629,0.081971,-0.117672,0.092594,-0.060261,0.082939,0.803380,-0.873475,0.076811,-0.111939
1.953743,1.050687,0.769747,0.042285,-0.019111,-0.093044,-0.994580,-0.619095,0.050989,-0.076313,1.070207,-0.056160,-0.062511,-0.109334,0.150223,-0.259698,0.406997,-0.315289,-0.097229,0.042973,0.079265,0.052049,0.191928,0.167979,-0.252273,0.907278,0.903199,0.079612,-0.128217,0.067530,-0.063948,0.088787,0.757721,-0.865368,0.044827,-0.126192
1.986596,1.053974,0.766618,0.044391,-0.023410,-0.081396,-0.995418,-0.670352,0.051471,-0.055967,0.917429,-0.074901,-0.037146,-0.056362,0.169232,-0.231562,0.383510,-0.340795,-0.095946,0.055727,0.079064,0.051981,0.216037,0.144786,-0.234915,0.925647,0.900899,0.085097,-0.120964,0.042497,-0.070560,0.100070,0.710286,-0.856751,0.018644,-0.141489
2.019705,1.057059,0.762689,0.045325,-0.029210,-0.070971,-0.996020,-0.698462,0.050647,-0.037111,0.721172,-0.045142,-0.052236,-0.001509,0.183761,-0.202178,0.351565,-0.355560,-0.093034,0.067745,0.078004,0.051099,0.231553,0.122416,-0.220525,0.944562,0.904514,0.095414,-0.105207,0.018740,-0.080690,0.114510,0.666890,-0.849932,0.001930,-0.155514
2.053247,1.060143,0.758623,0.044807,-0.035272,-0.061555,-0.996473,-0.704648,0.040743,-0.033581,0.503381,-0.007132,-0.084558,0.055840,0.191819,-0.174676,0.314933,-0.358246,-0.088304,0.079163,0.075161,0.049721,0.237960,0.103231,-0.213291,0.965786,0.915484,0.105782,-0.094754,-0.000883,-0.092711,0.129241,0.631783,-0.844812,-0.005016,-0.164163
2.087396,1.063469,0.755378,0.043008,-0.040031,-0.053064,-0.996861,-0.698498,0.029490,-0.029680,0.319166,0.003194,-0.086445,0.111964,0.192880,-0.149793,0.287052,-0.350387,-0.085244,0.089486,0.070703,0.049169,0.236868,0.089065,-0.211559,0.987065,0.931499,0.112446,-0.096104,-0.013668,-0.104773,0.142066,0.606691,-0.840221,-0.004035,-0.165715
2.123324,1.067246,0.757139,0.041311,-0.041793,-0.045401,-0.997239,-0.693319,0.024714,-0.001197,0.237932,-0.007907,-0.101957,0.163993,0.190218,-0.128516,0.292008,-0.327991,-0.082364,0.098016,0.065120,0.050540,0.231911,0.080593,-0.208624,1.003954,0.947749,0.116619,-0.101896,-0.017155,-0.114370,0.152290,0.592029,-0.834460,0.002480,-0.162594
2.160311,1.071385,0.756518,0.037733,-0.040807,-0.037106,-0.997765,-0.689884,0.016433,0.025830,0.272793,0.002079,-0.087874,0.202076,0.177804,-0.105286,0.329547,-0.287343,-0.069615,0.106145,0.056016,0.053556,0.225697,0.073517,-0.199206,1.014544,0.960059,0.122721,-0.099162,-0.009775,-0.123124,0.160176,0.586889,-0.827384,0.013553,-0.158212
2.198348,1.075539,0.755151,0.028623,-0.038085,-0.027735,-0.998479,-0.686789,-0.006474,0.026628,0.371841,0.027019,-0.014168,0.218876,0.151238,-0.077549,0.411875,-0.207946,-0.043348,0.114320,0.040182,0.058564,0.217683,0.061595,-0.183540,1.021384,0.967318,0.134051,-0.080806,0.009287,-0.135239,0.165473,0.589640,-0.819389,0.029641,-0.153900
2.237113,1.079638,0.750452,0.015785,-0.034608,-0.019316,-0.999090,-0.667903,-0.027713,0.035826,0.456729,0.055719,0.016946,0.198905,0.115338,-0.045588,0.555697,-0.065903,0.033557,0.119601,0.018425,0.065445,0.205026,0.046636,-0.166625,1.027886,0.971987,0.147248,-0.053504,0.038924,-0.150108,0.168572,0.600317,-0.810885,0.051007,-0.149282
2.274570,1.083403,0.747294,0.001806,-0.030625,-0.014216,-0.999428,-0.641780,-0.044629,0.062368,0.531359,0.038088,0.037360,0.127524,0.090152,0.000186,0.763513,0.132340,0.126568,0.120392,-0.006102,0.074581,0.181558,0.035892,-0.156494,1.035142,0.979222,0.152597,-0.035090,0.074618,-0.165129,0.170850,0.619557,-0.802695,0.076854,-0.141267
2.311369,1.086702,0.748266,-0.012976,-0.027338,-0.010516,-0.999487,-0.607649,-0.066299,0.089094,0.582400,-0.007712,0.056516,0.020170,0.061840,0.028677,0.983193,0.306493,0.233260,0.118833,-0.029497,0.083435,0.142175,0.033659,-0.154846,1.043865,0.993626,0.141785,-0.034395,0.108898,-0.184411,0.176454,0.646672,-0.797612,0.102297,-0.122599
2.348651,1.089658,0.750983,-0.027056,-0.024419,-0.009057,-0.999295,-0.556375,-0.091083,0.110463,0.605745,-0.069698,0.056849,-0.102622,0.033539,0.047315,1.164852,0.334146,0.242010,0.114012,-0.049853,0.089949,0.094423,0.040026,-0.162789,1.037541,1.013116,0.126147,-0.040355,0.135354,-0.200279,0.190483,0.679258,-0.802297,0.127267,-0.093909
2.386533,1.092346,0.755166,-0.038552,-0.021589,-0.010371,-0.998970,-0.488978,-0.118632,0.120200,0.600433,-0.122382,0.059893,-0.227910,-0.012352,0.051406,1.282105,0.240559,0.214164,0.106125,-0.066133,0.093115,0.042459,0.055863,-0.165111,1.023139,1.033594,0.109169,-0.026534,0.161561,-0.214701,0.207012,0.709646,-0.813947,0.145019,-0.063281
2.425053,1.094567,0.759521,-0.048579,-0.019333,-0.014755,-0.998523,-0.414376,-0.148333,0.118874,0.580353,-0.166481,0.063063,-0.348284,-0.073258,0.038808,1.338183,0.148619,0.168547,0.095080,-0.078805,0.093488,-0.016150,0.065579,-0.155170,0.995104,1.047808,0.109144,0.004384,0.188376,-0.220534,0.217263,0.741224,-0.828522,0.160065,-0.045058
2.464445,1.096539,0.763714,-0.055057,-0.018027,-0.022398,-0.998069,-0.333623,-0.174838,0.104918,0.548116,-0.203111,0.065752,-0.453527,-0.129326,0.013067,1.325126,0.056820,0.115392,0.081188,-0.087657,0.091025,-0.061090,0.074099,-0.134607,0.956071,1.045779,0.106097,0.053383,0.213694,-0.224877,0.215015,0.771098,-0.831453,0.169259,-0.033660
2.504360,1.098315,0.766753,-0.059396,-0.018629,-0.032206,-0.997541,-0.254061,-0.196311,0.084292,0.512415,-0.233776,0.067900,-0.541881,-0.168876,-0.019115,1.254329,-0.030611,0.065947,0.065329,-0.092791,0.087120,-0.104909,0.078923,-0.110309,0.906768,1.023593,0.093379,0.097272,0.240914,-0.226421,0.202902,0.791286,-0.825574,0.173455,-0.026913
2.544570,1.099878,0.767559,-0.063660,-0.021068,-0.043330,-0.996808,-0.181378,-0.214341,0.060982,0.483731,-0.261722,0.068961,-0.615867,-0.193816,-0.050650,1.137107,-0.100880,0.037497,0.048717,-0.095608,0.083270,-0.147948,0.082800,-0.093731,0.850475,0.984613,0.066788,0.132051,0.266719,-0.229049,0.186728,0.800276,-0.815639,0.170860,-0.023221
2.585014,1.101449,0.766571,-0.065754,-0.025304,-0.054419,-0.996029,-0.110596,-0.225675,0.031999,0.452255,-0.283727,0.067989,-0.669163,-0.209532,-0.084763,0.971420,-0.118633,0.029967,0.033248,-0.097101,0.079427,-0.190277,0.093107,-0.092345,0.790658,0.937855,0.033390,0.160383,0.287791,-0.228999,0.171587,0.801170,-0.806652,0.162701,-0.025740
2.625746,1.102957,0.764132,-0.066515,-0.030719,-0.063801,-0.995270,-0.038453,-0.230297,0.001509,0.414257,-0.298784,0.063846,-0.697933,-0.214149,-0.117832,0.759300,-0.119122,0.052770,0.020189,-0.097320,0.075376,-0.229181,0.111445,-0.106245,0.731640,0.892317,0.002753,0.187266,0.303533,-0.225205,0.157477,0.799645,-0.801946,0.155204,-0.035682
2.666742,1.104399,0.762016,-0.065436,-0.036466,-0.071337,-0.994635,0.034529,-0.226938,-0.027406,0.371395,-0.294266,0.057580,-0.703806,-0.198459,-0.135019,0.515655,-0.114166,0.052298,0.009128,-0.095372,0.070992,-0.260403,0.135563,-0.129466,0.678541,0.854961,-0.017989,0.213841,0.314260,-0.215298,0.141333,0.799645,-0.801566,0.153910,-0.048329
2.708724,1.105579,0.763928,-0.063295,-0.041420,-0.077404,-0.994126,0.106116,-0.218037,-0.051305,0.342786,-0.279090,0.051086,-0.695950,-0.176873,-0.136460,0.300199,-0.112727,0.095100,-0.000146,-0.090293,0.066738,-0.280033,0.159342,-0.154030,0.636216,0.827568,-0.025623,0.236111,0.323130,-0.199740,0.117979,0.800481,-0.802723,0.160637,-0.058293
2.751196,1.106505,0.762139,-0.060801,-0.044043,-0.082577,-0.993753,0.164303,-0.204649,-0.070209,0.341391,-0.250426,0.042152,-0.693550,-0.163934,-0.147831,0.214573,-0.118346,0.122081,-0.009216,-0.082308,0.063593,-0.283972,0.178110,-0.173394,0.606699,0.806183,-0.021202,0.249531,0.331868,-0.178640,0.086419,0.798427,-0.801784,0.171467,-0.064557
2.794388,1.107357,0.759345,-0.054806,-0.043878,-0.086865,-0.993743,0.206460,-0.183804,-0.090578,0.378000,-0.192166,0.016099,-0.694746,-0.149004,-0.151370,0.268485,-0.096390,0.105867,-0.019923,-0.069290,0.060789,-0.269154,0.194157,-0.184901,0.588988,0.785738,-0.008453,0.253226,0.338957,-0.151639,0.054800,0.793436,-0.798724,0.179018,-0.069331
2.837895,1.108247,0.755432,-0.043303,-0.041226,-0.088547,-0.994276,0.228777,-0.153588,-0.104744,0.452354,-0.088250,-0.020929,-0.702251,-0.123335,-0.156809,0.384651,-0.001067,0.027595,-0.031202,-0.049690,0.058183,-0.235287,0.211596,-0.190320,0.582274,0.764450,0.009531,0.249794,0.340276,-0.122825,0.035647,0.791955,-0.798849,0.177999,-0.072354
2.880882,1.109115,0.746659,-0.028512,-0.038035,-0.085802,-0.995178,0.215486,-0.126494,-0.119784,0.586635,0.044578,-0.082492,-0.701620,-0.090944,-0.164104,0.492192,0.086271,-0.021227,-0.040072,-0.024016,0.056517,-0.187607,0.229449,-0.194494,0.588776,0.745522,0.032871,0.241097,0.331167,-0.102370,0.034608,0.800620,-0.808991,0.169292,-0.068014
2.921760,1.109687,0.741672,-0.011783,-0.035372,-0.078816,-0.996192,0.152935,-0.106484,-0.130733,0.784503,0.210304,-0.185284,-0.692151,-0.053388,-0.180665,0.592959,0.046278,-0.053254,-0.044263,0.003648,0.057115,-0.135337,0.245883,-0.205672,0.613115,0.736452,0.062029,0.222522,0.306601,-0.092225,0.047136,0.818163,-0.830999,0.157569,-0.051593
2.961978,1.110125,0.740593,0.004695,-0.033477,-0.072248,-0.996814,0.053781,-0.082901,-0.126025,0.991916,0.337339,-0.242714,-0.664915,-0.015845,-0.204227,0.663524,-0.046186,-0.087389,-0.045130,0.028885,0.058987,-0.090572,0.260322,-0.235109,0.659278,0.745413,0.092781,0.183368,0.269837,-0.088526,0.059493,0.833293,-0.859400,0.148395,-0.030998
3.002147,1.110321,0.742928,0.020949,-0.031299,-0.067744,-0.996992,-0.067552,-0.071931,-0.141362,1.168588,0.326144,-0.222212,-0.611500,0.023342,-0.226950,0.687838,-0.120529,-0.092534,-0.042612,0.050125,0.061328,-0.060471,0.275525,-0.288945,0.725600,0.776513,0.115266,0.116001,0.228257,-0.082899,0.059199,0.833540,-0.883766,0.144899,-0.025838
3.042556,1.110340,0.748208,0.034288,-0.028171,-0.066196,-0.996819,-0.193939,-0.044948,-0.150276,1.289756,0.212337,-0.152875,-0.534487,0.061944,-0.243109,0.670642,-0.171371,-0.103822,-0.039602,0.066119,0.062872,-0.042184,0.290338,-0.360922,0.803527,0.825688,0.119670,0.027481,0.188147,-0.071265,0.041927,0.815569,-0.893274,0.146740,-0.052271
3.083364,1.110605,0.754570,0.045020,-0.024312,-0.064736,-0.996590,-0.314193,0.003266,-0.146809,1.341988,0.130114,-0.073957,-0.442895,0.100226,-0.250482,0.627161,-0.206647,-0.105536,-0.034053,0.078450,0.063488,-0.024151,0.300795,-0.431580,0.875854,0.883627,0.108530,-0.063207,0.144813,-0.053488,0.014281,0.784675,-0.882167,0.152264,-0.100784
3.124472,1.111415,0.760354,0.053467,-0.020819,-0.062344,-0.996404,-0.421202,0.033747,-0.145375,1.333764,0.052940,-0.025360,-0.347906,0.135341,-0.250176,0.574901,-0.230593,-0.104001,-0.024853,0.087854,0.063152,-0.005044,0.299654,-0.487886,0.946822,0.929445,0.094542,-0.128269,0.120516,-0.035486,-0.011087,0.768024,-0.856244,0.125705,-0.173189
3.165756,1.112713,0.764713,0.058851,-0.018855,-0.058968,-0.996345,-0.513797,0.037683,-0.144467,1.272383,-0.030755,0.003971,-0.256530,0.163722,-0.243108,0.523927,-0.247074,-0.104083,-0.013216,0.094076,0.061697,0.021906,0.298476,-0.509499,0.994979,0.951925,0.082868,-0.168659,0.084943,-0.026976,-0.023583,0.754444,-0.830528,0.092249,-0.213479
3.207011,1.114443,0.766969,0.061670,-0.019085,-0.054239,-0.996439,-0.591379,0.032609,-0.139770,1.163653,-0.075491,0.007700,-0.172588,0.185241,-0.229371,0.479094,-0.261867,-0.102292,-0.000269,0.097460,0.059310,0.052544,0.285045,-0.497128,1.018924,0.951079,0.085294,-0.181242,0.049701,-0.030574,-0.006699,0.729096,-0.810927,0.062962,-0.221590
3.248175,1.116572,0.766658,0.063505,-0.021317,-0.048304,-0.996584,-0.653406,0.036254,-0.123086,1.012072,-0.096211,0.000169,-0.095471,0.202384,-0.209632,0.440334,-0.276628,-0.096419,0.013435,0.099540,0.056442,0.092427,0.270177,-0.456148,1.015120,0.928403,0.088540,-0.164740,0.011672,-0.045559,0.027596,0.696141,-0.801993,0.034911,-0.211954
3.289310,1.119051,0.765162,0.064340,-0.025386,-0.041252,-0.996752,-0.691890,0.037000,-0.107504,0.811938,-0.073335,-0.000660,-0.019680,0.215906,-0.182589,0.397998,-0.284804,-0.092435,0.028294,0.100982,0.053037,0.137533,0.251801,-0.397760,0.990906,0.890190,0.087817,-0.126701,-0.025578,-0.066953,0.069189,0.657241,-0.800122,0.007726,-0.201485
3.330713,1.121712,0.767538,0.061682,-0.030822,-0.033736,-0.997049,-0.705855,0.031647,-0.094617,0.579838,-0.032700,-0.003038,0.060665,0.222177,-0.149653,0.349157,-0.278279,-0.091740,0.044141,0.100627,0.049575,0.181851,0.226485,-0.335765,0.958960,0.846729,0.084573,-0.078664,-0.057998,-0.091751,0.108626,0.618256,-0.801004,-0.015386,-0.196340
3.372002,1.124711,0.765964,0.058268,-0.035456,-0.024946,-0.997359,-0.698262,0.028449,-0.081003,0.358007,-0.026296,-0.019928,0.131553,0.219987,-0.113944,0.313229,-0.258101,-0.087487,0.061309,0.097790,0.047027,0.221789,0.199999,-0.281099,0.931330,0.811721,0.086271,-0.032593,-0.081638,-0.112081,0.141124,0.588196,-0.801754,-0.029549,-0.195359
3.413827,1.127898,0.762642,0.053603,-0.038085,-0.014886,-0.997725,-0.684622,0.027112,-0.052570,0.226921,-0.041608,-0.034534,0.190793,0.208702,-0.080916,0.308432,-0.232027,-0.077577,0.079147,0.092057,0.046010,0.253706,0.174150,-0.240869,0.916321,0.795750,0.098961,0.002733,-0.093950,-0.126100,0.164378,0.571450,-0.801084,-0.029885,-0.194396
3.456644,1.131112,0.758694,0.047222,-0.037671,-0.004980,-0.998161,-0.683299,0.021105,-0.018962,0.252933,-0.020498,-0.039368,0.232413,0.188425,-0.054047,0.350067,-0.184741,-0.062762,0.096617,0.081399,0.046964,0.273854,0.149708,-0.217285,0.919346,0.800892,0.122716,0.024027,-0.091706,-0.135039,0.177814,0.565725,-0.796883,-0.016939,-0.190813
3.500104,1.133981,0.754095,0.034993,-0.035404,0.002674,-0.998757,-0.687739,-0.001528,-0.002793,0.363801,0.047881,0.002542,0.247923,0.155568,-0.028936,0.441362,-0.095234,-0.026704,0.112336,0.062812,0.050210,0.277369,0.123330,-0.210291,0.943673,0.821589,0.150425,0.030792,-0.072531,-0.145141,0.180843,0.565047,-0.789427,0.005068,-0.185552
3.543664,1.136553,0.745710,0.019410,-0.031533,0.006266,-0.999295,-0.684892,-0.027203,0.020370,0.481936,0.090815,0.031630,0.221620,0.121197,0.003152,0.604151,0.047484,0.057329,0.122468,0.037706,0.056986,0.262432,0.098725,-0.215298,0.986625,0.850881,0.174291,0.021701,-0.038418,-0.153954,0.175875,0.569171,-0.779506,0.031696,-0.182740
3.585576,1.138607,0.742783,0.002810,-0.026667,0.007244,-0.999614,-0.664764,-0.051281,0.050942,0.580441,0.057159,0.031312,0.146234,0.092785,0.033135,0.826621,0.228527,0.156797,0.126287,0.010025,0.067108,0.228450,0.079311,-0.228802,1.037952,0.885833,0.189219,-0.004637,0.001012,-0.158079,0.169825,0.584710,-0.768949,0.061699,-0.181401
3.626339,1.140193,0.744113,-0.014226,-0.022266,0.008687,-0.999613,-0.624410,-0.079143,0.079786,0.637666,-0.014061,0.055700,0.031659,0.052711,0.043459,1.045881,0.339936,0.223013,0.124928,-0.016344,0.077876,0.178886,0.064621,-0.247781,1.081449,0.925318,0.193644,-0.038959,0.031842,-0.162406,0.173635,0.618757,-0.764016,0.093759,-0.171186
3.666638,1.141417,0.747651,-0.030839,-0.018834,0.009904,-0.999298,-0.563518,-0.110064,0.101516,0.652411,-0.080886,0.060576,-0.104464,0.020973,0.057232,1.221084,0.315731,0.205790,0.118390,-0.040019,0.086386,0.121449,0.053828,-0.265266,1.100829,0.965141,0.189831,-0.058787,0.049106,-0.173112,0.194100,0.671964,-0.773175,0.123567,-0.142249
3.707221,1.142383,0.753171,-0.043265,-0.016009,0.009667,-0.998889,-0.483729,-0.140196,0.109920,0.630148,-0.133087,0.064808,-0.239593,-0.014319,0.061549,1.322265,0.218142,0.177699,0.109651,-0.059012,0.090028,0.065693,0.047018,-0.270341,1.088050,0.995786,0.182655,-0.044886,0.060526,-0.187440,0.227195,0.736925,-0.798504,0.146561,-0.097105
3.748334,1.142873,0.758864,-0.053521,-0.014281,0.006951,-0.998440,-0.397161,-0.170069,0.108514,0.591786,-0.173868,0.070195,-0.368149,-0.059733,0.054833,1.356400,0.112188,0.153952,0.099214,-0.073143,0.090101,0.017326,0.038780,-0.255758,1.046401,1.004893,0.170972,0.001117,0.075181,-0.202718,0.259849,0.799655,-0.831418,0.162912,-0.046163
3.790265,1.143039,0.763985,-0.060173,-0.013989,0.000813,-0.998090,-0.306955,-0.194623,0.098895,0.544195,-0.204204,0.075337,-0.478358,-0.106785,0.034303,1.318590,0.018688,0.114237,0.086985,-0.082743,0.087307,-0.027685,0.031746,-0.223280,0.992044,0.987965,0.142889,0.058515,0.101787,-0.205854,0.281445,0.842730,-0.859409,0.178139,0.000176
3.832671,1.142831,0.767241,-0.064712,-0.015606,-0.008510,-0.997746,-0.222103,-0.214383,0.081094,0.500764,-0.229058,0.077482,-0.569535,-0.148685,0.000319,1.223297,-0.061261,0.057239,0.073213,-0.088779,0.083529,-0.065397,0.025380,-0.195097,0.927397,0.950165,0.098296,0.108369,0.130862,-0.211628,0.286128,0.867216,-0.867267,0.178141,0.039402
3.875380,1.142252,0.767898,-0.068347,-0.019096,-0.020564,-0.997267,-0.145578,-0.229998,0.055835,0.467156,-0.251919,0.076874,-0.637886,-0.181468,-0.040084,1.072519,-0.108691,0.014084,0.058614,-0.092957,0.079496,-0.109206,0.024726,-0.184179,0.859775,0.905317,0.048070,0.137795,0.166704,-0.218046,0.277026,0.867003,-0.860829,0.163931,0.060246
3.918338,1.141439,0.766543,-0.070371,-0.024011,-0.033816,-0.996658,-0.071895,-0.239238,0.022944,0.434342,-0.267508,0.074192,-0.681556,-0.202199,-0.075405,0.871889,-0.113069,0.037661,0.044210,-0.095963,0.075168,-0.156821,0.033604,-0.193355,0.792337,0.866852,0.003635,0.156194,0.205085,-0.221432,0.259959,0.850055,-0.846581,0.142154,0.055402
3.961494,1.140559,0.764836,-0.070085,-0.029705,-0.046230,-0.996026,0.003691,-0.239650,-0.014010,0.394776,-0.270379,0.071612,-0.693541,-0.205359,-0.100360,0.620109,-0.099423,0.060891,0.030396,-0.097295,0.069854,-0.201797,0.050884,-0.213721,0.728094,0.839717,-0.027326,0.173119,0.241915,-0.218142,0.239471,0.829221,-0.831551,0.123741,0.027278
4.005257,1.139557,0.767028,-0.067664,-0.034845,-0.056683,-0.995487,0.082404,-0.231467,-0.047082,0.358531,-0.260545,0.071279,-0.685034,-0.194190,-0.108478,0.368317,-0.091988,0.078811,0.017104,-0.095355,0.064117,-0.236826,0.070520,-0.233884,0.672364,0.820492,-0.042591,0.190693,0.275426,-0.208061,0.215797,0.813606,-0.820506,0.117808,-0.010279
4.049240,1.138404,0.764774,-0.065588,-0.037640,-0.064577,-0.995043,0.150530,-0.219358,-0.075260,0.343471,-0.241793,0.068409,-0.681044,-0.190510,-0.121287,0.229615,-0.099747,0.131847,0.004649,-0.090265,0.059180,-0.256538,0.086546,-0.247401,0.629934,0.803135,-0.044171,0.205109,0.305982,-0.193893,0.186360,0.805268,-0.813560,0.127206,-0.040476
4.093765,1.137255,0.760878,-0.061439,-0.038366,-0.068708,-0.995004,0.204284,-0.201406,-0.093724,0.361154,-0.200669,0.059795,-0.679499,-0.188320,-0.153552,0.241175,-0.092215,0.138567,-0.007783,-0.081733,0.054194,-0.257779,0.103009,-0.251976,0.600504,0.785653,-0.034785,0.211021,0.328933,-0.173092,0.154089,0.804347,-0.807822,0.145774,-0.055986
4.138928,1.136147,0.755793,-0.052436,-0.035806,-0.069907,-0.995531,0.241384,-0.175795,-0.109809,0.420288,-0.122460,0.037715,-0.693741,-0.170362,-0.158114,0.369121,-0.029998,0.059373,-0.022327,-0.065611,0.050616,-0.238219,0.123497,-0.248089,0.581824,0.769421,-0.016388,0.207455,0.340481,-0.148497,0.126585,0.813890,-0.803742,0.164632,-0.061051
4.183884,1.135083,0.747457,-0.037276,-0.032260,-0.066588,-0.996562,0.243481,-0.144490,-0.124054,0.536868,0.008038,-0.031650,-0.696652,-0.136948,-0.160642,0.492978,0.038609,0.003183,-0.035758,-0.041887,0.049704,-0.199664,0.147084,-0.236984,0.573972,0.755620,0.012826,0.198192,0.335445,-0.124596,0.112779,0.837287,-0.807561,0.178478,-0.058220
4.226477,1.133882,0.742428,-0.019947,-0.029132,-0.061625,-0.997475,0.190838,-0.119234,-0.134406,0.726294,0.179753,-0.123364,-0.686194,-0.100979,-0.176290,0.600561,0.026870,-0.031153,-0.045572,-0.013562,0.053499,-0.153483,0.164428,-0.226349,0.584504,0.743993,0.054522,0.185687,0.314646,-0.108278,0.111467,0.869774,-0.823903,0.189657,-0.045612
4.268019,1.132919,0.742560,-0.002227,-0.027192,-0.058963,-0.997887,0.086542,-0.095500,-0.135840,0.946994,0.339719,-0.217853,-0.652725,-0.065447,-0.200882,0.663408,-0.049358,-0.053512,-0.051044,0.014676,0.059878,-0.115863,0.173619,-0.229964,0.624061,0.739467,0.105372,0.163042,0.281740,-0.096517,0.114086,0.898662,-0.848601,0.200342,-0.027327
4.309482,1.132180,0.746410,0.014627,-0.026124,-0.059015,-0.997808,-0.049547,-0.076929,-0.137328,1.138541,0.349218,-0.196628,-0.591845,-0.029971,-0.227813,0.675597,-0.118368,-0.057472,-0.051989,0.040304,0.066181,-0.095494,0.180700,-0.259006,0.695245,0.752473,0.153306,0.119159,0.242451,-0.084731,0.110393,0.912060,-0.871489,0.208728,-0.019491
4.351190,1.131830,0.752432,0.029241,-0.025166,-0.060107,-0.997446,-0.195850,-0.052638,-0.135160,1.266158,0.248768,-0.153820,-0.512285,0.006927,-0.248536,0.650656,-0.173378,-0.055222,-0.050076,0.061480,0.070919,-0.085765,0.191236,-0.313154,0.786936,0.789440,0.183006,0.052222,0.201503,-0.070945,0.097462,0.907020,-0.884222,0.210713,-0.035478
4.393795,1.131942,0.759107,0.040365,-0.024022,-0.058898,-0.997158,-0.332121,-0.010593,-0.119401,1.317565,0.164307,-0.112499,-0.419975,0.045312,-0.257504,0.601184,-0.215057,-0.052964,-0.044883,0.077585,0.073689,-0.072851,0.203193,-0.377984,0.878937,0.842241,0.185895,-0.023946,0.160364,-0.057350,0.082372,0.888087,-0.885521,0.202502,-0.069853
4.437306,1.132491,0.764786,0.048321,-0.023214,-0.054339,-0.997082,-0.451680,0.028691,-0.095989,1.298292,0.083742,-0.056124,-0.325115,0.082284,-0.254350,0.545079,-0.246127,-0.054786,-0.035515,0.088602,0.075265,-0.046042,0.213323,-0.430092,0.948294,0.893799,0.167815,-0.094591,0.113452,-0.048195,0.074020,0.858832,-0.879473,0.185011,-0.097565
4.481456,1.133441,0.768150,0.054387,-0.023699,-0.046816,-0.997140,-0.551278,0.053096,-0.072545,1.221236,0.002788,-0.020737,-0.236120,0.114458,-0.243744,0.496659,-0.273645,-0.056803,-0.022647,0.095305,0.075564,-0.010333,0.216912,-0.456718,0.999440,0.920541,0.140431,-0.143838,0.081481,-0.044776,0.079700,0.834748,-0.871324,0.137463,-0.130285
4.526038,1.134546,0.768742,0.057644,-0.025953,-0.036191,-0.997343,-0.631867,0.068098,-0.048507,1.091552,-0.054945,-0.003378,-0.152483,0.138567,-0.226637,0.453898,-0.298359,-0.056205,-0.007532,0.099070,0.074266,0.036510,0.225516,-0.444387,1.016884,0.915274,0.107764,-0.176420,0.037666,-0.049522,0.095816,0.802277,-0.864817,0.085164,-0.141504
4.570833,1.135892,0.766112,0.060732,-0.029882,-0.023446,-0.997431,-0.688430,0.081815,-0.028328,0.911706,-0.076099,-0.002746,-0.074416,0.157960,-0.204468,0.417038,-0.320102,-0.054994,0.009038,0.101715,0.071556,0.084969,0.225471,-0.400797,1.011346,0.886941,0.089810,-0.183263,-0.003728,-0.058872,0.128493,0.750025,-0.853735,0.037807,-0.145107
4.615516,1.137227,0.762151,0.060322,-0.035980,-0.010222,-0.997478,-0.716301,0.087671,-0.016671,0.679453,-0.076798,-0.033421,0.005016,0.167496,-0.175766,0.367284,-0.328117,-0.051992,0.027243,0.102960,0.067836,0.133626,0.217490,-0.342478,0.991341,0.849613,0.083694,-0.155609,-0.044083,-0.076707,0.163512,0.689408,-0.839389,-0.004015,-0.150789
4.660226,1.138783,0.758055,0.058211,-0.042090,0.001926,-0.997415,-0.721495,0.082709,-0.026825,0.428885,-0.068061,-0.034572,0.083132,0.168696,-0.143041,0.319307,-0.323994,-0.045397,0.048080,0.101138,0.064277,0.175891,0.203673,-0.288944,0.970746,0.822805,0.092327,-0.098911,-0.074392,-0.097146,0.189963,0.628689,-0.821918,-0.036527,-0.163401
4.706000,1.140751,0.758060,0.056014,-0.046726,0.011563,-0.997269,-0.717783,0.082364,-0.023789,0.243780,-0.061573,-0.011230,0.157348,0.164120,-0.113504,0.295711,-0.302404,-0.034747,0.069787,0.096473,0.062161,0.209598,0.187771,-0.250546,0.957188,0.817097,0.116350,-0.031422,-0.087859,-0.113070,0.198826,0.575997,-0.800868,-0.053966,-0.180964
4.752545,1.143219,0.754372,0.054902,-0.048101,0.018534,-0.997160,-0.720939,0.090158,0.022430,0.212799,-0.064036,-0.065716,0.214350,0.153700,-0.089858,0.312854,-0.267450,-0.023006,0.089397,0.089475,0.061976,0.237666,0.171177,-0.224988,0.952987,0.827262,0.151490,0.025930,-0.082026,-0.120374,0.190124,0.535290,-0.775895,-0.052344,-0.198903
4.799749,1.145579,0.750168,0.047690,-0.046923,0.024610,-0.997456,-0.734168,0.072590,0.031751,0.323085,-0.012680,-0.021870,0.251958,0.129359,-0.062595,0.373323,-0.200209,-0.005925,0.108410,0.075201,0.064141,0.257184,0.146744,-0.207033,0.960537,0.839498,0.185398,0.059617,-0.059112,-0.125842,0.170414,0.503968,-0.749656,-0.033367,-0.215184
4.846969,1.147672,0.745858,0.033632,-0.044028,0.028993,-0.998043,-0.744727,0.037873,0.025909,0.449630,0.086836,0.000436,0.250030,0.092070,-0.032138,0.499080,-0.069498,0.031712,0.122062,0.052759,0.069933,0.265120,0.115610,-0.192748,0.982991,0.845760,0.207965,0.064989,-0.025458,-0.133932,0.150601,0.483792,-0.726487,-0.005209,-0.230536
4.893094,1.149783,0.739036,0.018651,-0.039903,0.029288,-0.998600,-0.730158,0.015391,0.052419,0.564770,0.099829,0.027005,0.199893,0.059410,-0.001053,0.708540,0.097197,0.081374,0.126540,0.025836,0.079697,0.254917,0.089256,-0.186553,1.019243,0.853672,0.217713,0.040020,0.011250,-0.139809,0.138335,0.484187,-0.708466,0.026519,-0.245040
4.936792,1.151265,0.740002,0.001655,-0.035508,0.027771,-0.998982,-0.700348,-0.013867,0.083132,0.647808,0.032606,0.042951,0.092889,0.014180,0.012477,0.950836,0.257317,0.160843,0.124039,-0.002587,0.092467,0.221117,0.070456,-0.198729,1.062095,0.876561,0.216265,-0.011147,0.040637,-0.146425,0.139402,0.512904,-0.700153,0.064515,-0.247839
4.979925,1.152507,0.743556,-0.015965,-0.031788,0.025004,-0.999054,-0.645731,-0.049046,0.109039,0.684373,-0.042776,0.051753,-0.045003,-0.019766,0.030032,1.164256,0.256925,0.160079,0.115905,-0.029768,0.103920,0.166109,0.060446,-0.231167,1.096856,0.920279,0.203890,-0.067736,0.057441,-0.157749,0.159735,0.569249,-0.707281,0.108293,-0.224315
5.023008,1.153645,0.749584,-0.031318,-0.028977,0.022154,-0.998844,-0.567276,-0.086933,0.123378,0.672465,-0.103762,0.051027,-0.191725,-0.045130,0.044423,1.306602,0.173596,0.155193,0.106675,-0.052166,0.110238,0.100412,0.057250,-0.269685,1.107006,0.975258,0.183862,-0.098035,0.066302,-0.175377,0.199910,0.643077,-0.733556,0.146697,-0.170694
5.066709,1.154566,0.756594,-0.043788,-0.027301,0.018398,-0.998498,-0.474472,-0.124871,0.126344,0.629450,-0.151657,0.055344,-0.332335,-0.081329,0.042250,1.373390,0.107787,0.138262,0.097556,-0.068959,0.111088,0.038139,0.055593,-0.289077,1.083614,1.019176,0.166167,-0.081403,0.075866,-0.197023,0.251259,0.719753,-0.774191,0.166731,-0.098312
5.111447,1.155246,0.763187,-0.052617,-0.026835,0.011770,-0.998185,-0.375572,-0.157804,0.121679,0.572024,-0.184289,0.063814,-0.458449,-0.122651,0.022620,1.364022,0.042694,0.091013,0.087167,-0.080305,0.107886,-0.010732,0.052118,-0.271807,1.032997,1.030282,0.147552,-0.021133,0.094951,-0.215548,0.299820,0.782814,-0.815840,0.168260,-0.021477
5.157018,1.155495,0.767654,-0.059828,-0.028307,0.001793,-0.997806,-0.282851,-0.186524,0.109372,0.520433,-0.207526,0.069326,-0.562180,-0.166619,-0.008968,1.291193,-0.032234,0.080770,0.075021,-0.087220,0.102571,-0.052605,0.036672,-0.228381,0.962067,1.000265,0.120123,0.052134,0.119313,-0.227057,0.333546,0.828388,-0.845979,0.161560,0.049930
5.203264,1.155440,0.769473,-0.065206,-0.031518,-0.012030,-0.997301,-0.197677,-0.210225,0.086151,0.478946,-0.226460,0.071512,-0.645100,-0.205756,-0.050046,1.166124,-0.083935,0.054888,0.061187,-0.091586,0.096635,-0.092347,0.020092,-0.187767,0.881785,0.939090,0.071530,0.112570,0.152664,-0.240326,0.342679,0.846453,-0.857507,0.145186,0.107213
5.249905,1.155186,0.768841,-0.068009,-0.036328,-0.027718,-0.996638,-0.117087,-0.226107,0.050549,0.441716,-0.238843,0.070262,-0.700878,-0.232415,-0.095751,0.984378,-0.118960,0.033824,0.046931,-0.094605,0.090594,-0.136559,0.013791,-0.172767,0.801572,0.870798,0.014612,0.150409,0.191919,-0.247777,0.330570,0.839808,-0.853968,0.126246,0.131242
5.296790,1.154675,0.766273,-0.069207,-0.041609,-0.042832,-0.995813,-0.037435,-0.233005,0.009185,0.405855,-0.244139,0.065789,-0.723494,-0.239828,-0.131347,0.745810,-0.130404,0.046964,0.032906,-0.096178,0.084682,-0.181921,0.023187,-0.183969,0.723759,0.818017,-0.032547,0.174100,0.233149,-0.246361,0.303358,0.820680,-0.841311,0.110561,0.112384
5.343636,1.154232,0.763914,-0.065899,-0.046117,-0.055913,-0.995191,0.043610,-0.225165,-0.033053,0.367762,-0.231821,0.058852,-0.718578,-0.215487,-0.136010,0.481801,-0.139520,0.070737,0.018928,-0.093970,0.078898,-0.219493,0.045839,-0.205016,0.650109,0.789574,-0.060598,0.195233,0.271378,-0.232093,0.268214,0.803218,-0.826782,0.104339,0.059748
5.391634,1.153518,0.765603,-0.062616,-0.048207,-0.067127,-0.994610,0.122509,-0.211644,-0.067974,0.355282,-0.207455,0.050607,-0.697202,-0.190736,-0.128128,0.265886,-0.129303,0.108276,0.005945,-0.087553,0.073024,-0.241310,0.066951,-0.221620,0.587693,0.775667,-0.071022,0.217899,0.309195,-0.211752,0.226006,0.793307,-0.814990,0.115005,-0.003175
5.439444,1.152720,0.761980,-0.059074,-0.047273,-0.075069,-0.994304,0.183080,-0.193849,-0.095251,0.376773,-0.163856,0.034289,-0.685416,-0.179795,-0.147362,0.213430,-0.116133,0.161567,-0.005688,-0.077833,0.067447,-0.244630,0.083516,-0.227845,0.540453,0.762215,-0.067260,0.237485,0.343469,-0.185896,0.181741,0.789319,-0.804916,0.139343,-0.053045
5.486630,1.152244,0.755411,-0.048600,-0.043740,-0.077801,-0.994822,0.221324,-0.167910,-0.122017,0.443298,-0.092955,0.011501,-0.698687,-0.161569,-0.170146,0.327765,-0.015105,0.053798,-0.017011,-0.061053,0.063945,-0.230629,0.105435,-0.223752,0.505454,0.745349,-0.052256,0.248260,0.364009,-0.153834,0.148071,0.793179,-0.794815,0.162283,-0.079530
5.533030,1.151841,0.744013,-0.033163,-0.038348,-0.075870,-0.995828,0.219971,-0.140229,-0.147005,0.581909,0.023309,-0.091169,-0.718090,-0.133327,-0.175238,0.483690,0.069791,-0.006174,-0.027876,-0.036031,0.065255,-0.201614,0.130366,-0.212490,0.482309,0.727791,-0.028866,0.253831,0.365474,-0.127929,0.133155,0.810463,-0.789618,0.172566,-0.082364
5.576899,1.151295,0.736323,-0.016484,-0.032361,-0.071981,-0.996745,0.166611,-0.117414,-0.157745,0.793630,0.152994,-0.198487,-0.720542,-0.101969,-0.186931,0.629582,0.035369,-0.045219,-0.036023,-0.007360,0.071460,-0.163467,0.146705,-0.200105,0.480149,0.710682,0.004575,0.261023,0.346649,-0.115594,0.135882,0.840274,-0.799548,0.175048,-0.063587
5.619361,1.150840,0.734548,0.000237,-0.027036,-0.071472,-0.997076,0.064026,-0.091526,-0.156712,1.027401,0.190297,-0.243083,-0.691088,-0.072996,-0.213999,0.718929,-0.056131,-0.088228,-0.040924,0.019927,0.079582,-0.129920,0.150594,-0.198120,0.511612,0.696045,0.051291,0.264103,0.313372,-0.111320,0.144672,0.869243,-0.826971,0.182725,-0.035134
5.661348,1.150473,0.736971,0.016000,-0.022120,-0.073950,-0.996888,-0.063158,-0.073883,-0.164562,1.221553,0.124008,-0.226816,-0.628713,-0.043741,-0.244845,0.748827,-0.134454,-0.097379,-0.041835,0.044200,0.086124,-0.107876,0.149510,-0.216527,0.579862,0.692420,0.107410,0.244118,0.274214,-0.105766,0.143702,0.881542,-0.859280,0.198594,-0.020218
5.703574,1.150548,0.746802,0.029135,-0.017256,-0.076866,-0.996466,-0.197288,-0.059451,-0.171358,1.344368,0.065249,-0.202652,-0.542909,-0.011931,-0.270656,0.734769,-0.194577,-0.086846,-0.040684,0.064374,0.090116,-0.091918,0.153420,-0.256484,0.672792,0.709298,0.159835,0.189400,0.235077,-0.093621,0.124757,0.874592,-0.879201,0.214004,-0.036347
5.746468,1.151767,0.752871,0.039215,-0.012638,-0.077419,-0.996147,-0.319470,-0.035605,-0.166182,1.374559,0.021742,-0.163044,-0.443547,0.022362,-0.284964,0.686966,-0.233370,-0.078200,-0.037042,0.078748,0.091496,-0.070350,0.166446,-0.313895,0.773368,0.752338,0.185221,0.105440,0.196717,-0.074397,0.090702,0.855171,-0.871656,0.212424,-0.086058
5.789882,1.153119,0.759754,0.046428,-0.008922,-0.074682,-0.996086,-0.428580,-0.005607,-0.149951,1.340121,-0.021725,-0.127391,-0.341921,0.056839,-0.290424,0.628787,-0.256297,-0.076788,-0.030460,0.088954,0.091551,-0.038976,0.181131,-0.369840,0.865263,0.802685,0.185323,0.022997,0.157160,-0.056676,0.062550,0.836874,-0.851179,0.194827,-0.134178
5.833604,1.154732,0.765071,0.051882,-0.007170,-0.068690,-0.996262,-0.521446,0.026192,-0.123779,1.248440,-0.074044,-0.095563,-0.245644,0.089399,-0.285822,0.571679,-0.270437,-0.075096,-0.020578,0.095542,0.090126,0.004173,0.194210,-0.409166,0.938027,0.844049,0.169553,-0.047999,0.117413,-0.049838,0.052121,0.825928,-0.833501,0.157937,-0.162345
5.877425,1.156551,0.767657,0.055918,-0.008039,-0.059223,-0.996645,-0.594483,0.057476,-0.090142,1.105475,-0.106203,-0.064695,-0.158407,0.118142,-0.270749,0.521533,-0.281744,-0.073838,-0.008112,0.099596,0.086863,0.054170,0.200616,-0.420621,0.993566,0.864293,0.149862,-0.104370,0.065542,-0.052283,0.062538,0.811591,-0.830729,0.117384,-0.162563
5.921184,1.158503,0.767130,0.058680,-0.011345,-0.046820,-0.997114,-0.646514,0.085731,-0.055447,0.915345,-0.112832,-0.057073,-0.077753,0.141797,-0.245846,0.475621,-0.293353,-0.071690,0.006274,0.101995,0.081955,0.102117,0.201864,-0.402108,1.027073,0.861585,0.134864,-0.150451,0.015444,-0.063294,0.096793,0.775758,-0.835102,0.076603,-0.153512
5.964646,1.160410,0.764635,0.058543,-0.016910,-0.032868,-0.997600,-0.669805,0.095353,-0.042558,0.673591,-0.109484,-0.066073,0.001496,0.156909,-0.212133,0.423447,-0.301253,-0.068030,0.022476,0.102111,0.075692,0.151057,0.200641,-0.363652,1.039857,0.844568,0.122304,-0.174534,-0.031436,-0.082572,0.136435,0.723545,-0.841632,0.034589,-0.148942
6.007870,1.162290,0.761680,0.055447,-0.022805,-0.019656,-0.998008,-0.672536,0.088613,-0.055141,0.416813,-0.087876,-0.041179,0.080993,0.161637,-0.174774,0.369547,-0.300410,-0.063922,0.040271,0.099079,0.069156,0.195568,0.196149,-0.319232,1.042788,0.827075,0.116637,-0.172581,-0.067425,-0.104205,0.168056,0.660488,-0.843257,-0.001877,-0.155852
6.051817,1.164603,0.761706,0.052578,-0.027181,-0.008686,-0.998209,-0.670132,0.086354,-0.061994,0.227374,-0.066218,-0.040358,0.159020,0.160632,-0.140383,0.337961,-0.293439,-0.056398,0.057879,0.093727,0.063683,0.232672,0.192389,-0.276857,1.046152,0.818830,0.124389,-0.149252,-0.087187,-0.120032,0.184101,0.595843,-0.833504,-0.027736,-0.173953
6.096168,1.167358,0.757225,0.050328,-0.028947,-0.000415,-0.998313,-0.676068,0.090916,-0.028339,0.193669,-0.060722,-0.064204,0.224009,0.152746,-0.110227,0.336843,-0.278068,-0.053749,0.073870,0.086759,0.059468,0.260685,0.188631,-0.240730,1.055331,0.823067,0.148452,-0.115605,-0.088476,-0.128546,0.184799,0.537670,-0.809496,-0.040941,-0.197474
6.140810,1.169926,0.751881,0.042911,-0.028111,0.006817,-0.998660,-0.698395,0.078357,-0.014437,0.313984,-0.007319,-0.022457,0.267493,0.130019,-0.082661,0.383416,-0.232285,-0.043917,0.090653,0.073388,0.057643,0.275065,0.178499,-0.214739,1.071492,0.838552,0.183733,-0.082851,-0.071914,-0.136351,0.175156,0.489037,-0.774718,-0.042336,-0.218544
6.185122,1.171917,0.745778,0.028947,-0.026156,0.012281,-0.999163,-0.713899,0.051459,-0.007389,0.443741,0.096678,-0.003981,0.277798,0.091586,-0.065472,0.489585,-0.145633,-0.031399,0.104329,0.051213,0.058823,0.274558,0.160296,-0.199017,1.092567,0.860873,0.220187,-0.058260,-0.041472,-0.146464,0.161785,0.453848,-0.739523,-0.033518,-0.234209
6.228304,1.173343,0.736678,0.012663,-0.022906,0.014915,-0.999546,-0.708096,0.030683,0.017323,0.559704,0.134015,-0.005363,0.231372,0.041749,-0.063837,0.680960,0.022357,0.008851,0.111272,0.022353,0.065633,0.258083,0.140605,-0.190890,1.112178,0.885547,0.246207,-0.048186,-0.003917,-0.152218,0.148579,0.440528,-0.712507,-0.013274,-0.247938
6.268628,1.173802,0.737674,-0.005881,-0.019570,0.013450,-0.999701,-0.682192,0.001384,0.045714,0.639728,0.063513,0.004454,0.135266,-0.017080,-0.065812,0.917287,0.193255,0.062666,0.109769,-0.009480,0.076847,0.222549,0.121348,-0.189553,1.122985,0.910224,0.252771,-0.055892,0.031589,-0.152035,0.139628,0.455839,-0.696819,0.023307,-0.257354
6.307960,1.173755,0.740895,-0.024709,-0.016532,0.009476,-0.999513,-0.631218,-0.033818,0.069503,0.672568,-0.010729,0.009468,0.006672,-0.065205,-0.055515,1.129537,0.246870,0.088516,0.101127,-0.039622,0.088686,0.170952,0.104913,-0.191910,1.117933,0.933668,0.240982,-0.071288,0.056502,-0.150924,0.144676,0.501381,-0.693951,0.073954,-0.249978
6.346377,1.173269,0.746283,-0.042187,-0.013959,0.005579,-0.998997,-0.561798,-0.069878,0.086014,0.664245,-0.066441,0.012847,-0.136393,-0.074848,-0.030711,1.285379,0.176004,0.104400,0.091023,-0.063695,0.097752,0.109642,0.090212,-0.194007,1.092079,0.955628,0.219490,-0.075290,0.070129,-0.157306,0.170036,0.572161,-0.707838,0.124785,-0.215420
6.384847,1.172457,0.753203,-0.055463,-0.011983,0.002563,-0.998386,-0.478191,-0.100629,0.093029,0.625889,-0.107171,0.012871,-0.272527,-0.080895,-0.017083,1.366596,0.114619,0.109330,0.083133,-0.080125,0.101730,0.048083,0.078026,-0.188916,1.045357,0.974595,0.192957,-0.056713,0.077953,-0.171721,0.212796,0.660659,-0.740642,0.160682,-0.158349
6.423748,1.171171,0.759762,-0.066102,-0.011033,-0.000866,-0.997751,-0.391856,-0.126843,0.093671,0.578484,-0.139647,0.009481,-0.396096,-0.105838,-0.020128,1.378959,0.050867,0.094627,0.076056,-0.090374,0.102211,-0.004856,0.063143,-0.179420,0.981567,0.980988,0.159124,-0.016445,0.090729,-0.187087,0.263148,0.746713,-0.787316,0.185594,-0.096354
6.463265,1.169528,0.764926,-0.073661,-0.011493,-0.006966,-0.997193,-0.308823,-0.147520,0.089402,0.532757,-0.167403,0.009348,-0.499375,-0.144779,-0.044521,1.325978,-0.021675,0.053039,0.067984,-0.096364,0.100758,-0.056521,0.046481,-0.169721,0.904917,0.970921,0.116022,0.025487,0.105488,-0.193331,0.302441,0.824203,-0.828077,0.205008,-0.045995
6.503206,1.167383,0.767630,-0.080664,-0.013405,-0.016538,-0.996514,-0.236458,-0.165522,0.081756,0.501814,-0.194770,0.010696,-0.583988,-0.199623,-0.084911,1.221310,-0.081905,0.033120,0.057966,-0.099683,0.099357,-0.106897,0.032768,-0.169230,0.820576,0.943937,0.062098,0.063122,0.127411,-0.199519,0.312916,0.874534,-0.847111,0.214937,-0.011642
6.543597,1.164900,0.768190,-0.086209,-0.016599,-0.028105,-0.995742,-0.168835,-0.178669,0.068834,0.475762,-0.218280,0.010353,-0.640001,-0.252176,-0.140345,1.058435,-0.124895,0.001721,0.046319,-0.102197,0.097583,-0.158234,0.027111,-0.180190,0.735955,0.907313,0.009063,0.098573,0.156163,-0.201020,0.296937,0.894731,-0.843864,0.213373,0.002484
6.584415,1.162045,0.766851,-0.090386,-0.020189,-0.038334,-0.994964,-0.099435,-0.185537,0.052054,0.446167,-0.234759,0.007004,-0.664432,-0.281703,-0.191774,0.836786,-0.133997,0.009660,0.033859,-0.103672,0.094805,-0.205426,0.030284,-0.195984,0.656055,0.868109,-0.032919,0.134409,0.187671,-0.198646,0.266999,0.893399,-0.829032,0.201217,0.001894
6.625484,1.158845,0.764472,-0.091817,-0.023145,-0.044903,-0.994494,-0.024050,-0.184530,0.030132,0.408021,-0.244218,0.000785,-0.661179,-0.278992,-0.227900,0.575382,-0.129691,0.021015,0.021308,-0.102782,0.090137,-0.241129,0.040195,-0.207798,0.585152,0.829992,-0.059208,0.168168,0.217526,-0.192373,0.235635,0.881755,-0.815141,0.185602,-0.005445
6.666611,1.155038,0.762464,-0.090604,-0.024746,-0.047977,-0.994423,0.050594,-0.174437,0.010421,0.375241,-0.237737,-0.008634,-0.642659,-0.252962,-0.224963,0.335360,-0.121319,0.059786,0.008517,-0.097622,0.083682,-0.261051,0.051559,-0.211892,0.527539,0.793155,-0.070843,0.196830,0.244224,-0.183930,0.206926,0.865037,-0.808579,0.174615,-0.015380
6.708780,1.150025,0.764435,-0.090972,-0.023662,-0.048033,-0.994413,0.117985,-0.163486,-0.006309,0.380123,-0.220608,-0.025283,-0.636039,-0.242733,-0.235792,0.234013,-0.122914,0.084313,-0.003050,-0.090579,0.076936,-0.265579,0.061152,-0.210753,0.486192,0.758372,-0.071301,0.219599,0.270763,-0.175818,0.178348,0.843034,-0.807388,0.169983,-0.027272
6.750324,1.144429,0.761982,-0.086451,-0.021968,-0.042563,-0.995104,0.165459,-0.144791,-0.022207,0.414091,-0.187325,-0.034475,-0.632251,-0.238601,-0.282209,0.270569,-0.066507,0.040585,-0.012896,-0.080786,0.069833,-0.255761,0.079308,-0.206139,0.458664,0.730440,-0.061454,0.234212,0.290852,-0.158952,0.153555,0.819555,-0.807055,0.166277,-0.040994
6.791753,1.138208,0.756375,-0.077104,-0.017633,-0.034071,-0.996285,0.191105,-0.116405,-0.032795,0.499880,-0.127979,-0.066989,-0.645547,-0.224105,-0.301616,0.397208,0.032797,-0.073689,-0.024964,-0.063852,0.065750,-0.230888,0.105081,-0.200530,0.445122,0.712156,-0.043062,0.241928,0.303152,-0.137309,0.133865,0.803159,-0.804785,0.160838,-0.058393
6.832451,1.131433,0.746005,-0.062408,-0.011901,-0.022878,-0.997717,0.178892,-0.080732,-0.041018,0.650087,-0.006864,-0.125208,-0.652635,-0.187367,-0.287783,0.540034,0.049624,-0.130106,-0.037935,-0.040454,0.066602,-0.193328,0.133296,-0.196462,0.451903,0.703732,-0.014230,0.245248,0.303747,-0.114564,0.121754,0.801054,-0.803152,0.154975,-0.074787
6.870535,1.124063,0.742248,-0.046508,-0.006255,-0.010812,-0.998840,0.124291,-0.047101,-0.051521,0.849192,0.137097,-0.201192,-0.641664,-0.146805,-0.294291,0.652154,-0.027747,-0.157842,-0.047555,-0.016143,0.070822,-0.152743,0.155757,-0.203309,0.490912,0.703976,0.026945,0.239332,0.292321,-0.095469,0.115531,0.809652,-0.808574,0.155192,-0.081730
6.907695,1.116205,0.741076,-0.029321,-0.001814,-0.002902,-0.999564,0.033744,-0.016576,-0.069328,1.045249,0.231813,-0.242875,-0.603481,-0.102659,-0.312283,0.713425,-0.111425,-0.170773,-0.054986,0.006349,0.076654,-0.124579,0.177094,-0.234108,0.567823,0.719699,0.075653,0.204753,0.272826,-0.078293,0.110488,0.815630,-0.823001,0.163063,-0.078359
6.944222,1.107855,0.743737,-0.013864,0.001898,0.003544,-0.999896,-0.076189,-0.005593,-0.099908,1.199125,0.190185,-0.228893,-0.540416,-0.055066,-0.331813,0.720883,-0.169065,-0.180498,-0.060594,0.025532,0.081822,-0.109635,0.202313,-0.293721,0.674546,0.759898,0.115660,0.125996,0.249797,-0.062255,0.100715,0.807027,-0.840144,0.170596,-0.076472
6.980513,1.099269,0.748743,-0.001118,0.005034,0.011872,-0.999916,-0.189254,0.005616,-0.121160,1.293401,0.126153,-0.186030,-0.463276,-0.003240,-0.340829,0.692376,-0.209478,-0.177706,-0.065445,0.040570,0.085709,-0.097077,0.231802,-0.372814,0.791491,0.825132,0.129565,0.014830,0.226885,-0.045566,0.084578,0.782941,-0.849019,0.166601,-0.087257
7.016807,1.090713,0.754226,0.010002,0.007423,0.024648,-0.999619,-0.297860,0.040296,-0.121821,1.325760,0.085400,-0.141279,-0.381941,0.052671,-0.334891,0.647330,-0.237281,-0.175622,-0.067498,0.052202,0.088715,-0.072698,0.253590,-0.447810,0.906274,0.896444,0.115730,-0.085096,0.210182,-0.028568,0.067479,0.747041,-0.848063,0.145410,-0.106079
7.053347,1.082064,0.759409,0.017951,0.008639,0.042407,-0.998902,-0.391091,0.070890,-0.117372,1.296567,0.033418,-0.104617,-0.298626,0.107308,-0.311195,0.593039,-0.255312,-0.178944,-0.064611,0.060542,0.090098,-0.031274,0.266976,-0.489137,0.982635,0.941481,0.099907,-0.167391,0.187431,-0.024265,0.057201,0.728225,-0.839002,0.101509,-0.125154
7.089921,1.073487,0.763194,0.024175,0.007988,0.063169,-0.997678,-0.471687,0.086430,-0.114463,1.216503,-0.004817,-0.103836,-0.220369,0.155950,-0.274333,0.544357,-0.271835,-0.183360,-0.057447,0.065958,0.090099,0.023252,0.270143,-0.482537,1.030693,0.946530,0.093052,-0.213873,0.162051,-0.027066,0.060890,0.699840,-0.836120,0.060606,-0.127812
7.126348,1.064687,0.765323,0.026870,0.005131,0.086098,-0.995911,-0.536546,0.101208,-0.104938,1.089269,-0.048044,-0.106092,-0.147006,0.193228,-0.227309,0.500662,-0.287044,-0.187440,-0.046890,0.069076,0.088019,0.086019,0.262510,-0.435134,1.052765,0.916844,0.096406,-0.221003,0.135509,-0.037578,0.073368,0.659364,-0.840473,0.026291,-0.122213
7.162409,1.055624,0.765050,0.028394,-0.000099,0.109920,-0.993535,-0.584796,0.125112,-0.079848,0.915079,-0.071108,-0.090288,-0.080951,0.221409,-0.176356,0.465635,-0.301861,-0.190470,-0.033456,0.071376,0.084236,0.150201,0.249187,-0.366961,1.055017,0.871426,0.104231,-0.195645,0.109562,-0.050184,0.088113,0.610691,-0.845081,-0.002290,-0.119363
7.197859,1.045993,0.763077,0.027287,-0.007169,0.133698,-0.990620,-0.613191,0.136642,-0.063888,0.700148,-0.061697,-0.090792,-0.017344,0.239126,-0.122333,0.428652,-0.313578,-0.192129,-0.017684,0.072368,0.079299,0.208274,0.230895,-0.300167,1.046669,0.830420,0.112186,-0.153430,0.086080,-0.063981,0.101431,0.560086,-0.844378,-0.024602,-0.123222
7.232801,1.035691,0.760133,0.023426,-0.014114,0.156336,-0.987325,-0.616612,0.125765,-0.081142,0.458708,-0.037652,-0.091303,0.045815,0.245627,-0.067655,0.392852,-0.325773,-0.194084,-0.000466,0.070651,0.074152,0.254976,0.210840,-0.250464,1.038054,0.808191,0.120581,-0.113142,0.068189,-0.079267,0.113019,0.514675,-0.837419,-0.039060,-0.132110
7.267590,1.024928,0.757020,0.018461,-0.018867,0.177453,-0.983775,-0.606681,0.111026,-0.123621,0.257087,-0.025820,-0.125561,0.103007,0.241547,-0.019697,0.377183,-0.334156,-0.193010,0.017044,0.065757,0.070922,0.287366,0.193913,-0.223096,1.036341,0.809104,0.130454,-0.089503,0.057690,-0.094523,0.123479,0.480404,-0.826453,-0.044462,-0.143386
7.303269,1.013651,0.757301,0.015216,-0.019825,0.197311,-0.980022,-0.601113,0.096589,-0.168598,0.181472,-0.042208,-0.180208,0.151580,0.234649,0.018250,0.407803,-0.335900,-0.194372,0.034344,0.058849,0.070679,0.305352,0.183468,-0.214464,1.045090,0.828746,0.141566,-0.086524,0.056560,-0.107465,0.132600,0.460965,-0.814075,-0.040539,-0.154829
7.338701,1.001891,0.754118,0.009009,-0.017114,0.215828,-0.976240,-0.605057,0.067214,-0.212647,0.245056,-0.001086,-0.194148,0.180186,0.214709,0.040999,0.479623,-0.320259,-0.200902,0.051338,0.048584,0.073154,0.305990,0.172105,-0.219295,1.065383,0.860693,0.154589,-0.094954,0.065722,-0.122082,0.137339,0.454002,-0.802007,-0.026389,-0.164249
7.373724,0.989351,0.748856,0.000873,-0.011231,0.234065,-0.972156,-0.614703,0.030379,-0.245334,0.373627,0.072975,-0.242147,0.174596,0.182461,0.037818,0.618292,-0.248898,-0.197495,0.065634,0.033013,0.079376,0.291792,0.158518,-0.230363,1.095005,0.899685,0.174140,-0.099365,0.083984,-0.134921,0.138549,0.458885,-0.789956,-0.002867,-0.173112
7.407390,0.976011,0.738809,-0.009152,-0.004570,0.249441,-0.968336,-0.614075,0.008418,-0.217886,0.501902,0.099200,-0.246709,0.124818,0.128599,0.001672,0.814694,-0.094018,-0.110955,0.072043,0.013353,0.089644,0.260744,0.140521,-0.246496,1.128205,0.943275,0.199216,-0.096765,0.107054,-0.142256,0.136179,0.475321,-0.776860,0.029563,-0.185937
7.437149,0.962141,0.736452,-0.021168,0.001329,0.263856,-0.964329,-0.608049,0.002021,-0.177937,0.603041,0.032366,-0.233313,0.032145,0.046446,-0.054254,1.035132,0.104084,-0.030608,0.071854,-0.010544,0.102333,0.211890,0.121333,-0.267719,1.157647,0.988842,0.220812,-0.095196,0.128635,-0.142084,0.134507,0.505100,-0.763802,0.069199,-0.200458
7.465602,0.947411,0.736758,-0.034759,0.005300,0.276465,-0.960381,-0.579746,-0.000590,-0.128817,0.655596,-0.044089,-0.220029,-0.082577,-0.049012,-0.098608,1.220307,0.221492,0.040041,0.062867,-0.035678,0.113467,0.147724,0.105031,-0.290447,1.173568,1.033040,0.230142,-0.094118,0.143523,-0.140595,0.141771,0.548722,-0.756936,0.110997,-0.202633
7.492655,0.931697,0.740321,-0.047928,0.008270,0.289461,-0.955953,-0.529522,-0.002651,-0.084927,0.661597,-0.096208,-0.198925,-0.209942,-0.097168,-0.116089,1.345894,0.201293,0.052386,0.050335,-0.058574,0.121195,0.077539,0.096960,-0.302589,1.163878,1.071113,0.228862,-0.076658,0.151672,-0.145484,0.163826,0.603724,-0.764496,0.143192,-0.179613
7.518925,0.914790,0.746009,-0.058446,0.010645,0.305393,-0.950372,-0.462874,0.001412,-0.042345,0.637571,-0.132295,-0.186255,-0.337026,-0.099343,-0.124970,1.405026,0.156973,0.080525,0.040990,-0.075605,0.124797,0.007427,0.087794,-0.292238,1.126209,1.089588,0.233734,-0.028745,0.160590,-0.159184,0.199480,0.659014,-0.789486,0.155546,-0.139237
7.545011,0.896485,0.752275,-0.066940,0.012800,0.323509,-0.943767,-0.386828,0.008761,0.002858,0.599339,-0.156398,-0.180063,-0.450270,-0.087085,-0.129104,1.402133,0.151716,0.123187,0.035838,-0.086650,0.124513,-0.051593,0.079741,-0.247465,1.065096,1.076526,0.230251,0.046285,0.173773,-0.174419,0.236961,0.704177,-0.823599,0.151181,-0.108718
7.571191,0.876802,0.757801,-0.074514,0.014692,0.341127,-0.936944,-0.307946,0.013049,0.048327,0.557439,-0.173199,-0.177177,-0.540570,-0.106067,-0.139610,1.344901,0.099866,0.150793,0.032019,-0.093305,0.120930,-0.101074,0.071068,-0.183463,0.984974,1.032084,0.204276,0.120027,0.197644,-0.196378,0.253717,0.731162,-0.847454,0.128708,-0.102043
7.597361,0.855850,0.761669,-0.081561,0.015881,0.355297,-0.931053,-0.230205,0.011552,0.089167,0.514995,-0.187353,-0.177038,-0.608728,-0.164497,-0.172315,1.248605,0.014835,0.111528,0.026137,-0.097929,0.115083,-0.141763,0.070819,-0.134561,0.902778,0.977233,0.151936,0.178892,0.222893,-0.216959,0.250561,0.748644,-0.846352,0.102127,-0.120008
7.623055,0.833770,0.763213,-0.087930,0.015725,0.365896,-0.926359,-0.156005,0.006387,0.121555,0.472457,-0.200600,-0.179946,-0.661711,-0.220236,-0.213206,1.113212,-0.053485,0.065777,0.017476,-0.101455,0.108275,-0.188230,0.090112,-0.120415,0.826021,0.942872,0.098225,0.213681,0.251594,-0.230690,0.233400,0.753762,-0.827779,0.081088,-0.150261
7.647899,0.810687,0.762237,-0.093372,0.013652,0.375219,-0.922120,-0.085873,0.001112,0.145998,0.429479,-0.212989,-0.186447,-0.698837,-0.254178,-0.248472,0.939413,-0.093337,0.025971,0.007456,-0.103211,0.101203,-0.237227,0.129972,-0.132476,0.753517,0.940374,0.061039,0.237653,0.277696,-0.238085,0.210348,0.751280,-0.802266,0.069232,-0.180739
7.671723,0.786422,0.759321,-0.098311,0.010701,0.384646,-0.917752,-0.019422,-0.004773,0.160933,0.389257,-0.218736,-0.197328,-0.718238,-0.261054,-0.266523,0.732817,-0.110124,0.003133,-0.002514,-0.102654,0.094417,-0.281978,0.177419,-0.147277,0.687292,0.953819,0.043118,0.259081,0.298826,-0.241125,0.184267,0.747736,-0.777596,0.067321,-0.204104
7.694512,0.760871,0.755709,-0.101274,0.007129,0.393219,-0.913822,0.045933,-0.007985,0.168286,0.349189,-0.215914,-0.208933,-0.719851,-0.248491,-0.266596,0.520674,-0.122041,-0.024415,-0.012011,-0.099017,0.088212,-0.316823,0.219353,-0.149482,0.634596,0.959543,0.038835,0.274988,0.314970,-0.237439,0.154637,0.748341,-0.757429,0.076885,-0.215407
7.716140,0.733728,0.752755,-0.101909,0.004157,0.400163,-0.910751,0.105994,-0.005863,0.168229,0.323273,-0.197306,-0.225017,-0.712747,-0.229707,-0.264752,0.368526,-0.106227,-0.038602,-0.020251,-0.092240,0.082828,-0.338988,0.249585,-0.137626,0.600375,0.945222,0.043195,0.281776,0.327840,-0.225059,0.120610,0.754206,-0.742340,0.099513,-0.214625
7.737117,0.704037,0.755504,-0.099667,0.001632,0.407949,-0.907547,0.158547,0.005981,0.161041,0.331804,-0.158315,-0.240318,-0.705867,-0.225495,-0.303235,0.342378,-0.065592,-0.044581,-0.025465,-0.082550,0.077977,-0.346707,0.271706,-0.116666,0.582617,0.912665,0.055201,0.280253,0.336045,-0.203633,0.087318,0.765542,-0.732029,0.130965,-0.206164
7.757083,0.673117,0.752964,-0.093835,0.000257,0.417408,-0.903861,0.188010,0.024510,0.140578,0.386887,-0.095189,-0.241083,-0.708533,-0.219983,-0.323617,0.427656,0.017039,-0.093158,-0.030836,-0.066928,0.075029,-0.336217,0.289288,-0.090980,0.574361,0.867156,0.072743,0.276948,0.336872,-0.181092,0.064548,0.785182,-0.729575,0.161857,-0.191429
7.776102,0.641929,0.744923,-0.081257,-0.003812,0.430136,-0.899091,0.188996,0.058216,0.118860,0.493506,0.002067,-0.238287,-0.708007,-0.189116,-0.314940,0.539882,0.021827,-0.142435,-0.036697,-0.044804,0.075458,-0.306024,0.307852,-0.064850,0.570143,0.814737,0.092956,0.275663,0.323796,-0.159901,0.063144,0.816014,-0.741699,0.184564,-0.162510
7.793058,0.611934,0.740841,-0.067117,-0.008001,0.444953,-0.893000,0.138732,0.096996,0.097691,0.667768,0.146439,-0.235973,-0.702117,-0.148818,-0.317404,0.635310,-0.036203,-0.175682,-0.039381,-0.020189,0.079573,-0.261449,0.318198,-0.048085,0.574321,0.762196,0.112813,0.276070,0.299706,-0.146850,0.078308,0.849555,-0.770841,0.198951,-0.114934
7.809316,0.581758,0.740317,-0.050967,-0.013348,0.457707,-0.887540,0.055289,0.137335,0.061390,0.873730,0.274774,-0.238054,-0.671903,-0.101487,-0.326895,0.691112,-0.100897,-0.196070,-0.038076,0.004710,0.085184,-0.218196,0.321213,-0.054820,0.597909,0.725164,0.131856,0.266340,0.271935,-0.135420,0.096669,0.868877,-0.808462,0.203964,-0.060663
7.824879,0.551864,0.742130,-0.034965,-0.018534,0.468181,-0.882746,-0.056077,0.114773,-0.026758,1.066516,0.306873,-0.240549,-0.621651,-0.052485,-0.338554,0.707372,-0.151215,-0.202940,-0.034116,0.027182,0.090899,-0.185741,0.322294,-0.092202,0.646544,0.719285,0.148818,0.230330,0.246258,-0.120607,0.104499,0.861637,-0.840726,0.197361,-0.025904
7.840112,0.522102,0.746079,-0.021730,-0.023027,0.476607,-0.878546,-0.171317,0.052059,-0.109914,1.217899,0.239697,-0.220992,-0.560408,-0.007080,-0.345474,0.696376,-0.190807,-0.197578,-0.033663,0.044450,0.095603,-0.159895,0.325644,-0.154353,0.711607,0.751055,0.157757,0.160752,0.222955,-0.101446,0.099631,0.830866,-0.857855,0.178394,-0.028813
7.855310,0.491735,0.751746,-0.013496,-0.025108,0.486730,-0.873087,-0.281073,0.027809,-0.139192,1.309980,0.179280,-0.192679,-0.488025,0.035042,-0.339510,0.661573,-0.220013,-0.190820,-0.036321,0.055662,0.099028,-0.127376,0.323183,-0.221399,0.776560,0.808498,0.151078,0.072548,0.199392,-0.083547,0.091847,0.789034,-0.860212,0.149801,-0.063154
7.870594,0.460943,0.757446,-0.006903,-0.026920,0.500974,-0.865016,-0.385248,0.040646,-0.136803,1.342984,0.139069,-0.146688,-0.412093,0.078924,-0.321056,0.616196,-0.239742,-0.190208,-0.036396,0.063038,0.102163,-0.081759,0.303115,-0.266392,0.835054,0.865481,0.133214,0.000721,0.178628,-0.068360,0.093439,0.741487,-0.857312,0.117063,-0.104139
7.885832,0.429626,0.762182,-0.001613,-0.028975,0.518719,-0.854452,-0.474691,0.053890,-0.128755,1.318336,0.078900,-0.115198,-0.336704,0.121714,-0.290763,0.570451,-0.254741,-0.191216,-0.031706,0.067997,0.104325,-0.025720,0.276683,-0.260106,0.864127,0.887901,0.116516,-0.060489,0.146876,-0.061188,0.110629,0.702851,-0.850995,0.086101,-0.130699
7.900793,0.397772,0.765608,0.001988,-0.031291,0.538150,-0.842266,-0.547993,0.065096,-0.117864,1.242394,0.007372,-0.103666,-0.264567,0.158886,-0.251075,0.530833,-0.266739,-0.191749,-0.022504,0.071311,0.105210,0.038511,0.225161,-0.209633,0.883184,0.870257,0.115145,-0.085522,0.120543,-0.064891,0.133256,0.669076,-0.846638,0.042783,-0.143474
7.915210,0.365469,0.767642,0.003555,-0.033901,0.557576,-0.829426,-0.607008,0.074373,-0.103419,1.120257,-0.037907,-0.078387,-0.195837,0.188322,-0.204332,0.496525,-0.276787,-0.189931,-0.009585,0.073767,0.104826,0.097265,0.166964,-0.133437,0.899437,0.826289,0.119911,-0.085509,0.093675,-0.069969,0.154065,0.626181,-0.845927,0.001781,-0.140160
7.928934,0.332892,0.767993,0.003840,-0.037586,0.575248,-0.817106,-0.644420,0.090359,-0.078419,0.944335,-0.066412,-0.075044,-0.130966,0.211129,-0.154753,0.465716,-0.284756,-0.186614,0.005634,0.076192,0.102897,0.138425,0.111160,-0.063620,0.921277,0.788173,0.132180,-0.069584,0.077634,-0.076444,0.173487,0.567825,-0.842067,-0.033528,-0.134552
7.941712,0.300064,0.767140,0.002032,-0.041528,0.590732,-0.805796,-0.658385,0.093413,-0.055250,0.718755,-0.059095,-0.053654,-0.064579,0.225934,-0.105526,0.427180,-0.288882,-0.183759,0.022311,0.078117,0.099534,0.162433,0.066854,-0.023830,0.950682,0.779440,0.147968,-0.050482,0.074236,-0.085734,0.186195,0.500940,-0.832578,-0.062389,-0.134019
7.953549,0.266868,0.766506,-0.002300,-0.044105,0.603491,-0.796145,-0.646581,0.073390,-0.061302,0.464206,-0.040654,-0.097034,0.001660,0.229561,-0.061342,0.387402,-0.282644,-0.183076,0.038185,0.077162,0.095051,0.173310,0.037422,-0.021445,0.986535,0.803884,0.159534,-0.048195,0.083329,-0.097441,0.190621,0.436066,-0.815444,-0.084310,-0.139925
7.965008,0.232523,0.769776,-0.004915,-0.045733,0.613991,-0.787972,-0.624358,0.059284,-0.058472,0.249064,-0.011532,-0.149642,0.065502,0.230791,-0.027166,0.369822,-0.264736,-0.186939,0.050253,0.073851,0.090975,0.177755,0.025082,-0.044501,1.022582,0.847803,0.157656,-0.075593,0.100794,-0.107742,0.190756,0.387483,-0.790161,-0.098834,-0.148633
7.976148,0.197646,0.768973,-0.005101,-0.044995,0.623022,-0.780892,-0.612445,0.049889,-0.031111,0.170968,-0.016675,-0.150472,0.115420,0.226847,-0.001817,0.385211,-0.239744,-0.186390,0.058434,0.068597,0.088676,0.178933,0.025111,-0.074449,1.051605,0.895324,0.143301,-0.119995,0.121104,-0.117641,0.189106,0.365031,-0.764375,-0.100965,-0.154887
7.986776,0.162209,0.766467,-0.006500,-0.039248,0.631533,-0.774328,-0.615133,0.025551,-0.033757,0.243921,0.026634,-0.116198,0.149422,0.212512,0.015326,0.441800,-0.198709,-0.177907,0.065761,0.057932,0.088867,0.176370,0.028690,-0.098465,1.070152,0.939659,0.132265,-0.149027,0.141249,-0.129963,0.184247,0.370490,-0.749651,-0.084666,-0.155521
7.996929,0.126401,0.762119,-0.008813,-0.029087,0.640425,-0.767419,-0.623411,-0.007859,-0.058789,0.369981,0.093696,-0.072452,0.153637,0.188371,0.025039,0.558917,-0.113266,-0.123261,0.072863,0.041176,0.092378,0.171572,0.030819,-0.109175,1.077683,0.978370,0.140181,-0.138260,0.159905,-0.141850,0.175625,0.403805,-0.751763,-0.047716,-0.153401
8.006595,0.091026,0.752585,-0.011550,-0.017084,0.648515,-0.760923,-0.611931,-0.015775,-0.031272,0.488833,0.090297,-0.053272,0.111568,0.155350,0.022855,0.743108,0.035243,0.008918,0.077408,0.021353,0.098870,0.162527,0.028780,-0.103364,1.075667,1.006594,0.166700,-0.091453,0.174508,-0.147988,0.162870,0.463149,-0.765294,0.009619,-0.155286
8.015150,0.057628,0.751616,-0.016744,-0.003934,0.657525,-0.753236,-0.588224,-0.024692,0.006710,0.573365,0.028677,-0.022416,0.028648,0.119832,0.024690,0.957953,0.213273,0.132795,0.081523,-0.000788,0.106289,0.140911,0.022731,-0.082644,1.068934,1.017780,0.197289,-0.035761,0.176924,-0.152311,0.153194,0.544680,-0.776422,0.086957,-0.160125
8.022838,0.024596,0.752726,-0.024523,0.008912,0.665985,-0.745508,-0.545074,-0.037186,0.045494,0.614675,-0.038815,-0.009303,-0.079097,0.067057,0.016531,1.141775,0.324001,0.221834,0.084404,-0.022908,0.112126,0.109925,0.017365,-0.056710,1.057131,1.016193,0.214939,0.009466,0.174634,-0.157948,0.147545,0.634838,-0.788482,0.166501,-0.155384
8.029567,-0.008347,0.755888,-0.032374,0.020284,0.670624,-0.740813,-0.485651,-0.056159,0.074866,0.616465,-0.090690,-0.003067,-0.194649,0.017459,0.008153,1.269364,0.273129,0.187708,0.083431,-0.043441,0.114963,0.067910,0.019064,-0.035124,1.040198,1.012143,0.218011,0.038852,0.173870,-0.167858,0.152040,0.719636,-0.802687,0.226652,-0.128723
8.035421,-0.041639,0.760255,-0.038344,0.029194,0.671114,-0.739786,-0.417783,-0.078483,0.089537,0.596393,-0.128146,-0.000868,-0.301992,-0.032045,-0.011924,1.329735,0.167225,0.162142,0.078986,-0.060221,0.114475,0.018943,0.027504,-0.017112,1.018677,1.010257,0.208241,0.063685,0.183198,-0.176216,0.167003,0.786085,-0.819306,0.255073,-0.088135
8.040525,-0.075534,0.764727,-0.043173,0.036164,0.668164,-0.741880,-0.346267,-0.102249,0.091622,0.566272,-0.157886,-0.001486,-0.394746,-0.088299,-0.042444,1.329255,0.085016,0.134287,0.070667,-0.073001,0.111279,-0.026785,0.035848,-0.001240,0.982725,1.002736,0.188216,0.089352,0.201727,-0.191914,0.177486,0.828042,-0.830431,0.247314,-0.042333
8.045025,-0.109993,0.768558,-0.047818,0.041610,0.663109,-0.745834,-0.274991,-0.125220,0.085327,0.533819,-0.182538,-0.004509,-0.472459,-0.132954,-0.071188,1.271358,0.009203,0.090835,0.059426,-0.082454,0.106506,-0.067623,0.040538,0.011783,0.934373,0.982435,0.155278,0.114072,0.228257,-0.209854,0.178646,0.846128,-0.832163,0.219621,-0.005945
8.049035,-0.144802,0.771357,-0.052121,0.044984,0.656969,-0.750767,-0.206703,-0.143296,0.075161,0.503055,-0.203192,-0.007615,-0.530140,-0.170518,-0.101548,1.156683,-0.061355,0.065887,0.047106,-0.089086,0.100951,-0.105471,0.045899,0.014835,0.878810,0.951715,0.111237,0.133410,0.257879,-0.226156,0.173391,0.845781,-0.826806,0.186767,0.015710
8.052616,-0.179738,0.772623,-0.055772,0.046483,0.650238,-0.756253,-0.141079,-0.156347,0.059193,0.473679,-0.220451,-0.011375,-0.565641,-0.205989,-0.142320,0.992689,-0.104533,0.029599,0.034680,-0.093845,0.095334,-0.141189,0.057274,0.003024,0.820009,0.919909,0.065804,0.148274,0.285716,-0.237833,0.165919,0.834452,-0.820278,0.157488,0.019860
8.055831,-0.214660,0.772091,-0.058301,0.046484,0.643772,-0.761576,-0.075607,-0.163427,0.039206,0.443316,-0.235672,-0.015061,-0.576963,-0.223721,-0.179455,0.782057,-0.106740,0.015574,0.022861,-0.096815,0.089712,-0.172098,0.075252,-0.019524,0.759930,0.893638,0.029181,0.163741,0.308526,-0.242143,0.155801,0.820163,-0.815597,0.138353,0.007903
8.058680,-0.249377,0.770539,-0.059201,0.045312,0.638470,-0.766028,-0.010342,-0.163523,0.018726,0.413100,-0.243485,-0.017767,-0.567433,-0.212295,-0.190647,0.544685,-0.082285,0.019659,0.012171,-0.097224,0.083751,-0.193813,0.095326,-0.042754,0.701210,0.871196,0.005785,0.182554,0.324559,-0.236811,0.139901,0.808660,-0.811582,0.133648,-0.011320
8.061029,-0.283804,0.769245,-0.057764,0.042612,0.635674,-0.768613,0.051475,-0.155384,0.000103,0.391349,-0.245238,-0.019137,-0.551420,-0.179382,-0.171108,0.338630,-0.027185,0.034507,0.003588,-0.094160,0.077202,-0.203546,0.113235,-0.057909,0.647916,0.845765,-0.005135,0.202605,0.332710,-0.221786,0.118346,0.801036,-0.807509,0.141463,-0.028124
8.062482,-0.318587,0.771383,-0.055144,0.040632,0.637015,-0.767802,0.103098,-0.143350,-0.010017,0.407106,-0.246633,-0.022925,-0.543713,-0.152158,-0.167233,0.250899,-0.002082,0.060033,-0.001023,-0.088793,0.070811,-0.200270,0.126624,-0.062367,0.604398,0.813623,-0.006538,0.220571,0.334450,-0.202374,0.094810,0.795626,-0.804280,0.154516,-0.039899
8.063227,-0.352921,0.768322,-0.049100,0.039080,0.642371,-0.763820,0.130704,-0.125905,-0.015162,0.470829,-0.229556,-0.045735,-0.554045,-0.130016,-0.171951,0.318792,0.066161,0.012385,-0.004076,-0.080343,0.066957,-0.183158,0.138325,-0.057387,0.573436,0.779218,0.000550,0.235211,0.328728,-0.180140,0.076974,0.792958,-0.803993,0.164719,-0.050616
8.063361,-0.387012,0.759406,-0.038470,0.037329,0.649704,-0.758295,0.128418,-0.103274,-0.022074,0.600342,-0.175187,-0.091164,-0.563672,-0.103383,-0.168161,0.451359,0.084984,-0.036977,-0.008056,-0.067659,0.067506,-0.153525,0.147816,-0.047214,0.559313,0.749934,0.017457,0.248612,0.316733,-0.156120,0.068606,0.794480,-0.808249,0.169587,-0.063569
8.062487,-0.418991,0.754531,-0.024401,0.033754,0.655441,-0.754097,0.086242,-0.071644,-0.027786,0.782466,-0.050092,-0.159761,-0.570269,-0.066929,-0.167111,0.573791,0.028847,-0.093671,-0.014086,-0.051531,0.072128,-0.119924,0.151241,-0.039675,0.570038,0.729033,0.046745,0.260778,0.301256,-0.129921,0.067748,0.796140,-0.816193,0.170502,-0.074990
8.061223,-0.450320,0.750735,-0.009255,0.028257,0.656500,-0.753740,0.013484,-0.032937,-0.039529,0.985146,0.076672,-0.237907,-0.550015,-0.034459,-0.184534,0.652262,-0.047078,-0.114802,-0.021091,-0.033159,0.077430,-0.096163,0.146911,-0.046943,0.615821,0.718252,0.088088,0.261046,0.287332,-0.102961,0.069079,0.788171,-0.824105,0.166879,-0.080161
8.059949,-0.480760,0.749153,0.006917,0.019809,0.652996,-0.757070,-0.082243,0.003546,-0.061029,1.167751,0.117592,-0.245537,-0.509337,-0.003719,-0.216818,0.686809,-0.109336,-0.126231,-0.028477,-0.012527,0.082029,-0.092471,0.144148,-0.078371,0.698758,0.726503,0.135422,0.228331,0.276194,-0.076516,0.069922,0.764943,-0.828339,0.153816,-0.083273
8.058778,-0.510753,0.750423,0.020897,0.012523,0.650511,-0.759106,-0.181177,0.023090,-0.096740,1.292515,0.075055,-0.222523,-0.455342,0.027755,-0.245596,0.688812,-0.148531,-0.134654,-0.033760,0.008889,0.085316,-0.100564,0.144458,-0.135188,0.808134,0.763409,0.174882,0.152145,0.265129,-0.057412,0.069799,0.730265,-0.829049,0.131147,-0.093891
8.057986,-0.540174,0.753196,0.032534,0.006081,0.652072,-0.757434,-0.273034,0.040610,-0.118097,1.349767,0.035616,-0.203648,-0.399397,0.062139,-0.263673,0.676267,-0.170539,-0.139765,-0.037071,0.028714,0.088311,-0.103853,0.144410,-0.207751,0.926894,0.828196,0.189792,0.058667,0.254549,-0.043952,0.071160,0.689840,-0.829501,0.105362,-0.112341
8.057463,-0.569088,0.756665,0.041711,0.000481,0.659061,-0.750932,-0.353618,0.057090,-0.125893,1.341544,-0.011727,-0.142850,-0.343799,0.100385,-0.266062,0.655275,-0.181672,-0.144558,-0.036622,0.046092,0.091092,-0.096191,0.148350,-0.267939,1.008879,0.893006,0.184854,-0.039414,0.227312,-0.038342,0.077919,0.664142,-0.827545,0.085290,-0.128689
8.057195,-0.597304,0.760256,0.048903,-0.005272,0.669913,-0.740808,-0.421577,0.077233,-0.121540,1.273840,-0.071548,-0.098894,-0.292151,0.140066,-0.254192,0.633419,-0.186391,-0.150079,-0.032010,0.060858,0.093425,-0.063806,0.137204,-0.294055,1.054831,0.928248,0.169362,-0.093830,0.198680,-0.040905,0.087603,0.653503,-0.828622,0.057601,-0.141640
8.056866,-0.624760,0.764298,0.052155,-0.010291,0.683416,-0.728091,-0.468254,0.100572,-0.102438,1.141781,-0.120815,-0.064097,-0.243415,0.175881,-0.228088,0.608128,-0.185453,-0.155373,-0.023649,0.072645,0.093800,-0.019917,0.118230,-0.277169,1.065911,0.921999,0.149609,-0.113604,0.165685,-0.047199,0.102472,0.636662,-0.832719,0.036735,-0.142152
8.056489,-0.651306,0.768350,0.052918,-0.016313,0.698486,-0.713478,-0.495018,0.113214,-0.084442,0.953135,-0.141011,-0.034195,-0.201950,0.208018,-0.193965,0.588095,-0.184123,-0.159791,-0.012143,0.081349,0.091621,0.029969,0.098867,-0.236135,1.053191,0.891886,0.128766,-0.106699,0.134565,-0.053015,0.118459,0.614241,-0.834657,0.017838,-0.139451
8.055518,-0.676997,0.775560,0.049533,-0.021414,0.714407,-0.697646,-0.499283,0.091720,-0.103494,0.726326,-0.113188,-0.039254,-0.164046,0.233525,-0.155240,0.572839,-0.179822,-0.163689,0.001313,0.085732,0.086022,0.083039,0.084405,-0.198738,1.027007,0.864164,0.106432,-0.085571,0.106513,-0.058475,0.128352,0.592891,-0.833763,-0.002504,-0.137637
8.054222,-0.701532,0.776480,0.044887,-0.025044,0.730680,-0.680783,-0.491457,0.042267,-0.190693,0.525862,-0.009715,-0.105846,-0.137023,0.249677,-0.117575,0.576908,-0.181824,-0.168003,0.016283,0.084959,0.078936,0.127769,0.074538,-0.183401,1.001033,0.857014,0.090948,-0.061941,0.089063,-0.063246,0.139700,0.566758,-0.828487,-0.019401,-0.135776
8.052751,-0.724713,0.771143,0.040640,-0.025960,0.744838,-0.665500,-0.485557,0.029691,-0.220449,0.465695,0.075236,-0.101742,-0.131475,0.254508,-0.093607,0.628235,-0.193350,-0.159728,0.026568,0.081136,0.074342,0.160615,0.069180,-0.193754,0.983499,0.870531,0.079624,-0.043705,0.079425,-0.073080,0.152462,0.537846,-0.822091,-0.033335,-0.130391
8.051856,-0.745234,0.768047,0.037910,-0.023506,0.758317,-0.650358,-0.503319,0.039560,-0.181928,0.559800,0.031315,-0.078499,-0.158646,0.246167,-0.081514,0.746013,-0.189533,-0.110157,0.034189,0.074138,0.075781,0.176806,0.068693,-0.224172,0.981034,0.897495,0.070504,-0.037321,0.075102,-0.086498,0.162681,0.511077,-0.817483,-0.042687,-0.124854
8.050540,-0.764291,0.764384,0.033309,-0.017450,0.771750,-0.634813,-0.516441,0.042217,-0.152331,0.651743,-0.010601,-0.085610,-0.213270,0.220002,-0.075003,0.902198,-0.146760,0.039348,0.043982,0.061946,0.080664,0.166645,0.070916,-0.268351,0.997954,0.934355,0.065318,-0.050772,0.075569,-0.099293,0.166840,0.491773,-0.812074,-0.037488,-0.129268
8.048533,-0.781693,0.762548,0.025145,-0.008408,0.783278,-0.621107,-0.514786,0.041492,-0.112342,0.708434,-0.046194,-0.091164,-0.277495,0.176605,-0.079624,1.055473,-0.115869,0.237388,0.055047,0.046461,0.084942,0.135454,0.080557,-0.318808,1.027829,0.979490,0.060621,-0.083781,0.078919,-0.108558,0.159704,0.488619,-0.809570,-0.014155,-0.145256
8.045496,-0.797316,0.762007,0.015476,0.000802,0.791628,-0.610806,-0.500646,0.041920,-0.065026,0.727542,-0.069114,-0.087372,-0.340089,0.102767,-0.115180,1.165874,-0.117510,0.246949,0.066332,0.030012,0.086567,0.086285,0.096572,-0.361628,1.059144,1.029264,0.065006,-0.119776,0.083475,-0.115112,0.151928,0.502743,-0.809571,0.021387,-0.163691
8.041249,-0.811829,0.765055,0.008335,0.005918,0.794494,-0.607186,-0.473083,0.038131,-0.040834,0.712501,-0.074794,-0.084189,-0.386952,0.001560,-0.136431,1.200104,-0.139168,0.238617,0.070056,0.015176,0.084930,0.032308,0.117964,-0.374909,1.077885,1.072123,0.088787,-0.129819,0.085851,-0.120503,0.154867,0.535085,-0.811795,0.052601,-0.167903
8.035750,-0.825116,0.771234,0.001937,0.009481,0.794952,-0.606595,-0.439872,0.031986,-0.029634,0.680643,-0.065173,-0.085152,-0.414007,-0.110490,-0.194069,1.157301,-0.147230,0.154006,0.069461,0.001919,0.081985,-0.017285,0.132928,-0.346244,1.072214,1.085082,0.136829,-0.097908,0.083982,-0.129817,0.169524,0.581917,-0.818546,0.072036,-0.149894
8.029339,-0.837207,0.782682,-0.003676,0.011492,0.792897,-0.609236,-0.406823,0.025601,-0.029092,0.643190,-0.045377,-0.089161,-0.421962,-0.190679,-0.252302,1.038177,-0.171352,0.068179,0.064255,-0.008568,0.078744,-0.053652,0.137258,-0.270570,1.036686,1.054750,0.184053,-0.027340,0.080791,-0.142990,0.185653,0.637464,-0.828201,0.081649,-0.116984
8.022406,-0.848051,0.789900,-0.008690,0.012405,0.788569,-0.614760,-0.377811,0.018205,-0.036375,0.604761,-0.024782,-0.094087,-0.413960,-0.233353,-0.296896,0.865402,-0.187068,0.025670,0.056869,-0.015058,0.075603,-0.080608,0.132692,-0.168403,0.978947,0.980998,0.192434,0.052813,0.083666,-0.157292,0.194848,0.689235,-0.838154,0.092143,-0.081234
8.015281,-0.857739,0.794049,-0.012612,0.012264,0.781711,-0.623393,-0.354596,0.010270,-0.051829,0.571649,-0.009265,-0.098779,-0.397935,-0.238017,-0.311111,0.657159,-0.151520,0.022546,0.048978,-0.017212,0.072909,-0.115553,0.120280,-0.085408,0.918803,0.890140,0.163818,0.110119,0.091889,-0.164613,0.195258,0.726767,-0.847988,0.114030,-0.048782
8.008188,-0.866115,0.794645,-0.014935,0.011547,0.772187,-0.635115,-0.337620,0.000317,-0.079501,0.548576,-0.006209,-0.103957,-0.391437,-0.210287,-0.258609,0.476785,-0.023630,0.047633,0.041144,-0.014811,0.071872,-0.151580,0.126893,-0.053959,0.855091,0.816789,0.112951,0.134115,0.098821,-0.170417,0.185695,0.758898,-0.852304,0.133119,-0.028805
8.001128,-0.872806,0.789077,-0.017622,0.011199,0.762452,-0.646708,-0.332373,-0.010448,-0.110884,0.543224,-0.021882,-0.110274,-0.385361,-0.204142,-0.226336,0.412592,0.046770,0.059112,0.038567,-0.010658,0.072591,-0.194372,0.150720,-0.075667,0.792095,0.785608,0.068018,0.145591,0.114449,-0.171219,0.168913,0.773854,-0.851865,0.146011,-0.032797
7.993978,-0.877452,0.786871,-0.022517,0.011837,0.753228,-0.657267,-0.340566,-0.023162,-0.136879,0.558268,-0.041994,-0.116796,-0.388023,-0.218427,-0.244961,0.434035,0.006621,0.046259,0.040845,-0.006682,0.075026,-0.237829,0.184023,-0.120524,0.724983,0.793366,0.038256,0.161837,0.134224,-0.167391,0.146793,0.777629,-0.841831,0.152048,-0.063534
7.987358,-0.880870,0.785535,-0.027189,0.009885,0.744327,-0.667188,-0.353766,-0.031669,-0.160586,0.571411,-0.055329,-0.120934,-0.399391,-0.235364,-0.278591,0.466597,-0.017885,0.025663,0.043169,-0.001097,0.077294,-0.270320,0.210271,-0.152177,0.654711,0.816133,0.026763,0.189548,0.151035,-0.159125,0.127721,0.782686,-0.822448,0.151955,-0.104691
7.981501,-0.883422,0.785089,-0.030889,0.006905,0.735595,-0.676682,-0.364877,-0.030979,-0.164153,0.578406,-0.068762,-0.108327,-0.405596,-0.245910,-0.304366,0.483981,-0.026353,0.016919,0.042123,0.006788,0.077276,-0.280289,0.210527,-0.153642,0.587662,0.823030,0.029590,0.227312,0.161584,-0.157669,0.122902,0.795910,-0.805993,0.150512,-0.126387
7.976676,-0.885587,0.785492,-0.032143,0.004120,0.728506,-0.684273,-0.369966,-0.017860,-0.140188,0.586910,-0.093905,-0.098839,-0.403089,-0.249473,-0.324731,0.486740,-0.022227,0.015309,0.038568,0.015782,0.075060,-0.266663,0.183336,-0.133554,0.529270,0.795582,0.037344,0.267220,0.164551,-0.168700,0.138457,0.812740,-0.805563,0.151071,-0.113430
7.972897,-0.887038,0.788113,-0.031469,0.002524,0.723949,-0.689131,-0.367218,0.002952,-0.099936,0.605587,-0.132124,-0.105460,-0.394193,-0.248096,-0.340405,0.481104,-0.011711,0.016590,0.034248,0.024030,0.071669,-0.238915,0.145056,-0.116696,0.483967,0.741190,0.039809,0.296586,0.161127,-0.188518,0.165237,0.822746,-0.820106,0.151622,-0.083492
7.970362,-0.887840,0.789467,-0.029477,0.001942,0.721549,-0.691732,-0.359063,0.020461,-0.061557,0.643216,-0.164975,-0.113086,-0.384510,-0.243601,-0.348209,0.472693,0.000208,0.019052,0.030590,0.030970,0.068055,-0.207527,0.119068,-0.126563,0.456269,0.693117,0.032022,0.300247,0.155475,-0.206053,0.184108,0.820100,-0.833889,0.151577,-0.066950
7.969067,-0.887894,0.790071,-0.026251,0.001949,0.720528,-0.692926,-0.350639,0.024538,-0.047255,0.696920,-0.186597,-0.110482,-0.376282,-0.238093,-0.350462,0.467007,0.011656,0.021767,0.028544,0.036809,0.064635,-0.178187,0.117971,-0.168073,0.449056,0.688305,0.012670,0.266287,0.152663,-0.211964,0.182147,0.805833,-0.831768,0.154241,-0.076424
7.968797,-0.887072,0.789994,-0.022064,0.002527,0.720524,-0.693075,-0.340508,0.016042,-0.057471,0.753897,-0.197706,-0.107649,-0.370193,-0.232395,-0.349002,0.465268,0.022081,0.023684,0.027722,0.041776,0.061509,-0.152758,0.134516,-0.221759,0.463614,0.740448,-0.016529,0.196387,0.154316,-0.205534,0.161385,0.782621,-0.810468,0.158804,-0.103571
7.969384,-0.885246,0.789020,-0.016725,0.003256,0.721987,-0.691696,-0.325702,0.002250,-0.079927,0.802778,-0.206681,-0.110581,-0.368223,-0.225159,-0.343565,0.470103,0.029936,0.024860,0.027273,0.045983,0.058764,-0.128827,0.147792,-0.255830,0.500033,0.825365,-0.043231,0.110447,0.157929,-0.191721,0.134017,0.753421,-0.777246,0.160286,-0.134779
7.970728,-0.882300,0.787098,-0.010749,0.004202,0.725647,-0.687971,-0.305532,-0.016150,-0.116405,0.836848,-0.221774,-0.119207,-0.372390,-0.215829,-0.332113,0.482775,0.034779,0.024770,0.027145,0.049020,0.056594,-0.101736,0.138677,-0.248741,0.557261,0.895933,-0.043785,0.036857,0.160164,-0.177162,0.111458,0.721725,-0.742832,0.156369,-0.161768
7.972809,-0.878073,0.784453,-0.004989,0.005955,0.731342,-0.681967,-0.281560,-0.041566,-0.168287,0.855277,-0.232860,-0.132465,-0.382849,-0.206170,-0.314830,0.502385,0.038169,0.023568,0.027180,0.050107,0.055409,-0.072681,0.105232,-0.202109,0.631634,0.922290,-0.003163,0.003075,0.159553,-0.166147,0.098374,0.689665,-0.715612,0.149698,-0.181675
7.975753,-0.872306,0.781144,0.000387,0.008456,0.738163,-0.674569,-0.253212,-0.069562,-0.225032,0.855515,-0.241908,-0.139624,-0.400052,-0.197794,-0.293658,0.530048,0.039721,0.022010,0.026634,0.048830,0.055758,-0.049173,0.062757,-0.136067,0.718204,0.908639,0.063310,0.017935,0.156831,-0.158389,0.093145,0.656549,-0.698715,0.143744,-0.194637
7.979646,-0.864686,0.777462,0.004976,0.011916,0.745885,-0.665949,-0.223516,-0.099302,-0.285028,0.839084,-0.241836,-0.148893,-0.423705,-0.190824,-0.268506,0.563387,0.040595,0.020303,0.025145,0.044851,0.058335,-0.036046,0.030603,-0.080463,0.815864,0.884602,0.124683,0.049193,0.154065,-0.151868,0.091623,0.619796,-0.690271,0.137569,-0.202295
7.984521,-0.854788,0.773857,0.008390,0.015724,0.754578,-0.655969,-0.197646,-0.123792,-0.334199,0.808496,-0.234463,-0.131139,-0.451776,-0.182448,-0.240312,0.592825,0.046534,0.015361,0.021564,0.038107,0.063423,-0.029182,0.018199,-0.066078,0.923018,0.884141,0.163042,0.049862,0.153924,-0.148155,0.088741,0.583219,-0.686257,0.117495,-0.208710
7.990497,-0.842218,0.771673,0.009997,0.017994,0.764404,-0.644409,-0.184861,-0.127551,-0.343922,0.771981,-0.250412,-0.105495,-0.479241,-0.168126,-0.211457,0.599728,0.065972,0.009628,0.014185,0.028879,0.070750,-0.032104,0.025432,-0.098222,1.032475,0.922158,0.170222,-0.007115,0.153916,-0.141899,0.091852,0.534505,-0.686886,0.092528,-0.212960
7.997864,-0.826756,0.769586,0.007988,0.017056,0.776100,-0.630328,-0.193916,-0.104097,-0.288342,0.733422,-0.280247,-0.062199,-0.501326,-0.145466,-0.182686,0.561198,0.105451,0.012542,0.003003,0.018200,0.078863,-0.041838,0.039708,-0.156774,1.129831,0.982146,0.145224,-0.099844,0.151617,-0.136665,0.102008,0.479176,-0.694533,0.061738,-0.214706
8.006760,-0.808868,0.767425,0.000853,0.012594,0.791327,-0.611262,-0.220608,-0.074273,-0.213575,0.690722,-0.296283,-0.049554,-0.520647,-0.113709,-0.149075,0.474019,0.180988,0.026407,-0.007908,0.006519,0.085271,-0.056281,0.050968,-0.209806,1.204593,1.036660,0.109254,-0.192366,0.145936,-0.133067,0.117839,0.427450,-0.715310,0.031543,-0.212211
8.016331,-0.789853,0.770122,-0.010129,0.006331,0.810134,-0.586123,-0.253821,-0.049209,-0.151690,0.648006,-0.286843,-0.050612,-0.540416,-0.078511,-0.110680,0.365382,0.277876,0.121248,-0.015819,-0.005331,0.088650,-0.072781,0.056891,-0.246205,1.254561,1.077213,0.086511,-0.262917,0.139947,-0.129675,0.137007,0.385508,-0.752502,0.011316,-0.201075
8.025702,-0.770038,0.773124,-0.022009,0.002823,0.831056,-0.555745,-0.289546,-0.023676,-0.086266,0.617861,-0.266622,-0.057522,-0.560914,-0.033387,-0.086773,0.295823,0.293669,0.241939,-0.018947,-0.017086,0.090070,-0.089125,0.058730,-0.273502,1.280320,1.111390,0.079828,-0.299465,0.139637,-0.128160,0.156881,0.351610,-0.799913,0.003108,-0.177440
8.034790,-0.750286,0.774805,-0.029974,0.000045,0.852138,-0.522458,-0.318737,0.011130,-0.019663,0.594324,-0.242166,-0.064444,-0.581420,-0.017546,-0.107567,0.347102,0.216980,0.246703,-0.019724,-0.027188,0.091183,-0.104708,0.064623,-0.298322,1.283849,1.146463,0.082365,-0.294593,0.145572,-0.124549,0.177173,0.326519,-0.841618,-0.002466,-0.144788
8.043355,-0.731127,0.776540,-0.034108,-0.001345,0.869830,-0.492170,-0.336656,0.046666,0.037410,0.569161,-0.213003,-0.072584,-0.589669,-0.059516,-0.157450,0.476960,0.094845,0.228029,-0.025278,-0.034246,0.090853,-0.120655,0.074380,-0.328578,1.270421,1.189592,0.088180,-0.253619,0.158419,-0.121239,0.191387,0.313045,-0.863142,-0.010697,-0.111812
8.051169,-0.712611,0.778156,-0.037620,0.001559,0.885047,-0.463976,-0.342559,0.075085,0.091027,0.536775,-0.179417,-0.084055,-0.570385,-0.133562,-0.275095,0.622872,-0.012888,0.158812,-0.031493,-0.041084,0.087106,-0.138912,0.083907,-0.370990,1.244518,1.245999,0.093756,-0.193041,0.179438,-0.121965,0.191389,0.312248,-0.861224,-0.015503,-0.087261
8.058365,-0.694771,0.779646,-0.040390,0.005656,0.896986,-0.440174,-0.340099,0.097520,0.137150,0.495885,-0.142927,-0.096820,-0.523822,-0.212651,-0.364392,0.739687,-0.100857,0.085170,-0.041090,-0.045220,0.079940,-0.159603,0.092495,-0.415101,1.205548,1.305416,0.098562,-0.127460,0.206165,-0.125748,0.175293,0.323496,-0.845387,-0.008277,-0.080054
8.064815,-0.677311,0.780423,-0.042811,0.010843,0.907146,-0.418493,-0.332893,0.116467,0.179324,0.453123,-0.106912,-0.111332,-0.469017,-0.277694,-0.401740,0.824003,-0.161979,0.027103,-0.051793,-0.047120,0.070668,-0.178759,0.098678,-0.435912,1.149526,1.343972,0.102041,-0.062658,0.233731,-0.131433,0.146040,0.345832,-0.827894,0.012944,-0.095649
8.070501,-0.659869,0.780073,-0.045413,0.016833,0.917480,-0.394823,-0.322580,0.136852,0.224650,0.412329,-0.073441,-0.128390,-0.415595,-0.332896,-0.406688,0.879603,-0.203123,0.003060,-0.059957,-0.047876,0.059774,-0.192756,0.105762,-0.420271,1.073801,1.350120,0.095074,0.001501,0.259738,-0.135211,0.108351,0.375406,-0.810860,0.045698,-0.129352
8.075480,-0.642019,0.778230,-0.048775,0.024271,0.928829,-0.366482,-0.310684,0.160623,0.278686,0.377558,-0.043844,-0.148155,-0.369464,-0.388963,-0.399804,0.910535,-0.240323,-0.010200,-0.063772,-0.048396,0.047952,-0.198221,0.108809,-0.383935,0.979766,1.337764,0.079618,0.067953,0.264056,-0.133726,0.065089,0.419932,-0.787068,0.094822,-0.166987
8.079841,-0.623293,0.774866,-0.053605,0.033057,0.941071,-0.332294,-0.300215,0.189263,0.342616,0.352739,-0.018400,-0.170461,-0.327529,-0.463068,-0.419869,0.918505,-0.282050,-0.015313,-0.062119,-0.049768,0.035856,-0.198043,0.112862,-0.342493,0.872020,1.323362,0.061547,0.136654,0.268448,-0.133462,0.014845,0.470623,-0.760385,0.141554,-0.204134
8.083492,-0.603198,0.770258,-0.060367,0.042171,0.953260,-0.293040,-0.293771,0.224956,0.412831,0.339653,0.004504,-0.194660,-0.286544,-0.558551,-0.491007,0.909281,-0.324667,-0.026728,-0.055359,-0.052225,0.024206,-0.186748,0.125386,-0.291981,0.756596,1.299086,0.044649,0.207979,0.255313,-0.143488,-0.025413,0.528345,-0.743556,0.194087,-0.226106
8.086127,-0.581399,0.765049,-0.069043,0.049850,0.964779,-0.248896,-0.287754,0.270884,0.487577,0.332600,0.026781,-0.215033,-0.240358,-0.659205,-0.625651,0.887373,-0.365997,-0.042250,-0.044258,-0.055506,0.012968,-0.172807,0.131943,-0.225029,0.652689,1.243075,0.038039,0.271101,0.241403,-0.159886,-0.039137,0.568039,-0.759255,0.245482,-0.222084
8.087350,-0.557732,0.760049,-0.078009,0.054089,0.975414,-0.198888,-0.272667,0.332515,0.570068,0.327728,0.042607,-0.237992,-0.193620,-0.724219,-0.792530,0.853386,-0.388524,-0.079905,-0.031808,-0.057545,0.002891,-0.153572,0.137759,-0.145278,0.570011,1.143011,0.036231,0.321241,0.227273,-0.176681,-0.020252,0.580872,-0.802849,0.276169,-0.192178
8.087210,-0.532322,0.755897,-0.083676,0.053835,0.984300,-0.145784,-0.246898,0.410844,0.649614,0.338267,0.032042,-0.244339,-0.177744,-0.717031,-0.874897,0.822445,-0.390152,0.022061,-0.027817,-0.053748,-0.002703,-0.123412,0.153959,-0.065762,0.508206,1.012336,0.036990,0.353746,0.210461,-0.187428,0.020792,0.570893,-0.848231,0.266532,-0.150910
8.084761,-0.505889,0.755195,-0.084503,0.047109,0.991097,-0.091465,-0.215811,0.509672,0.706103,0.368051,-0.019170,-0.234320,-0.228919,-0.635896,-0.812444,0.816999,-0.428007,0.131129,-0.034310,-0.041173,-0.001672,-0.076211,0.186804,0.002217,0.461428,0.874531,0.041209,0.365435,0.187993,-0.189453,0.071105,0.553744,-0.870027,0.217609,-0.104845
8.080637,-0.479248,0.755245,-0.084652,0.035844,0.995276,-0.031236,-0.195528,0.596707,0.705242,0.418195,-0.135085,-0.148180,-0.293127,-0.528392,-0.719249,0.828893,-0.466641,0.129595,-0.034777,-0.023863,0.002837,-0.013627,0.227325,0.051378,0.430275,0.750741,0.049114,0.361668,0.159703,-0.189157,0.123681,0.543285,-0.868835,0.151698,-0.049348
8.075484,-0.453112,0.752796,-0.083333,0.027493,0.995558,0.034119,-0.237060,0.601872,0.531547,0.509500,-0.235467,0.010031,-0.342103,-0.414104,-0.620970,0.836062,-0.497739,0.092602,-0.019469,-0.009446,0.012270,0.052118,0.249116,0.071589,0.431153,0.671359,0.062422,0.359727,0.139726,-0.202374,0.168591,0.535083,-0.865495,0.087693,0.004494
8.068981,-0.427845,0.751734,-0.080288,0.024074,0.992214,0.092120,-0.315654,0.509534,0.274511,0.636836,-0.282505,-0.022986,-0.358503,-0.306577,-0.534959,0.821479,-0.518240,0.048168,-0.002839,0.000325,0.024587,0.103986,0.269589,0.054399,0.472532,0.633835,0.087628,0.347689,0.106782,-0.202234,0.200282,0.533478,-0.882267,0.061081,0.034202
8.060742,-0.403794,0.752650,-0.077205,0.021590,0.987494,0.135753,-0.382160,0.405246,0.134291,0.758258,-0.311657,-0.073018,-0.342676,-0.214400,-0.473906,0.784037,-0.525304,0.010565,0.002576,0.011177,0.036591,0.146537,0.292608,0.015252,0.536670,0.644184,0.120065,0.291685,0.080516,-0.187496,0.206883,0.531533,-0.896290,0.056152,0.020858
8.050633,-0.380344,0.755030,-0.075010,0.020429,0.981985,0.172225,-0.436794,0.347532,0.140814,0.860172,-0.326086,-0.055701,-0.306112,-0.139075,-0.429035,0.728220,-0.517797,-0.016553,0.003586,0.024509,0.047149,0.171005,0.297988,-0.053488,0.624962,0.696959,0.146716,0.192827,0.071249,-0.160313,0.192934,0.514423,-0.882657,0.055505,-0.020440
8.038796,-0.356783,0.757652,-0.075078,0.019921,0.974614,0.209988,-0.489350,0.303360,0.194464,0.926101,-0.333479,-0.005187,-0.261064,-0.072902,-0.383955,0.662052,-0.499725,-0.033017,0.010266,0.038705,0.055110,0.184776,0.289917,-0.132878,0.712754,0.774015,0.143140,0.054833,0.064938,-0.134081,0.178918,0.487267,-0.839262,0.036396,-0.057440
8.025634,-0.332376,0.759300,-0.077616,0.018393,0.964520,0.251671,-0.558410,0.236293,0.217163,0.961119,-0.324535,0.013174,-0.213682,-0.008506,-0.329635,0.594710,-0.472734,-0.048975,0.023912,0.051160,0.061048,0.198651,0.271599,-0.192211,0.776843,0.848228,0.104155,-0.091016,0.048103,-0.122753,0.184264,0.457208,-0.792749,-0.008050,-0.069720
8.011467,-0.306524,0.759008,-0.082274,0.015520,0.951893,0.294771,-0.641813,0.156307,0.206560,0.956954,-0.302412,-0.012130,-0.163111,0.054856,-0.267021,0.529432,-0.444017,-0.069136,0.039478,0.061156,0.065757,0.223946,0.241919,-0.205158,0.805779,0.889457,0.051949,-0.211795,0.017830,-0.125390,0.201618,0.425934,-0.772950,-0.070528,-0.063910
7.996443,-0.278993,0.756605,-0.087851,0.013549,0.937610,0.336135,-0.728958,0.084961,0.181089,0.917335,-0.282159,-0.030290,-0.103997,0.109547,-0.201719,0.461130,-0.418755,-0.088682,0.053817,0.068744,0.070087,0.255111,0.198098,-0.179550,0.804245,0.893800,0.017165,-0.286664,-0.022579,-0.133783,0.221867,0.389009,-0.775891,-0.127685,-0.064079
7.980378,-0.250036,0.751958,-0.093875,0.011517,0.922424,0.374419,-0.805387,0.039420,0.158256,0.845505,-0.253509,-0.031265,-0.038687,0.152733,-0.137165,0.397782,-0.400929,-0.102113,0.066707,0.074528,0.074543,0.287008,0.155485,-0.148872,0.781552,0.885161,-0.001247,-0.297049,-0.064966,-0.134872,0.233447,0.349274,-0.785365,-0.164943,-0.080301
7.963396,-0.219756,0.746064,-0.099126,0.011213,0.906535,0.410174,-0.866922,0.013046,0.140535,0.746422,-0.196798,-0.021965,0.029073,0.181342,-0.068051,0.343256,-0.384865,-0.115981,0.079110,0.077487,0.079719,0.309290,0.124379,-0.144420,0.750899,0.892612,-0.012948,-0.246919,-0.104915,-0.126994,0.239983,0.312924,-0.786295,-0.174755,-0.109380
7.945767,-0.188012,0.740649,-0.102132,0.013470,0.890162,0.443846,-0.909661,-0.019698,0.099662,0.635795,-0.162206,-0.026615,0.094433,0.193024,0.001546,0.305649,-0.362860,-0.134793,0.092452,0.074623,0.085867,0.323440,0.112239,-0.170777,0.725413,0.926067,-0.020077,-0.164194,-0.134857,-0.112559,0.238459,0.286091,-0.775588,-0.168121,-0.141547
7.926998,-0.153961,0.740946,-0.102387,0.016781,0.874833,0.473184,-0.923350,-0.040753,0.068124,0.544868,-0.144977,-0.045619,0.158353,0.190969,0.051234,0.299209,-0.320326,-0.149380,0.105581,0.065494,0.091874,0.325047,0.112218,-0.210589,0.718300,0.973329,-0.013956,-0.092272,-0.148896,-0.095295,0.231751,0.272383,-0.752730,-0.151021,-0.174017
7.908163,-0.118598,0.737937,-0.098952,0.020114,0.861750,0.497183,-0.918454,-0.047176,0.068805,0.523414,-0.111690,-0.011379,0.208330,0.178097,0.085798,0.320239,-0.255050,-0.139405,0.117645,0.050244,0.097663,0.313941,0.113661,-0.242378,0.737400,1.013729,0.002990,-0.059362,-0.144581,-0.081816,0.222004,0.274317,-0.722514,-0.125420,-0.206402
7.889386,-0.082199,0.733007,-0.090845,0.024363,0.850944,0.516766,-0.908684,-0.064144,0.057335,0.590098,-0.043480,0.086328,0.233623,0.161624,0.122508,0.396761,-0.161580,-0.088921,0.128949,0.028149,0.104969,0.291079,0.110273,-0.252350,0.781031,1.036835,0.027029,-0.063953,-0.126005,-0.078788,0.213105,0.294970,-0.695050,-0.089514,-0.237544
7.870574,-0.045633,0.723982,-0.080623,0.028181,0.843378,0.530489,-0.890215,-0.069823,0.059781,0.687678,-0.024414,0.119420,0.217285,0.150188,0.162030,0.551340,-0.028400,0.105181,0.137546,0.004076,0.114143,0.255124,0.102908,-0.237071,0.838086,1.046095,0.060636,-0.085396,-0.101811,-0.088277,0.210234,0.339535,-0.678409,-0.040033,-0.262415
7.852119,-0.010569,0.720659,-0.070329,0.031720,0.836926,0.541852,-0.861885,-0.070252,0.077007,0.773021,-0.053957,0.143321,0.145603,0.152363,0.158276,0.782976,0.131932,0.241123,0.148097,-0.016708,0.124184,0.206387,0.093196,-0.201761,0.890487,1.049822,0.103781,-0.101776,-0.083242,-0.110653,0.219264,0.414341,-0.674277,0.023716,-0.268543
7.833552,0.023994,0.723096,-0.060069,0.035690,0.831305,0.551406,-0.815293,-0.073877,0.099840,0.824991,-0.112243,0.150579,0.016895,0.095771,0.094163,1.027031,0.224229,0.247411,0.158980,-0.034489,0.132598,0.151106,0.083838,-0.155020,0.915998,1.053978,0.147044,-0.096888,-0.076174,-0.142688,0.245073,0.522029,-0.681979,0.093901,-0.240926
7.814764,0.059345,0.728037,-0.049137,0.043890,0.830183,0.553584,-0.746818,-0.095772,0.122032,0.836607,-0.177186,0.146511,-0.131270,0.028777,0.091859,1.223693,0.161570,0.246479,0.158556,-0.053934,0.137608,0.098869,0.074636,-0.104833,0.898608,1.057407,0.174338,-0.057899,-0.078158,-0.182700,0.288473,0.653335,-0.707833,0.157485,-0.174102
7.795471,0.095426,0.734797,-0.039482,0.053191,0.831985,0.550829,-0.662491,-0.129673,0.135624,0.813409,-0.228080,0.149085,-0.283089,-0.038382,0.088436,1.343236,0.077217,0.221792,0.152815,-0.072363,0.139199,0.055837,0.065160,-0.055706,0.840606,1.047696,0.171562,0.018892,-0.077435,-0.225340,0.343623,0.788145,-0.755679,0.204080,-0.084540
7.775476,0.132340,0.742414,-0.032396,0.061419,0.837000,0.542779,-0.567729,-0.172511,0.130219,0.763874,-0.263213,0.152753,-0.420779,-0.108380,0.066620,1.373510,-0.004545,0.144781,0.144041,-0.086511,0.137716,0.022871,0.057293,-0.010747,0.771387,1.009430,0.125107,0.118549,-0.056395,-0.257891,0.395517,0.903423,-0.810873,0.234897,-0.006615
7.754967,0.170049,0.749630,-0.027327,0.068561,0.844429,0.530558,-0.470499,-0.217440,0.107053,0.705156,-0.279130,0.156373,-0.538559,-0.159599,0.045636,1.330870,-0.068865,0.108510,0.133126,-0.094574,0.134351,-0.010868,0.051154,0.019476,0.705060,0.948264,0.055742,0.192901,-0.015603,-0.289991,0.416765,0.980783,-0.844574,0.246889,0.051354
7.734044,0.208560,0.755458,-0.024206,0.074127,0.853030,0.516003,-0.372562,-0.256242,0.071471,0.645782,-0.285945,0.159725,-0.631091,-0.197724,0.026833,1.224370,-0.117124,0.097891,0.121142,-0.097015,0.129364,-0.039420,0.055716,0.016014,0.636997,0.878743,-0.004966,0.228359,0.038338,-0.307063,0.401715,1.017870,-0.845750,0.250386,0.081184
7.712791,0.247802,0.759099,-0.023504,0.077795,0.862317,0.499805,-0.274127,-0.283778,0.026668,0.586711,-0.285906,0.161473,-0.696289,-0.233265,0.003426,1.061108,-0.145781,0.099375,0.108234,-0.095871,0.122816,-0.069791,0.073993,-0.010051,0.570201,0.824260,-0.046202,0.237188,0.106888,-0.319720,0.356569,1.015653,-0.817475,0.232705,0.084348
7.691319,0.287547,0.760152,-0.024766,0.080663,0.872268,0.481694,-0.178480,-0.300516,-0.024708,0.531377,-0.275383,0.161855,-0.733203,-0.267187,-0.025739,0.852642,-0.159755,0.107388,0.093973,-0.093241,0.115148,-0.100421,0.100217,-0.048766,0.502580,0.790357,-0.071263,0.238026,0.183825,-0.328246,0.295733,0.986288,-0.775197,0.199418,0.066892
7.669460,0.327411,0.760675,-0.028234,0.081169,0.882955,0.461525,-0.083960,-0.303551,-0.082845,0.476621,-0.255533,0.163636,-0.742192,-0.283500,-0.038839,0.610061,-0.146779,0.096318,0.077551,-0.088689,0.106540,-0.127898,0.128733,-0.090370,0.437110,0.770437,-0.087009,0.240030,0.261610,-0.327459,0.231092,0.944551,-0.733594,0.166646,0.033624
7.646807,0.367895,0.765252,-0.032198,0.078655,0.893690,0.440561,0.009186,-0.292908,-0.134572,0.437729,-0.222116,0.169431,-0.724494,-0.279331,-0.014224,0.370521,-0.147003,0.093021,0.058463,-0.080144,0.097403,-0.146118,0.154008,-0.127858,0.379948,0.754801,-0.097263,0.245890,0.332845,-0.316028,0.169609,0.903169,-0.702354,0.149406,-0.008657
7.623839,0.408362,0.763709,-0.033530,0.073240,0.903811,0.420282,0.090778,-0.267715,-0.166253,0.425702,-0.192179,0.181318,-0.705558,-0.272095,0.032119,0.232627,-0.142051,0.181550,0.036957,-0.066971,0.089093,-0.149333,0.173913,-0.157535,0.336355,0.738247,-0.100710,0.255260,0.393173,-0.296807,0.115507,0.870611,-0.684888,0.152324,-0.047556
7.600340,0.448097,0.758847,-0.035313,0.061978,0.911603,0.404837,0.155192,-0.229108,-0.181300,0.449083,-0.150473,0.200018,-0.698213,-0.258242,0.057426,0.250701,-0.118576,0.220606,0.016221,-0.048911,0.081719,-0.135025,0.195190,-0.175842,0.306429,0.719560,-0.092647,0.263339,0.432260,-0.267953,0.074612,0.853030,-0.679092,0.168427,-0.073772
7.576401,0.486628,0.750591,-0.036463,0.047385,0.917128,0.394083,0.182894,-0.188144,-0.182182,0.541355,-0.078239,0.176790,-0.710195,-0.226698,0.072425,0.396035,-0.002724,0.246449,-0.000837,-0.024454,0.077634,-0.104096,0.213714,-0.185320,0.291060,0.701404,-0.072334,0.266149,0.447835,-0.238051,0.046055,0.856781,-0.680955,0.189931,-0.091545
7.552759,0.522367,0.736741,-0.039054,0.031116,0.920674,0.387126,0.159649,-0.144621,-0.152880,0.712774,0.038622,0.082984,-0.719362,-0.206579,0.048918,0.556071,0.036878,0.247376,-0.010770,0.004607,0.078707,-0.062242,0.223724,-0.188753,0.292758,0.691420,-0.041584,0.263472,0.434868,-0.210945,0.033959,0.886855,-0.695031,0.215996,-0.105175
7.528625,0.553438,0.732095,-0.041990,0.017055,0.924071,0.379524,0.076045,-0.068279,-0.065101,0.928634,0.159454,-0.084426,-0.712222,-0.205258,0.018735,0.675699,-0.030188,0.241871,-0.015105,0.035253,0.083480,-0.016432,0.215644,-0.192292,0.318160,0.699375,-0.002315,0.257134,0.392645,-0.191788,0.046623,0.938678,-0.732983,0.254943,-0.105741
7.504125,0.583063,0.732457,-0.045718,0.005014,0.927231,0.371656,-0.047082,-0.002242,0.014126,1.135201,0.158394,-0.095386,-0.671470,-0.202054,-0.018302,0.734534,-0.108483,0.214319,-0.009254,0.064514,0.088887,0.023494,0.194193,-0.205337,0.372541,0.734853,0.045602,0.242650,0.326937,-0.177636,0.090529,0.993387,-0.797890,0.302052,-0.078955
7.478839,0.610901,0.736691,-0.050951,-0.006315,0.931770,0.359399,-0.195550,0.009741,0.063013,1.281451,0.090950,-0.087833,-0.605669,-0.202716,-0.063282,0.744534,-0.167057,0.204681,0.001283,0.089462,0.092638,0.049421,0.173403,-0.235565,0.456818,0.794308,0.097990,0.211818,0.250215,-0.163071,0.149799,1.021881,-0.870393,0.327353,-0.038761
7.452354,0.638410,0.744105,-0.054798,-0.013537,0.938148,0.341602,-0.339189,0.003616,0.111844,1.337522,0.042957,-0.069167,-0.513687,-0.211968,-0.116130,0.712054,-0.207563,0.206557,0.011027,0.107406,0.092046,0.062481,0.155977,-0.282726,0.568599,0.856232,0.141262,0.160921,0.179344,-0.152362,0.186026,1.002276,-0.914688,0.310046,-0.029120
7.424693,0.666043,0.751983,-0.058276,-0.020605,0.945385,0.320041,-0.465078,0.019060,0.165283,1.314852,-0.012112,-0.058793,-0.406178,-0.217622,-0.179875,0.656917,-0.231465,0.209332,0.020590,0.119122,0.088069,0.068625,0.147568,-0.333896,0.694775,0.901309,0.164131,0.087598,0.123767,-0.142161,0.177103,0.941320,-0.905359,0.257365,-0.068257
7.395933,0.694092,0.758235,-0.061611,-0.028261,0.951966,0.298605,-0.570211,0.030862,0.201380,1.233293,-0.051679,-0.038708,-0.291957,-0.210954,-0.247674,0.589363,-0.242599,0.213503,0.031467,0.126583,0.081744,0.083306,0.149824,-0.374397,0.809216,0.927466,0.165185,-0.006911,0.076307,-0.135834,0.133673,0.868310,-0.849972,0.184486,-0.128590
7.366180,0.722197,0.761049,-0.065526,-0.036797,0.957132,0.279732,-0.660692,0.042952,0.218526,1.111701,-0.088851,-0.029421,-0.181863,-0.188699,-0.306758,0.520500,-0.247683,0.219410,0.043039,0.131104,0.074461,0.093359,0.163997,-0.400837,0.918321,0.938376,0.145257,-0.105997,0.036439,-0.128849,0.088372,0.798991,-0.778468,0.115115,-0.194312
7.335434,0.749850,0.760045,-0.070334,-0.045041,0.960460,0.265594,-0.735881,0.061456,0.222992,0.958551,-0.109242,-0.011469,-0.079933,-0.155649,-0.350227,0.451320,-0.248971,0.228052,0.055708,0.133480,0.066901,0.111244,0.190334,-0.411170,0.990629,0.947455,0.115149,-0.193587,-0.015712,-0.126149,0.054775,0.729895,-0.709033,0.075491,-0.250446
7.303741,0.776796,0.756370,-0.075942,-0.050221,0.962201,0.256670,-0.797176,0.065766,0.204216,0.777805,-0.103708,0.016589,0.015126,-0.120516,-0.378650,0.376242,-0.243584,0.237444,0.069664,0.132323,0.059691,0.138587,0.217281,-0.398336,1.023554,0.950634,0.091345,-0.239933,-0.075417,-0.126084,0.031657,0.656718,-0.645621,0.062478,-0.305358
7.270566,0.802901,0.751091,-0.081774,-0.055201,0.962733,0.251814,-0.841232,0.067152,0.172815,0.595094,-0.104111,0.037527,0.100917,-0.083118,-0.388803,0.310576,-0.229293,0.245906,0.083585,0.126906,0.053256,0.172262,0.231532,-0.347895,1.035802,0.934302,0.099567,-0.223855,-0.126153,-0.124629,0.021816,0.572140,-0.582300,0.057100,-0.357651
7.234719,0.828247,0.749911,-0.086108,-0.057970,0.962903,0.249085,-0.867656,0.075213,0.166175,0.467398,-0.097134,0.058577,0.181536,-0.054387,-0.382012,0.267107,-0.199473,0.247287,0.096818,0.117962,0.048158,0.209756,0.227599,-0.255102,1.048746,0.888117,0.143743,-0.146049,-0.155683,-0.121289,0.018121,0.480654,-0.527634,0.039944,-0.390262
7.196574,0.852335,0.745009,-0.085980,-0.059808,0.962641,0.249705,-0.870765,0.080896,0.168562,0.426742,-0.111878,0.058884,0.244889,-0.042000,-0.357360,0.265714,-0.149519,0.247598,0.110745,0.105200,0.043827,0.244018,0.202310,-0.135427,1.069134,0.825889,0.224371,-0.027168,-0.155001,-0.116952,0.021415,0.393716,-0.494568,0.012804,-0.390125
7.156316,0.875002,0.739387,-0.081232,-0.058689,0.962525,0.251996,-0.849815,0.093103,0.204782,0.474918,-0.117710,0.091756,0.282055,-0.056291,-0.317022,0.325662,-0.052947,0.247076,0.123330,0.088526,0.039105,0.272312,0.158593,-0.020245,1.082531,0.774108,0.323097,0.100465,-0.128203,-0.119206,0.032771,0.323723,-0.500881,-0.004394,-0.362154
7.115582,0.896082,0.732893,-0.073001,-0.050457,0.963414,0.252900,-0.825227,0.083697,0.230664,0.556871,-0.026916,0.170469,0.277475,-0.096495,-0.257999,0.456311,0.082302,0.234224,0.131335,0.063726,0.036977,0.292947,0.101470,0.067132,1.078062,0.740043,0.394783,0.187153,-0.087807,-0.136127,0.051653,0.275124,-0.557659,0.000638,-0.322229
7.075631,0.915520,0.725792,-0.064199,-0.037551,0.965863,0.248147,-0.796081,0.053278,0.234442,0.641777,0.004655,0.197511,0.220635,-0.149518,-0.203958,0.670978,0.230723,0.206562,0.131809,0.032080,0.041104,0.297512,0.046690,0.116668,1.062274,0.718234,0.401206,0.194774,-0.045482,-0.162817,0.075459,0.249597,-0.653501,0.022909,-0.284630
7.037646,0.933084,0.726452,-0.057197,-0.021391,0.970328,0.233954,-0.764049,0.013617,0.255804,0.711996,-0.043307,0.215865,0.102226,-0.201969,-0.150637,0.918702,0.312531,0.154584,0.122011,-0.002179,0.051413,0.274506,0.012519,0.118832,1.050866,0.723692,0.365602,0.143589,-0.007315,-0.185646,0.102230,0.254029,-0.750773,0.053385,-0.253141
7.000330,0.949351,0.729216,-0.052153,-0.002917,0.974974,0.216095,-0.717537,-0.043036,0.264862,0.745561,-0.106990,0.210960,-0.059333,-0.182590,-0.043802,1.140969,0.251801,0.153012,0.108998,-0.033153,0.064076,0.223364,0.001553,0.075504,1.041855,0.778272,0.337070,0.111109,0.021695,-0.197385,0.133799,0.300156,-0.810508,0.086413,-0.215434
6.963118,0.964429,0.734688,-0.049517,0.012287,0.978507,0.199805,-0.652636,-0.099414,0.262031,0.737158,-0.159709,0.204990,-0.227492,-0.151910,0.039306,1.286893,0.155629,0.168700,0.101650,-0.055332,0.073214,0.155635,0.001662,0.016880,1.016179,0.866416,0.335684,0.146825,0.040291,-0.200972,0.169268,0.393064,-0.823619,0.115104,-0.156037
6.925451,0.979032,0.742171,-0.048704,0.022633,0.981586,0.183317,-0.573923,-0.152265,0.240969,0.699360,-0.197885,0.201688,-0.385129,-0.141671,0.082488,1.343004,0.082141,0.146703,0.098095,-0.068745,0.078329,0.087749,-0.007300,-0.013019,0.962229,0.931374,0.338292,0.220820,0.052444,-0.208046,0.206203,0.520299,-0.819158,0.135755,-0.070408
6.886812,0.993594,0.750486,-0.050049,0.026528,0.984863,0.163820,-0.486262,-0.196273,0.199008,0.645705,-0.225708,0.201239,-0.515260,-0.153731,0.081854,1.306814,0.002531,0.116118,0.094554,-0.074002,0.080451,0.027553,-0.029776,-0.007394,0.886596,0.933361,0.300676,0.265062,0.065410,-0.221190,0.244817,0.657779,-0.830220,0.150223,0.028792
6.847134,1.008246,0.757979,-0.053271,0.026171,0.988323,0.140338,-0.395911,-0.228764,0.143233,0.589254,-0.247472,0.203316,-0.616145,-0.172272,0.049610,1.198603,-0.055864,0.089754,0.087924,-0.072504,0.081035,-0.028877,-0.048899,0.000633,0.813855,0.890786,0.218305,0.245867,0.086655,-0.229588,0.283652,0.778239,-0.864114,0.165382,0.117896
6.806387,1.022771,0.763418,-0.057988,0.023386,0.991475,0.114316,-0.304712,-0.246720,0.085600,0.532701,-0.263702,0.205111,-0.684118,-0.180899,0.002815,1.030572,-0.088359,0.050713,0.077567,-0.066880,0.080140,-0.086755,-0.052272,-0.023141,0.740615,0.851968,0.137097,0.186146,0.112806,-0.232815,0.307514,0.864457,-0.901942,0.176042,0.186207
6.764570,1.037156,0.766011,-0.062760,0.020315,0.993891,0.088478,-0.212761,-0.254737,0.022978,0.478321,-0.278304,0.204119,-0.724118,-0.167462,-0.026934,0.824308,-0.102505,0.068045,0.064187,-0.060413,0.078562,-0.146269,-0.036059,-0.078021,0.662964,0.846234,0.070716,0.139122,0.147115,-0.227145,0.309010,0.909608,-0.927777,0.181112,0.217322
6.721785,1.050956,0.766604,-0.066917,0.015597,0.995493,0.065358,-0.116831,-0.251071,-0.045592,0.419440,-0.284260,0.200389,-0.738077,-0.145113,-0.043776,0.589299,-0.107262,0.091671,0.048958,-0.055609,0.077056,-0.204005,-0.004226,-0.143627,0.580145,0.871212,0.016486,0.132538,0.188738,-0.210264,0.285846,0.918727,-0.932190,0.179326,0.205616
6.677983,1.064129,0.764734,-0.068242,0.012319,0.996618,0.044092,-0.022668,-0.240296,-0.105886,0.374013,-0.285184,0.195859,-0.733901,-0.115969,-0.032966,0.361679,-0.100260,0.145089,0.031696,-0.052259,0.077406,-0.255054,0.028416,-0.202321,0.502487,0.902914,-0.028193,0.159711,0.236680,-0.188338,0.241467,0.904696,-0.915437,0.172782,0.158272
6.633314,1.076357,0.761140,-0.066252,0.010741,0.997395,0.026439,0.063244,-0.224365,-0.144143,0.354612,-0.277412,0.188438,-0.727386,-0.107349,-0.052106,0.218288,-0.102115,0.203648,0.014870,-0.050002,0.080035,-0.292428,0.053433,-0.244296,0.442692,0.916137,-0.063356,0.198160,0.284305,-0.164180,0.189786,0.882632,-0.889150,0.164388,0.091484
6.586680,1.087679,0.761061,-0.061329,0.010695,0.997990,0.011869,0.141160,-0.209345,-0.163693,0.375075,-0.250633,0.180944,-0.727717,-0.108674,-0.091233,0.211878,-0.115358,0.224839,-0.002971,-0.045766,0.082564,-0.307600,0.068713,-0.268072,0.408731,0.897339,-0.086166,0.230118,0.326626,-0.141800,0.143964,0.864200,-0.868884,0.161227,0.022265
6.540017,1.097818,0.756539,-0.055259,0.006890,0.998448,-0.000941,0.199654,-0.186707,-0.177621,0.424249,-0.195384,0.162816,-0.736481,-0.096335,-0.087646,0.330094,-0.125083,0.187879,-0.024117,-0.034546,0.082674,-0.296754,0.082744,-0.279700,0.398524,0.853058,-0.090043,0.246332,0.359200,-0.117821,0.108828,0.855484,-0.859549,0.168043,-0.033389
6.493817,1.106797,0.749346,-0.049411,-0.001287,0.998721,-0.010648,0.225919,-0.162946,-0.196672,0.518215,-0.080226,0.101088,-0.741477,-0.076424,-0.090328,0.470374,-0.045081,0.106919,-0.043241,-0.017227,0.081555,-0.264959,0.103490,-0.290441,0.404271,0.805731,-0.072066,0.244581,0.378044,-0.088665,0.081220,0.858117,-0.853677,0.180565,-0.063353
6.449457,1.114968,0.735668,-0.045218,-0.012531,0.998712,-0.019315,0.206440,-0.144755,-0.225461,0.679532,0.068260,-0.093805,-0.732024,-0.070771,-0.122150,0.598599,0.009043,0.085091,-0.057565,0.004234,0.083530,-0.225632,0.131212,-0.307714,0.422669,0.778058,-0.035915,0.227658,0.379040,-0.058315,0.059140,0.871607,-0.846861,0.189889,-0.062340
6.407694,1.121790,0.733243,-0.042661,-0.023940,0.998357,-0.029839,0.121195,-0.134438,-0.235734,0.897369,0.217096,-0.239061,-0.712464,-0.062965,-0.155974,0.692841,-0.055017,0.039238,-0.069567,0.027368,0.089312,-0.186832,0.153809,-0.329795,0.461766,0.774133,0.013044,0.204153,0.357020,-0.036677,0.045772,0.891735,-0.848002,0.194406,-0.034601
6.365834,1.127814,0.736151,-0.041342,-0.033485,0.997709,-0.041783,-0.011237,-0.104956,-0.196042,1.111969,0.264558,-0.245650,-0.662888,-0.055028,-0.192563,0.735789,-0.132018,0.006548,-0.079606,0.048541,0.095844,-0.153798,0.161748,-0.351525,0.534102,0.781585,0.072615,0.181007,0.314187,-0.029423,0.043804,0.909498,-0.867608,0.197201,0.002105
6.323522,1.132823,0.743124,-0.039961,-0.042730,0.997107,-0.048517,-0.161574,-0.079034,-0.187838,1.262964,0.186530,-0.208791,-0.582926,-0.035231,-0.225157,0.721666,-0.192384,-0.000637,-0.080398,0.068556,0.100013,-0.127725,0.156300,-0.372433,0.643416,0.789151,0.140306,0.153979,0.258986,-0.033288,0.048512,0.914284,-0.902615,0.199371,0.021041
6.280662,1.136922,0.751923,-0.038453,-0.050734,0.996611,-0.052090,-0.311012,-0.044104,-0.159845,1.339851,0.110666,-0.147642,-0.485294,-0.007347,-0.250201,0.669469,-0.230668,-0.005193,-0.076366,0.085480,0.101135,-0.106856,0.149109,-0.400504,0.777367,0.800372,0.203264,0.107534,0.200663,-0.040896,0.051121,0.901295,-0.937803,0.199428,0.004906
6.236971,1.140268,0.760247,-0.037842,-0.056731,0.996371,-0.050929,-0.441943,-0.011881,-0.124521,1.335729,0.054902,-0.088419,-0.381974,0.025596,-0.263115,0.598371,-0.254505,-0.008254,-0.066885,0.098194,0.099445,-0.085001,0.150651,-0.446354,0.912557,0.826049,0.237013,0.029915,0.144145,-0.047825,0.047495,0.873101,-0.957949,0.192632,-0.040072
6.192583,1.143061,0.766195,-0.039061,-0.060895,0.996353,-0.045244,-0.555266,0.006861,-0.089867,1.266407,-0.002087,-0.065343,-0.284236,0.058852,-0.262673,0.528088,-0.271124,-0.010605,-0.053086,0.106371,0.096052,-0.053313,0.165863,-0.506871,1.021419,0.867592,0.224609,-0.067174,0.092889,-0.055363,0.038850,0.841860,-0.956040,0.163472,-0.095434
6.147726,1.145459,0.768383,-0.042212,-0.064514,0.996409,-0.034990,-0.648371,0.020477,-0.058356,1.146666,-0.058252,-0.021176,-0.198846,0.089927,-0.250466,0.473935,-0.287568,-0.011795,-0.035801,0.111206,0.091570,-0.007409,0.190525,-0.554735,1.091327,0.905445,0.177875,-0.144660,0.031255,-0.062852,0.032424,0.806566,-0.936734,0.121015,-0.127270
6.102484,1.147626,0.766784,-0.046695,-0.066177,0.996492,-0.021048,-0.721276,0.034872,-0.035810,0.980307,-0.086095,-0.025728,-0.119883,0.114656,-0.226245,0.429316,-0.305199,-0.009854,-0.016457,0.113620,0.086676,0.043732,0.213941,-0.555969,1.114911,0.912448,0.139798,-0.185132,-0.027172,-0.074657,0.043771,0.752205,-0.905552,0.076189,-0.134657
6.056908,1.149507,0.762078,-0.051614,-0.067470,0.996372,-0.005192,-0.767312,0.048843,-0.030106,0.772022,-0.102306,-0.022825,-0.040875,0.134598,-0.193022,0.385859,-0.323639,-0.006860,0.004225,0.114120,0.081988,0.109405,0.234326,-0.501617,1.099094,0.879477,0.133330,-0.170581,-0.086188,-0.093573,0.068030,0.689693,-0.873317,0.033439,-0.132013
6.011192,1.151334,0.756619,-0.056525,-0.065197,0.996209,0.011001,-0.788523,0.047184,-0.060666,0.535587,-0.109877,0.000824,0.042797,0.143216,-0.153879,0.332327,-0.325475,-0.006340,0.026516,0.111111,0.078240,0.179581,0.240326,-0.416112,1.061840,0.825412,0.154543,-0.106199,-0.139754,-0.119483,0.096757,0.623099,-0.847213,0.000151,-0.136735
5.964953,1.152713,0.750850,-0.059627,-0.063368,0.995868,0.025988,-0.791973,0.054212,-0.084943,0.338268,-0.097233,0.011530,0.124371,0.144382,-0.116522,0.291223,-0.313144,-0.006074,0.048766,0.105490,0.075939,0.243558,0.238781,-0.337142,1.026357,0.783573,0.187610,-0.021085,-0.180799,-0.143147,0.120062,0.561696,-0.826464,-0.018375,-0.157525
5.916883,1.153566,0.749996,-0.059897,-0.060955,0.995559,0.039478,-0.796799,0.068793,-0.074536,0.264799,-0.076520,-0.006902,0.201927,0.135717,-0.086079,0.284748,-0.286401,-0.001848,0.070385,0.097583,0.075089,0.291780,0.233333,-0.287863,1.012844,0.773477,0.226099,0.043858,-0.203531,-0.159217,0.131277,0.514187,-0.805052,-0.018459,-0.190848
5.868013,1.154248,0.746595,-0.057381,-0.056274,0.995496,0.050285,-0.806548,0.078133,-0.035168,0.351324,-0.050172,0.024395,0.254399,0.115438,-0.056201,0.325577,-0.219237,0.014401,0.090148,0.084996,0.074499,0.318253,0.223072,-0.265779,1.029656,0.787936,0.264546,0.063594,-0.203040,-0.167034,0.130978,0.482987,-0.777133,-0.002115,-0.225618
5.818746,1.155252,0.742490,-0.053912,-0.045079,0.995895,0.057050,-0.810570,0.072930,0.002112,0.482456,0.027189,0.025331,0.271042,0.083854,-0.026402,0.426475,-0.099550,0.019783,0.106015,0.063645,0.074485,0.319991,0.204988,-0.257738,1.069674,0.808341,0.289537,0.037509,-0.179323,-0.173932,0.124807,0.464235,-0.746308,0.023501,-0.249832
5.770406,1.156196,0.736539,-0.050136,-0.029914,0.996579,0.058500,-0.797718,0.056744,0.034270,0.599241,0.058309,0.020854,0.234229,0.041597,-0.016246,0.615644,0.076770,0.069171,0.115685,0.034771,0.077814,0.296640,0.185228,-0.255819,1.114587,0.826967,0.289816,-0.020020,-0.137006,-0.181281,0.120236,0.456052,-0.723180,0.050540,-0.257011
5.723619,1.157422,0.734540,-0.046903,-0.011653,0.997330,0.054754,-0.764479,0.026910,0.068003,0.683729,0.017521,0.039229,0.133663,-0.015627,-0.023457,0.860195,0.272586,0.129599,0.116375,0.001833,0.084953,0.251247,0.168857,-0.260858,1.144036,0.848364,0.261893,-0.086770,-0.088131,-0.189803,0.124893,0.463339,-0.716694,0.076207,-0.243904
5.677984,1.158863,0.738124,-0.044944,0.009018,0.997748,0.048957,-0.708296,-0.015002,0.097035,0.717933,-0.056867,0.046916,-0.005864,-0.052658,-0.001896,1.090038,0.316195,0.170169,0.108551,-0.031472,0.093229,0.191595,0.155430,-0.267158,1.141162,0.874116,0.217267,-0.127897,-0.046872,-0.200173,0.145739,0.492895,-0.727526,0.102065,-0.211073
5.632771,1.160364,0.744268,-0.044055,0.028318,0.997561,0.046142,-0.632926,-0.057021,0.118318,0.711595,-0.123630,0.052268,-0.171844,-0.041620,0.045448,1.265590,0.230056,0.166224,0.099847,-0.059862,0.100008,0.128591,0.142123,-0.261181,1.099772,0.898697,0.178242,-0.111401,-0.018528,-0.213659,0.185473,0.547077,-0.752583,0.127915,-0.164085
5.586949,1.161903,0.752148,-0.044042,0.041777,0.997117,0.045536,-0.539899,-0.092214,0.128510,0.670094,-0.174866,0.055114,-0.329451,-0.044238,0.067584,1.350716,0.157897,0.173470,0.094336,-0.080518,0.102207,0.071610,0.125532,-0.235719,1.027864,0.914468,0.157091,-0.036075,0.003292,-0.228847,0.244396,0.622618,-0.794839,0.149724,-0.107619
5.540216,1.163818,0.759208,-0.044338,0.052404,0.996697,0.043383,-0.441530,-0.124961,0.130423,0.617208,-0.215685,0.059566,-0.473767,-0.067462,0.067310,1.357795,0.065153,0.146701,0.088469,-0.094130,0.101759,0.023290,0.098654,-0.198146,0.942405,0.911329,0.141992,0.065210,0.023616,-0.249839,0.322681,0.709839,-0.861883,0.163177,-0.033097
5.492246,1.165931,0.764520,-0.045306,0.058490,0.996564,0.037243,-0.340512,-0.151786,0.122450,0.559400,-0.247566,0.064817,-0.592703,-0.100805,0.045364,1.291924,-0.021886,0.122011,0.079885,-0.101308,0.098856,-0.021203,0.069647,-0.164133,0.866238,0.886454,0.108163,0.152567,0.047309,-0.264543,0.414545,0.794007,-0.943935,0.164259,0.070737
5.443411,1.168387,0.766792,-0.047512,0.063131,0.996517,0.026674,-0.244850,-0.174286,0.107537,0.508096,-0.272125,0.068353,-0.686130,-0.132563,0.014261,1.171113,-0.086027,0.082085,0.067750,-0.103648,0.094703,-0.071350,0.045841,-0.155232,0.795506,0.848252,0.062338,0.194632,0.074179,-0.278440,0.487282,0.859293,-1.008789,0.138890,0.204285
5.393883,1.171133,0.766130,-0.051209,0.065802,0.996439,0.012522,-0.151642,-0.190714,0.080877,0.456875,-0.287356,0.067347,-0.752284,-0.165635,-0.027014,0.994719,-0.117378,0.065470,0.053343,-0.103376,0.089762,-0.131106,0.035710,-0.177287,0.730109,0.813738,0.016238,0.200405,0.108596,-0.282788,0.517562,0.893276,-1.033903,0.102296,0.330071
5.343818,1.174263,0.763215,-0.055682,0.067575,0.996152,-0.003872,-0.060236,-0.200147,0.044417,0.407011,-0.288698,0.061862,-0.786417,-0.187309,-0.065159,0.768556,-0.142592,0.038576,0.036836,-0.101833,0.084560,-0.197693,0.039098,-0.221524,0.668078,0.794000,-0.021940,0.192304,0.151924,-0.278698,0.504717,0.895194,-1.025372,0.076246,0.399279
5.293509,1.177607,0.759943,-0.060371,0.065524,0.995812,-0.020494,0.030558,-0.194943,0.003318,0.356740,-0.275820,0.057074,-0.791438,-0.185236,-0.073056,0.509569,-0.151784,0.061572,0.018308,-0.097194,0.079138,-0.261611,0.053327,-0.272058,0.608327,0.791269,-0.048222,0.186425,0.201729,-0.264645,0.460636,0.874594,-1.002150,0.069512,0.384314
5.242139,1.181274,0.760840,-0.063862,0.060358,0.995473,-0.036214,0.116528,-0.176222,-0.032787,0.330273,-0.249500,0.043594,-0.783386,-0.169114,-0.047208,0.294458,-0.145894,0.103889,-0.002074,-0.087572,0.073899,-0.309411,0.071157,-0.316059,0.552613,0.799199,-0.063232,0.188951,0.257561,-0.239761,0.388670,0.846800,-0.973303,0.086391,0.301517
5.190216,1.185177,0.757169,-0.064200,0.056365,0.995168,-0.048403,0.179795,-0.152894,-0.056843,0.349817,-0.193154,0.035493,-0.776365,-0.166215,-0.055005,0.234481,-0.135832,0.149826,-0.021860,-0.075341,0.068391,-0.328434,0.087471,-0.346934,0.504221,0.804675,-0.070809,0.198227,0.318271,-0.201908,0.287966,0.824533,-0.932440,0.124225,0.199723
5.138323,1.188724,0.751282,-0.061309,0.046508,0.995568,-0.054054,0.221950,-0.122298,-0.081355,0.413628,-0.103770,0.031062,-0.788355,-0.157223,-0.082979,0.353424,-0.064071,0.118586,-0.040254,-0.058126,0.063353,-0.314641,0.111066,-0.362158,0.463975,0.796451,-0.073011,0.203492,0.367979,-0.146988,0.176646,0.816779,-0.875369,0.164656,0.126008
5.086888,1.191892,0.742687,-0.055581,0.031772,0.996525,-0.053286,0.226122,-0.087430,-0.098070,0.545057,0.045598,-0.026832,-0.803251,-0.135275,-0.109359,0.513992,0.060436,0.048376,-0.055830,-0.035227,0.060899,-0.273134,0.140298,-0.363696,0.434804,0.772124,-0.069284,0.197530,0.390228,-0.094913,0.087575,0.831213,-0.821788,0.192631,0.103727
5.036927,1.194866,0.730367,-0.048782,0.014987,0.997517,-0.048544,0.182156,-0.059352,-0.110185,0.751736,0.227155,-0.104073,-0.794391,-0.105545,-0.132853,0.666142,0.034746,0.008014,-0.065203,-0.009131,0.062764,-0.216447,0.163354,-0.355037,0.426619,0.740672,-0.052678,0.184397,0.376920,-0.067471,0.049862,0.868071,-0.807529,0.207819,0.132435
4.989227,1.197314,0.728265,-0.043111,-0.002415,0.997967,-0.046868,0.075223,-0.023505,-0.104787,0.988389,0.324523,-0.167752,-0.760231,-0.073938,-0.161291,0.767091,-0.072949,-0.018555,-0.068927,0.017013,0.067762,-0.162350,0.170317,-0.342419,0.453656,0.713550,-0.013291,0.173596,0.334520,-0.066214,0.066847,0.911718,-0.849272,0.212686,0.185528
4.941473,1.199468,0.732577,-0.038477,-0.017037,0.997991,-0.047372,-0.066217,-0.001351,-0.105521,1.188199,0.239886,-0.100850,-0.686231,-0.043923,-0.191181,0.795838,-0.164917,-0.029231,-0.066261,0.041615,0.071730,-0.118285,0.158522,-0.333228,0.522659,0.697366,0.054420,0.171754,0.275838,-0.081500,0.112742,0.938790,-0.928814,0.208064,0.220239
4.893823,1.200989,0.740680,-0.035035,-0.030362,0.997692,-0.049604,-0.220973,0.026172,-0.099842,1.313258,0.144910,-0.064795,-0.589344,-0.011762,-0.217157,0.772666,-0.227543,-0.033232,-0.059380,0.063313,0.073905,-0.086637,0.144041,-0.339902,0.624716,0.699487,0.142109,0.168220,0.214687,-0.096343,0.151830,0.938408,-1.007733,0.201713,0.204701
4.845489,1.201948,0.750049,-0.032103,-0.041119,0.997345,-0.050815,-0.363201,0.037815,-0.094829,1.348834,0.060495,-0.027219,-0.477523,0.023564,-0.233850,0.715141,-0.270473,-0.036758,-0.048824,0.081260,0.073895,-0.060277,0.138939,-0.377400,0.742746,0.722402,0.218723,0.139426,0.160680,-0.104459,0.161920,0.913917,-1.055822,0.199793,0.136316
4.796191,1.202424,0.758373,-0.029980,-0.048858,0.997064,-0.050770,-0.485590,0.031067,-0.092131,1.306632,-0.014670,-0.024584,-0.359682,0.057730,-0.241545,0.641226,-0.299949,-0.038919,-0.036187,0.093900,0.072437,-0.032705,0.149785,-0.450013,0.858396,0.766728,0.249858,0.068682,0.116965,-0.104660,0.139477,0.873261,-1.057300,0.194102,0.042025
4.746103,1.202591,0.763818,-0.029525,-0.053515,0.996926,-0.049010,-0.585184,0.019842,-0.087110,1.200707,-0.075807,-0.016496,-0.242898,0.087690,-0.241405,0.562537,-0.321863,-0.038873,-0.022653,0.101256,0.069649,0.003427,0.175570,-0.538332,0.951419,0.825648,0.231445,-0.028962,0.083207,-0.102493,0.095351,0.828760,-1.014487,0.164575,-0.043252
4.695617,1.202435,0.765002,-0.030721,-0.056767,0.996934,-0.044239,-0.665808,0.016557,-0.078294,1.045952,-0.099427,0.003221,-0.131909,0.113456,-0.234948,0.488639,-0.337468,-0.036856,-0.008094,0.105014,0.066128,0.048674,0.206460,-0.600632,1.015365,0.873482,0.196326,-0.112244,0.040563,-0.101225,0.053839,0.779812,-0.951663,0.119241,-0.080308
4.645252,1.201978,0.762546,-0.033794,-0.058138,0.997108,-0.035411,-0.718239,0.016821,-0.076545,0.838546,-0.111538,0.001518,-0.028532,0.133184,-0.216813,0.420294,-0.340343,-0.033097,0.008408,0.106487,0.062110,0.100765,0.232946,-0.602478,1.041593,0.882751,0.185255,-0.158195,-0.004958,-0.110690,0.038887,0.717067,-0.895984,0.071371,-0.075694
4.595516,1.201324,0.758642,-0.038185,-0.055734,0.997467,-0.022247,-0.751671,0.010547,-0.096722,0.602972,-0.103329,-0.017080,0.069018,0.140956,-0.187912,0.354429,-0.335260,-0.028131,0.027920,0.104824,0.058921,0.157485,0.239415,-0.548008,1.040959,0.852229,0.208945,-0.150821,-0.048889,-0.136578,0.054191,0.639369,-0.860357,0.032809,-0.058987
4.545583,1.200267,0.757655,-0.042865,-0.051119,0.997752,-0.006388,-0.760136,0.008306,-0.122566,0.377124,-0.109755,0.003735,0.158679,0.138121,-0.152916,0.310270,-0.322561,-0.025048,0.050182,0.099670,0.056286,0.216620,0.238341,-0.467413,1.029839,0.804347,0.238437,-0.100975,-0.088673,-0.166926,0.075862,0.561482,-0.844252,0.007987,-0.057749
4.495244,1.198755,0.752745,-0.045221,-0.047212,0.997819,0.009163,-0.766227,0.018288,-0.117331,0.266886,-0.093553,-0.012921,0.230314,0.125711,-0.117852,0.302421,-0.287599,-0.020407,0.072968,0.091759,0.054888,0.267797,0.236180,-0.393126,1.029617,0.768241,0.264912,-0.043129,-0.112546,-0.186939,0.087860,0.494117,-0.832892,0.001441,-0.081185
4.443991,1.197069,0.745920,-0.044611,-0.040249,0.997974,0.020938,-0.777913,0.022824,-0.073737,0.325882,-0.070187,-0.025398,0.289141,0.101270,-0.084777,0.332380,-0.234443,-0.009357,0.095327,0.078900,0.054815,0.301373,0.230812,-0.340702,1.049663,0.756597,0.291913,-0.004335,-0.111226,-0.198550,0.084873,0.439942,-0.816054,0.012100,-0.117366
4.392141,1.195637,0.738395,-0.040885,-0.025672,0.998458,0.027389,-0.796327,-0.001130,-0.041266,0.482122,0.024726,0.018515,0.321884,0.060110,-0.058862,0.418133,-0.121914,0.010328,0.117025,0.056324,0.058973,0.310769,0.219114,-0.310755,1.083802,0.763944,0.309593,0.003679,-0.082300,-0.208367,0.070496,0.397289,-0.791391,0.032760,-0.147821
4.340904,1.194350,0.727541,-0.035433,-0.006752,0.998937,0.028710,-0.789364,-0.036273,-0.013228,0.623961,0.043231,0.030507,0.300354,0.013261,-0.034417,0.589029,0.051770,0.042425,0.133031,0.025712,0.068307,0.297811,0.205324,-0.296271,1.117420,0.779031,0.296402,-0.020412,-0.035527,-0.215099,0.056266,0.372359,-0.764024,0.059410,-0.158719
4.291886,1.193323,0.725112,-0.030231,0.013158,0.999061,0.028097,-0.752756,-0.063115,0.031752,0.714765,0.004550,0.037572,0.218570,-0.036665,-0.013999,0.824997,0.247747,0.115921,0.140277,-0.006672,0.080957,0.266942,0.190247,-0.290051,1.136338,0.795644,0.245060,-0.066051,0.009667,-0.220556,0.058887,0.377695,-0.749563,0.094946,-0.143073
4.244972,1.192735,0.728658,-0.026732,0.034340,0.998614,0.029610,-0.694627,-0.095865,0.071696,0.752379,-0.069155,0.050643,0.081977,-0.082512,0.015766,1.058505,0.309052,0.161869,0.139219,-0.037486,0.093781,0.223726,0.170283,-0.282860,1.130719,0.811217,0.175643,-0.104527,0.035799,-0.232652,0.092274,0.420825,-0.765980,0.138286,-0.102504
4.198701,1.192467,0.735725,-0.025021,0.052271,0.997793,0.032407,-0.612051,-0.128595,0.098514,0.737186,-0.134867,0.048931,-0.077262,-0.104472,0.049702,1.238404,0.207584,0.142514,0.132550,-0.063569,0.102249,0.173409,0.147341,-0.267643,1.097939,0.826578,0.117926,-0.103815,0.044228,-0.246515,0.153724,0.498222,-0.812279,0.178050,-0.051958
4.152163,1.192788,0.744465,-0.024923,0.066134,0.996896,0.034698,-0.513832,-0.161610,0.109025,0.686059,-0.183793,0.050697,-0.240835,-0.130982,0.063591,1.343054,0.130423,0.138679,0.123302,-0.083096,0.105928,0.120326,0.121006,-0.245718,1.044040,0.842865,0.084756,-0.054819,0.048710,-0.253060,0.220916,0.596050,-0.865836,0.206399,-0.007777
4.104584,1.193782,0.752681,-0.025663,0.076124,0.996184,0.034127,-0.406846,-0.193435,0.105315,0.617855,-0.221291,0.055798,-0.392609,-0.148215,0.065317,1.371103,0.055763,0.104601,0.112005,-0.095881,0.105667,0.067169,0.091517,-0.223900,0.979971,0.856707,0.068150,0.020752,0.063671,-0.246472,0.269274,0.697082,-0.901420,0.225596,0.028252
4.055930,1.195398,0.758675,-0.027449,0.082295,0.995775,0.030106,-0.299780,-0.218453,0.094295,0.549551,-0.251858,0.062561,-0.522613,-0.158057,0.053609,1.331620,-0.033083,0.086746,0.099437,-0.101942,0.102539,0.012554,0.064322,-0.209085,0.919980,0.864518,0.046091,0.091043,0.095365,-0.227696,0.293283,0.782396,-0.913052,0.240717,0.062111
4.006563,1.197514,0.761448,-0.030679,0.085538,0.995620,0.021962,-0.199355,-0.236365,0.075897,0.491038,-0.277241,0.067490,-0.633421,-0.168679,0.029524,1.239281,-0.096493,0.058236,0.085357,-0.103088,0.098056,-0.046036,0.045091,-0.211109,0.852026,0.867479,0.016647,0.129696,0.137121,-0.214067,0.292780,0.838322,-0.906906,0.238462,0.103404
3.956860,1.200080,0.760771,-0.035879,0.086736,0.995532,0.010281,-0.107711,-0.246683,0.049851,0.442756,-0.293762,0.068670,-0.721539,-0.191406,-0.011224,1.091889,-0.133184,0.033872,0.069640,-0.101951,0.092973,-0.110042,0.037615,-0.229105,0.773189,0.868589,-0.020426,0.143084,0.185107,-0.204160,0.277587,0.859264,-0.890824,0.218547,0.142296
3.907064,1.203096,0.757423,-0.043034,0.085829,0.995373,-0.003670,-0.022746,-0.247102,0.018269,0.399326,-0.299246,0.067413,-0.781272,-0.206503,-0.051411,0.891448,-0.151816,0.029978,0.052296,-0.099344,0.087744,-0.177295,0.040395,-0.252341,0.686216,0.865282,-0.060848,0.150389,0.234136,-0.193244,0.255211,0.853657,-0.867543,0.188021,0.161406
3.857118,1.206541,0.753383,-0.050818,0.081526,0.995214,-0.017875,0.058015,-0.235482,-0.020401,0.361231,-0.296277,0.064810,-0.810318,-0.194006,-0.061602,0.643970,-0.138769,0.045111,0.034525,-0.093170,0.082495,-0.239367,0.048148,-0.269333,0.601813,0.853241,-0.096385,0.164746,0.278438,-0.178346,0.235620,0.842150,-0.844950,0.158807,0.148985
3.806171,1.210400,0.754197,-0.057494,0.073715,0.995153,-0.030526,0.135988,-0.212189,-0.056860,0.341738,-0.270252,0.057003,-0.807682,-0.164127,-0.037846,0.407673,-0.140771,0.077721,0.016992,-0.081600,0.076819,-0.283324,0.055905,-0.275611,0.531561,0.832192,-0.118334,0.187227,0.312673,-0.161485,0.228488,0.844600,-0.839172,0.145233,0.115924
3.754913,1.214347,0.750745,-0.060383,0.066006,0.995206,-0.039516,0.196458,-0.183621,-0.079546,0.357291,-0.214434,0.046362,-0.793863,-0.148124,-0.039058,0.290381,-0.132743,0.115133,0.001104,-0.066529,0.070778,-0.299875,0.063010,-0.274292,0.479344,0.804503,-0.123147,0.211955,0.336779,-0.147110,0.234808,0.866895,-0.859444,0.156622,0.093002
3.703893,1.217926,0.745171,-0.059569,0.054061,0.995879,-0.041891,0.235395,-0.149950,-0.092917,0.419530,-0.122785,0.033589,-0.797483,-0.133627,-0.075533,0.364142,-0.056627,0.087166,-0.012313,-0.046771,0.066045,-0.290475,0.080259,-0.269391,0.439134,0.774869,-0.112526,0.229962,0.346797,-0.130077,0.249025,0.902105,-0.894417,0.180795,0.103311
3.653858,1.221117,0.736943,-0.056300,0.036609,0.997031,-0.037683,0.235239,-0.115534,-0.109473,0.551701,0.011947,-0.043894,-0.817449,-0.112131,-0.116387,0.516169,0.063956,0.034504,-0.022369,-0.020056,0.066112,-0.263493,0.110493,-0.263821,0.407066,0.751097,-0.092033,0.237123,0.340485,-0.110681,0.258115,0.938385,-0.921685,0.194663,0.137869
3.605405,1.224377,0.726037,-0.052376,0.017826,0.997999,-0.030600,0.179324,-0.091167,-0.118734,0.771618,0.191737,-0.125455,-0.816862,-0.082582,-0.145291,0.667770,0.045858,-0.005343,-0.029179,0.010658,0.072653,-0.226963,0.140744,-0.258386,0.392215,0.740108,-0.063280,0.238722,0.316122,-0.095966,0.251851,0.964791,-0.931713,0.192055,0.170494
3.559447,1.227218,0.724566,-0.050469,-0.001624,0.998358,-0.027039,0.063178,-0.068106,-0.123871,1.009839,0.294504,-0.221124,-0.792541,-0.048218,-0.175686,0.765219,-0.046646,-0.042969,-0.033650,0.039612,0.083011,-0.192938,0.158942,-0.256661,0.412600,0.739957,-0.020945,0.237720,0.275617,-0.085170,0.230229,0.970748,-0.933056,0.187224,0.178201
3.513804,1.230022,0.729283,-0.049709,-0.018441,0.998200,-0.028036,-0.090517,-0.052204,-0.132188,1.209910,0.237305,-0.180708,-0.728801,-0.016785,-0.206070,0.791944,-0.133192,-0.052014,-0.035926,0.064364,0.092363,-0.168361,0.159398,-0.263943,0.480691,0.740036,0.036331,0.227029,0.228044,-0.078254,0.197171,0.947261,-0.937384,0.194130,0.143948
3.468252,1.232343,0.738186,-0.049486,-0.033194,0.997735,-0.031196,-0.253395,-0.027875,-0.137457,1.328290,0.142558,-0.149113,-0.640765,0.014863,-0.233470,0.767400,-0.190017,-0.059556,-0.036433,0.083997,0.098590,-0.154425,0.155174,-0.283031,0.589820,0.740583,0.098804,0.190605,0.181619,-0.069558,0.156840,0.897916,-0.942200,0.207967,0.065461
3.421635,1.234220,0.749184,-0.048668,-0.042661,0.997428,-0.030815,-0.399615,0.003591,-0.129085,1.356794,0.078157,-0.098061,-0.532113,0.048685,-0.246944,0.703232,-0.228334,-0.057514,-0.033662,0.097817,0.100928,-0.140036,0.155199,-0.316058,0.720178,0.751096,0.147007,0.122518,0.137642,-0.059116,0.113204,0.838268,-0.932181,0.211758,-0.033321
3.374010,1.235370,0.759356,-0.048194,-0.049179,0.997295,-0.025735,-0.520508,0.032842,-0.108169,1.305406,0.013767,-0.047094,-0.419827,0.083173,-0.245978,0.626623,-0.250599,-0.055580,-0.026448,0.105788,0.100896,-0.119487,0.166261,-0.364552,0.849492,0.782119,0.166337,0.030825,0.092812,-0.048235,0.076910,0.784084,-0.899018,0.193612,-0.111095
3.325488,1.235954,0.767209,-0.049020,-0.052027,0.997312,-0.016077,-0.615114,0.058108,-0.075085,1.192830,-0.041659,-0.032564,-0.312613,0.112310,-0.229407,0.553138,-0.260188,-0.052400,-0.015362,0.108641,0.098540,-0.086745,0.178649,-0.423601,0.962127,0.829882,0.156506,-0.063295,0.044365,-0.048771,0.057881,0.747888,-0.857154,0.150891,-0.145928
3.276321,1.235985,0.771793,-0.051409,-0.054259,0.997201,-0.001842,-0.685593,0.083546,-0.032618,1.030289,-0.077523,-0.002034,-0.215985,0.136914,-0.200979,0.494889,-0.263438,-0.048190,-0.000750,0.108790,0.093862,-0.046431,0.201483,-0.470701,1.039796,0.875260,0.123350,-0.157136,-0.013430,-0.059816,0.064528,0.711710,-0.830105,0.105890,-0.136687
3.226505,1.235701,0.777081,-0.055455,-0.054924,0.996815,0.016388,-0.726226,0.102593,0.007225,0.818446,-0.101962,0.003239,-0.123552,0.154396,-0.163243,0.445265,-0.258260,-0.042980,0.016872,0.108172,0.086866,0.002460,0.218723,-0.489620,1.078121,0.902261,0.089356,-0.230458,-0.075255,-0.080816,0.097763,0.664528,-0.823771,0.066062,-0.114170
3.176854,1.235253,0.776857,-0.059774,-0.053400,0.996090,0.037143,-0.743154,0.111142,0.029151,0.575018,-0.110742,-0.017955,-0.034774,0.160307,-0.116681,0.395067,-0.246696,-0.036120,0.037093,0.107039,0.079597,0.058595,0.223935,-0.473352,1.081721,0.904791,0.070453,-0.263402,-0.135848,-0.109686,0.147754,0.606381,-0.826728,0.033906,-0.100459
3.126893,1.234744,0.772889,-0.062403,-0.051724,0.994993,0.058481,-0.737966,0.120865,0.043474,0.341801,-0.102618,-0.018907,0.052524,0.157831,-0.063967,0.355054,-0.236463,-0.029979,0.058675,0.105320,0.073546,0.127738,0.225006,-0.425381,1.059102,0.886682,0.065727,-0.240795,-0.190263,-0.135930,0.192386,0.548222,-0.829983,0.010009,-0.098599
3.076253,1.234291,0.766199,-0.062133,-0.050156,0.993716,0.078440,-0.733274,0.133475,0.060793,0.212715,-0.096309,-0.020671,0.135473,0.145531,-0.015668,0.338289,-0.219646,-0.022054,0.080307,0.101502,0.070015,0.202277,0.216794,-0.357280,1.028436,0.856715,0.076331,-0.170350,-0.228406,-0.154055,0.219239,0.494684,-0.823013,-0.002157,-0.104819
3.025042,1.234174,0.757635,-0.058842,-0.045894,0.992797,0.093734,-0.744809,0.135001,0.077187,0.258321,-0.072425,-0.011716,0.207225,0.121714,0.025008,0.357439,-0.189416,-0.010369,0.100582,0.092157,0.069032,0.269395,0.195709,-0.285416,1.009162,0.825084,0.100010,-0.081148,-0.239638,-0.167331,0.222045,0.444136,-0.801427,-0.001075,-0.115220
2.973798,1.234603,0.748066,-0.052651,-0.036961,0.992773,0.101311,-0.774109,0.117083,0.079899,0.429741,0.042322,0.036267,0.250385,0.090566,0.054744,0.434565,-0.109317,-0.010397,0.117915,0.074437,0.072174,0.314074,0.167015,-0.227282,1.014000,0.804167,0.132631,-0.010087,-0.216497,-0.179379,0.201751,0.392225,-0.769444,0.010341,-0.130603
2.923686,1.235444,0.735342,-0.045203,-0.023625,0.993559,0.101188,-0.788924,0.089840,0.089666,0.604184,0.077970,0.056325,0.242013,0.058654,0.078360,0.595537,0.023348,0.047413,0.129953,0.050162,0.080343,0.325988,0.139721,-0.196356,1.044269,0.805246,0.167376,0.013514,-0.162034,-0.188222,0.165997,0.343161,-0.735219,0.027140,-0.154695
2.875992,1.236527,0.730963,-0.037995,-0.008308,0.994649,0.095708,-0.766265,0.056163,0.112985,0.724844,0.009947,0.068725,0.171651,0.024995,0.080867,0.828045,0.209451,0.119017,0.135930,0.023230,0.091687,0.300898,0.119536,-0.197807,1.087195,0.833006,0.192329,-0.020719,-0.090471,-0.185750,0.127092,0.315984,-0.701384,0.048507,-0.190036
2.830580,1.238087,0.732727,-0.032816,0.010358,0.995334,0.090147,-0.712842,0.013344,0.141631,0.773653,-0.074279,0.086108,0.044335,-0.024771,0.074460,1.062778,0.278504,0.179965,0.135054,-0.004905,0.103097,0.250435,0.104142,-0.221840,1.117966,0.879386,0.192692,-0.090035,-0.029533,-0.177696,0.103172,0.335213,-0.671515,0.079596,-0.227522
2.786086,1.240032,0.738532,-0.029644,0.028073,0.995619,0.084113,-0.636028,-0.033738,0.162435,0.766588,-0.139992,0.085579,-0.107640,-0.049343,0.085495,1.247860,0.199226,0.145591,0.127087,-0.032599,0.110268,0.191625,0.096142,-0.244445,1.111044,0.928075,0.168550,-0.141120,0.006776,-0.172607,0.109407,0.413987,-0.653501,0.122770,-0.245615
2.741405,1.242303,0.746962,-0.028371,0.041181,0.995757,0.077243,-0.544009,-0.078957,0.169408,0.721647,-0.182660,0.087741,-0.259281,-0.060898,0.090693,1.347713,0.118104,0.135062,0.116164,-0.055201,0.111581,0.137389,0.092831,-0.245049,1.060889,0.963356,0.138496,-0.129528,0.022211,-0.179342,0.154561,0.542379,-0.661510,0.170000,-0.212590
2.695789,1.244960,0.755581,-0.028425,0.050328,0.995990,0.068288,-0.443619,-0.120873,0.162290,0.657736,-0.213456,0.090798,-0.399444,-0.073553,0.087767,1.368472,0.058350,0.136538,0.104508,-0.070290,0.108419,0.091469,0.085597,-0.222572,0.983693,0.975832,0.114829,-0.054675,0.029390,-0.199610,0.237431,0.692855,-0.705785,0.203293,-0.112903
2.649003,1.248003,0.762376,-0.029526,0.057068,0.996330,0.056543,-0.342270,-0.157738,0.144973,0.592581,-0.237730,0.095241,-0.519829,-0.095740,0.074433,1.321217,-0.015771,0.117304,0.092901,-0.078300,0.102694,0.049007,0.071375,-0.193073,0.900140,0.963304,0.091023,0.043927,0.040249,-0.225658,0.340730,0.833090,-0.780583,0.205502,0.029315
2.601249,1.251345,0.766620,-0.031709,0.061276,0.996756,0.041435,-0.244462,-0.185707,0.120269,0.534679,-0.254663,0.099067,-0.619510,-0.125708,0.052413,1.217507,-0.069938,0.110507,0.081457,-0.081055,0.096084,0.002789,0.060838,-0.170867,0.825861,0.932686,0.051591,0.122921,0.065077,-0.241064,0.432263,0.935402,-0.857384,0.183050,0.168884
2.552944,1.254863,0.768338,-0.035408,0.063341,0.997094,0.023190,-0.154103,-0.204391,0.086716,0.486713,-0.256659,0.100587,-0.690974,-0.158160,0.022055,1.056093,-0.105508,0.067089,0.070103,-0.081100,0.089303,-0.052126,0.056185,-0.169139,0.751856,0.894290,0.009222,0.159660,0.102616,-0.247575,0.478345,0.992482,-0.903383,0.151391,0.276427
2.504242,1.258634,0.767972,-0.040249,0.064433,0.997106,0.002906,-0.066927,-0.214392,0.045228,0.442715,-0.256510,0.100407,-0.732629,-0.191759,-0.009990,0.840708,-0.119743,0.074906,0.058745,-0.079999,0.082450,-0.113863,0.060215,-0.185775,0.677043,0.857359,-0.029548,0.167446,0.153181,-0.244051,0.473924,1.007448,-0.912144,0.131242,0.322488
2.454976,1.262297,0.771081,-0.046077,0.061205,0.996903,-0.017776,0.024427,-0.210412,-0.001072,0.395150,-0.243050,0.100393,-0.743259,-0.203588,-0.019316,0.583182,-0.128670,0.094353,0.045916,-0.076480,0.074907,-0.174299,0.074184,-0.209777,0.603053,0.828468,-0.060218,0.169599,0.210012,-0.227246,0.434298,0.993497,-0.895410,0.123695,0.294151
2.405713,1.265788,0.768804,-0.050954,0.056156,0.996441,-0.036810,0.107207,-0.194080,-0.043951,0.357348,-0.221031,0.101775,-0.735881,-0.203359,-0.001080,0.345036,-0.130617,0.098932,0.031095,-0.069302,0.067006,-0.220590,0.090808,-0.229754,0.535160,0.808525,-0.080324,0.180904,0.267263,-0.203345,0.378163,0.969109,-0.869045,0.123998,0.212003
2.355959,1.269254,0.763173,-0.053193,0.051252,0.995930,-0.051635,0.178169,-0.171219,-0.077021,0.351844,-0.190423,0.102447,-0.727485,-0.208780,-0.008702,0.227433,-0.125809,0.159393,0.015603,-0.060254,0.058777,-0.242870,0.106401,-0.239348,0.477250,0.792877,-0.088046,0.201371,0.319062,-0.177215,0.321280,0.947115,-0.845356,0.131429,0.121342
2.306099,1.272420,0.755413,-0.052135,0.043006,0.995835,-0.061203,0.231413,-0.139390,-0.096159,0.390905,-0.140413,0.101427,-0.733562,-0.208534,-0.035291,0.282887,-0.087857,0.160068,-0.001139,-0.046934,0.050593,-0.238925,0.125134,-0.238143,0.429371,0.773791,-0.084131,0.222226,0.357088,-0.149936,0.275626,0.933001,-0.830753,0.144755,0.059635
2.256858,1.274877,0.745676,-0.048212,0.029380,0.996282,-0.065078,0.256321,-0.099889,-0.098759,0.486291,-0.049090,0.113134,-0.754013,-0.190645,-0.047223,0.436778,0.060343,0.166249,-0.017040,-0.024642,0.044710,-0.213095,0.148560,-0.229498,0.391930,0.749766,-0.070291,0.236390,0.374365,-0.125270,0.246284,0.930699,-0.824746,0.156794,0.035151
2.210025,1.276598,0.732329,-0.043928,0.010030,0.996980,-0.063258,0.235050,-0.053187,-0.085435,0.659220,0.068322,0.053769,-0.765696,-0.156287,-0.065043,0.599706,0.092482,0.107364,-0.026754,0.006193,0.044699,-0.174359,0.172485,-0.217932,0.368527,0.733036,-0.042411,0.242175,0.362051,-0.105685,0.234155,0.944343,-0.827551,0.162795,0.035540
2.166249,1.277144,0.727367,-0.039843,-0.008977,0.997286,-0.061256,0.152529,-0.003308,-0.061897,0.888242,0.192292,0.010916,-0.758141,-0.126873,-0.095359,0.730801,-0.009265,0.076807,-0.028227,0.040882,0.050283,-0.134004,0.185112,-0.216723,0.367863,0.744585,0.004727,0.237400,0.321258,-0.097711,0.235311,0.970617,-0.845245,0.172263,0.043252
2.124073,1.276670,0.727183,-0.036838,-0.028310,0.996852,-0.064254,0.023212,0.032627,-0.055821,1.113600,0.195144,0.010031,-0.714721,-0.102324,-0.132251,0.797828,-0.107094,0.065409,-0.023940,0.073937,0.057903,-0.104421,0.190677,-0.242382,0.395419,0.801072,0.068729,0.208902,0.258240,-0.095598,0.246612,0.995961,-0.882105,0.196355,0.044239
2.083040,1.275337,0.732109,-0.034316,-0.043774,0.995770,-0.073134,-0.121288,0.038155,-0.059325,1.275398,0.123235,0.015551,-0.640811,-0.086156,-0.170904,0.805380,-0.173694,0.063584,-0.018268,0.100659,0.062746,-0.087659,0.192502,-0.299198,0.452940,0.891249,0.133278,0.149348,0.188000,-0.096302,0.255140,1.003892,-0.926913,0.233599,0.026061
2.042513,1.273057,0.739989,-0.031930,-0.056667,0.994195,-0.085701,-0.269137,0.038926,-0.049776,1.360773,0.053197,0.047727,-0.548770,-0.073042,-0.211420,0.773987,-0.215533,0.066766,-0.012399,0.120451,0.064557,-0.079701,0.192160,-0.368923,0.536321,0.978389,0.183345,0.069801,0.124997,-0.094381,0.241181,0.984794,-0.953244,0.265357,-0.018999
2.001411,1.270069,0.748979,-0.029476,-0.065847,0.992560,-0.098085,-0.398584,0.037025,-0.027978,1.364210,-0.011265,0.069695,-0.444228,-0.058811,-0.249236,0.716181,-0.240062,0.073649,-0.004874,0.134022,0.063495,-0.070717,0.183768,-0.423489,0.636881,1.026160,0.217497,-0.013058,0.075144,-0.089683,0.194806,0.940940,-0.938726,0.268342,-0.083484
1.959733,1.266404,0.756468,-0.027428,-0.074847,0.990852,-0.108894,-0.509192,0.027585,-0.004314,1.303573,-0.081994,0.117619,-0.339573,-0.037581,-0.283390,0.651184,-0.253337,0.082756,0.004963,0.142733,0.061338,-0.055879,0.174601,-0.441933,0.739652,1.029239,0.243235,-0.092045,0.032774,-0.083439,0.130871,0.886088,-0.883061,0.231679,-0.142082
1.917532,1.262080,0.761370,-0.026533,-0.083121,0.989281,-0.117087,-0.598827,0.031496,0.025884,1.188861,-0.137364,0.132276,-0.240585,-0.010970,-0.308717,0.587200,-0.258473,0.093597,0.016126,0.147652,0.058145,-0.025345,0.170822,-0.414572,0.819119,1.004624,0.269971,-0.153434,-0.015389,-0.087383,0.071722,0.842297,-0.815540,0.165581,-0.177916
1.874996,1.257006,0.763709,-0.027220,-0.090397,0.988065,-0.121717,-0.664523,0.053339,0.076306,1.023897,-0.171774,0.160448,-0.145841,0.019273,-0.322900,0.521345,-0.261657,0.104547,0.029150,0.150487,0.053719,0.004708,0.166125,-0.349685,0.879054,0.958829,0.303293,-0.169298,-0.063140,-0.100230,0.047481,0.798707,-0.764619,0.105792,-0.207175
1.832042,1.250980,0.767265,-0.029652,-0.096431,0.987209,-0.123447,-0.698773,0.076710,0.141248,0.808997,-0.189322,0.158243,-0.052632,0.049735,-0.325493,0.455137,-0.258187,0.114957,0.044034,0.151592,0.047873,0.039584,0.166061,-0.256839,0.902401,0.903271,0.328313,-0.134557,-0.114501,-0.126166,0.052453,0.747330,-0.737603,0.066865,-0.236628
1.789262,1.244187,0.765017,-0.032284,-0.101984,0.986570,-0.123437,-0.713877,0.087036,0.211482,0.575836,-0.173631,0.180186,0.036259,0.079525,-0.317197,0.389498,-0.249831,0.121871,0.060148,0.150276,0.041655,0.078747,0.168272,-0.158673,0.901968,0.846750,0.330564,-0.065304,-0.157976,-0.156202,0.069925,0.688247,-0.720601,0.042974,-0.270349
1.746437,1.236558,0.759684,-0.034583,-0.105408,0.986188,-0.122991,-0.716505,0.083152,0.262116,0.380639,-0.156480,0.153262,0.117815,0.102761,-0.297115,0.340012,-0.236559,0.127539,0.076126,0.144277,0.036096,0.118768,0.172127,-0.075296,0.894649,0.798947,0.314168,0.008659,-0.186360,-0.184111,0.085352,0.625522,-0.696353,0.026358,-0.297392
1.703114,1.227775,0.752559,-0.034008,-0.108324,0.986225,-0.120291,-0.719298,0.077552,0.283794,0.301457,-0.136568,0.158360,0.182319,0.117271,-0.262686,0.340742,-0.215116,0.143400,0.092003,0.133170,0.032415,0.159413,0.179617,-0.013369,0.889487,0.768784,0.299349,0.075275,-0.198889,-0.206273,0.097352,0.566442,-0.662678,0.013609,-0.307426
1.659623,1.217560,0.745103,-0.029742,-0.109007,0.986963,-0.114618,-0.728508,0.084337,0.292041,0.369187,-0.090384,0.194205,0.211431,0.116341,-0.214760,0.423837,-0.160678,0.165505,0.107082,0.118203,0.031863,0.199002,0.180426,0.030166,0.889865,0.758522,0.301012,0.135342,-0.200896,-0.229633,0.113662,0.518696,-0.629497,0.009511,-0.301451
1.616969,1.205994,0.737281,-0.022395,-0.103913,0.988564,-0.106964,-0.745446,0.100289,0.266001,0.519236,-0.004664,0.245428,0.195172,0.101070,-0.147774,0.591138,-0.047789,0.198164,0.123700,0.099179,0.036419,0.235462,0.173700,0.060912,0.902427,0.758742,0.309727,0.178624,-0.193888,-0.254817,0.127768,0.488628,-0.617726,0.016171,-0.288922
1.576371,1.193020,0.729086,-0.014026,-0.095170,0.989855,-0.104563,-0.743393,0.107927,0.249349,0.665785,-0.010112,0.247649,0.140585,0.088005,-0.089028,0.815777,0.128637,0.245597,0.140877,0.081386,0.044900,0.250602,0.157947,0.075519,0.934193,0.767965,0.323851,0.184940,-0.173911,-0.276713,0.131165,0.478538,-0.628725,0.037040,-0.283869
1.538901,1.179292,0.727092,-0.007294,-0.084205,0.990285,-0.110419,-0.716215,0.088135,0.260511,0.765519,-0.090164,0.247728,0.042361,0.044259,-0.078232,1.043569,0.254296,0.247598,0.156254,0.066760,0.054507,0.233402,0.140259,0.067620,0.980642,0.792630,0.339002,0.143706,-0.142815,-0.287896,0.120913,0.490609,-0.647201,0.072912,-0.289831
1.502832,1.164852,0.728473,-0.005405,-0.068755,0.989213,-0.129232,-0.663567,0.033372,0.270047,0.797975,-0.161344,0.247739,-0.085462,-0.017843,-0.030463,1.221858,0.192511,0.246871,0.161203,0.050499,0.062923,0.187565,0.123126,0.038138,1.018770,0.835232,0.337760,0.074592,-0.107112,-0.286229,0.102424,0.526569,-0.653629,0.117584,-0.296949
1.467604,1.149739,0.733310,-0.007461,-0.053588,0.985883,-0.158452,-0.594001,-0.044830,0.258574,0.776518,-0.205003,0.247735,-0.223785,-0.085753,0.015851,1.322289,0.112381,0.227594,0.158346,0.034827,0.068305,0.131702,0.106062,0.007604,1.018561,0.880939,0.307314,0.022296,-0.069502,-0.276605,0.085736,0.585776,-0.643463,0.158659,-0.291482
1.432537,1.134105,0.740547,-0.011863,-0.044138,0.979324,-0.197068,-0.515751,-0.126418,0.213251,0.726867,-0.228678,0.247711,-0.349169,-0.140551,0.033112,1.331026,0.039960,0.160484,0.150678,0.024455,0.070476,0.086243,0.085646,-0.004690,0.964208,0.911033,0.261627,0.021258,-0.022080,-0.263853,0.078381,0.659345,-0.636117,0.184524,-0.264368
1.397234,1.117863,0.748833,-0.017256,-0.042178,0.968639,-0.244258,-0.432722,-0.195530,0.135836,0.670589,-0.239737,0.247705,-0.446014,-0.170549,0.026308,1.254433,-0.019528,0.116478,0.139041,0.022477,0.070266,0.052260,0.063260,-0.011706,0.868788,0.924518,0.218412,0.069421,0.031605,-0.255449,0.098222,0.737232,-0.644592,0.195396,-0.211222
1.361651,1.100651,0.756992,-0.022220,-0.047449,0.953662,-0.296283,-0.345040,-0.242131,0.033521,0.616894,-0.247429,0.247704,-0.511538,-0.179466,0.005935,1.116910,-0.075557,0.101567,0.125053,0.028699,0.068712,0.019313,0.043490,-0.050412,0.749554,0.942000,0.191402,0.140896,0.083933,-0.245521,0.154637,0.803374,-0.677241,0.197110,-0.133294
1.326108,1.082139,0.763675,-0.026948,-0.055683,0.935397,-0.348146,-0.256839,-0.265998,-0.076770,0.569945,-0.254930,0.247701,-0.551149,-0.193371,-0.033351,0.938189,-0.109083,0.073514,0.109961,0.038944,0.067370,-0.002295,0.042823,-0.131302,0.614083,0.972933,0.168636,0.202332,0.137071,-0.238000,0.222718,0.849309,-0.732411,0.176531,-0.039774
1.291127,1.061938,0.768163,-0.031481,-0.063423,0.915696,-0.395585,-0.171076,-0.271362,-0.179782,0.528498,-0.259237,0.247698,-0.581534,-0.195701,-0.050070,0.746288,-0.122113,0.069371,0.094020,0.049020,0.067686,-0.017695,0.059453,-0.227391,0.471619,1.004301,0.147656,0.228704,0.185332,-0.225060,0.272351,0.872839,-0.787783,0.146359,0.051945
1.256989,1.039831,0.770519,-0.035860,-0.068450,0.896810,-0.435615,-0.089125,-0.264031,-0.266005,0.491455,-0.262813,0.247690,-0.608923,-0.190671,-0.028875,0.561673,-0.130981,0.092007,0.078336,0.055971,0.069859,-0.029032,0.081644,-0.307969,0.330161,1.013414,0.128747,0.221701,0.228362,-0.201164,0.281272,0.878682,-0.820166,0.124362,0.130350
1.223434,1.015653,0.773824,-0.039516,-0.070709,0.879798,-0.468396,-0.007849,-0.250417,-0.335888,0.463996,-0.265135,0.247740,-0.628779,-0.173584,0.046295,0.390522,-0.130882,0.118346,0.063666,0.059946,0.073337,-0.037708,0.100978,-0.363313,0.199951,0.990708,0.113911,0.201079,0.267246,-0.168000,0.252353,0.871004,-0.827649,0.116776,0.182858
1.190306,0.989777,0.771885,-0.041735,-0.070003,0.865809,-0.493693,0.066956,-0.229223,-0.382284,0.445027,-0.259943,0.247738,-0.635748,-0.169104,0.103254,0.260414,-0.126343,0.194376,0.052378,0.060941,0.077341,-0.044834,0.117238,-0.397596,0.095106,0.948964,0.103882,0.189743,0.301809,-0.133210,0.207381,0.853313,-0.825870,0.114663,0.196759
1.157327,0.962223,0.766569,-0.041031,-0.067547,0.854816,-0.512878,0.135885,-0.203570,-0.403467,0.447350,-0.242139,0.247708,-0.640828,-0.159934,0.131148,0.216754,-0.147058,0.245274,0.042624,0.061270,0.080677,-0.047582,0.133404,-0.415894,0.030002,0.913654,0.097924,0.199857,0.329744,-0.103756,0.169662,0.834380,-0.830384,0.110294,0.172596
1.125296,0.933520,0.758346,-0.036183,-0.067462,0.846520,-0.526823,0.194102,-0.173701,-0.401607,0.478799,-0.209361,0.247517,-0.651856,-0.147188,0.134577,0.288202,-0.147973,0.246743,0.030740,0.064287,0.082042,-0.039888,0.152829,-0.418793,0.011334,0.902090,0.097835,0.222889,0.343527,-0.081062,0.152887,0.827798,-0.848009,0.106453,0.124839
1.094999,0.903963,0.746749,-0.028830,-0.067058,0.841686,-0.535011,0.220063,-0.159761,-0.364364,0.577622,-0.131024,0.243138,-0.665724,-0.080003,0.150742,0.436074,-0.036799,0.247697,0.019171,0.072077,0.083442,-0.018568,0.166895,-0.407851,0.040330,0.909103,0.106753,0.241182,0.339417,-0.071177,0.153769,0.841983,-0.877663,0.111537,0.072922
1.067291,0.875930,0.730356,-0.019693,-0.071947,0.838223,-0.540201,0.192368,-0.146394,-0.311548,0.747466,0.005264,0.146602,-0.672779,-0.040279,0.139285,0.588070,-0.049759,0.247703,0.008847,0.086102,0.088462,0.007434,0.170321,-0.384959,0.111945,0.914647,0.129372,0.243346,0.311133,-0.068183,0.162522,0.873911,-0.913041,0.129798,0.034578
1.044450,0.848049,0.723442,-0.013042,-0.077279,0.830961,-0.550783,0.090142,-0.108879,-0.238746,0.971380,0.168868,-0.047259,-0.669082,-0.035186,0.117849,0.705324,-0.136377,0.247718,-0.003244,0.104659,0.096679,0.022567,0.154234,-0.362605,0.227529,0.896180,0.164316,0.232285,0.267700,-0.075962,0.163525,0.906225,-0.946042,0.164556,0.013428
1.023981,0.819183,0.722390,-0.008841,-0.083735,0.819211,-0.567277,-0.054408,-0.077429,-0.182168,1.182271,0.223802,-0.101495,-0.630869,-0.050297,0.079444,0.756722,-0.213658,0.247617,-0.013041,0.124593,0.104082,0.016448,0.129940,-0.354535,0.384004,0.856932,0.209109,0.204182,0.218113,-0.089721,0.153561,0.919931,-0.971600,0.209259,-0.001768
1.004995,0.789042,0.726902,-0.006522,-0.089182,0.804472,-0.587221,-0.212285,-0.066769,-0.134062,1.330825,0.159007,-0.057239,-0.560972,-0.072577,0.028876,0.750324,-0.263782,0.246780,-0.020503,0.141958,0.108190,-0.004586,0.115707,-0.373736,0.566393,0.824738,0.254858,0.143926,0.170072,-0.106597,0.136927,0.906772,-0.986296,0.247242,-0.027987
0.986975,0.757188,0.734611,-0.005052,-0.093887,0.788528,-0.607770,-0.359153,-0.062788,-0.080340,1.397928,0.096427,-0.055081,-0.469542,-0.090956,-0.030541,0.704583,-0.288256,0.243834,-0.027121,0.154510,0.108434,-0.025000,0.124518,-0.427764,0.746296,0.828269,0.279968,0.044565,0.127156,-0.123822,0.114843,0.870506,-0.980146,0.258274,-0.068919
0.969446,0.723462,0.742700,-0.003317,-0.098655,0.772529,-0.627260,-0.491423,-0.053463,-0.030003,1.398351,0.037026,-0.049245,-0.365845,-0.098143,-0.096567,0.636859,-0.296459,0.238943,-0.031955,0.162145,0.105722,-0.026197,0.155625,-0.504584,0.886205,0.870599,0.262523,-0.072489,0.087253,-0.143048,0.080759,0.825279,-0.942940,0.229933,-0.107997
0.952264,0.688062,0.749117,-0.001654,-0.103258,0.757408,-0.644723,-0.610215,-0.027617,0.016708,1.352003,-0.016559,-0.028875,-0.259943,-0.090798,-0.157387,0.561688,-0.292487,0.233623,-0.033234,0.165942,0.100738,-0.016025,0.195063,-0.572599,0.992883,0.915355,0.200864,-0.163233,0.056465,-0.162666,0.043906,0.784594,-0.881391,0.170941,-0.141790
0.935863,0.651410,0.752272,0.000399,-0.108633,0.744485,-0.658742,-0.715686,-0.000735,0.043636,1.272145,-0.066434,-0.026607,-0.162070,-0.069092,-0.204216,0.493039,-0.280804,0.229110,-0.029149,0.167347,0.094375,0.003635,0.240365,-0.599794,1.047826,0.935498,0.132763,-0.228100,0.023447,-0.189949,0.020605,0.732768,-0.822301,0.115145,-0.155951
0.920579,0.613745,0.751893,0.001390,-0.113667,0.735396,-0.668035,-0.807517,0.028134,0.050627,1.162516,-0.096164,-0.027260,-0.071033,-0.040965,-0.234491,0.427106,-0.271137,0.231286,-0.018757,0.166841,0.087442,0.036197,0.284956,-0.582300,1.059019,0.922420,0.083208,-0.261181,-0.011682,-0.228459,0.017092,0.670005,-0.787398,0.074798,-0.170924
0.906790,0.575190,0.748860,0.001270,-0.118715,0.730644,-0.672357,-0.884997,0.058619,0.047984,1.026015,-0.113977,-0.010647,0.012671,-0.010071,-0.245232,0.365732,-0.261803,0.234750,-0.002856,0.164230,0.081420,0.081644,0.326559,-0.531623,1.036804,0.884795,0.056140,-0.255863,-0.049238,-0.270518,0.022993,0.600672,-0.773075,0.051265,-0.196398
0.894663,0.535053,0.748565,-0.000997,-0.122700,0.730782,-0.671492,-0.940467,0.073405,0.028141,0.861269,-0.111062,0.032305,0.092218,0.015477,-0.235118,0.315396,-0.249636,0.232178,0.017701,0.158223,0.077767,0.136482,0.359042,-0.459747,0.996310,0.832620,0.046727,-0.209092,-0.086684,-0.303131,0.022319,0.531811,-0.757026,0.041808,-0.228898
0.884129,0.494154,0.743203,-0.004556,-0.124064,0.735453,-0.666105,-0.969128,0.060160,-0.027838,0.696770,-0.099929,0.034960,0.160538,0.029621,-0.213206,0.278828,-0.234249,0.224083,0.042132,0.147260,0.077195,0.194093,0.375808,-0.375684,0.957953,0.775247,0.055734,-0.128002,-0.114681,-0.317203,0.007999,0.468452,-0.720661,0.042458,-0.264660
0.875121,0.451694,0.736045,-0.008119,-0.121862,0.741529,-0.659711,-0.976320,0.054210,-0.059674,0.594368,-0.085948,0.021718,0.223215,0.028257,-0.185763,0.266776,-0.198227,0.226139,0.067197,0.132551,0.078865,0.241964,0.368355,-0.290783,0.938325,0.728978,0.092112,-0.029380,-0.120171,-0.318587,-0.012957,0.409738,-0.661321,0.050981,-0.302977
0.867302,0.407969,0.728448,-0.013678,-0.113476,0.746450,-0.655552,-0.974299,0.041726,-0.057836,0.612191,-0.002151,0.045513,0.272682,0.007587,-0.161446,0.292426,-0.135163,0.210556,0.091128,0.112325,0.082834,0.275888,0.341130,-0.214328,0.942407,0.704147,0.151336,0.066910,-0.094132,-0.316976,-0.038679,0.357942,-0.598624,0.057590,-0.336109
0.860371,0.363232,0.719314,-0.020296,-0.099914,0.748606,-0.655129,-0.958678,0.030100,-0.027745,0.713814,0.058246,0.070150,0.289242,-0.025931,-0.129555,0.387802,-0.027176,0.191675,0.110122,0.085195,0.090018,0.291188,0.297845,-0.148235,0.967544,0.696510,0.226931,0.138291,-0.036505,-0.313243,-0.061389,0.318527,-0.548360,0.059128,-0.356859
0.854007,0.319769,0.716333,-0.029891,-0.082112,0.747947,-0.657982,-0.932986,0.010897,0.011393,0.812987,0.010169,0.082530,0.249434,-0.066796,-0.083864,0.573869,0.137534,0.198738,0.121535,0.051872,0.101557,0.283722,0.242509,-0.096225,1.003122,0.696001,0.297000,0.164591,0.035937,-0.305388,-0.073243,0.305182,-0.519415,0.065430,-0.364115
0.847604,0.277163,0.717665,-0.039861,-0.063647,0.746215,-0.661456,-0.884438,-0.012978,0.050676,0.873534,-0.071548,0.100306,0.150008,-0.123633,-0.063613,0.820575,0.296075,0.209159,0.123873,0.015414,0.114521,0.256885,0.188034,-0.069978,1.036506,0.705154,0.337450,0.136613,0.098523,-0.292494,-0.057817,0.333195,-0.520167,0.090856,-0.351751
0.840953,0.235473,0.721822,-0.051376,-0.044994,0.743473,-0.665269,-0.817207,-0.044650,0.080363,0.894013,-0.146525,0.089693,0.009416,-0.155034,-0.017120,1.065415,0.320298,0.204275,0.114814,-0.021531,0.126428,0.215770,0.143326,-0.085034,1.056458,0.737634,0.330678,0.068268,0.134354,-0.287614,-0.002041,0.404343,-0.560129,0.135061,-0.297913
0.834324,0.194135,0.728884,-0.061597,-0.029581,0.741123,-0.667883,-0.734805,-0.076010,0.098083,0.878035,-0.202845,0.080304,-0.154240,-0.119483,0.051487,1.261745,0.242040,0.195196,0.102580,-0.052852,0.134704,0.164246,0.115883,-0.136816,1.052545,0.798726,0.276914,0.003727,0.145477,-0.292912,0.091502,0.506683,-0.638249,0.172828,-0.191126
0.827973,0.151980,0.738132,-0.069083,-0.019230,0.739434,-0.669399,-0.637160,-0.104194,0.102264,0.829061,-0.247242,0.079958,-0.311903,-0.106627,0.077734,1.372657,0.162863,0.211605,0.093751,-0.075552,0.137721,0.105816,0.104671,-0.192438,1.021343,0.874924,0.202600,-0.012127,0.144570,-0.295787,0.199375,0.622483,-0.737018,0.178611,-0.058800
0.821593,0.108617,0.747530,-0.075521,-0.011120,0.737070,-0.671492,-0.530212,-0.132518,0.096137,0.759464,-0.278234,0.077119,-0.457491,-0.118102,0.078525,1.399169,0.079021,0.184857,0.086117,-0.091057,0.137377,0.050648,0.093831,-0.227510,0.969381,0.934550,0.143450,0.028977,0.151632,-0.285172,0.291648,0.725205,-0.824197,0.164189,0.059677
0.815035,0.063868,0.755483,-0.080557,-0.005000,0.733371,-0.675020,-0.418572,-0.157733,0.081485,0.680968,-0.299625,0.075054,-0.581416,-0.144263,0.058673,1.352714,-0.001587,0.160202,0.077843,-0.100166,0.134649,-0.002309,0.073281,-0.232406,0.904887,0.962540,0.109298,0.088642,0.167770,-0.252810,0.345413,0.816328,-0.876172,0.153726,0.148338
0.808280,0.017953,0.761178,-0.083885,-0.001876,0.727316,-0.681154,-0.307426,-0.174939,0.059483,0.601238,-0.311267,0.073038,-0.676344,-0.166894,0.025888,1.242475,-0.076752,0.122883,0.066809,-0.103684,0.130242,-0.049100,0.050621,-0.222709,0.829236,0.958772,0.078972,0.135826,0.196234,-0.214500,0.352361,0.880292,-0.889674,0.150102,0.212850
0.801219,-0.028766,0.764087,-0.087317,-0.000322,0.718539,-0.689983,-0.203247,-0.185151,0.033161,0.529018,-0.303387,0.070133,-0.745253,-0.190722,-0.012203,1.079018,-0.115372,0.110629,0.052493,-0.103327,0.125187,-0.095325,0.032091,-0.219814,0.743884,0.935981,0.041448,0.159174,0.235556,-0.178343,0.323321,0.908176,-0.878786,0.146113,0.250793
0.794158,-0.076036,0.764695,-0.090528,-0.001534,0.707329,-0.701062,-0.101967,-0.186265,0.000706,0.453470,-0.278911,0.066056,-0.783785,-0.205956,-0.049647,0.859284,-0.136242,0.088826,0.035712,-0.100651,0.119304,-0.143961,0.026218,-0.233594,0.649404,0.907990,-0.001165,0.168291,0.280781,-0.144459,0.274918,0.901061,-0.856186,0.131712,0.260305
0.787154,-0.123705,0.764090,-0.092099,-0.004984,0.694740,-0.713323,-0.003038,-0.176215,-0.037589,0.379593,-0.244062,0.062842,-0.796856,-0.202413,-0.056514,0.605985,-0.139359,0.114374,0.017516,-0.094318,0.112895,-0.191809,0.032599,-0.259185,0.551702,0.879397,-0.043712,0.178633,0.326930,-0.113283,0.224556,0.871387,-0.832495,0.107523,0.236405
0.779975,-0.172414,0.766766,-0.091457,-0.008963,0.681648,-0.725887,0.089896,-0.156212,-0.074829,0.332551,-0.202414,0.056422,-0.788508,-0.188062,-0.031174,0.378966,-0.154531,0.113014,-0.001060,-0.083628,0.106401,-0.232099,0.045019,-0.285892,0.463089,0.849711,-0.080991,0.194427,0.369067,-0.088021,0.188845,0.836033,-0.819881,0.082246,0.177033
0.772827,-0.221013,0.763473,-0.088487,-0.010702,0.670214,-0.736796,0.161680,-0.130240,-0.102844,0.326134,-0.154140,0.050060,-0.779745,-0.190153,-0.040244,0.277909,-0.150984,0.156010,-0.017362,-0.071011,0.100262,-0.256507,0.059811,-0.305458,0.393771,0.819824,-0.106800,0.209616,0.402551,-0.072471,0.178830,0.809885,-0.829623,0.067506,0.098118
0.765924,-0.269566,0.757041,-0.081131,-0.011696,0.662255,-0.744781,0.213750,-0.099045,-0.121766,0.369149,-0.085446,0.048358,-0.780493,-0.194598,-0.078656,0.348122,-0.121896,0.131263,-0.031467,-0.055383,0.094412,-0.259238,0.080958,-0.313970,0.343201,0.795064,-0.114167,0.217748,0.421142,-0.065381,0.194406,0.803769,-0.860913,0.069336,0.034001
0.759483,-0.317283,0.747888,-0.067714,-0.015003,0.659062,-0.748884,0.231665,-0.063942,-0.138972,0.478681,0.022040,0.022376,-0.788429,-0.183026,-0.111591,0.490806,0.000009,0.065563,-0.043088,-0.033404,0.091337,-0.239906,0.111071,-0.310898,0.304433,0.780677,-0.100867,0.218705,0.417889,-0.062060,0.221638,0.821717,-0.896844,0.080783,0.012804
0.753001,-0.363059,0.734308,-0.051713,-0.020034,0.659073,-0.750031,0.200418,-0.025402,-0.141811,0.673795,0.153696,-0.088166,-0.785013,-0.152708,-0.124713,0.634956,0.041796,0.041046,-0.051634,-0.005664,0.093936,-0.204590,0.140817,-0.300657,0.278272,0.779772,-0.069311,0.218901,0.389854,-0.062097,0.238398,0.855615,-0.920342,0.094780,0.031777
0.747005,-0.405962,0.730675,-0.034695,-0.028065,0.658498,-0.751258,0.102688,0.013339,-0.138727,0.921057,0.263263,-0.196469,-0.761473,-0.122684,-0.160139,0.742938,-0.046967,0.008974,-0.055595,0.024364,0.101289,-0.166922,0.161278,-0.294600,0.277790,0.792395,-0.020157,0.221384,0.340937,-0.062485,0.230547,0.887033,-0.929599,0.116605,0.058474
0.741223,-0.448428,0.732606,-0.019089,-0.036316,0.654748,-0.754733,-0.034409,0.014846,-0.161646,1.147346,0.264419,-0.198443,-0.702417,-0.093594,-0.204064,0.787805,-0.135360,-0.013849,-0.056255,0.052985,0.109333,-0.139424,0.169289,-0.305891,0.317740,0.813194,0.042872,0.218607,0.284482,-0.064473,0.195887,0.895868,-0.933658,0.154544,0.050246
0.735903,-0.490669,0.738989,-0.006571,-0.042322,0.648040,-0.760401,-0.183708,-0.018184,-0.186173,1.308726,0.195120,-0.178313,-0.618132,-0.065766,-0.245011,0.780391,-0.200280,-0.027227,-0.057121,0.075628,0.115006,-0.124599,0.173143,-0.338522,0.399229,0.834647,0.104031,0.192176,0.232269,-0.064420,0.139758,0.874563,-0.933879,0.202340,-0.017415
0.731231,-0.533399,0.747799,0.002637,-0.045541,0.642237,-0.765147,-0.329183,-0.026305,-0.178879,1.383670,0.137435,-0.152144,-0.517702,-0.034701,-0.276660,0.735232,-0.244953,-0.036013,-0.057018,0.091644,0.117729,-0.113232,0.181447,-0.383099,0.508171,0.851156,0.143708,0.132091,0.186890,-0.057803,0.068688,0.832084,-0.916072,0.237311,-0.132348
0.727302,-0.576971,0.756588,0.009637,-0.047842,0.640804,-0.766152,-0.457816,-0.014426,-0.149812,1.377765,0.089559,-0.115348,-0.411973,0.003207,-0.295864,0.669432,-0.273437,-0.041416,-0.052071,0.102774,0.118077,-0.095096,0.197552,-0.423877,0.625036,0.862251,0.156674,0.052446,0.143370,-0.045410,-0.003206,0.785969,-0.866903,0.234996,-0.245997
0.723849,-0.621402,0.763735,0.013430,-0.049558,0.644632,-0.762767,-0.563126,0.000691,-0.108137,1.303932,0.035411,-0.075687,-0.309178,0.043524,-0.298805,0.597476,-0.289201,-0.043940,-0.041752,0.109517,0.115971,-0.064998,0.216700,-0.449369,0.734808,0.869572,0.155195,-0.022460,0.095533,-0.038601,-0.053557,0.749256,-0.796807,0.198565,-0.307533
0.720839,-0.666334,0.767695,0.015589,-0.052690,0.653103,-0.755273,-0.647884,0.016556,-0.066400,1.179650,-0.006177,-0.068219,-0.217648,0.083988,-0.286739,0.536811,-0.296286,-0.045358,-0.027213,0.113041,0.111733,-0.020022,0.238038,-0.455893,0.823342,0.874770,0.153379,-0.077315,0.042430,-0.048751,-0.069104,0.728059,-0.733842,0.143661,-0.308203
0.717933,-0.711638,0.768216,0.014846,-0.056425,0.665337,-0.744260,-0.706677,0.036214,-0.025197,1.002510,-0.037652,-0.046912,-0.132505,0.120424,-0.258966,0.480821,-0.301717,-0.046872,-0.009694,0.114917,0.105266,0.032787,0.252492,-0.442510,0.894500,0.874553,0.153246,-0.100695,-0.024711,-0.074702,-0.045751,0.706580,-0.708969,0.099634,-0.269906
0.715223,-0.757142,0.765568,0.012952,-0.060547,0.679716,-0.730857,-0.738402,0.043988,-0.007696,0.780282,-0.065236,-0.046369,-0.048660,0.151842,-0.217568,0.427262,-0.310047,-0.049192,0.010301,0.115956,0.098180,0.088368,0.259335,-0.406318,0.943990,0.863854,0.159804,-0.095619,-0.089052,-0.116549,0.013210,0.666019,-0.730233,0.064964,-0.222889
0.712526,-0.802586,0.762055,0.008419,-0.061950,0.694384,-0.716884,-0.741512,0.027536,-0.031943,0.528886,-0.067584,-0.033627,0.037854,0.170254,-0.165093,0.371272,-0.312481,-0.052177,0.033648,0.114861,0.092565,0.139295,0.251130,-0.351274,0.984975,0.839619,0.176884,-0.066572,-0.135957,-0.170350,0.080378,0.592331,-0.796277,0.035114,-0.183751
0.710001,-0.848818,0.761168,0.004035,-0.060112,0.706898,-0.704745,-0.722586,0.011353,-0.070062,0.318784,-0.058158,-0.042772,0.125430,0.176457,-0.113025,0.338263,-0.314632,-0.054029,0.059627,0.110373,0.089464,0.175552,0.234011,-0.290533,1.032828,0.812733,0.211305,-0.032345,-0.148486,-0.218321,0.116868,0.480865,-0.884554,0.005912,-0.169935
0.707627,-0.895472,0.756175,0.002325,-0.056379,0.715538,-0.696291,-0.704027,0.003525,-0.048930,0.241414,-0.047391,-0.035379,0.197784,0.172800,-0.074914,0.344328,-0.301260,-0.058861,0.085382,0.103550,0.089039,0.192628,0.217482,-0.245912,1.088289,0.805392,0.268801,-0.012391,-0.118981,-0.234508,0.099839,0.347643,-0.947594,-0.022875,-0.194860
0.704904,-0.942239,0.750141,-0.002107,-0.046251,0.722045,-0.690295,-0.707756,-0.032877,-0.059076,0.336696,0.018886,-0.002602,0.250102,0.150676,-0.048368,0.396528,-0.263842,-0.041795,0.112225,0.088081,0.092277,0.193686,0.199609,-0.235216,1.136793,0.830419,0.336035,-0.014196,-0.056634,-0.211272,0.041986,0.223276,-0.938674,-0.051189,-0.249525
0.701707,-0.988990,0.743542,-0.009035,-0.031388,0.726702,-0.686176,-0.720869,-0.081340,-0.077661,0.482076,0.094752,0.020759,0.262144,0.117328,-0.026289,0.520325,-0.153377,-0.007232,0.134472,0.063672,0.100063,0.189171,0.179026,-0.244485,1.157871,0.870003,0.377934,-0.024490,0.017026,-0.163298,-0.021496,0.137923,-0.853351,-0.078899,-0.308843
0.698298,-1.034745,0.732472,-0.016058,-0.015933,0.729503,-0.683603,-0.715436,-0.097951,-0.040970,0.621872,0.069563,0.030028,0.215139,0.089264,0.011235,0.723705,0.042052,0.126979,0.146593,0.035773,0.112156,0.182631,0.154501,-0.237159,1.139326,0.888474,0.371764,-0.021460,0.074734,-0.124324,-0.060287,0.114383,-0.732083,-0.086649,-0.351562
0.694303,-1.078003,0.732148,-0.023764,-0.000666,0.733707,-0.679050,-0.686142,-0.112525,-0.003174,0.710599,-0.015874,0.035535,0.116639,0.061676,0.040500,0.967207,0.231343,0.238055,0.152923,0.007383,0.125202,0.176075,0.123046,-0.196590,1.091478,0.868767,0.322798,-0.001940,0.115862,-0.105932,-0.069285,0.142794,-0.640963,-0.058385,-0.362450
0.689863,-1.120389,0.735370,-0.032328,0.013434,0.738233,-0.673637,-0.629938,-0.127129,0.028643,0.744280,-0.097493,0.038055,-0.017429,0.008316,0.037928,1.176220,0.299240,0.245071,0.153416,-0.019207,0.135379,0.153983,0.088698,-0.145407,1.047488,0.831385,0.256166,0.020172,0.131297,-0.117985,-0.043371,0.219059,-0.608967,0.005490,-0.333255
0.684991,-1.162586,0.741910,-0.039482,0.024479,0.739638,-0.671400,-0.550792,-0.147025,0.043208,0.729025,-0.156132,0.039536,-0.160660,-0.039796,0.037471,1.316127,0.212786,0.224571,0.146745,-0.042696,0.139680,0.125391,0.058597,-0.120474,0.996583,0.817298,0.205334,0.046921,0.123901,-0.145837,0.015549,0.341023,-0.637300,0.077496,-0.266197
0.679665,-1.205186,0.750088,-0.045438,0.032089,0.738468,-0.671990,-0.457349,-0.167642,0.044967,0.680994,-0.197055,0.044425,-0.300901,-0.087431,0.025051,1.380918,0.133195,0.201576,0.136041,-0.060864,0.138236,0.089344,0.038026,-0.132698,0.937502,0.837313,0.176322,0.083884,0.107684,-0.172760,0.095287,0.497492,-0.705702,0.135120,-0.177717
0.673849,-1.248536,0.757851,-0.051598,0.037671,0.735713,-0.674274,-0.360899,-0.186725,0.041458,0.621896,-0.219104,0.050592,-0.430422,-0.119001,0.016746,1.378610,0.071636,0.168213,0.123543,-0.073184,0.132823,0.043139,0.025505,-0.159960,0.887337,0.873310,0.148524,0.126124,0.095180,-0.190415,0.182467,0.671900,-0.781706,0.177772,-0.082015
0.667622,-1.292776,0.763601,-0.057687,0.040834,0.731727,-0.677924,-0.267274,-0.201679,0.033462,0.564751,-0.235345,0.054543,-0.542216,-0.138299,0.016429,1.316058,0.006377,0.171850,0.111764,-0.080019,0.125303,-0.005835,0.014122,-0.189963,0.831935,0.899519,0.117052,0.153974,0.084637,-0.200028,0.263201,0.840284,-0.849281,0.207834,0.033634
0.661030,-1.337696,0.766457,-0.063650,0.041777,0.725574,-0.683920,-0.181018,-0.212725,0.018428,0.518292,-0.250401,0.055161,-0.634646,-0.170268,0.011736,1.202069,-0.049254,0.164623,0.100525,-0.082891,0.117897,-0.059435,0.006658,-0.220490,0.771040,0.903183,0.074688,0.160503,0.083889,-0.204036,0.338509,0.973037,-0.912019,0.214396,0.158531
0.654195,-1.382978,0.766780,-0.068882,0.039718,0.717128,-0.692391,-0.099848,-0.216760,-0.005551,0.476016,-0.260104,0.053142,-0.698797,-0.208685,-0.004977,1.032506,-0.093343,0.154574,0.088715,-0.083700,0.111221,-0.121299,0.009383,-0.254705,0.707028,0.889002,0.026318,0.153247,0.097066,-0.203478,0.400286,1.047529,-0.966128,0.189373,0.261382
0.647076,-1.428402,0.765977,-0.073369,0.035495,0.706956,-0.702546,-0.020789,-0.212963,-0.037858,0.432786,-0.259592,0.049224,-0.734387,-0.239353,-0.019311,0.810112,-0.109517,0.122076,0.075168,-0.082712,0.105426,-0.188324,0.021896,-0.291377,0.644061,0.868747,-0.017944,0.145817,0.126487,-0.198920,0.426368,1.059815,-0.994902,0.150188,0.304723
0.639614,-1.474279,0.769031,-0.075994,0.028570,0.696779,-0.712677,0.060313,-0.198543,-0.073807,0.390886,-0.246057,0.043492,-0.739392,-0.251082,-0.019446,0.557789,-0.126140,0.119464,0.060011,-0.079081,0.099429,-0.249300,0.039863,-0.321993,0.586086,0.850306,-0.049551,0.146021,0.171901,-0.185857,0.403885,1.026356,-0.987738,0.122023,0.269993
0.631973,-1.520028,0.767145,-0.076589,0.020919,0.687879,-0.721470,0.131112,-0.174881,-0.105626,0.360451,-0.220757,0.038974,-0.726064,-0.247595,-0.009308,0.344722,-0.130540,0.102130,0.043403,-0.072147,0.093156,-0.290069,0.057046,-0.338808,0.533611,0.832262,-0.064283,0.152769,0.233347,-0.164908,0.340727,0.973537,-0.947260,0.103567,0.169272
0.623853,-1.566230,0.762155,-0.074241,0.014950,0.682192,-0.727240,0.189313,-0.146127,-0.127834,0.367389,-0.183894,0.039461,-0.718318,-0.238603,-0.009722,0.270625,-0.122173,0.159019,0.026289,-0.062128,0.087196,-0.301209,0.072276,-0.339629,0.489232,0.811489,-0.064527,0.165603,0.294816,-0.131379,0.264449,0.924057,-0.888747,0.089615,0.054092
0.615773,-1.612328,0.754784,-0.065604,0.007334,0.681803,-0.728551,0.229354,-0.109986,-0.141671,0.421482,-0.121074,0.029665,-0.730418,-0.212728,-0.022254,0.364025,-0.027290,0.148953,0.009436,-0.046903,0.082742,-0.283975,0.092544,-0.326328,0.452975,0.789762,-0.053873,0.182066,0.335247,-0.090262,0.206947,0.889419,-0.833750,0.082851,-0.022140
0.608016,-1.657734,0.743043,-0.051954,-0.002210,0.685620,-0.726100,0.234080,-0.070752,-0.141311,0.544857,-0.014258,0.008400,-0.742490,-0.172476,-0.038938,0.504182,0.082030,0.120804,-0.005407,-0.024526,0.081879,-0.246825,0.116533,-0.304090,0.426330,0.769395,-0.033958,0.198410,0.354828,-0.061242,0.180757,0.877685,-0.801707,0.081012,-0.050985
0.600863,-1.700154,0.734717,-0.036155,-0.013652,0.689988,-0.722788,0.183110,-0.029240,-0.129418,0.744380,0.130595,-0.077190,-0.747660,-0.130640,-0.064701,0.645738,0.043783,0.080297,-0.015853,0.003118,0.086945,-0.204212,0.132582,-0.280683,0.425702,0.755620,-0.000963,0.214009,0.347386,-0.047608,0.179778,0.884466,-0.801058,0.091627,-0.045341
0.594545,-1.741124,0.732745,-0.020345,-0.025479,0.690372,-0.722719,0.074552,0.007767,-0.122919,0.981611,0.252311,-0.126145,-0.722109,-0.095836,-0.101534,0.735930,-0.043116,0.044820,-0.021113,0.032278,0.095125,-0.171722,0.132273,-0.268054,0.469684,0.751509,0.052850,0.221241,0.317504,-0.044107,0.186361,0.899869,-0.824336,0.116058,-0.030851
0.589143,-1.781305,0.736074,-0.006183,-0.036624,0.685889,-0.726758,-0.061912,0.009495,-0.141561,1.180769,0.243801,-0.136633,-0.660486,-0.069442,-0.143539,0.760988,-0.121739,0.035684,-0.023108,0.058776,0.102272,-0.158204,0.122213,-0.276838,0.561310,0.760858,0.126570,0.204798,0.272440,-0.044034,0.187032,0.915725,-0.856594,0.151929,-0.027956
0.584652,-1.821087,0.743402,0.005122,-0.045163,0.678460,-0.733230,-0.206042,-0.013418,-0.151990,1.306424,0.166363,-0.089315,-0.576994,-0.048362,-0.184631,0.739855,-0.172493,0.023706,-0.025320,0.079761,0.106619,-0.158173,0.113981,-0.312957,0.685465,0.786016,0.198147,0.150919,0.218681,-0.046214,0.178946,0.927526,-0.886326,0.191971,-0.043405
0.581117,-1.861229,0.752442,0.013410,-0.051099,0.671612,-0.739017,-0.342117,-0.014882,-0.136389,1.351877,0.107065,-0.074827,-0.481769,-0.027538,-0.219143,0.690042,-0.205118,0.019859,-0.026681,0.094493,0.108251,-0.159266,0.115138,-0.374423,0.818250,0.825984,0.234690,0.060918,0.161770,-0.051320,0.166074,0.931292,-0.907622,0.222814,-0.069361
0.578334,-1.902186,0.761104,0.019579,-0.055797,0.667505,-0.742254,-0.458646,-0.011496,-0.108730,1.321545,0.049504,-0.043028,-0.383805,-0.002795,-0.244622,0.627701,-0.223120,0.017720,-0.023964,0.104738,0.108033,-0.153281,0.126283,-0.447929,0.937906,0.875164,0.221246,-0.048324,0.106861,-0.059659,0.150922,0.921424,-0.915734,0.232089,-0.091029
0.576133,-1.943857,0.767617,0.024298,-0.060303,0.666374,-0.742778,-0.553019,-0.013367,-0.084630,1.232275,-0.009796,-0.026436,-0.291246,0.025447,-0.259500,0.568113,-0.233237,0.016663,-0.016584,0.111455,0.106590,-0.135898,0.143928,-0.508253,1.027262,0.922166,0.174884,-0.158969,0.050732,-0.072714,0.133096,0.892930,-0.907771,0.216661,-0.094961
0.574397,-1.986010,0.770998,0.027933,-0.064814,0.668268,-0.740566,-0.623214,-0.009322,-0.061147,1.091447,-0.062248,-0.014813,-0.206257,0.054976,-0.263352,0.517795,-0.242588,0.017217,-0.005158,0.115795,0.103793,-0.108641,0.158448,-0.537518,1.089294,0.946038,0.128949,-0.250363,0.011540,-0.088919,0.120696,0.859858,-0.885769,0.165735,-0.112200
0.573108,-2.028440,0.772014,0.030076,-0.068917,0.673111,-0.735709,-0.667709,0.008422,-0.025588,0.898736,-0.078837,0.013412,-0.124269,0.082706,-0.256723,0.470038,-0.251832,0.019374,0.009695,0.118945,0.099505,-0.069693,0.180051,-0.524307,1.110621,0.941545,0.095303,-0.314538,-0.034795,-0.112159,0.115570,0.815531,-0.862641,0.106778,-0.126561
0.572408,-2.071247,0.774853,0.029958,-0.072431,0.680245,-0.728782,-0.681351,0.028895,0.017119,0.654893,-0.088157,0.020820,-0.040170,0.106308,-0.239575,0.419972,-0.257174,0.022649,0.026904,0.120835,0.093771,-0.022548,0.195254,-0.481876,1.096795,0.920008,0.081463,-0.330481,-0.079165,-0.139632,0.120178,0.757430,-0.844368,0.056057,-0.147770
0.572238,-2.114044,0.772615,0.029029,-0.075118,0.688158,-0.721077,-0.673917,0.042503,0.055701,0.397743,-0.089409,-0.014954,0.040572,0.124344,-0.210908,0.371578,-0.256389,0.023153,0.044689,0.120632,0.087461,0.032205,0.203462,-0.426413,1.058521,0.894060,0.078754,-0.288251,-0.114967,-0.165385,0.121109,0.691070,-0.825903,0.020153,-0.177692
0.572686,-2.157346,0.767225,0.029639,-0.077645,0.694856,-0.714330,-0.663832,0.057255,0.120378,0.218171,-0.083744,-0.005660,0.115871,0.138669,-0.175427,0.341989,-0.255313,0.030623,0.060339,0.119019,0.081632,0.091614,0.204804,-0.366971,1.012612,0.869182,0.085357,-0.198127,-0.136380,-0.179634,0.105660,0.624230,-0.797754,0.000069,-0.213379
0.573836,-2.201539,0.760094,0.031694,-0.078068,0.700777,-0.708387,-0.662127,0.068211,0.174247,0.189124,-0.083352,-0.005947,0.179317,0.146418,-0.134458,0.352600,-0.248578,0.032098,0.075115,0.113550,0.076632,0.149648,0.194786,-0.307021,0.975854,0.846455,0.108176,-0.086248,-0.140885,-0.180194,0.076000,0.563967,-0.752501,-0.004833,-0.249683
0.575687,-2.246282,0.752865,0.033526,-0.073500,0.707557,-0.702024,-0.679120,0.067172,0.173323,0.312069,-0.046445,0.061659,0.219293,0.140133,-0.091996,0.421871,-0.208180,0.043935,0.091324,0.101466,0.073313,0.206535,0.175091,-0.247874,0.956063,0.823948,0.143299,0.018663,-0.131945,-0.170781,0.035391,0.518285,-0.701455,-0.000299,-0.279848
0.578241,-2.290493,0.745153,0.031950,-0.063093,0.714185,-0.696375,-0.697008,0.064056,0.187025,0.456890,0.060744,0.154774,0.225379,0.117798,-0.045041,0.551772,-0.125810,0.110212,0.104870,0.083590,0.072011,0.253170,0.140680,-0.193608,0.958037,0.802336,0.186997,0.091155,-0.115051,-0.163189,-0.003949,0.490724,-0.659492,0.014017,-0.302974
0.581636,-2.333537,0.735146,0.029102,-0.049025,0.718773,-0.692903,-0.691310,0.062985,0.216124,0.590113,0.085557,0.232046,0.179516,0.095183,0.007075,0.755205,0.045557,0.187554,0.115379,0.060794,0.074925,0.276994,0.102217,-0.151713,0.980748,0.788290,0.229643,0.114578,-0.092255,-0.159614,-0.031330,0.484939,-0.637273,0.039413,-0.322985
0.585789,-2.373691,0.735274,0.023344,-0.032750,0.721779,-0.690954,-0.662113,0.042952,0.242421,0.685458,0.001984,0.243312,0.092306,0.056680,0.019518,0.993370,0.208101,0.245012,0.126163,0.037175,0.081695,0.268767,0.068785,-0.135416,1.016459,0.792284,0.257166,0.081866,-0.067355,-0.168284,-0.034890,0.502854,-0.639986,0.075361,-0.331811
0.590133,-2.412818,0.737097,0.013275,-0.016016,0.718851,-0.694853,-0.609868,0.000074,0.265827,0.723098,-0.077369,0.242172,-0.027846,0.005699,0.051310,1.196777,0.241677,0.245734,0.129495,0.012117,0.089607,0.230846,0.051140,-0.152636,1.047286,0.823251,0.254490,0.006730,-0.044260,-0.193219,-0.003459,0.545034,-0.663627,0.111168,-0.309825
0.594940,-2.451448,0.741741,0.003344,-0.001823,0.709937,-0.704255,-0.537143,-0.059200,0.272179,0.707636,-0.130301,0.239211,-0.161611,-0.045043,0.075171,1.334781,0.168532,0.215186,0.127429,-0.010204,0.095200,0.176747,0.053550,-0.191900,1.049948,0.877221,0.214669,-0.070000,-0.020651,-0.230568,0.063639,0.607509,-0.702609,0.128817,-0.245991
0.599969,-2.489852,0.747811,-0.005971,0.008816,0.695537,-0.718411,-0.456626,-0.126225,0.254957,0.664056,-0.163422,0.238011,-0.290126,-0.096333,0.085441,1.397932,0.101829,0.167895,0.121169,-0.026509,0.097095,0.122947,0.065485,-0.221612,1.010231,0.931615,0.154424,-0.103993,0.006558,-0.275904,0.153469,0.677983,-0.755525,0.119443,-0.153056
0.605274,-2.528559,0.754340,-0.012888,0.014880,0.676350,-0.736317,-0.370744,-0.188506,0.215330,0.608163,-0.181524,0.238045,-0.402638,-0.141337,0.083706,1.388878,0.048680,0.138858,0.111944,-0.035639,0.094962,0.082460,0.073663,-0.217827,0.932681,0.962023,0.098856,-0.085313,0.044036,-0.314171,0.242453,0.742773,-0.816815,0.089102,-0.057720
0.610713,-2.567558,0.759986,-0.018719,0.016951,0.654047,-0.756032,-0.286018,-0.239390,0.160269,0.554845,-0.194693,0.239362,-0.495228,-0.182457,0.070083,1.316284,-0.000686,0.118563,0.100885,-0.039226,0.090078,0.044687,0.071127,-0.186935,0.844064,0.957089,0.049667,-0.036369,0.087975,-0.337993,0.322908,0.783168,-0.862539,0.065849,0.030825
0.616395,-2.606690,0.763977,-0.023598,0.015028,0.629209,-0.776732,-0.206289,-0.275404,0.095110,0.510839,-0.208566,0.239397,-0.568949,-0.222262,0.044327,1.190592,-0.036847,0.098004,0.088555,-0.040055,0.083733,0.009101,0.063083,-0.160824,0.747371,0.928351,0.002799,0.018728,0.140648,-0.350510,0.374441,0.803134,-0.882815,0.043566,0.105900
0.622476,-2.645701,0.765579,-0.028798,0.010108,0.602416,-0.797599,-0.136281,-0.299614,0.022617,0.480983,-0.225279,0.238292,-0.621291,-0.266760,0.005582,1.019196,-0.070556,0.094872,0.075382,-0.040757,0.076699,-0.031134,0.060072,-0.158627,0.651067,0.891266,-0.042805,0.067986,0.196613,-0.349622,0.394419,0.807760,-0.880087,0.027475,0.158642
0.629282,-2.684542,0.764818,-0.034755,0.003632,0.575024,-0.817390,-0.072532,-0.315199,-0.053325,0.459644,-0.243983,0.237332,-0.647788,-0.304088,-0.030958,0.801788,-0.088062,0.108255,0.061804,-0.042412,0.069202,-0.075077,0.066052,-0.178325,0.560836,0.855411,-0.080626,0.108527,0.250536,-0.335236,0.386430,0.807732,-0.862829,0.022189,0.180966
0.637289,-2.723101,0.762794,-0.037955,-0.003877,0.549018,-0.834939,-0.006590,-0.316285,-0.123888,0.436942,-0.259352,0.238336,-0.651513,-0.303707,-0.017191,0.563151,-0.103935,0.109338,0.047466,-0.042428,0.062169,-0.115192,0.080073,-0.206508,0.481406,0.825338,-0.105188,0.139341,0.295963,-0.307480,0.360871,0.813931,-0.842323,0.030630,0.175698
0.646126,-2.761828,0.759975,-0.038415,-0.009476,0.526532,-0.849234,0.059563,-0.304329,-0.178354,0.424378,-0.274108,0.239879,-0.631275,-0.281653,0.044340,0.340921,-0.118167,0.142531,0.033750,-0.039300,0.056660,-0.142395,0.095093,-0.231122,0.417543,0.802285,-0.115936,0.161318,0.330006,-0.276319,0.329343,0.830352,-0.830181,0.052402,0.157534
0.655456,-2.801414,0.760089,-0.036171,-0.011738,0.509746,-0.859484,0.124032,-0.286653,-0.217559,0.442670,-0.287564,0.241335,-0.607984,-0.255057,0.097204,0.222624,-0.135243,0.242816,0.023102,-0.034003,0.053259,-0.151007,0.107936,-0.245456,0.370326,0.784993,-0.113279,0.177167,0.350320,-0.248926,0.302018,0.854180,-0.832922,0.082577,0.142324
0.665316,-2.840244,0.756145,-0.028814,-0.014410,0.498431,-0.866331,0.166688,-0.257944,-0.234532,0.495433,-0.279964,0.243405,-0.592933,-0.222952,0.120142,0.236438,-0.113525,0.247489,0.013030,-0.025287,0.050851,-0.139725,0.122969,-0.247840,0.336352,0.770085,-0.097895,0.189292,0.350904,-0.222203,0.284712,0.882663,-0.849158,0.115022,0.131492
0.676067,-2.877855,0.749473,-0.016401,-0.017889,0.491152,-0.870735,0.179659,-0.222603,-0.225314,0.602160,-0.238733,0.227953,-0.601953,-0.169743,0.132903,0.359227,-0.009285,0.247732,0.003794,-0.009868,0.050865,-0.110987,0.139768,-0.242933,0.316650,0.754296,-0.073159,0.200085,0.334280,-0.194898,0.272701,0.915162,-0.870898,0.148423,0.110205
0.687871,-2.913747,0.738380,-0.001903,-0.022064,0.484349,-0.874594,0.147979,-0.177514,-0.182851,0.769553,-0.116241,0.158755,-0.610534,-0.124922,0.129093,0.500903,0.041699,0.247713,-0.002991,0.012450,0.055188,-0.073569,0.152571,-0.238580,0.320529,0.740702,-0.041101,0.208406,0.306714,-0.166800,0.257067,0.947590,-0.888780,0.184457,0.067846
0.700668,-2.945096,0.733130,0.012339,-0.027754,0.473977,-0.880013,0.068927,-0.116245,-0.125279,0.977680,0.030227,0.006756,-0.614130,-0.112476,0.093677,0.624445,-0.036177,0.247710,-0.004741,0.038310,0.063981,-0.043865,0.159243,-0.243842,0.360737,0.743287,0.000180,0.203526,0.273455,-0.138733,0.235075,0.972524,-0.897653,0.220308,0.012660
0.715271,-2.974586,0.730795,0.024967,-0.033791,0.456440,-0.888762,-0.047198,-0.039225,-0.067992,1.180310,0.124441,-0.073392,-0.586133,-0.120346,0.049945,0.695800,-0.116576,0.247247,-0.002879,0.064324,0.073627,-0.033454,0.159672,-0.265026,0.444710,0.775917,0.052361,0.175316,0.236608,-0.116340,0.212193,0.984785,-0.898765,0.246077,-0.038937
0.731196,-3.002806,0.733125,0.034417,-0.038585,0.434225,-0.899320,-0.175742,0.008823,-0.031499,1.330445,0.151875,-0.061496,-0.527436,-0.137816,-0.003373,0.713316,-0.171055,0.242352,0.002260,0.086548,0.081027,-0.040841,0.152996,-0.298584,0.567459,0.831472,0.112304,0.131594,0.194931,-0.106801,0.197008,0.985325,-0.898468,0.252778,-0.078262
0.748512,-3.030097,0.738946,0.040669,-0.041728,0.408188,-0.911036,-0.304914,-0.002056,-0.007261,1.415441,0.152076,-0.051116,-0.446448,-0.159662,-0.066516,0.691691,-0.200963,0.235603,0.006212,0.102873,0.085143,-0.055411,0.137402,-0.331165,0.714219,0.880124,0.175010,0.090011,0.150206,-0.112426,0.189853,0.976444,-0.899066,0.241981,-0.106645
0.767382,-3.056731,0.745743,0.046272,-0.044846,0.379010,-0.923147,-0.424420,-0.020516,0.022721,1.438726,0.159762,-0.065844,-0.354508,-0.178963,-0.140697,0.650975,-0.211000,0.233869,0.006496,0.113492,0.085717,-0.067984,0.119907,-0.350048,0.864837,0.901408,0.233274,0.052642,0.106745,-0.128377,0.182571,0.957370,-0.894647,0.222180,-0.125783
0.787733,-3.083474,0.752061,0.050387,-0.047462,0.350557,-0.933980,-0.530969,-0.016926,0.059511,1.411303,0.134580,-0.066645,-0.257068,-0.188602,-0.214598,0.599063,-0.210165,0.235216,0.005585,0.119530,0.082943,-0.072492,0.110753,-0.358959,0.997224,0.903962,0.269302,0.005120,0.066738,-0.153067,0.167740,0.926563,-0.877630,0.197932,-0.136196
0.809391,-3.110248,0.756216,0.054551,-0.050960,0.325788,-0.942491,-0.621340,0.012335,0.098596,1.344777,0.076014,-0.056614,-0.165284,-0.183384,-0.279995,0.549081,-0.206486,0.236994,0.007013,0.122550,0.078057,-0.062819,0.117974,-0.372533,1.092618,0.909119,0.265192,-0.057645,0.028906,-0.185038,0.144315,0.893714,-0.846466,0.161171,-0.148052
0.832327,-3.136632,0.757559,0.059825,-0.055608,0.305329,-0.948737,-0.702804,0.046073,0.128748,1.250953,0.021454,-0.054013,-0.082879,-0.164207,-0.331178,0.505701,-0.203136,0.240298,0.011885,0.124253,0.072640,-0.042650,0.155654,-0.384308,1.131681,0.917421,0.213074,-0.134922,-0.012855,-0.220003,0.120853,0.857024,-0.809076,0.123105,-0.166209
0.856385,-3.162350,0.757414,0.062579,-0.061374,0.288833,-0.953358,-0.770871,0.084101,0.159998,1.127534,-0.028448,-0.019853,-0.005575,-0.138794,-0.368123,0.455335,-0.201476,0.245127,0.020934,0.124484,0.066975,-0.012561,0.200271,-0.374138,1.118989,0.912919,0.143872,-0.191873,-0.055009,-0.258238,0.103372,0.814364,-0.770893,0.095306,-0.201708
0.882243,-3.187267,0.759605,0.064241,-0.068764,0.274946,-0.956843,-0.826117,0.120818,0.195905,0.975536,-0.053694,0.016767,0.071726,-0.106848,-0.392679,0.399440,-0.201989,0.247388,0.033705,0.122855,0.061199,0.025817,0.241146,-0.329815,1.073527,0.884685,0.088308,-0.206089,-0.091700,-0.294253,0.086662,0.768087,-0.728659,0.080921,-0.257999
0.909407,-3.211029,0.756239,0.065282,-0.077087,0.263444,-0.959371,-0.864114,0.130765,0.212424,0.806315,-0.089224,0.038594,0.140912,-0.071421,-0.404727,0.340296,-0.193891,0.247699,0.049226,0.118699,0.055245,0.068449,0.270225,-0.260932,1.018014,0.839716,0.060345,-0.168527,-0.114762,-0.320559,0.062991,0.719159,-0.674844,0.076316,-0.324157
0.938648,-3.233908,0.750367,0.065448,-0.083980,0.255559,-0.960913,-0.888638,0.119481,0.206865,0.660125,-0.113879,0.066649,0.205270,-0.040762,-0.399109,0.291240,-0.172103,0.247619,0.065993,0.111435,0.049607,0.112887,0.282822,-0.182524,0.970948,0.793537,0.062204,-0.079032,-0.118038,-0.334509,0.031326,0.668449,-0.608471,0.073930,-0.378442
0.970222,-3.255833,0.743721,0.064028,-0.088120,0.251271,-0.961768,-0.888132,0.106204,0.208756,0.576982,-0.130904,0.098223,0.258616,-0.027210,-0.383236,0.273384,-0.119201,0.247681,0.082037,0.101280,0.044085,0.156867,0.273003,-0.101425,0.944425,0.755645,0.095239,0.046734,-0.099353,-0.339053,-0.001423,0.617623,-0.540022,0.070589,-0.403954
1.003689,-3.276662,0.736095,0.058726,-0.087441,0.248949,-0.962772,-0.878108,0.097237,0.226758,0.600974,-0.089251,0.162524,0.294191,-0.040510,-0.354878,0.307547,-0.044248,0.247656,0.095519,0.085746,0.040780,0.195839,0.238230,-0.021224,0.944762,0.725173,0.155965,0.171784,-0.059697,-0.343101,-0.027285,0.569740,-0.488969,0.070030,-0.399693
1.038222,-3.295976,0.725837,0.046690,-0.082112,0.243563,-0.965274,-0.859351,0.073792,0.236830,0.675280,-0.039830,0.232692,0.291156,-0.087305,-0.302999,0.425482,0.061399,0.247077,0.103695,0.060849,0.042874,0.217364,0.186507,0.045938,0.972491,0.703063,0.230002,0.250515,-0.002054,-0.349236,-0.045049,0.528604,-0.472494,0.076656,-0.379040
1.071578,-3.314234,0.721525,0.030484,-0.074261,0.232556,-0.969265,-0.831301,0.038518,0.244717,0.747403,-0.056820,0.246774,0.227182,-0.137721,-0.219660,0.637000,0.217271,0.234174,0.105153,0.028645,0.051989,0.212437,0.136996,0.080520,1.022117,0.702298,0.296404,0.257200,0.064416,-0.350174,-0.054423,0.500359,-0.495491,0.091780,-0.355802
1.104419,-3.331160,0.721175,0.013401,-0.066795,0.217361,-0.973711,-0.792839,-0.006384,0.259541,0.796574,-0.115888,0.247140,0.111396,-0.181357,-0.148144,0.889265,0.323909,0.212961,0.100246,-0.004651,0.064951,0.183018,0.102119,0.065462,1.079249,0.739144,0.329969,0.204267,0.124492,-0.341357,-0.047467,0.492798,-0.546895,0.114764,-0.326982
1.136880,-3.347071,0.723558,-0.004163,-0.060693,0.200386,-0.977827,-0.740212,-0.059085,0.269370,0.811102,-0.170601,0.245974,-0.040715,-0.172843,-0.051759,1.122704,0.305350,0.213209,0.090529,-0.034420,0.077993,0.137365,0.081675,0.006834,1.120280,0.810468,0.312846,0.136133,0.163369,-0.334710,-0.008241,0.512523,-0.605881,0.140455,-0.272926
1.169780,-3.362274,0.729040,-0.017427,-0.056532,0.184191,-0.981109,-0.672088,-0.110793,0.261326,0.792069,-0.213773,0.240266,-0.197949,-0.139959,0.024620,1.290478,0.237313,0.199383,0.082837,-0.056291,0.087629,0.090526,0.069775,-0.056253,1.118960,0.885611,0.255505,0.098211,0.188401,-0.330913,0.057641,0.551585,-0.673430,0.147466,-0.182806
1.203677,-3.377073,0.736532,-0.025570,-0.053621,0.167142,-0.984141,-0.591423,-0.159600,0.233322,0.750576,-0.245018,0.237114,-0.343516,-0.146138,0.059325,1.373908,0.170615,0.155756,0.076613,-0.069095,0.094238,0.049569,0.057731,-0.086423,1.072659,0.928907,0.186027,0.089040,0.207676,-0.329665,0.133070,0.599017,-0.753004,0.121309,-0.089937
1.238702,-3.391920,0.744402,-0.030317,-0.051083,0.147978,-0.987205,-0.503526,-0.202095,0.190469,0.702408,-0.268938,0.234495,-0.469496,-0.176295,0.067824,1.375894,0.096426,0.104593,0.069109,-0.074202,0.099150,0.014589,0.042451,-0.082171,1.004275,0.935133,0.114496,0.085870,0.228422,-0.317174,0.192578,0.641372,-0.835087,0.078408,-0.043974
1.274999,-3.406729,0.751962,-0.030554,-0.049123,0.126132,-0.990325,-0.409322,-0.230840,0.138845,0.651690,-0.287450,0.231320,-0.568470,-0.217193,0.045408,1.303344,0.028408,0.046901,0.059073,-0.073120,0.102243,-0.018741,0.030114,-0.071814,0.921286,0.928395,0.050766,0.072192,0.257552,-0.289382,0.208336,0.674194,-0.889415,0.036322,-0.047809
1.312195,-3.421334,0.758114,-0.028861,-0.048571,0.101946,-0.993184,-0.316714,-0.245457,0.087284,0.603750,-0.301623,0.225589,-0.635596,-0.250071,0.001876,1.166989,-0.039553,0.005714,0.046404,-0.068263,0.103498,-0.046189,0.021617,-0.085042,0.830987,0.930621,-0.003374,0.066829,0.285454,-0.246638,0.183805,0.702024,-0.898379,0.012620,-0.078032
1.350206,-3.435426,0.761974,-0.027381,-0.049682,0.076619,-0.995445,-0.228615,-0.252690,0.032125,0.557895,-0.308713,0.216423,-0.677884,-0.266510,-0.041280,0.983084,-0.085276,0.019497,0.032371,-0.062216,0.103210,-0.079191,0.022734,-0.120179,0.737528,0.945380,-0.046950,0.072791,0.314856,-0.199374,0.134425,0.713049,-0.876357,0.003383,-0.117538
1.389138,-3.448680,0.763818,-0.026308,-0.052191,0.052175,-0.996926,-0.140259,-0.252694,-0.023430,0.505599,-0.307665,0.207072,-0.697901,-0.263367,-0.068413,0.756784,-0.097239,0.022664,0.018141,-0.056652,0.101422,-0.115294,0.031088,-0.167835,0.645082,0.960697,-0.080075,0.093190,0.339839,-0.156957,0.083746,0.708498,-0.846987,0.001067,-0.159567
1.428877,-3.460943,0.764935,-0.023119,-0.054784,0.030990,-0.997749,-0.049471,-0.240159,-0.075483,0.447535,-0.297801,0.198656,-0.701842,-0.223880,-0.029716,0.515108,-0.094102,0.101581,0.004347,-0.049801,0.099112,-0.148657,0.044565,-0.215485,0.559512,0.959565,-0.104657,0.121675,0.356138,-0.123648,0.048213,0.699653,-0.825997,0.002562,-0.194555
1.469717,-3.472577,0.768145,-0.019468,-0.056099,0.015586,-0.998114,0.040348,-0.221176,-0.114700,0.404345,-0.285261,0.192553,-0.693583,-0.182363,0.032702,0.306156,-0.092451,0.163478,-0.006706,-0.042037,0.097591,-0.173227,0.058164,-0.254035,0.489627,0.931283,-0.121527,0.152314,0.362284,-0.103870,0.032234,0.698309,-0.819692,0.009458,-0.207115
1.510932,-3.483782,0.765782,-0.018655,-0.054753,0.006929,-0.998302,0.114940,-0.202983,-0.137269,0.391447,-0.271933,0.186302,-0.696769,-0.170928,0.025072,0.221069,-0.095062,0.240993,-0.013244,-0.035801,0.098133,-0.185196,0.067648,-0.281113,0.444335,0.878132,-0.127168,0.182061,0.358651,-0.098935,0.031151,0.708827,-0.829835,0.024681,-0.187762
1.552356,-3.494149,0.761286,-0.015737,-0.052596,0.001121,-0.998491,0.171256,-0.181080,-0.147600,0.410876,-0.235679,0.175380,-0.710343,-0.166142,-0.018685,0.279375,-0.104564,0.217128,-0.021599,-0.028150,0.098586,-0.183153,0.078812,-0.299644,0.424605,0.815841,-0.115997,0.205822,0.343090,-0.098267,0.037375,0.729832,-0.852766,0.049569,-0.145305
1.594112,-3.503622,0.755089,-0.008513,-0.049588,-0.005043,-0.998721,0.207186,-0.152914,-0.153769,0.469635,-0.162826,0.148346,-0.722295,-0.141365,-0.029020,0.407171,-0.070616,0.145876,-0.034325,-0.014369,0.097256,-0.167491,0.096327,-0.316878,0.425945,0.765157,-0.087799,0.217226,0.320766,-0.092419,0.040077,0.757577,-0.877714,0.083916,-0.104724
1.635643,-3.512057,0.744762,0.003923,-0.046548,-0.011357,-0.998844,0.206864,-0.119493,-0.157432,0.586840,-0.041935,0.073994,-0.718785,-0.099973,-0.013567,0.514451,0.033055,0.137313,-0.047884,0.006428,0.096075,-0.142338,0.120915,-0.335210,0.443695,0.741463,-0.045762,0.213327,0.293552,-0.076734,0.034394,0.790351,-0.893170,0.121976,-0.084943
1.674971,-3.519300,0.737887,0.017223,-0.043738,-0.015737,-0.998771,0.153593,-0.090234,-0.157924,0.774827,0.118308,-0.094716,-0.707737,-0.077987,-0.036310,0.615742,0.030680,0.119975,-0.056495,0.030355,0.098193,-0.112890,0.142249,-0.352244,0.480085,0.744940,0.006094,0.199739,0.258648,-0.059215,0.024165,0.827494,-0.898576,0.154725,-0.082917
1.713662,-3.525310,0.736122,0.030970,-0.041238,-0.021958,-0.998428,0.049693,-0.068054,-0.156941,0.996366,0.276977,-0.191864,-0.680795,-0.061548,-0.072182,0.694718,-0.058423,0.098551,-0.060696,0.055132,0.103515,-0.087460,0.152289,-0.368655,0.542273,0.764561,0.066459,0.181013,0.215095,-0.049482,0.020341,0.866237,-0.905817,0.177046,-0.082217
1.752617,-3.530366,0.738728,0.043210,-0.038747,-0.029763,-0.997871,-0.079456,-0.052942,-0.154226,1.186455,0.290043,-0.196537,-0.624735,-0.046614,-0.109559,0.725207,-0.135140,0.081741,-0.061742,0.077009,0.109074,-0.069744,0.151954,-0.388989,0.631632,0.789051,0.130411,0.153413,0.163824,-0.052658,0.032625,0.898892,-0.928443,0.190226,-0.076456
1.791888,-3.534353,0.744670,0.053538,-0.036033,-0.038290,-0.997181,-0.220119,-0.052679,-0.152416,1.318285,0.206330,-0.162304,-0.544265,-0.030185,-0.143403,0.709513,-0.191442,0.072630,-0.061441,0.094164,0.113244,-0.057585,0.151907,-0.418300,0.737965,0.816616,0.182980,0.105829,0.109183,-0.063964,0.055954,0.915552,-0.962927,0.195542,-0.077029
1.831858,-3.537272,0.752277,0.061307,-0.033751,-0.046709,-0.996454,-0.356122,-0.045994,-0.144622,1.373685,0.143641,-0.145427,-0.449227,-0.013350,-0.172825,0.662490,-0.228149,0.067443,-0.060166,0.106193,0.114937,-0.042645,0.163533,-0.453145,0.843279,0.846280,0.202182,0.035556,0.053622,-0.075232,0.068945,0.917686,-0.988791,0.188125,-0.097168
1.872711,-3.539363,0.759720,0.066348,-0.032272,-0.054004,-0.995811,-0.478839,-0.041328,-0.137789,1.359827,0.097854,-0.115458,-0.348092,0.002911,-0.198910,0.598876,-0.249503,0.062925,-0.056121,0.113664,0.114139,-0.019987,0.180254,-0.482381,0.927679,0.872113,0.191784,-0.044282,0.016735,-0.082787,0.060319,0.900327,-0.985438,0.157354,-0.138542
1.914169,-3.540712,0.764894,0.070787,-0.031786,-0.059064,-0.995234,-0.583230,-0.030209,-0.133683,1.286119,0.032519,-0.097986,-0.253087,0.021277,-0.219985,0.540146,-0.264299,0.058395,-0.048427,0.117134,0.111613,0.011071,0.199325,-0.489118,0.990999,0.881336,0.164037,-0.109748,-0.016512,-0.082723,0.039435,0.860023,-0.949968,0.114569,-0.169552
1.956088,-3.541495,0.767088,0.073916,-0.032266,-0.058875,-0.995002,-0.668192,-0.015156,-0.132504,1.162032,-0.015723,-0.061304,-0.166451,0.040847,-0.229553,0.490178,-0.275680,0.054638,-0.036274,0.117570,0.108040,0.042975,0.221609,-0.463989,1.024301,0.869270,0.137652,-0.159863,-0.039894,-0.084157,0.029915,0.795075,-0.894501,0.064463,-0.184775
1.998214,-3.541716,0.766031,0.074605,-0.034501,-0.052868,-0.995213,-0.723448,0.002339,-0.140694,0.985059,-0.051796,-0.053097,-0.086010,0.057256,-0.224472,0.443007,-0.289038,0.055211,-0.020226,0.115141,0.103769,0.082650,0.246411,-0.413579,1.027804,0.842681,0.118174,-0.178124,-0.070590,-0.097175,0.041128,0.725960,-0.839741,0.015435,-0.191739
2.040425,-3.541324,0.762621,0.073376,-0.037742,-0.042525,-0.995682,-0.756246,0.017903,-0.165723,0.771443,-0.065963,-0.045785,-0.007434,0.068811,-0.206524,0.394129,-0.298893,0.060140,-0.001707,0.109834,0.100589,0.127467,0.266537,-0.347786,1.010693,0.811817,0.110690,-0.155730,-0.106989,-0.122227,0.072466,0.657315,-0.802574,-0.022916,-0.201645
2.082822,-3.540238,0.758483,0.070392,-0.040731,-0.030297,-0.996227,-0.765095,0.030298,-0.207406,0.554259,-0.070857,-0.028114,0.069826,0.072848,-0.180836,0.350088,-0.303639,0.065945,0.017574,0.101697,0.099273,0.174361,0.276714,-0.273717,0.985640,0.783142,0.118241,-0.095472,-0.140235,-0.153522,0.108466,0.590925,-0.787056,-0.044744,-0.216386
2.126196,-3.538062,0.757936,0.066221,-0.041808,-0.018632,-0.996755,-0.762561,0.045921,-0.234861,0.398558,-0.051688,-0.044641,0.146963,0.068502,-0.152912,0.327620,-0.301108,0.069370,0.034870,0.091745,0.100144,0.219233,0.273594,-0.196771,0.964415,0.759219,0.142775,-0.013313,-0.158347,-0.179858,0.131194,0.526517,-0.782088,-0.049299,-0.232130
2.170023,-3.534908,0.753661,0.063181,-0.039820,-0.009504,-0.997162,-0.755398,0.069636,-0.180576,0.353490,-0.061384,-0.043450,0.208836,0.058261,-0.125660,0.341421,-0.284241,0.068974,0.047828,0.082530,0.101587,0.257187,0.258778,-0.125297,0.956517,0.741562,0.179610,0.065155,-0.151714,-0.193591,0.132923,0.463230,-0.769562,-0.043190,-0.247544
2.214085,-3.531361,0.749513,0.054509,-0.035419,-0.002533,-0.997882,-0.750625,0.062916,-0.141498,0.430715,-0.015538,-0.057485,0.244296,0.032695,-0.096934,0.411049,-0.224568,0.063088,0.059410,0.067786,0.103524,0.278202,0.232937,-0.074158,0.969988,0.734744,0.218415,0.112521,-0.117103,-0.199827,0.116265,0.401776,-0.741223,-0.035845,-0.264787
2.257757,-3.527889,0.745603,0.039310,-0.029936,0.001834,-0.998777,-0.742458,0.031114,-0.125665,0.531515,0.080330,-0.081317,0.237700,-0.008100,-0.074046,0.549223,-0.094301,0.040744,0.068015,0.044804,0.107584,0.277787,0.203741,-0.053778,1.006848,0.745418,0.250729,0.112152,-0.060570,-0.203037,0.090312,0.351022,-0.705823,-0.031278,-0.283916
2.300095,-3.524443,0.739111,0.022103,-0.024311,0.002618,-0.999457,-0.717185,-0.004355,-0.101163,0.629292,0.078984,-0.051823,0.180512,-0.061805,-0.064216,0.767507,0.080497,0.057580,0.070451,0.016006,0.115575,0.254758,0.180458,-0.066926,1.057380,0.779212,0.269728,0.064439,0.005173,-0.197232,0.063966,0.325449,-0.677206,-0.020995,-0.302825
2.340403,-3.521905,0.739126,0.003039,-0.019561,0.001951,-0.999802,-0.682894,-0.039172,-0.068841,0.703035,0.003919,-0.041996,0.066196,-0.117937,-0.042863,1.009692,0.257265,0.091892,0.064197,-0.015977,0.126780,0.213398,0.164170,-0.108366,1.104525,0.835107,0.267595,-0.010732,0.059748,-0.183277,0.049647,0.338101,-0.661875,0.008782,-0.314547
2.379912,-3.520055,0.742442,-0.015903,-0.016476,0.002579,-0.999734,-0.627306,-0.068758,-0.035611,0.730058,-0.066674,-0.034057,-0.075462,-0.123935,0.010726,1.206439,0.314285,0.137880,0.052801,-0.046041,0.136437,0.159361,0.152660,-0.162090,1.129192,0.903564,0.244301,-0.074265,0.090312,-0.170011,0.059830,0.395294,-0.659375,0.059312,-0.307044
2.419237,-3.518522,0.749204,-0.029441,-0.014550,0.005574,-0.999445,-0.549153,-0.089405,-0.012002,0.709412,-0.119791,-0.022919,-0.218910,-0.096919,0.045234,1.325685,0.259082,0.144780,0.043835,-0.068889,0.140388,0.101007,0.144721,-0.204019,1.119036,0.967818,0.216515,-0.089910,0.100629,-0.165393,0.101193,0.494547,-0.675308,0.112678,-0.263607
2.458797,-3.517525,0.757191,-0.039976,-0.014275,0.008320,-0.999064,-0.461100,-0.107932,0.001939,0.661205,-0.158843,-0.009943,-0.351966,-0.098597,0.044630,1.364294,0.210075,0.165852,0.037457,-0.084223,0.138918,0.047805,0.131088,-0.213959,1.072686,1.008337,0.199207,-0.049116,0.101505,-0.176822,0.169304,0.620731,-0.720981,0.151078,-0.174745
2.499280,-3.516831,0.764609,-0.048294,-0.015423,0.007707,-0.998684,-0.369539,-0.126931,0.007757,0.600857,-0.187933,0.002473,-0.467414,-0.112640,0.026039,1.335542,0.139432,0.150995,0.031267,-0.094117,0.133543,0.006457,0.107557,-0.186198,0.996235,1.012453,0.182182,0.026227,0.103205,-0.194469,0.244523,0.752333,-0.787718,0.168681,-0.055032
2.540682,-3.516337,0.769921,-0.055784,-0.018082,0.003007,-0.998275,-0.282742,-0.146700,0.008662,0.544148,-0.211118,0.011997,-0.563773,-0.136383,-0.001817,1.251215,0.062717,0.131080,0.024096,-0.099835,0.126669,-0.036222,0.075534,-0.145095,0.917043,0.972630,0.142867,0.104119,0.119210,-0.200251,0.299134,0.855118,-0.846988,0.182156,0.065659
2.582735,-3.515912,0.772498,-0.061248,-0.022187,-0.005831,-0.997859,-0.202762,-0.163810,0.002879,0.495209,-0.230410,0.021986,-0.637331,-0.168913,-0.038040,1.114865,-0.002060,0.123379,0.015698,-0.102523,0.119921,-0.081895,0.048605,-0.121547,0.837654,0.909659,0.082861,0.152993,0.147379,-0.200430,0.312367,0.920585,-0.877117,0.188140,0.165754
2.625193,-3.515802,0.771838,-0.065813,-0.026916,-0.017930,-0.997308,-0.129054,-0.178331,-0.012075,0.456832,-0.248528,0.028489,-0.685422,-0.191819,-0.061522,0.927612,-0.031164,0.118110,0.005832,-0.103376,0.114649,-0.135784,0.036848,-0.131885,0.762035,0.851632,0.022369,0.172350,0.186162,-0.196507,0.296053,0.945299,-0.886635,0.184800,0.222688
2.667869,-3.515855,0.769100,-0.067162,-0.032128,-0.030750,-0.996750,-0.055341,-0.184626,-0.037040,0.417033,-0.261350,0.031345,-0.701355,-0.203997,-0.080863,0.687520,-0.052132,0.102772,-0.004055,-0.102536,0.110731,-0.193794,0.045084,-0.167882,0.687316,0.818317,-0.023836,0.180968,0.230448,-0.186045,0.265465,0.938060,-0.886223,0.168524,0.224500
2.710833,-3.516312,0.765232,-0.067011,-0.036408,-0.042655,-0.996175,0.018589,-0.184009,-0.067008,0.381036,-0.265753,0.031178,-0.695639,-0.203770,-0.079167,0.435707,-0.062751,0.109795,-0.013670,-0.098703,0.107974,-0.244914,0.062555,-0.208767,0.615126,0.809985,-0.052975,0.194967,0.277057,-0.170789,0.225587,0.914755,-0.880195,0.149816,0.173881
2.754098,-3.517330,0.760984,-0.066231,-0.038930,-0.051636,-0.995707,0.088943,-0.177556,-0.093836,0.359868,-0.262131,0.030014,-0.684532,-0.200201,-0.073954,0.252243,-0.072960,0.145071,-0.022179,-0.092082,0.105421,-0.277818,0.077505,-0.236889,0.551518,0.811384,-0.066392,0.216781,0.321662,-0.151161,0.180279,0.890135,-0.871137,0.141070,0.092267
2.798632,-3.519130,0.761759,-0.064830,-0.038826,-0.056241,-0.995553,0.154889,-0.166646,-0.113069,0.372543,-0.241439,0.027184,-0.683883,-0.201416,-0.100435,0.220760,-0.080791,0.199229,-0.029889,-0.083366,0.102053,-0.285787,0.087375,-0.247485,0.500779,0.805383,-0.067130,0.238895,0.357935,-0.129376,0.139223,0.874540,-0.864306,0.145242,0.014572
2.842854,-3.521134,0.759003,-0.058365,-0.036324,-0.056315,-0.996043,0.201738,-0.146559,-0.125980,0.415939,-0.184676,0.012926,-0.693092,-0.195064,-0.128152,0.325600,-0.033041,0.132387,-0.039322,-0.069401,0.097994,-0.268071,0.100032,-0.244921,0.462277,0.787428,-0.058660,0.252942,0.376583,-0.106983,0.112691,0.873622,-0.863453,0.156535,-0.030471
2.886535,-3.523043,0.753746,-0.045263,-0.032367,-0.053067,-0.997039,0.220616,-0.119267,-0.135538,0.508858,-0.086189,-0.011135,-0.703248,-0.168495,-0.137604,0.454183,0.058796,0.075447,-0.049981,-0.047515,0.095547,-0.230083,0.118858,-0.236038,0.436630,0.765487,-0.042920,0.257099,0.373735,-0.087504,0.102278,0.887554,-0.869154,0.167321,-0.036173
2.928824,-3.524932,0.743063,-0.028747,-0.028562,-0.048070,-0.998022,0.188569,-0.087373,-0.129533,0.676817,0.061866,-0.090031,-0.700571,-0.133879,-0.148006,0.580849,0.064642,0.010938,-0.058950,-0.020059,0.097805,-0.182704,0.136143,-0.225990,0.432380,0.747531,-0.016780,0.256159,0.349211,-0.074795,0.102090,0.909650,-0.881832,0.174446,-0.014253
2.968704,-3.526916,0.741494,-0.011646,-0.025388,-0.044813,-0.998605,0.105082,-0.057977,-0.122357,0.894212,0.223860,-0.180266,-0.678423,-0.100385,-0.170950,0.668337,-0.016387,-0.021257,-0.063352,0.008616,0.102874,-0.141466,0.143149,-0.224072,0.465389,0.736643,0.025738,0.249276,0.308463,-0.067440,0.103150,0.928464,-0.899944,0.180411,0.014483
3.007982,-3.528731,0.743808,0.005572,-0.023057,-0.046093,-0.998655,-0.013042,-0.035118,-0.121591,1.097564,0.317834,-0.215639,-0.627513,-0.068895,-0.201444,0.702725,-0.090705,-0.038638,-0.064371,0.035028,0.107681,-0.120527,0.144248,-0.240918,0.544385,0.738422,0.084921,0.223370,0.258385,-0.060823,0.099173,0.933500,-0.920225,0.188029,0.026201
3.047064,-3.530214,0.749750,0.020121,-0.020456,-0.050009,-0.998337,-0.148484,-0.027788,-0.126344,1.242959,0.258555,-0.203275,-0.551726,-0.039291,-0.231191,0.689340,-0.142578,-0.043908,-0.063979,0.056626,0.110181,-0.117463,0.146860,-0.283075,0.661956,0.761518,0.146908,0.163008,0.204824,-0.054019,0.087538,0.920672,-0.938070,0.196861,0.003323
3.086388,-3.531091,0.757241,0.031637,-0.017894,-0.053577,-0.997902,-0.280867,-0.020143,-0.121220,1.322907,0.178860,-0.181924,-0.464212,-0.010255,-0.254767,0.649219,-0.176020,-0.041886,-0.062745,0.072766,0.110211,-0.119701,0.156166,-0.348069,0.796067,0.809148,0.188105,0.067118,0.151732,-0.045834,0.069727,0.893151,-0.946725,0.201271,-0.052640
3.126407,-3.531326,0.764351,0.040701,-0.015694,-0.054210,-0.997576,-0.400703,-0.001061,-0.105380,1.334085,0.127805,-0.153765,-0.372953,0.019679,-0.269437,0.597911,-0.199812,-0.038220,-0.058734,0.084273,0.108545,-0.114084,0.170092,-0.419555,0.920928,0.868769,0.192862,-0.043559,0.101029,-0.036330,0.049943,0.857113,-0.939080,0.192545,-0.119755
3.167228,-3.531050,0.769793,0.048092,-0.014484,-0.051088,-0.997430,-0.502169,0.017297,-0.088505,1.286393,0.085264,-0.126147,-0.283772,0.050106,-0.274742,0.546110,-0.219765,-0.038066,-0.050526,0.092442,0.105389,-0.089556,0.180342,-0.473559,1.018952,0.917475,0.170996,-0.136511,0.053990,-0.030703,0.031413,0.826269,-0.913190,0.155088,-0.178142
3.208669,-3.530471,0.773025,0.052914,-0.014735,-0.043916,-0.997524,-0.582131,0.028470,-0.077258,1.183856,0.025501,-0.106700,-0.199037,0.077422,-0.268439,0.497704,-0.238040,-0.036605,-0.038106,0.097994,0.100475,-0.052011,0.197261,-0.484054,1.074138,0.933899,0.137030,-0.207713,0.000445,-0.031624,0.022463,0.792090,-0.877957,0.103281,-0.204150
3.250365,-3.529592,0.773229,0.056682,-0.016245,-0.033454,-0.997699,-0.641358,0.046656,-0.066304,1.034295,-0.015680,-0.098700,-0.120315,0.101332,-0.251405,0.457048,-0.258560,-0.033735,-0.022274,0.101929,0.094296,-0.006741,0.206933,-0.449934,1.091365,0.917857,0.117405,-0.242182,-0.050229,-0.041653,0.039588,0.741998,-0.839976,0.052781,-0.206236
3.291987,-3.528690,0.770731,0.058168,-0.019209,-0.020389,-0.997914,-0.672969,0.062273,-0.059145,0.830442,-0.037618,-0.059199,-0.043061,0.119216,-0.224777,0.413870,-0.280220,-0.030538,-0.003141,0.104464,0.087280,0.049876,0.212994,-0.382625,1.074983,0.879333,0.107541,-0.228982,-0.101235,-0.065274,0.073579,0.684414,-0.812980,0.008527,-0.200306
3.333297,-3.527825,0.766706,0.057036,-0.023139,-0.005987,-0.998086,-0.677290,0.064246,-0.074522,0.583023,-0.049827,-0.042866,0.032935,0.128388,-0.192056,0.367785,-0.294738,-0.026795,0.018716,0.104269,0.080593,0.110013,0.210437,-0.299732,1.040726,0.833193,0.106001,-0.172998,-0.144989,-0.096766,0.110822,0.619877,-0.800619,-0.024874,-0.200035
3.374449,-3.526866,0.762108,0.053884,-0.026875,0.007486,-0.998157,-0.660441,0.063259,-0.099815,0.341023,-0.039941,-0.020915,0.103587,0.127586,-0.159741,0.330989,-0.295674,-0.022384,0.041290,0.100967,0.074834,0.166147,0.198406,-0.216599,1.005794,0.791824,0.115284,-0.090724,-0.172454,-0.125606,0.134119,0.552514,-0.793969,-0.045049,-0.210634
3.416194,-3.525065,0.756729,0.053296,-0.028049,0.018569,-0.998012,-0.649515,0.070817,-0.091708,0.208217,-0.036982,-0.062050,0.163397,0.123848,-0.127781,0.330146,-0.290704,-0.015595,0.060788,0.096499,0.071143,0.215079,0.183680,-0.144063,0.981556,0.764802,0.140298,-0.001965,-0.178861,-0.140127,0.136081,0.490578,-0.779465,-0.052772,-0.230348
3.459472,-3.522825,0.757047,0.049688,-0.027190,0.025118,-0.998079,-0.649178,0.072068,-0.046379,0.234671,0.002877,-0.071453,0.216758,0.110315,-0.095592,0.367032,-0.263931,0.002750,0.076110,0.089338,0.068856,0.249048,0.163560,-0.095395,0.976260,0.759213,0.179766,0.072123,-0.162775,-0.145264,0.117823,0.438107,-0.750636,-0.049671,-0.253068
3.502898,-3.520458,0.753388,0.040276,-0.023462,0.028951,-0.998493,-0.660341,0.044261,-0.036672,0.357956,0.089586,0.007258,0.245975,0.081829,-0.068967,0.447342,-0.195779,0.018955,0.090141,0.074174,0.069398,0.263365,0.140629,-0.076363,0.994479,0.775755,0.226627,0.113259,-0.124773,-0.145059,0.087627,0.397133,-0.711746,-0.038967,-0.276381
3.546050,-3.518190,0.745075,0.025720,-0.017927,0.029652,-0.999069,-0.661097,0.006408,-0.026151,0.490080,0.148618,0.023885,0.235543,0.040900,-0.050789,0.597208,-0.074601,0.046750,0.099349,0.050868,0.074220,0.258049,0.118438,-0.083478,1.032427,0.808136,0.266858,0.108909,-0.071639,-0.142119,0.055786,0.373738,-0.673370,-0.021024,-0.300831
3.586476,-3.516252,0.743914,0.007559,-0.012148,0.027173,-0.999528,-0.649274,-0.032393,0.000758,0.601321,0.078403,0.032171,0.170455,-0.008949,-0.036735,0.813800,0.100468,0.093860,0.101978,0.021749,0.083380,0.232457,0.099378,-0.109392,1.076161,0.849887,0.285663,0.059933,-0.015369,-0.136812,0.034038,0.379422,-0.644804,0.007494,-0.320968
3.626044,-3.514704,0.744375,-0.011445,-0.007636,0.025671,-0.999576,-0.611004,-0.070175,0.029803,0.662742,-0.007949,0.042493,0.059178,-0.063679,-0.015826,1.042725,0.241625,0.149264,0.099310,-0.008680,0.093656,0.193710,0.086135,-0.142143,1.106003,0.894214,0.275450,-0.009753,0.026369,-0.136798,0.040178,0.427278,-0.636888,0.047188,-0.314155
3.664393,-3.513558,0.747589,-0.029238,-0.005064,0.025022,-0.999246,-0.552402,-0.107085,0.052622,0.672755,-0.072317,0.053223,-0.076197,-0.089534,0.018814,1.225718,0.228105,0.150900,0.093529,-0.035856,0.101529,0.148183,0.077854,-0.168655,1.105461,0.935045,0.244135,-0.059070,0.046547,-0.151968,0.086013,0.519278,-0.659687,0.089899,-0.255180
3.702276,-3.512853,0.753129,-0.042661,-0.003951,0.023572,-0.998804,-0.479618,-0.139846,0.062915,0.646882,-0.116642,0.056540,-0.216411,-0.103757,0.036567,1.342805,0.147200,0.139363,0.087534,-0.056123,0.105065,0.103202,0.070623,-0.176390,1.070386,0.964371,0.211370,-0.057459,0.052211,-0.181708,0.171444,0.641497,-0.717028,0.118458,-0.140998
3.740462,-3.512639,0.759642,-0.052211,-0.004279,0.018750,-0.998451,-0.399626,-0.169174,0.061034,0.601413,-0.144243,0.057588,-0.343969,-0.132039,0.028990,1.384520,0.092066,0.148186,0.080980,-0.069116,0.104533,0.063154,0.057051,-0.162777,1.009232,0.973573,0.185299,-0.007929,0.055661,-0.216339,0.281182,0.768322,-0.799727,0.119139,0.003208
3.779302,-3.512794,0.765477,-0.059554,-0.005941,0.009247,-0.998165,-0.318426,-0.196354,0.049998,0.550471,-0.163102,0.061065,-0.456828,-0.167726,0.002116,1.364193,0.049144,0.109445,0.072366,-0.076740,0.101799,0.026332,0.038023,-0.138139,0.941080,0.959050,0.148799,0.061934,0.068948,-0.239480,0.390229,0.873526,-0.885427,0.101128,0.142590
3.818695,-3.513265,0.769436,-0.065340,-0.009314,-0.004128,-0.997811,-0.243676,-0.221168,0.028231,0.508049,-0.180769,0.066583,-0.548389,-0.207493,-0.036319,1.284854,-0.003026,0.113959,0.062575,-0.080661,0.098019,-0.013527,0.018259,-0.126531,0.868843,0.927813,0.099361,0.114002,0.093397,-0.255905,0.466704,0.945075,-0.949142,0.076707,0.258792
3.858474,-3.513883,0.771080,-0.069660,-0.014018,-0.020848,-0.997254,-0.175627,-0.242131,-0.003234,0.476482,-0.201286,0.072985,-0.621080,-0.243620,-0.080508,1.157714,-0.041166,0.092887,0.051795,-0.082838,0.094111,-0.061592,0.008644,-0.140974,0.797391,0.894253,0.043652,0.136226,0.131659,-0.261152,0.499376,0.978828,-0.982687,0.066197,0.326286
3.898506,-3.514580,0.770311,-0.072720,-0.019812,-0.038133,-0.996426,-0.110523,-0.256670,-0.040074,0.449166,-0.223279,0.077488,-0.668545,-0.277550,-0.131311,0.979144,-0.064728,0.099558,0.041292,-0.084546,0.090066,-0.116378,0.013860,-0.176581,0.725949,0.869467,-0.006713,0.141504,0.181730,-0.254025,0.490209,0.980134,-0.987052,0.072730,0.325846
3.938757,-3.515280,0.767615,-0.074517,-0.025637,-0.053713,-0.995442,-0.042330,-0.263237,-0.078661,0.417381,-0.240003,0.080009,-0.687124,-0.283725,-0.162192,0.747149,-0.071582,0.085462,0.030886,-0.085560,0.086203,-0.169698,0.029485,-0.217147,0.655256,0.854578,-0.044868,0.149150,0.238121,-0.234257,0.448354,0.964082,-0.965676,0.086438,0.259983
3.979128,-3.516039,0.764024,-0.074275,-0.030121,-0.066074,-0.994590,0.029393,-0.259994,-0.115726,0.383367,-0.248288,0.080698,-0.679994,-0.261755,-0.146822,0.492293,-0.079602,0.126302,0.020489,-0.084124,0.082812,-0.210885,0.047152,-0.248118,0.590953,0.842803,-0.067968,0.165614,0.293161,-0.204196,0.387059,0.947809,-0.925338,0.097545,0.160964
4.019547,-3.517065,0.760430,-0.073088,-0.032814,-0.074802,-0.993975,0.098145,-0.249897,-0.145679,0.360173,-0.247770,0.080112,-0.658709,-0.235774,-0.116275,0.286681,-0.076046,0.127764,0.010446,-0.080575,0.079772,-0.233389,0.062332,-0.264571,0.536980,0.826527,-0.075008,0.182436,0.342639,-0.174137,0.322998,0.939933,-0.881338,0.100879,0.070297